{"type":"FeatureCollection","features":[{"type":"Feature","properties":{"code":"1464","name":"Vila Santo Antônio Barroquinha"},"geometry":{"type":"Polygon","coordinates":[[[-44.0103813,-19.8912651],[-44.0103557,-19.8901693],[-44.0114853,-19.8893256],[-44.0113331,-19.8891127],[-44.0112459,-19.8891731],[-44.0110858,-19.8889754],[-44.0108976,-19.8891114],[-44.0107461,-19.8887874],[-44.0105365,-19.8889187],[-44.0101363,-19.8888044],[-44.0101225,-19.8886165],[-44.0105044,-19.8886164],[-44.010461,-19.8883387],[-44.0111142,-19.8878802],[-44.0113464,-19.8881039],[-44.0111774,-19.8882121],[-44.0112585,-19.8883295],[-44.0113271,-19.8882844],[-44.0116086,-19.8886471],[-44.0116821,-19.8885954],[-44.0118327,-19.8887972],[-44.0118997,-19.8887528],[-44.0122504,-19.8892565],[-44.01216,-19.8893124],[-44.0120708,-19.8891837],[-44.0118954,-19.8893036],[-44.0119632,-19.8894717],[-44.0118066,-19.889586],[-44.0120014,-19.8899],[-44.0103813,-19.8912651]]]}},{"type":"Feature","properties":{"code":"793","name":"São Salvador"},"geometry":{"type":"Polygon","coordinates":[[[-44.0157876,-19.8916804],[-44.0196003,-19.892848],[-44.0189837,-19.8945436],[-44.0163687,-19.8971903],[-44.0160924,-19.8973594],[-44.0128975,-19.8955534],[-44.0121341,-19.8953425],[-44.0101361,-19.8950203],[-44.00992,-19.8946259],[-44.008899,-19.8937168],[-44.0093095,-19.8924875],[-44.0096823,-19.8918932],[-44.0115998,-19.8901817],[-44.0143782,-19.8882591],[-44.0147301,-19.88786],[-44.0158536,-19.8908267],[-44.0160002,-19.8908903],[-44.0157876,-19.8916804]]]}},{"type":"Feature","properties":{"code":"1441","name":"Vila Nova Cachoeirinha II"},"geometry":{"type":"Polygon","coordinates":[[[-43.9559963,-19.8892569],[-43.9555295,-19.8887393],[-43.9558054,-19.8884782],[-43.9553826,-19.8880911],[-43.9555458,-19.8878712],[-43.9557141,-19.8878037],[-43.9561749,-19.8883882],[-43.9561818,-19.8891376],[-43.9559963,-19.8892569]]]}},{"type":"Feature","properties":{"code":"654","name":"Coqueiros"},"geometry":{"type":"Polygon","coordinates":[[[-44.0163687,-19.8971903],[-44.0190604,-19.8944233],[-44.0209646,-19.8949989],[-44.0206854,-19.8957692],[-44.0225875,-19.8963705],[-44.0223296,-19.8971396],[-44.0242425,-19.8977289],[-44.0239833,-19.8984842],[-44.0258742,-19.8990664],[-44.0256063,-19.8999048],[-44.0262071,-19.9011358],[-44.0259086,-19.9013784],[-44.0263443,-19.9025122],[-44.0259795,-19.9037726],[-44.0256647,-19.9042476],[-44.0253446,-19.9049744],[-44.0196507,-19.9027936],[-44.0195633,-19.9023448],[-44.0185436,-19.9012347],[-44.0178338,-19.8993436],[-44.0165604,-19.8977552],[-44.0160924,-19.8973594],[-44.0163687,-19.8971903]]]}},{"type":"Feature","properties":{"code":"609","name":"Graça"},"geometry":{"type":"Polygon","coordinates":[[[-43.9325432,-19.9037997],[-43.9294631,-19.9027501],[-43.9289212,-19.9024143],[-43.9285216,-19.9019081],[-43.9283173,-19.9013265],[-43.9276998,-19.8975543],[-43.9282416,-19.8973398],[-43.9280776,-19.8969325],[-43.9281198,-19.8963924],[-43.9287338,-19.8957563],[-43.9288182,-19.8957291],[-43.9289693,-19.8958225],[-43.9307296,-19.896263],[-43.9324246,-19.8971982],[-43.9333692,-19.8973963],[-43.9348013,-19.8973926],[-43.9340656,-19.8986932],[-43.9339322,-19.8998913],[-43.9325432,-19.9037997]]]}},{"type":"Feature","properties":{"code":"1431","name":"Vila Jardim Montanhês"},"geometry":{"type":"Polygon","coordinates":[[[-43.9836236,-19.9002579],[-43.9832172,-19.8994696],[-43.9833928,-19.8993335],[-43.9832806,-19.8988851],[-43.9835886,-19.8987102],[-43.9839383,-19.8986478],[-43.9839475,-19.8983702],[-43.9841565,-19.8983717],[-43.9841422,-19.8980188],[-43.9846801,-19.8973771],[-43.9850334,-19.8972622],[-43.9849837,-19.8971702],[-43.9851518,-19.8970034],[-43.9852946,-19.8971317],[-43.9854376,-19.8979109],[-43.9852112,-19.8980072],[-43.9847297,-19.8991007],[-43.9845731,-19.8990028],[-43.9844612,-19.899056],[-43.9839945,-19.9002631],[-43.9836236,-19.9002579]]]}},{"type":"Feature","properties":{"code":"1298","name":"Canadá"},"geometry":{"type":"Polygon","coordinates":[[[-43.9447664,-19.8985686],[-43.9445859,-19.8985214],[-43.9444893,-19.8982932],[-43.9436158,-19.898068],[-43.943238,-19.8960696],[-43.9445313,-19.8948269],[-43.9451,-19.8958523],[-43.9454663,-19.8948799],[-43.9465702,-19.8965786],[-43.9465102,-19.8968837],[-43.9455857,-19.8981294],[-43.9449583,-19.8982967],[-43.9447664,-19.8985686]]]}},{"type":"Feature","properties":{"code":"608","name":"Aparecida"},"geometry":{"type":"Polygon","coordinates":[[[-43.9505378,-19.9013846],[-43.9474064,-19.8995034],[-43.9471009,-19.8999947],[-43.9474282,-19.9000915],[-43.9472645,-19.9005424],[-43.9473344,-19.9005695],[-43.9472963,-19.9006505],[-43.947632,-19.9007837],[-43.9477263,-19.9006217],[-43.9480025,-19.9007298],[-43.9479622,-19.9008226],[-43.9483492,-19.9009819],[-43.9482305,-19.9012711],[-43.946152,-19.9004878],[-43.9472772,-19.8984708],[-43.9491263,-19.8962778],[-43.9500307,-19.8936473],[-43.9501165,-19.893157],[-43.9501145,-19.8921796],[-43.9497528,-19.890635],[-43.9497636,-19.889966],[-43.949971,-19.8891982],[-43.951171,-19.8871769],[-43.951856,-19.8870821],[-43.9521948,-19.8871923],[-43.9524964,-19.8874414],[-43.952851,-19.8875751],[-43.9541488,-19.8876074],[-43.9556367,-19.8888321],[-43.957746,-19.8917428],[-43.9592745,-19.8932767],[-43.9598518,-19.8940988],[-43.9597268,-19.8942022],[-43.959236,-19.8951624],[-43.9589106,-19.8965348],[-43.9586736,-19.8971649],[-43.9576383,-19.8982604],[-43.9572601,-19.8981856],[-43.957778,-19.895709],[-43.9540444,-19.8950027],[-43.9533669,-19.8949853],[-43.9534369,-19.8940096],[-43.9516721,-19.8932327],[-43.9509111,-19.8966511],[-43.9509694,-19.8975316],[-43.9531793,-19.8976623],[-43.95313,-19.8984772],[-43.9525482,-19.899063],[-43.952287,-19.8991671],[-43.9522296,-19.8993644],[-43.9512446,-19.9002261],[-43.9503486,-19.9002252],[-43.9505378,-19.9013846]]]}},{"type":"Feature","properties":{"code":"739","name":"Padre Eustáquio"},"geometry":{"type":"Polygon","coordinates":[[[-43.9777076,-19.9234911],[-43.9767898,-19.923344],[-43.9757413,-19.9232875],[-43.9735633,-19.922765],[-43.9725147,-19.9224228],[-43.9703644,-19.9213639],[-43.9699705,-19.9210333],[-43.9697929,-19.9207783],[-43.9689055,-19.9192056],[-43.9685318,-19.9188643],[-43.9674651,-19.918192],[-43.9685367,-19.9142798],[-43.9693019,-19.9145749],[-43.9700342,-19.9118153],[-43.9724773,-19.9126672],[-43.9805194,-19.912444],[-43.9808415,-19.9122635],[-43.9811188,-19.9119977],[-43.9814703,-19.9113553],[-43.9815998,-19.9112894],[-43.9838162,-19.9110204],[-43.9851545,-19.9087367],[-43.9848176,-19.9085884],[-43.9854533,-19.9066077],[-43.9860854,-19.9068582],[-43.9869374,-19.9053916],[-43.9872429,-19.9052327],[-43.9875433,-19.9049022],[-43.9926658,-19.9084233],[-43.9936034,-19.9091358],[-43.9941389,-19.9099433],[-43.9943529,-19.9108581],[-43.99434,-19.9112567],[-43.9941868,-19.9118847],[-43.9937945,-19.9128634],[-43.9936679,-19.9133206],[-43.9936458,-19.9137365],[-43.9926491,-19.9137008],[-43.9892801,-19.9141399],[-43.9893573,-19.9144039],[-43.9895438,-19.9146517],[-43.9914789,-19.9154997],[-43.991592,-19.9155941],[-43.9916937,-19.9159084],[-43.9914841,-19.9160173],[-43.9908316,-19.9158497],[-43.9901286,-19.915951],[-43.9883983,-19.916554],[-43.9880032,-19.9168],[-43.9877695,-19.9172353],[-43.9876305,-19.9180805],[-43.9872856,-19.9187365],[-43.987133,-19.920118],[-43.9868103,-19.920787],[-43.9864905,-19.9210099],[-43.9853518,-19.9212118],[-43.9852425,-19.9222226],[-43.9855473,-19.9225937],[-43.9850849,-19.9229934],[-43.9842802,-19.9225784],[-43.9836902,-19.9223808],[-43.9827597,-19.9223115],[-43.9820836,-19.9224404],[-43.9784735,-19.9234483],[-43.9777076,-19.9234911]],[[-43.9853578,-19.9210495],[-43.9853895,-19.9204114],[-43.9852055,-19.9200941],[-43.9849775,-19.9199394],[-43.9838466,-19.9194253],[-43.9836495,-19.9194756],[-43.9833819,-19.919846],[-43.9832864,-19.9198484],[-43.9832557,-19.9207777],[-43.984613,-19.9207917],[-43.9846185,-19.9209605],[-43.9853578,-19.9210495]],[[-43.9847369,-19.9170115],[-43.9849126,-19.9169842],[-43.9848584,-19.9167436],[-43.9849561,-19.9163683],[-43.985013,-19.9163716],[-43.9849231,-19.9160634],[-43.9848292,-19.9159827],[-43.9845357,-19.9160899],[-43.9847369,-19.9170115]]]}},{"type":"Feature","properties":{"code":"821","name":"Aparecida Sétima Seção"},"geometry":{"type":"Polygon","coordinates":[[[-43.9604698,-19.8952639],[-43.9595771,-19.8936345],[-43.957746,-19.8917428],[-43.958674,-19.8899864],[-43.9590855,-19.8894816],[-43.9601558,-19.8886507],[-43.9628859,-19.8862903],[-43.9635179,-19.8868939],[-43.9631859,-19.8872012],[-43.9633944,-19.887393],[-43.9632033,-19.8875522],[-43.9635649,-19.887877],[-43.9637189,-19.88775],[-43.9638505,-19.8878812],[-43.9634527,-19.8882106],[-43.9642518,-19.8891041],[-43.964519,-19.8889028],[-43.9648279,-19.8891914],[-43.9649795,-19.8893587],[-43.9647384,-19.8895735],[-43.9650596,-19.8899069],[-43.9651336,-19.8898962],[-43.965119,-19.8895899],[-43.9651863,-19.8895276],[-43.9649865,-19.889325],[-43.9656075,-19.8888768],[-43.9659847,-19.8892494],[-43.9663103,-19.8890455],[-43.9664522,-19.8892077],[-43.9666167,-19.8890797],[-43.966814,-19.8893134],[-43.9671061,-19.8890483],[-43.9673024,-19.8891651],[-43.9666862,-19.8904599],[-43.9663939,-19.8908992],[-43.9649741,-19.8918886],[-43.9648454,-19.8921115],[-43.9645231,-19.893194],[-43.9645348,-19.8938291],[-43.9625256,-19.8941298],[-43.9604698,-19.8952639]],[[-43.9656391,-19.8909339],[-43.9657249,-19.8908537],[-43.9652769,-19.89074],[-43.9657114,-19.8903384],[-43.965668,-19.8902111],[-43.9651467,-19.890544],[-43.9651796,-19.8907745],[-43.9652674,-19.8908491],[-43.9656391,-19.8909339]]]}},{"type":"Feature","properties":{"code":"781","name":"São Cristóvão"},"geometry":{"type":"Polygon","coordinates":[[[-43.9461532,-19.9051435],[-43.9452806,-19.9042866],[-43.9446107,-19.903865],[-43.9438513,-19.9035263],[-43.9432241,-19.9029272],[-43.9421003,-19.9023308],[-43.9444713,-19.8989341],[-43.9446305,-19.898564],[-43.94484,-19.8985287],[-43.9449583,-19.8982967],[-43.9455857,-19.8981294],[-43.9465102,-19.8968837],[-43.9465476,-19.8974831],[-43.9473913,-19.8974516],[-43.9473342,-19.8983939],[-43.946152,-19.9004878],[-43.9482305,-19.9012711],[-43.9483031,-19.9014308],[-43.9482646,-19.9017006],[-43.947749,-19.9026465],[-43.9473616,-19.9030919],[-43.9484468,-19.9035433],[-43.9482427,-19.9039792],[-43.9485343,-19.9040868],[-43.9486729,-19.9040501],[-43.94869,-19.9045573],[-43.9492376,-19.904297],[-43.9493054,-19.9044211],[-43.9496747,-19.9043274],[-43.9497614,-19.9045695],[-43.9485356,-19.9050904],[-43.9482006,-19.9050554],[-43.9472226,-19.9047079],[-43.9468662,-19.9047787],[-43.9461532,-19.9051435]]]}},{"type":"Feature","properties":{"code":"638","name":"Casa Branca"},"geometry":{"type":"Polygon","coordinates":[[[-43.8841619,-19.9014701],[-43.8841654,-19.9013935],[-43.8839981,-19.9012596],[-43.8839917,-19.9010817],[-43.8841703,-19.900581],[-43.8844391,-19.9002904],[-43.8845582,-19.9000109],[-43.8844248,-19.8997566],[-43.8845678,-19.8994112],[-43.8843383,-19.8991663],[-43.8849228,-19.8987892],[-43.885001,-19.8985366],[-43.8852282,-19.8983558],[-43.8853444,-19.8979133],[-43.8854688,-19.8978102],[-43.8854278,-19.897455],[-43.8852406,-19.8972833],[-43.8853816,-19.8968291],[-43.8857462,-19.8962607],[-43.8856713,-19.8960327],[-43.8857622,-19.8956919],[-43.886006,-19.8953863],[-43.8859737,-19.8952088],[-43.885657,-19.8948963],[-43.8858762,-19.8942168],[-43.8859539,-19.8936778],[-43.8861508,-19.8933147],[-43.8867935,-19.8927571],[-43.8869848,-19.8922439],[-43.8871549,-19.8921084],[-43.8874074,-19.8920464],[-43.8876046,-19.892405],[-43.8883099,-19.8929806],[-43.8891186,-19.8957076],[-43.8896457,-19.8971428],[-43.8898508,-19.897303],[-43.8907189,-19.8976269],[-43.8912365,-19.897924],[-43.8911473,-19.8979542],[-43.8899463,-19.9026876],[-43.8898435,-19.9029261],[-43.8896987,-19.9029229],[-43.8894391,-19.9030597],[-43.8896371,-19.90341],[-43.8884064,-19.9041164],[-43.8879298,-19.9039833],[-43.8878167,-19.9041065],[-43.8876202,-19.9040939],[-43.8873883,-19.9039426],[-43.8876381,-19.9031531],[-43.8873633,-19.9030815],[-43.8875401,-19.9025506],[-43.8876339,-19.9025656],[-43.8869933,-19.9016355],[-43.8865202,-19.9018813],[-43.8870148,-19.9036353],[-43.8872135,-19.903988],[-43.8875506,-19.9042542],[-43.8879974,-19.9043735],[-43.8883764,-19.9043553],[-43.8897353,-19.9036316],[-43.8897236,-19.9038081],[-43.8894797,-19.9039705],[-43.88957,-19.9041144],[-43.8890299,-19.9045823],[-43.8893282,-19.9048728],[-43.8879316,-19.9061301],[-43.8877457,-19.9059641],[-43.8871972,-19.9060805],[-43.8867298,-19.9059418],[-43.8859471,-19.9051284],[-43.8849871,-19.9045295],[-43.8847085,-19.904094],[-43.8847742,-19.9028954],[-43.8844828,-19.9021124],[-43.884018,-19.9014963],[-43.8841619,-19.9014701]]]}},{"type":"Feature","properties":{"code":"1393","name":"Vila Tiradentes"},"geometry":{"type":"Polygon","coordinates":[[[-43.9409922,-19.8998627],[-43.9402993,-19.8986011],[-43.9409934,-19.8982564],[-43.9407092,-19.8978731],[-43.9406787,-19.8977028],[-43.9403439,-19.8975734],[-43.9401585,-19.8976231],[-43.9408474,-19.896883],[-43.9410724,-19.8967425],[-43.9412598,-19.8970157],[-43.9414688,-19.896917],[-43.941347,-19.8972459],[-43.9429301,-19.8978241],[-43.9409922,-19.8998627]]]}},{"type":"Feature","properties":{"code":"1484","name":"Novo Glória"},"geometry":{"type":"Polygon","coordinates":[[[-44.0151598,-19.9099512],[-44.0117475,-19.9080456],[-44.0091917,-19.9072145],[-44.0102775,-19.9029964],[-44.0105629,-19.9028931],[-44.0114393,-19.9029297],[-44.0104997,-19.9022335],[-44.0098347,-19.9008854],[-44.0149874,-19.9011736],[-44.0151667,-19.901178],[-44.015152,-19.9010876],[-44.0158916,-19.9018835],[-44.0183706,-19.9007833],[-44.018658,-19.9014016],[-44.0195633,-19.9023448],[-44.0196507,-19.9027936],[-44.0194989,-19.9032901],[-44.0184505,-19.9043937],[-44.0178484,-19.90519],[-44.0165581,-19.907987],[-44.0151598,-19.9099512]]]}},{"type":"Feature","properties":{"code":"626","name":"Caetano Furquim"},"geometry":{"type":"Polygon","coordinates":[[[-43.888204,-19.9043799],[-43.8875506,-19.9042542],[-43.8872135,-19.903988],[-43.8870148,-19.9036353],[-43.8865202,-19.9018813],[-43.8869933,-19.9016355],[-43.8876339,-19.9025656],[-43.8875401,-19.9025506],[-43.8873633,-19.9030815],[-43.8876381,-19.9031531],[-43.8873883,-19.9039426],[-43.8874753,-19.9040134],[-43.8878167,-19.9041065],[-43.8879298,-19.9039833],[-43.8884064,-19.9041164],[-43.8896371,-19.90341],[-43.8897353,-19.9036316],[-43.8885257,-19.904291],[-43.888204,-19.9043799]]]}},{"type":"Feature","properties":{"code":"748","name":"Pindorama"},"geometry":{"type":"Polygon","coordinates":[[[-44.0252633,-19.9088543],[-44.0253061,-19.9092051],[-44.0256652,-19.9097428],[-44.0255395,-19.9097446],[-44.0255466,-19.910429],[-44.0262235,-19.9113607],[-44.0266915,-19.9118375],[-44.0272961,-19.9122766],[-44.0274026,-19.9139122],[-44.0275275,-19.9140945],[-44.0280005,-19.9144726],[-44.0282464,-19.9148671],[-44.0282881,-19.9152326],[-44.0281562,-19.9158984],[-44.0279079,-19.9160704],[-44.0275425,-19.9161436],[-44.0269278,-19.9164867],[-44.0274131,-19.9175253],[-44.0276932,-19.9178731],[-44.0278503,-19.9182835],[-44.0273429,-19.9184016],[-44.0266521,-19.9187277],[-44.0234163,-19.9211939],[-44.0223418,-19.9199286],[-44.0208817,-19.9199681],[-44.0206704,-19.9198891],[-44.0203497,-19.9196284],[-44.0202007,-19.9193214],[-44.0201225,-19.9189117],[-44.0200083,-19.9176042],[-44.0188366,-19.9166664],[-44.0185743,-19.9163456],[-44.0183877,-19.9159952],[-44.018241,-19.9154687],[-44.0184341,-19.9148788],[-44.0151598,-19.9099512],[-44.0165581,-19.907987],[-44.0178484,-19.90519],[-44.0184505,-19.9043937],[-44.0194989,-19.9032901],[-44.0196507,-19.9027936],[-44.026295,-19.9053199],[-44.0262956,-19.9058571],[-44.0265242,-19.9059364],[-44.0265083,-19.9060172],[-44.0265743,-19.9060438],[-44.0264658,-19.9063189],[-44.0265001,-19.9067194],[-44.0261831,-19.9074476],[-44.0256537,-19.9079363],[-44.0254165,-19.9082612],[-44.0252633,-19.9088543]],[[-44.0261376,-19.916756],[-44.0262965,-19.9164257],[-44.0261216,-19.9162922],[-44.0257973,-19.91615],[-44.0259272,-19.9158272],[-44.0258366,-19.9158043],[-44.0256762,-19.9153893],[-44.025449,-19.9152434],[-44.0255291,-19.9149539],[-44.0254334,-19.9148493],[-44.0253595,-19.9143547],[-44.0251235,-19.9143934],[-44.0250458,-19.914227],[-44.0247007,-19.9143989],[-44.0246307,-19.9145365],[-44.0241673,-19.9147325],[-44.0242066,-19.9148185],[-44.0239079,-19.9149331],[-44.0238657,-19.9150799],[-44.0237799,-19.9150996],[-44.0238857,-19.9153342],[-44.0237344,-19.9153171],[-44.0240905,-19.916393],[-44.0244078,-19.9164755],[-44.0244315,-19.9168465],[-44.0245885,-19.9169048],[-44.0243018,-19.9170278],[-44.0244168,-19.9174524],[-44.0243811,-19.9179247],[-44.0249371,-19.9179677],[-44.0249728,-19.917575],[-44.025434,-19.9176412],[-44.0255449,-19.917274],[-44.0261063,-19.9171149],[-44.0261376,-19.916756]]]}},{"type":"Feature","properties":{"code":"1452","name":"Vila Paraíso"},"geometry":{"type":"Polygon","coordinates":[[[-43.900688,-19.9203341],[-43.9006036,-19.9202539],[-43.9007012,-19.9198876],[-43.9018215,-19.918925],[-43.9019003,-19.9186518],[-43.9020588,-19.9185251],[-43.9022507,-19.9185708],[-43.9024591,-19.9184334],[-43.9025238,-19.9182123],[-43.9037601,-19.918495],[-43.9036938,-19.9186158],[-43.9038002,-19.918676],[-43.9038771,-19.9185488],[-43.9041604,-19.9188485],[-43.9043107,-19.9187235],[-43.9042853,-19.9185867],[-43.9044633,-19.9188169],[-43.9047966,-19.918855],[-43.9047851,-19.9189535],[-43.9044761,-19.9189196],[-43.9044211,-19.9193965],[-43.9042848,-19.9194236],[-43.9040644,-19.9196672],[-43.9038042,-19.9193076],[-43.9038972,-19.9190379],[-43.9037438,-19.9187907],[-43.9033681,-19.9186933],[-43.9034016,-19.9186266],[-43.9031395,-19.9185378],[-43.9027553,-19.9184733],[-43.9025934,-19.9187822],[-43.9023471,-19.918733],[-43.9023202,-19.9188829],[-43.9020496,-19.9189048],[-43.9015006,-19.9194628],[-43.9014865,-19.9196049],[-43.9016707,-19.9196334],[-43.9016584,-19.9197476],[-43.9015286,-19.9197344],[-43.9014075,-19.9201176],[-43.9013242,-19.9201154],[-43.9013519,-19.9198105],[-43.9010942,-19.9197906],[-43.9007615,-19.9200824],[-43.9008464,-19.920167],[-43.900688,-19.9203341]]]}},{"type":"Feature","properties":{"code":"765","name":"Santa Efigênia"},"geometry":{"type":"Polygon","coordinates":[[[-43.9089776,-19.9299571],[-43.9080961,-19.9297659],[-43.9084323,-19.9287677],[-43.9089251,-19.9280552],[-43.9090767,-19.9270495],[-43.9089125,-19.9265608],[-43.9079414,-19.9256465],[-43.9078365,-19.9252408],[-43.9079064,-19.9249849],[-43.9080861,-19.9247397],[-43.9090487,-19.9240461],[-43.9104593,-19.9239237],[-43.9110133,-19.923641],[-43.9112558,-19.9232761],[-43.9114499,-19.9217086],[-43.9107613,-19.9201332],[-43.9101573,-19.9195479],[-43.9101285,-19.9192996],[-43.9101544,-19.9186941],[-43.9102934,-19.9184317],[-43.9106915,-19.9180645],[-43.9108999,-19.9177523],[-43.914051,-19.9196462],[-43.9149588,-19.9199873],[-43.9159029,-19.9200456],[-43.9176271,-19.9197426],[-43.9181428,-19.9197127],[-43.9187515,-19.921191],[-43.9190929,-19.9210982],[-43.9191988,-19.9213468],[-43.9193684,-19.9209718],[-43.9192662,-19.9204305],[-43.9193536,-19.9197889],[-43.921444,-19.9201255],[-43.9231169,-19.9206169],[-43.9242389,-19.9210936],[-43.9247711,-19.9202221],[-43.9252974,-19.9202013],[-43.9263058,-19.9202869],[-43.9304464,-19.9209441],[-43.9314547,-19.9213419],[-43.9310694,-19.9219818],[-43.9312859,-19.9220745],[-43.9312639,-19.9224124],[-43.932552,-19.9271345],[-43.9235133,-19.9293358],[-43.922433,-19.9296179],[-43.9222288,-19.9297321],[-43.920349,-19.9277111],[-43.9200289,-19.9269474],[-43.9136678,-19.9285072],[-43.9121974,-19.9293425],[-43.9119371,-19.9291375],[-43.9118211,-19.9289418],[-43.9115051,-19.9287269],[-43.9115152,-19.9291903],[-43.9116293,-19.9294896],[-43.9110643,-19.9297151],[-43.9106158,-19.9297735],[-43.9089907,-19.9295645],[-43.9089776,-19.9299571]]]}},{"type":"Feature","properties":{"code":"658","name":"Dom Bosco"},"geometry":{"type":"Polygon","coordinates":[[[-44.0049748,-19.9240171],[-44.0045292,-19.923558],[-44.0018634,-19.9215876],[-44.0018872,-19.9211197],[-44.0015466,-19.9210162],[-44.0015152,-19.9187816],[-44.0014351,-19.9187532],[-44.0012803,-19.9188754],[-43.9998842,-19.9201535],[-43.9972819,-19.9182512],[-43.9965858,-19.9176651],[-43.9941228,-19.9149871],[-43.9937586,-19.9143587],[-43.9936637,-19.9139738],[-43.9936679,-19.9133206],[-43.9941654,-19.9119403],[-43.9973925,-19.9116177],[-43.9982269,-19.9108813],[-43.9984101,-19.9103773],[-43.9983792,-19.9090972],[-43.9986923,-19.908257],[-44.0016586,-19.9078868],[-44.0019528,-19.9079867],[-44.0023363,-19.9084175],[-44.0025184,-19.9084132],[-44.0018571,-19.9106074],[-44.0019177,-19.911259],[-44.002123,-19.9118302],[-44.0038233,-19.9146502],[-44.0046994,-19.9149351],[-44.0039906,-19.915549],[-44.0051554,-19.9168694],[-44.0050004,-19.9170276],[-44.0052758,-19.9173234],[-44.0053263,-19.9177219],[-44.005676,-19.9188102],[-44.0056699,-19.9191365],[-44.0055359,-19.9191858],[-44.0055559,-19.9197584],[-44.0058878,-19.9198801],[-44.0058439,-19.9200567],[-44.00615,-19.9201289],[-44.0058158,-19.9207143],[-44.0058345,-19.9209548],[-44.0055005,-19.9217352],[-44.0052097,-19.9236733],[-44.0049748,-19.9240171]]]}},{"type":"Feature","properties":{"code":"774","name":"Santa Tereza"},"geometry":{"type":"Polygon","coordinates":[[[-43.9242389,-19.9210936],[-43.9231169,-19.9206169],[-43.921444,-19.9201255],[-43.9193536,-19.9197889],[-43.9179516,-19.9197186],[-43.9159029,-19.9200456],[-43.9149588,-19.9199873],[-43.914051,-19.9196462],[-43.913228,-19.9191925],[-43.9107138,-19.917631],[-43.910394,-19.9173958],[-43.9096414,-19.9165679],[-43.908842,-19.9154463],[-43.9082163,-19.9142906],[-43.9081071,-19.9137818],[-43.9080866,-19.913183],[-43.9081721,-19.9127092],[-43.9083359,-19.912197],[-43.9090411,-19.9107928],[-43.9095344,-19.9110103],[-43.909716,-19.9106517],[-43.9101994,-19.910869],[-43.9104045,-19.9108703],[-43.9116077,-19.9105255],[-43.9120392,-19.9103031],[-43.9120714,-19.9103834],[-43.9127876,-19.9098038],[-43.9131855,-19.909242],[-43.9133384,-19.9088866],[-43.9144415,-19.909242],[-43.9152862,-19.9096485],[-43.9158104,-19.9097464],[-43.916546,-19.9102718],[-43.9167518,-19.9105064],[-43.9170246,-19.9110216],[-43.9177429,-19.9125661],[-43.9179501,-19.9128106],[-43.9183154,-19.9129937],[-43.9189138,-19.9129948],[-43.9204766,-19.9126072],[-43.9243932,-19.912392],[-43.9246822,-19.9146083],[-43.9255472,-19.9145064],[-43.9256326,-19.9152274],[-43.9261821,-19.9154022],[-43.9272753,-19.916019],[-43.9274113,-19.9159993],[-43.9242389,-19.9210936]],[[-43.9239744,-19.9199681],[-43.92418,-19.9199288],[-43.9243333,-19.9196879],[-43.924187,-19.9196031],[-43.9243024,-19.919415],[-43.9240997,-19.9193004],[-43.9242306,-19.919086],[-43.9241332,-19.9189999],[-43.9237202,-19.9187989],[-43.9235088,-19.9190996],[-43.9230288,-19.918825],[-43.9227165,-19.9191731],[-43.9214098,-19.9182196],[-43.9217218,-19.917999],[-43.921573,-19.917801],[-43.9216313,-19.9177709],[-43.9215438,-19.9176004],[-43.921439,-19.9176649],[-43.9213926,-19.9175809],[-43.9207259,-19.9177316],[-43.9206751,-19.9175592],[-43.9205605,-19.9175513],[-43.920535,-19.917668],[-43.9201468,-19.9175607],[-43.9201276,-19.9176063],[-43.9200643,-19.9175734],[-43.9200847,-19.9174674],[-43.9199048,-19.9174149],[-43.9195549,-19.9174529],[-43.9195485,-19.9176337],[-43.9198679,-19.9176851],[-43.9205918,-19.9179626],[-43.922616,-19.9194167],[-43.9234962,-19.9198388],[-43.9239744,-19.9199681]],[[-43.9223771,-19.9180193],[-43.9224987,-19.9178403],[-43.92262,-19.9179503],[-43.9228316,-19.9176987],[-43.9229073,-19.9177255],[-43.9229047,-19.9175323],[-43.9230785,-19.9172358],[-43.9232896,-19.9172374],[-43.9233508,-19.9170512],[-43.9235522,-19.9170559],[-43.923738,-19.9167639],[-43.923274,-19.9164748],[-43.9231879,-19.9165762],[-43.9229881,-19.9164643],[-43.9229371,-19.9165557],[-43.922794,-19.9165775],[-43.9227756,-19.9165156],[-43.9223893,-19.9166284],[-43.9223262,-19.9168004],[-43.9222581,-19.9168126],[-43.9222977,-19.9169015],[-43.922158,-19.9169503],[-43.922156,-19.9170726],[-43.9223975,-19.917599],[-43.9221077,-19.9178329],[-43.9223771,-19.9180193]]]}},{"type":"Feature","properties":{"code":"642","name":"Centro"},"geometry":{"type":"Polygon","coordinates":[[[-43.9484231,-19.9173664],[-43.9481249,-19.9179839],[-43.9456003,-19.9220271],[-43.9458979,-19.9223254],[-43.9459738,-19.9225364],[-43.9460184,-19.9227419],[-43.9459255,-19.9231907],[-43.9454127,-19.9235094],[-43.9451586,-19.9235578],[-43.9447132,-19.9234514],[-43.9441605,-19.9243275],[-43.9438538,-19.9243456],[-43.9364232,-19.9262016],[-43.9360962,-19.9249612],[-43.935126,-19.9265081],[-43.9338555,-19.926805],[-43.9337685,-19.9269344],[-43.933572,-19.9269053],[-43.932552,-19.9271345],[-43.9312639,-19.9224124],[-43.9312859,-19.9220745],[-43.9310694,-19.9219818],[-43.9314547,-19.9213419],[-43.9322454,-19.921397],[-43.9329766,-19.9211297],[-43.9334537,-19.9206605],[-43.9339807,-19.9197633],[-43.9329189,-19.919163],[-43.9330079,-19.9189442],[-43.9316132,-19.9136493],[-43.9326224,-19.9141704],[-43.9327418,-19.913809],[-43.9329898,-19.9134898],[-43.9333981,-19.9132339],[-43.933791,-19.9130963],[-43.936692,-19.9130287],[-43.9371894,-19.9128933],[-43.9388062,-19.9121347],[-43.9395176,-19.9118959],[-43.9403551,-19.9119317],[-43.941118,-19.9121906],[-43.9441158,-19.9138888],[-43.9466007,-19.9166198],[-43.94741,-19.9171244],[-43.9477247,-19.9172509],[-43.9484231,-19.9173664]]]}},{"type":"Feature","properties":{"code":"710","name":"Lagoinha"},"geometry":{"type":"Polygon","coordinates":[[[-43.9434919,-19.9134974],[-43.9407605,-19.9120435],[-43.9400222,-19.9118887],[-43.9395176,-19.9118959],[-43.9403999,-19.911072],[-43.9404112,-19.9107273],[-43.9403342,-19.9105665],[-43.9399678,-19.9102379],[-43.9397814,-19.9099519],[-43.9398989,-19.9094769],[-43.9413058,-19.9079922],[-43.9399985,-19.9078966],[-43.941865,-19.9060019],[-43.9400146,-19.9045089],[-43.9406282,-19.9043762],[-43.9421003,-19.9023308],[-43.9432241,-19.9029272],[-43.9438513,-19.9035263],[-43.9446107,-19.903865],[-43.9452806,-19.9042866],[-43.9461532,-19.9051435],[-43.9462215,-19.9050579],[-43.9465602,-19.9049519],[-43.9468432,-19.9050913],[-43.9469228,-19.9051682],[-43.9468825,-19.9052133],[-43.9471095,-19.9053592],[-43.9469859,-19.9057199],[-43.9470686,-19.9068107],[-43.9470129,-19.9071421],[-43.947156,-19.907311],[-43.9469955,-19.9074672],[-43.9471268,-19.9075763],[-43.947162,-19.9078202],[-43.94727,-19.9078238],[-43.9476402,-19.9083198],[-43.9477146,-19.9082624],[-43.9478125,-19.9083591],[-43.948237,-19.9081345],[-43.948158,-19.9079602],[-43.9485859,-19.9077731],[-43.9487671,-19.9075769],[-43.9490189,-19.907791],[-43.9496258,-19.9075711],[-43.9497389,-19.9077129],[-43.9420395,-19.9115478],[-43.9429518,-19.9124681],[-43.9430659,-19.9124571],[-43.9435568,-19.9129463],[-43.9435296,-19.91332],[-43.9436435,-19.9132987],[-43.9434919,-19.9134974]]]}},{"type":"Feature","properties":{"code":"627","name":"Caiçara-Adelaide"},"geometry":{"type":"Polygon","coordinates":[[[-43.9732868,-19.9112708],[-43.9719134,-19.9109254],[-43.9727007,-19.9082224],[-43.9711038,-19.9078333],[-43.97194,-19.9047299],[-43.9720076,-19.9017921],[-43.9746863,-19.9020006],[-43.9749883,-19.9018409],[-43.9753517,-19.9023333],[-43.9754945,-19.9023341],[-43.9767382,-19.9014089],[-43.9788134,-19.9003647],[-43.9788301,-19.9002467],[-43.9786227,-19.8997971],[-43.9799649,-19.8989508],[-43.9801822,-19.8991231],[-43.9803764,-19.8999878],[-43.981387,-19.8999041],[-43.9815916,-19.8997691],[-43.9816376,-19.8995047],[-43.9818869,-19.8993541],[-43.9831677,-19.9015885],[-43.9842121,-19.9026137],[-43.9823176,-19.9028243],[-43.982039,-19.9023681],[-43.9811564,-19.9027781],[-43.9808218,-19.9027266],[-43.9805312,-19.9030547],[-43.9804297,-19.903542],[-43.9790535,-19.9043419],[-43.9780909,-19.9051991],[-43.9780413,-19.9080158],[-43.9752455,-19.9080288],[-43.9753298,-19.9105485],[-43.9745198,-19.9105444],[-43.974321,-19.9112062],[-43.9732868,-19.9112708]]]}},{"type":"Feature","properties":{"code":"1390","name":"Senhor dos Passos"},"geometry":{"type":"Polygon","coordinates":[[[-43.9478125,-19.9083591],[-43.9477146,-19.9082624],[-43.9476402,-19.9083198],[-43.94727,-19.9078238],[-43.947162,-19.9078202],[-43.9471268,-19.9075763],[-43.9469955,-19.9074672],[-43.947156,-19.907311],[-43.9470129,-19.9071421],[-43.9470686,-19.9068107],[-43.9469859,-19.9057199],[-43.9471095,-19.9053592],[-43.9468825,-19.9052133],[-43.9469228,-19.9051682],[-43.9468432,-19.9050913],[-43.9464667,-19.9049564],[-43.9472226,-19.9047079],[-43.9482006,-19.9050554],[-43.9485356,-19.9050904],[-43.9501785,-19.9044096],[-43.9508773,-19.9042407],[-43.9515572,-19.9041966],[-43.9515518,-19.904488],[-43.9512211,-19.9045024],[-43.950975,-19.9046083],[-43.9509757,-19.9047096],[-43.9508497,-19.9047254],[-43.951013,-19.9053681],[-43.950131,-19.9056074],[-43.9500842,-19.9057376],[-43.9502711,-19.9063843],[-43.9505977,-19.9066463],[-43.9501868,-19.9072197],[-43.9497162,-19.9074742],[-43.9496827,-19.9075186],[-43.9498011,-19.907682],[-43.9497389,-19.9077129],[-43.9496258,-19.9075711],[-43.9490189,-19.907791],[-43.9487671,-19.9075769],[-43.9485859,-19.9077731],[-43.948158,-19.9079602],[-43.948237,-19.9081345],[-43.9478125,-19.9083591]]]}},{"type":"Feature","properties":{"code":"646","name":"Colégio Batista"},"geometry":{"type":"Polygon","coordinates":[[[-43.9329898,-19.9134898],[-43.9324025,-19.9114744],[-43.9322529,-19.9067477],[-43.93205,-19.9051829],[-43.9325432,-19.9037997],[-43.9363087,-19.9050606],[-43.9400146,-19.9045089],[-43.941865,-19.9060019],[-43.9399985,-19.9078966],[-43.9413058,-19.9079922],[-43.9398989,-19.9094769],[-43.9397814,-19.9099519],[-43.9399678,-19.9102379],[-43.9403342,-19.9105665],[-43.9404112,-19.9107273],[-43.9403999,-19.911072],[-43.9395176,-19.9118959],[-43.9388062,-19.9121347],[-43.9369672,-19.9129619],[-43.9362997,-19.913053],[-43.933791,-19.9130963],[-43.9333981,-19.9132339],[-43.9329898,-19.9134898]]]}},{"type":"Feature","properties":{"code":"1133","name":"Savassi"},"geometry":{"type":"Polygon","coordinates":[[[-43.9375435,-19.9402998],[-43.9271002,-19.9392537],[-43.9263147,-19.9389608],[-43.9319208,-19.9299052],[-43.9335568,-19.9308098],[-43.9338917,-19.9320287],[-43.9390681,-19.9307738],[-43.9414329,-19.939346],[-43.9375435,-19.9402998]]]}},{"type":"Feature","properties":{"code":"797","name":"Serra"},"geometry":{"type":"Polygon","coordinates":[[[-43.9200848,-19.9494041],[-43.9197908,-19.9493475],[-43.9196332,-19.9489676],[-43.9185587,-19.9486984],[-43.9182178,-19.9482983],[-43.9180084,-19.9477177],[-43.9179011,-19.9469905],[-43.9176238,-19.9462764],[-43.9172432,-19.9458077],[-43.9167213,-19.9453796],[-43.9163435,-19.9451946],[-43.9165664,-19.9447701],[-43.916756,-19.944625],[-43.9161795,-19.9443468],[-43.915078,-19.9436447],[-43.9147668,-19.9436529],[-43.9141379,-19.9434599],[-43.9143907,-19.9432083],[-43.9124819,-19.9421408],[-43.9124293,-19.9420263],[-43.9121026,-19.9419732],[-43.9114117,-19.9416587],[-43.9114124,-19.9417228],[-43.9112415,-19.9417401],[-43.9110768,-19.9413671],[-43.9113044,-19.9412364],[-43.911126,-19.9408803],[-43.9113943,-19.9406704],[-43.9117259,-19.9406867],[-43.9120335,-19.9407495],[-43.9120604,-19.9410515],[-43.9121331,-19.9410472],[-43.9120976,-19.9407576],[-43.9121663,-19.9403907],[-43.9116902,-19.9403254],[-43.9117063,-19.9400128],[-43.9115143,-19.9399851],[-43.9115459,-19.9397598],[-43.9112384,-19.9396958],[-43.9114097,-19.9379429],[-43.9146794,-19.9382756],[-43.9152356,-19.9379822],[-43.9158674,-19.9378896],[-43.9161185,-19.9379506],[-43.9170902,-19.9376378],[-43.9170061,-19.9373908],[-43.9173675,-19.9371646],[-43.9175203,-19.9369597],[-43.9176738,-19.9369189],[-43.9175483,-19.9363917],[-43.9179531,-19.9362769],[-43.9176592,-19.9351237],[-43.9177257,-19.9351448],[-43.9235925,-19.9317831],[-43.9241041,-19.9317954],[-43.9259707,-19.938595],[-43.9261151,-19.9388383],[-43.9263147,-19.9389608],[-43.9242922,-19.9421891],[-43.9239169,-19.9419912],[-43.9235393,-19.942605],[-43.923439,-19.9425399],[-43.9233472,-19.9426602],[-43.9233958,-19.9427331],[-43.9232558,-19.9429484],[-43.9233717,-19.9430305],[-43.9237363,-19.9430844],[-43.9202194,-19.9487367],[-43.9203556,-19.9489292],[-43.9203533,-19.9492191],[-43.9200848,-19.9494041]]]}},{"type":"Feature","properties":{"code":"1282","name":"Barão Homem de Melo I"},"geometry":{"type":"Polygon","coordinates":[[[-43.9726953,-19.9387474],[-43.9726865,-19.9380323],[-43.9734501,-19.9383991],[-43.9733514,-19.9385474],[-43.9733695,-19.9387946],[-43.9729494,-19.9388273],[-43.9726953,-19.9387474]]]}},{"type":"Feature","properties":{"code":"604","name":"Alto dos Pinheiros"},"geometry":{"type":"Polygon","coordinates":[[[-44.0046038,-19.9343914],[-44.0046204,-19.9335676],[-44.0033635,-19.9330941],[-44.0019037,-19.9335639],[-44.0017365,-19.9342631],[-44.0003487,-19.9339722],[-44.0004578,-19.9334924],[-44.0003805,-19.933327],[-43.9977817,-19.9327682],[-44.0050393,-19.9279572],[-44.0042793,-19.9269265],[-44.0049265,-19.9264946],[-44.0047687,-19.9262184],[-44.0051339,-19.9263783],[-44.0060757,-19.9263526],[-44.0064021,-19.9273495],[-44.0059628,-19.9271581],[-44.0058679,-19.9272892],[-44.0055653,-19.9274417],[-44.0057987,-19.9278022],[-44.0057368,-19.9279401],[-44.006009,-19.9280562],[-44.0059752,-19.928171],[-44.0061944,-19.9282155],[-44.006124,-19.9285306],[-44.0068545,-19.9286833],[-44.0072742,-19.9302355],[-44.0074411,-19.932767],[-44.0069178,-19.9328294],[-44.0060137,-19.9331759],[-44.0055865,-19.9334588],[-44.0046038,-19.9343914]]]}},{"type":"Feature","properties":{"code":"1477","name":"Vila Trinta e Um de Março"},"geometry":{"type":"Polygon","coordinates":[[[-44.0010534,-19.9225218],[-44.0009387,-19.9222603],[-44.0007375,-19.9221306],[-44.0007701,-19.9220773],[-43.999879,-19.9213149],[-43.9999188,-19.9211457],[-43.9994002,-19.9206694],[-43.9995217,-19.9205137],[-43.9993107,-19.920355],[-43.9994006,-19.9203384],[-43.9996968,-19.9200183],[-43.9998842,-19.9201535],[-44.0014351,-19.9187532],[-44.0015152,-19.9187816],[-44.0015349,-19.9189998],[-44.0015466,-19.9210162],[-44.0018872,-19.9211197],[-44.0018634,-19.9215876],[-44.0016464,-19.9220418],[-44.0015288,-19.9219406],[-44.0010534,-19.9225218]]]}},{"type":"Feature","properties":{"code":"2033","name":"Novo Lajedo"},"geometry":{"type":"Polygon","coordinates":[[[-43.9098285,-19.8338421],[-43.9097631,-19.8341782],[-43.909952,-19.8348058],[-43.9097395,-19.8348539],[-43.9098383,-19.8351063],[-43.9091783,-19.835847],[-43.9087041,-19.8355862],[-43.9078585,-19.8354814],[-43.9074883,-19.8353378],[-43.9071144,-19.8349663],[-43.9068437,-19.8343317],[-43.9064638,-19.8338841],[-43.9056206,-19.8331748],[-43.9051162,-19.8326277],[-43.9057588,-19.8321906],[-43.9061539,-19.831589],[-43.90603,-19.8315339],[-43.9063394,-19.8309999],[-43.9062641,-19.8307159],[-43.9061527,-19.8307015],[-43.9060883,-19.8302282],[-43.905876,-19.8296135],[-43.9052069,-19.829147],[-43.9050921,-19.8292745],[-43.904834,-19.8293143],[-43.9046992,-19.8292048],[-43.9040426,-19.8298305],[-43.9034523,-19.8301499],[-43.9034621,-19.8292766],[-43.9035758,-19.8288334],[-43.9037497,-19.8285025],[-43.904869,-19.8271055],[-43.9051865,-19.8264108],[-43.9052966,-19.8258179],[-43.9054413,-19.8257074],[-43.9061341,-19.8258032],[-43.9070426,-19.8261979],[-43.9074002,-19.8266145],[-43.9074945,-19.8274143],[-43.9077673,-19.8274188],[-43.9078509,-19.8276507],[-43.9083389,-19.8274801],[-43.9083093,-19.8272459],[-43.9084571,-19.827036],[-43.9084758,-19.8270905],[-43.9087014,-19.8270995],[-43.9093039,-19.8273023],[-43.9091867,-19.8274298],[-43.9091554,-19.8278969],[-43.9090413,-19.8278874],[-43.908888,-19.8293968],[-43.9086993,-19.8295038],[-43.9098786,-19.8332636],[-43.9097246,-19.8336161],[-43.9100266,-19.8336685],[-43.9100202,-19.8337778],[-43.9098285,-19.8338421]]]}},{"type":"Feature","properties":{"code":"659","name":"Dom Cabral"},"geometry":{"type":"Polygon","coordinates":[[[-43.9949097,-19.9284444],[-43.9931643,-19.9264451],[-43.995874,-19.9242916],[-43.9960329,-19.9240286],[-43.9961229,-19.9234961],[-43.9956266,-19.9219353],[-43.9943166,-19.9219312],[-43.9943169,-19.920977],[-43.9948396,-19.9202422],[-43.994885,-19.9197628],[-43.9942833,-19.9200795],[-43.9939439,-19.9196019],[-43.9937562,-19.9191094],[-43.9940949,-19.9188343],[-43.9939393,-19.9183555],[-43.9932455,-19.9179957],[-43.9928732,-19.9181468],[-43.9927793,-19.9179301],[-43.9931191,-19.9171267],[-43.9928492,-19.91691],[-43.9934098,-19.9162794],[-43.9933864,-19.9161021],[-43.9941657,-19.9169318],[-43.9947317,-19.9156715],[-43.9969338,-19.9179797],[-43.9996968,-19.9200183],[-43.9994006,-19.9203384],[-43.9993107,-19.920355],[-43.9995217,-19.9205137],[-43.9994002,-19.9206694],[-43.9998858,-19.9210939],[-43.9999283,-19.9212654],[-43.999879,-19.9213149],[-44.0007701,-19.9220773],[-44.0007375,-19.9221306],[-44.0009387,-19.9222603],[-44.0009574,-19.9223921],[-43.9999703,-19.9238903],[-43.9994107,-19.9241781],[-43.9975212,-19.9257179],[-43.9966125,-19.9269512],[-43.9955272,-19.9279996],[-43.9949097,-19.9284444]]]}},{"type":"Feature","properties":{"code":"656","name":"Coração Eucarístico"},"geometry":{"type":"Polygon","coordinates":[[[-43.9935138,-19.931241],[-43.9930257,-19.930811],[-43.9917945,-19.9303176],[-43.991526,-19.9300971],[-43.9913236,-19.9301796],[-43.9907625,-19.9295368],[-43.990321,-19.9291752],[-43.9871799,-19.9272749],[-43.9861161,-19.926719],[-43.9841084,-19.9259029],[-43.9843668,-19.9255183],[-43.9844013,-19.9251095],[-43.9842411,-19.9245228],[-43.9831946,-19.9242402],[-43.9827967,-19.9237677],[-43.9827126,-19.9233767],[-43.9827799,-19.9230549],[-43.9829412,-19.9227678],[-43.9831525,-19.9226044],[-43.9836902,-19.9223808],[-43.9842802,-19.9225784],[-43.9850849,-19.9229934],[-43.9855473,-19.9225937],[-43.9852425,-19.9222226],[-43.9853518,-19.9212118],[-43.9864905,-19.9210099],[-43.9867008,-19.9208931],[-43.987133,-19.920118],[-43.9871754,-19.9196932],[-43.9887466,-19.9214172],[-43.9903092,-19.9201994],[-43.9902931,-19.9200894],[-43.9911534,-19.919249],[-43.9928492,-19.91691],[-43.9931191,-19.9171267],[-43.9927793,-19.9179301],[-43.9928732,-19.9181468],[-43.9932455,-19.9179957],[-43.9939393,-19.9183555],[-43.9940949,-19.9188343],[-43.9937562,-19.9191094],[-43.9939439,-19.9196019],[-43.9944212,-19.9202803],[-43.9943169,-19.920977],[-43.9943166,-19.9219312],[-43.9956266,-19.9219353],[-43.9961229,-19.9234961],[-43.9960329,-19.9240286],[-43.995874,-19.9242916],[-43.9931643,-19.9264451],[-43.9949097,-19.9284444],[-43.9937037,-19.9292655],[-43.9927149,-19.9297693],[-43.9936496,-19.9311437],[-43.9935138,-19.931241]]]}},{"type":"Feature","properties":{"code":"1457","name":"Vila PUC"},"geometry":{"type":"Polygon","coordinates":[[[-43.9943169,-19.920977],[-43.9944212,-19.9202803],[-43.9942833,-19.9200795],[-43.994885,-19.9197628],[-43.9948396,-19.9202422],[-43.9943169,-19.920977]]]}},{"type":"Feature","properties":{"code":"1487","name":"Cidade Jardim Taquaril"},"geometry":{"type":"Polygon","coordinates":[[[-43.8822047,-19.9371772],[-43.8818862,-19.937006],[-43.8811356,-19.9370162],[-43.8807287,-19.9375519],[-43.8798917,-19.9374531],[-43.8795746,-19.9372905],[-43.8791517,-19.9367914],[-43.8790493,-19.9363439],[-43.8786973,-19.9357011],[-43.8783087,-19.9354978],[-43.8781007,-19.9352706],[-43.8771317,-19.9346565],[-43.8769557,-19.9344412],[-43.8768052,-19.9339754],[-43.8766389,-19.9338454],[-43.8763176,-19.9337895],[-43.876197,-19.9334645],[-43.876025,-19.933226],[-43.8757651,-19.9330401],[-43.8755626,-19.9327143],[-43.8751656,-19.9325049],[-43.8746183,-19.931917],[-43.8741784,-19.9316458],[-43.8739335,-19.9313972],[-43.8739053,-19.9310357],[-43.8737481,-19.9308064],[-43.8731559,-19.9307368],[-43.872878,-19.9302967],[-43.8724163,-19.9298806],[-43.8720716,-19.9292813],[-43.871753,-19.9290974],[-43.8712799,-19.9290171],[-43.8712622,-19.928656],[-43.870921,-19.9285571],[-43.8706667,-19.9282907],[-43.8702739,-19.9280727],[-43.8701247,-19.9278817],[-43.8698065,-19.927787],[-43.8699522,-19.9266635],[-43.8699472,-19.9258571],[-43.8694034,-19.9255468],[-43.869252,-19.9246042],[-43.8694999,-19.9239769],[-43.8699159,-19.9238041],[-43.8704501,-19.9234083],[-43.8707391,-19.9229406],[-43.8712345,-19.9225147],[-43.8720034,-19.9226839],[-43.872133,-19.9226518],[-43.8725307,-19.9221812],[-43.8728143,-19.9221492],[-43.8730342,-19.9223174],[-43.8735343,-19.923281],[-43.8738362,-19.9233417],[-43.8744012,-19.9228203],[-43.8749302,-19.9215515],[-43.8777693,-19.9216291],[-43.8781906,-19.9214138],[-43.8788741,-19.9217171],[-43.8809448,-19.9217205],[-43.8809681,-19.9216314],[-43.882196,-19.9216491],[-43.8844426,-19.9212601],[-43.88475,-19.9210597],[-43.8868331,-19.9190455],[-43.888037,-19.9194171],[-43.8875511,-19.9194461],[-43.8873661,-19.9196925],[-43.8866203,-19.9201153],[-43.8863362,-19.920377],[-43.8861468,-19.9206294],[-43.8859451,-19.9212541],[-43.8856402,-19.9216837],[-43.8855366,-19.9223842],[-43.8845606,-19.9230651],[-43.8841608,-19.9236664],[-43.8837137,-19.9241624],[-43.8836207,-19.9243575],[-43.8835674,-19.9248486],[-43.8836169,-19.9251724],[-43.8837633,-19.9251994],[-43.884182,-19.9254791],[-43.885549,-19.925417],[-43.8854743,-19.9256704],[-43.8855206,-19.9259083],[-43.8859969,-19.9267681],[-43.8861209,-19.9272674],[-43.8860282,-19.9290182],[-43.8866365,-19.9283569],[-43.8867495,-19.9283445],[-43.886593,-19.9289835],[-43.8864112,-19.9309733],[-43.8860457,-19.931738],[-43.8856465,-19.9319491],[-43.8850965,-19.9319741],[-43.8848474,-19.9321455],[-43.8844868,-19.9328643],[-43.8844603,-19.9331855],[-43.8845673,-19.933496],[-43.8845172,-19.9335318],[-43.8825053,-19.9335359],[-43.8822047,-19.9371772]]]}},{"type":"Feature","properties":{"code":"1478","name":"Vila União"},"geometry":{"type":"Polygon","coordinates":[[[-43.9191988,-19.9213468],[-43.9190929,-19.9210982],[-43.9187515,-19.921191],[-43.9181428,-19.9197127],[-43.9193536,-19.9197889],[-43.9192662,-19.9204305],[-43.9193684,-19.9209718],[-43.9191988,-19.9213468]]]}},{"type":"Feature","properties":{"code":"649","name":"Conjunto Califórnia II"},"geometry":{"type":"Polygon","coordinates":[[[-44.0095469,-19.9207681],[-44.0091506,-19.9204439],[-44.0089576,-19.9201423],[-44.0087362,-19.9190027],[-44.0089451,-19.9189158],[-44.0088899,-19.9188227],[-44.0089554,-19.9186856],[-44.0096366,-19.9182656],[-44.0101505,-19.9180432],[-44.0101702,-19.9179283],[-44.013603,-19.9190058],[-44.0134272,-19.919103],[-44.0133679,-19.9196466],[-44.0131089,-19.9203937],[-44.0101695,-19.9206125],[-44.0095469,-19.9207681]]]}},{"type":"Feature","properties":{"code":"1420","name":"Vila do Pombal"},"geometry":{"type":"Polygon","coordinates":[[[-43.9397169,-19.8967267],[-43.9392214,-19.8964077],[-43.9393599,-19.8962354],[-43.9391299,-19.8960151],[-43.9397577,-19.8959492],[-43.9397934,-19.8965047],[-43.9397169,-19.8967267]]]}},{"type":"Feature","properties":{"code":"1467","name":"Vila São Geraldo"},"geometry":{"type":"Polygon","coordinates":[[[-43.8989721,-19.8963681],[-43.8987263,-19.8962904],[-43.8987611,-19.8960604],[-43.8986641,-19.8954323],[-43.8992402,-19.8955991],[-43.8989721,-19.8963681]]]}},{"type":"Feature","properties":{"code":"835","name":"Confisco"},"geometry":{"type":"Polygon","coordinates":[[[-44.0189688,-19.8631248],[-44.0190676,-19.8624669],[-44.0222011,-19.8676442],[-44.0218092,-19.867929],[-44.0214056,-19.8678506],[-44.0207799,-19.8678648],[-44.0192878,-19.8685101],[-44.0188083,-19.8687993],[-44.0183903,-19.8693563],[-44.0154283,-19.8679775],[-44.0154314,-19.8672127],[-44.0149474,-19.8666717],[-44.0154991,-19.8663397],[-44.0164684,-19.8655449],[-44.0187559,-19.8634377],[-44.0189688,-19.8631248]]]}},{"type":"Feature","properties":{"code":"1293","name":"Boa União I"},"geometry":{"type":"Polygon","coordinates":[[[-43.9277945,-19.8631007],[-43.9274418,-19.8627807],[-43.9273178,-19.8628115],[-43.9267843,-19.8618406],[-43.9270483,-19.8618114],[-43.9275,-19.8619128],[-43.9274721,-19.8621914],[-43.92755,-19.8621948],[-43.9274708,-19.8627547],[-43.9277566,-19.8625647],[-43.9280894,-19.8629626],[-43.9277945,-19.8631007]]]}},{"type":"Feature","properties":{"code":"907","name":"Suzana"},"geometry":{"type":"Polygon","coordinates":[[[-43.9385843,-19.8685661],[-43.9346491,-19.8674386],[-43.9318941,-19.8668281],[-43.9310683,-19.8665819],[-43.9297592,-19.866035],[-43.9272829,-19.8648194],[-43.9273911,-19.8647126],[-43.9276466,-19.8646472],[-43.92818,-19.8647575],[-43.9286409,-19.8646352],[-43.9289432,-19.8642704],[-43.9289936,-19.8639741],[-43.9306555,-19.8639923],[-43.9311679,-19.8638879],[-43.9316174,-19.8636942],[-43.9319771,-19.864266],[-43.9341698,-19.8630774],[-43.934347,-19.8630506],[-43.9348317,-19.8622801],[-43.9350211,-19.8618375],[-43.9364175,-19.8630887],[-43.9378675,-19.8625837],[-43.9386847,-19.8626236],[-43.9385843,-19.8685661]],[[-43.9335354,-19.8666125],[-43.9336237,-19.8665509],[-43.933455,-19.8662828],[-43.9335476,-19.8662255],[-43.933436,-19.8660642],[-43.9336437,-19.865933],[-43.9335381,-19.8657799],[-43.9333365,-19.8659105],[-43.9331753,-19.8656875],[-43.9328877,-19.8658679],[-43.9332389,-19.8662868],[-43.9332552,-19.8663921],[-43.9333599,-19.8663464],[-43.9335354,-19.8666125]]]}},{"type":"Feature","properties":{"code":"784","name":"São Geraldo"},"geometry":{"type":"Polygon","coordinates":[[[-43.8972651,-19.9052974],[-43.8953894,-19.9050892],[-43.8950429,-19.9049798],[-43.8945723,-19.9047173],[-43.8934591,-19.9036147],[-43.8928262,-19.9033897],[-43.8918379,-19.9035929],[-43.8906769,-19.9040142],[-43.8896136,-19.9046178],[-43.8893282,-19.9048728],[-43.8890299,-19.9045823],[-43.88957,-19.9041144],[-43.8894797,-19.9039705],[-43.8897546,-19.903733],[-43.8894391,-19.9030597],[-43.8896987,-19.9029229],[-43.8898435,-19.9029261],[-43.8899463,-19.9026876],[-43.8911473,-19.8979542],[-43.8912365,-19.897924],[-43.8916562,-19.8982724],[-43.8929487,-19.8986349],[-43.8937674,-19.8961194],[-43.8938752,-19.896144],[-43.8939085,-19.8960395],[-43.8942949,-19.8961454],[-43.8943786,-19.8958728],[-43.8947883,-19.8959927],[-43.8949057,-19.8956016],[-43.8948086,-19.8955711],[-43.894763,-19.8957113],[-43.894491,-19.8956942],[-43.8943415,-19.8958155],[-43.8940287,-19.8957274],[-43.8943749,-19.8946221],[-43.8943526,-19.89451],[-43.8944102,-19.8945191],[-43.8945137,-19.894172],[-43.8944086,-19.8941413],[-43.8946452,-19.8934198],[-43.8976727,-19.8942919],[-43.9012784,-19.8950928],[-43.9046733,-19.8995587],[-43.9050693,-19.8999494],[-43.9056049,-19.901047],[-43.9056715,-19.9016254],[-43.9052783,-19.9017152],[-43.9038882,-19.9024233],[-43.900201,-19.9033227],[-43.8997442,-19.9035624],[-43.8991334,-19.9044085],[-43.8985438,-19.9049911],[-43.8978943,-19.9052635],[-43.8972651,-19.9052974]],[[-43.8997636,-19.9009808],[-43.9002394,-19.9008165],[-43.900136,-19.9006879],[-43.9004368,-19.9004516],[-43.90026,-19.9002904],[-43.9002959,-19.9001868],[-43.8998999,-19.8999158],[-43.8994104,-19.9004856],[-43.8996941,-19.9007723],[-43.8997636,-19.9009808]],[[-43.8989721,-19.8963681],[-43.8992402,-19.8955991],[-43.8986641,-19.8954323],[-43.8987611,-19.8960604],[-43.8987263,-19.8962904],[-43.8989721,-19.8963681]]]}},{"type":"Feature","properties":{"code":"729","name":"Nova Esperança"},"geometry":{"type":"Polygon","coordinates":[[[-43.9612257,-19.9038778],[-43.9563826,-19.9036513],[-43.9564094,-19.9014792],[-43.9572601,-19.8981856],[-43.9576383,-19.8982604],[-43.9586736,-19.8971649],[-43.9589106,-19.8965348],[-43.959236,-19.8951624],[-43.9597268,-19.8942022],[-43.9598518,-19.8940988],[-43.9609696,-19.8962915],[-43.9611332,-19.8971402],[-43.9617834,-19.8977363],[-43.9621238,-19.8983331],[-43.9620777,-19.8989155],[-43.9616792,-19.8996098],[-43.9622965,-19.9002777],[-43.9629053,-19.9006457],[-43.9628693,-19.9017233],[-43.9615254,-19.9016706],[-43.9617962,-19.9038291],[-43.9612257,-19.9038778]]]}},{"type":"Feature","properties":{"code":"1410","name":"Vila Boa Vista"},"geometry":{"type":"Polygon","coordinates":[[[-43.8936245,-19.896545],[-43.8931711,-19.8964047],[-43.8932273,-19.8961303],[-43.8929767,-19.8955611],[-43.8932364,-19.8955249],[-43.893352,-19.8952735],[-43.8932931,-19.895108],[-43.8934713,-19.8950072],[-43.893504,-19.894776],[-43.8937951,-19.8943226],[-43.8937493,-19.8942318],[-43.8939141,-19.8941638],[-43.8938315,-19.8939089],[-43.894045,-19.8938372],[-43.894257,-19.8934064],[-43.8944077,-19.8933553],[-43.8946452,-19.8934198],[-43.8944086,-19.8941413],[-43.8945137,-19.894172],[-43.8944102,-19.8945191],[-43.8943526,-19.89451],[-43.8943749,-19.8946221],[-43.8940287,-19.8957274],[-43.8943415,-19.8958155],[-43.894491,-19.8956942],[-43.894763,-19.8957113],[-43.8948086,-19.8955711],[-43.8949057,-19.8956016],[-43.8947883,-19.8959927],[-43.8943786,-19.8958728],[-43.8942949,-19.8961454],[-43.8939085,-19.8960395],[-43.8938752,-19.896144],[-43.8937674,-19.8961194],[-43.8936245,-19.896545]]]}},{"type":"Feature","properties":{"code":"1422","name":"Vila Engenho Nogueira"},"geometry":{"type":"Polygon","coordinates":[[[-43.983978,-19.8906681],[-43.9838467,-19.8905775],[-43.9839655,-19.8904769],[-43.9837965,-19.8900672],[-43.9840925,-19.889944],[-43.9838857,-19.8896685],[-43.9840619,-19.8892974],[-43.9840134,-19.8892863],[-43.9841955,-19.8890924],[-43.9842336,-19.8888617],[-43.9845062,-19.8888605],[-43.9845045,-19.8891237],[-43.9851341,-19.8891422],[-43.985235,-19.8892984],[-43.9856812,-19.8896064],[-43.9849219,-19.8897935],[-43.9849816,-19.8899082],[-43.9848553,-19.8899517],[-43.9847543,-19.8897863],[-43.9844456,-19.8901749],[-43.9840093,-19.8904468],[-43.9841298,-19.8905482],[-43.983978,-19.8906681]]]}},{"type":"Feature","properties":{"code":"2034","name":"Tiradentes"},"geometry":{"type":"Polygon","coordinates":[[[-43.8771494,-19.8322062],[-43.8789002,-19.8335839],[-43.879288,-19.8337994],[-43.880215,-19.834048],[-43.8801677,-19.8344315],[-43.8799226,-19.834567],[-43.8801833,-19.8354268],[-43.8807505,-19.8362356],[-43.881002,-19.8363335],[-43.8813612,-19.8363234],[-43.8815701,-19.8367269],[-43.881766,-19.8368578],[-43.881628,-19.8374733],[-43.8819683,-19.8377216],[-43.882048,-19.8378825],[-43.8814023,-19.8379902],[-43.8749415,-19.8407206],[-43.8737384,-19.8410618],[-43.872968,-19.8403885],[-43.8725372,-19.8403012],[-43.8720277,-19.8400421],[-43.8717088,-19.8396353],[-43.8715412,-19.8390066],[-43.8712099,-19.8386455],[-43.8726332,-19.8363624],[-43.8747552,-19.8342769],[-43.8738691,-19.8337981],[-43.8739,-19.8331519],[-43.8738063,-19.8329534],[-43.8740797,-19.8328112],[-43.8747136,-19.8320347],[-43.874797,-19.8315899],[-43.8755409,-19.831007],[-43.875626,-19.830649],[-43.875805,-19.830404],[-43.875982,-19.830394],[-43.8761612,-19.8308273],[-43.8766993,-19.8313665],[-43.8771494,-19.8322062]]]}},{"type":"Feature","properties":{"code":"2035","name":"Montes Claros"},"geometry":{"type":"Polygon","coordinates":[[[-43.8898807,-19.8250242],[-43.8909553,-19.8260771],[-43.8917722,-19.8266286],[-43.8920971,-19.8273305],[-43.8921873,-19.8273184],[-43.8924954,-19.8276161],[-43.8928903,-19.8275449],[-43.8930266,-19.8282277],[-43.8931432,-19.8283887],[-43.8931397,-19.8308574],[-43.8925299,-19.8308377],[-43.8922309,-19.8309419],[-43.89203,-19.8310726],[-43.8917226,-19.8315238],[-43.8916046,-19.8314579],[-43.8915035,-19.8316365],[-43.8912377,-19.8317854],[-43.8908797,-19.8321502],[-43.8907404,-19.8320692],[-43.8895612,-19.8320499],[-43.8895149,-19.8319839],[-43.8894585,-19.831534],[-43.8896709,-19.8293201],[-43.8895035,-19.829106],[-43.8876702,-19.8300564],[-43.8869541,-19.8305713],[-43.8859188,-19.8305688],[-43.8850784,-19.8303917],[-43.8850398,-19.8306142],[-43.8845459,-19.8305034],[-43.8845804,-19.8303796],[-43.8837407,-19.8292627],[-43.8817358,-19.8286136],[-43.8816142,-19.8278244],[-43.8815171,-19.8249545],[-43.8827145,-19.8251225],[-43.883093,-19.8251055],[-43.8834998,-19.8249897],[-43.8841068,-19.8246412],[-43.8849982,-19.8247277],[-43.8854731,-19.8246924],[-43.8866648,-19.824249],[-43.8871512,-19.8241772],[-43.8877605,-19.8243086],[-43.8882956,-19.8241338],[-43.8887178,-19.8244553],[-43.8893617,-19.8246372],[-43.8898807,-19.8250242]]]}},{"type":"Feature","properties":{"code":"2036","name":"Jardim Liberdade"},"geometry":{"type":"Polygon","coordinates":[[[-43.9841975,-19.9985845],[-43.9844114,-19.9988646],[-43.9845483,-19.9988348],[-43.9847933,-19.9993516],[-43.9849217,-19.99941],[-43.9852868,-19.9992691],[-43.9857425,-19.9995092],[-43.9861579,-19.9992691],[-43.986471,-19.9986974],[-43.9864017,-19.9978193],[-43.9862249,-19.9972406],[-43.986122,-19.9972662],[-43.9858676,-19.9971238],[-43.9862336,-19.9963254],[-43.9862997,-19.9958208],[-43.9864771,-19.9953706],[-43.9871366,-19.9949372],[-43.9873038,-19.9949098],[-43.9873988,-19.9947142],[-43.9874097,-19.9945509],[-43.9872734,-19.9942418],[-43.9874476,-19.9940234],[-43.9874364,-19.9934658],[-43.9872693,-19.9925919],[-43.9875623,-19.9923181],[-43.9877125,-19.9919757],[-43.9879299,-19.9919536],[-43.9880075,-19.9918792],[-43.987576,-19.9916974],[-43.986981,-19.9915864],[-43.9864352,-19.9911272],[-43.9862717,-19.990901],[-43.9861739,-19.990533],[-43.9862943,-19.9901139],[-43.9855458,-19.9901866],[-43.9830478,-19.9909457],[-43.9827999,-19.9925194],[-43.9825135,-19.9926096],[-43.9819058,-19.992393],[-43.981544,-19.992382],[-43.9816037,-19.9929357],[-43.9809509,-19.993053],[-43.9808571,-19.9928902],[-43.9807264,-19.9928656],[-43.980423,-19.9929809],[-43.9801458,-19.9941679],[-43.9799575,-19.9946329],[-43.9795358,-19.9953302],[-43.9791525,-19.9956602],[-43.9797045,-19.9960317],[-43.979768,-19.9959252],[-43.9798778,-19.9961292],[-43.9800783,-19.9960691],[-43.9805715,-19.9963478],[-43.9804232,-19.9964637],[-43.9814757,-19.9971964],[-43.9818413,-19.9975551],[-43.982179,-19.9981427],[-43.9822049,-19.9983891],[-43.9826019,-19.9986999],[-43.9828561,-19.9979242],[-43.9840872,-19.9986272],[-43.9841975,-19.9985845]]]}},{"type":"Feature","properties":{"code":"1246","name":"Alto Vera Cruz"},"geometry":{"type":"Polygon","coordinates":[[[-43.8910617,-19.9174513],[-43.8902043,-19.9170588],[-43.8898512,-19.9169759],[-43.8894792,-19.9170182],[-43.8885515,-19.9173992],[-43.8886068,-19.9171656],[-43.8878868,-19.9166925],[-43.8876894,-19.9166839],[-43.8877308,-19.9162752],[-43.8879251,-19.9158684],[-43.8880871,-19.9151072],[-43.88804,-19.9143105],[-43.8881413,-19.9135518],[-43.8885003,-19.9128465],[-43.8885812,-19.9120278],[-43.8884429,-19.9110698],[-43.8880367,-19.9104893],[-43.8878688,-19.9100973],[-43.8876216,-19.9086548],[-43.8873557,-19.9081537],[-43.8873623,-19.9079715],[-43.8883431,-19.9067627],[-43.8882851,-19.9064762],[-43.8879316,-19.9061301],[-43.8896136,-19.9046178],[-43.8911051,-19.9038362],[-43.8923156,-19.9034566],[-43.8928262,-19.9033897],[-43.8934591,-19.9036147],[-43.8945723,-19.9047173],[-43.8953894,-19.9050892],[-43.8932053,-19.9141845],[-43.8922553,-19.9156247],[-43.8921753,-19.9159159],[-43.8921783,-19.9164501],[-43.8919752,-19.9168472],[-43.8918967,-19.916923],[-43.8913577,-19.9170241],[-43.8910617,-19.9174513]]]}},{"type":"Feature","properties":{"code":"1245","name":"Granja de Freitas"},"geometry":{"type":"Polygon","coordinates":[[[-43.8885812,-19.9120278],[-43.8885003,-19.9128465],[-43.8882073,-19.9133377],[-43.8880683,-19.9139872],[-43.8881026,-19.9149197],[-43.8880041,-19.9156056],[-43.8877308,-19.9162752],[-43.8875852,-19.9158529],[-43.8868914,-19.9147096],[-43.8867908,-19.914558],[-43.8865628,-19.9144186],[-43.8852101,-19.9137287],[-43.8847165,-19.9135908],[-43.8833381,-19.9129159],[-43.8829052,-19.912648],[-43.8828554,-19.9124763],[-43.8825776,-19.9122744],[-43.8825041,-19.91237],[-43.8820726,-19.9122369],[-43.8816292,-19.9119934],[-43.8815748,-19.911569],[-43.881462,-19.9116374],[-43.8812806,-19.9116203],[-43.8806622,-19.9111077],[-43.8803973,-19.9110796],[-43.8795207,-19.9113721],[-43.878949,-19.9111326],[-43.8787246,-19.9103557],[-43.8789056,-19.9095769],[-43.8786367,-19.909434],[-43.8788151,-19.9092523],[-43.8788676,-19.9090045],[-43.8793211,-19.9090382],[-43.8794926,-19.9086715],[-43.8801195,-19.9084562],[-43.8801083,-19.9083189],[-43.8798882,-19.9080182],[-43.8809635,-19.9076799],[-43.8810355,-19.9076013],[-43.8810592,-19.9074847],[-43.8808511,-19.9073961],[-43.8808309,-19.907304],[-43.8808601,-19.9066292],[-43.8809967,-19.9063548],[-43.8812606,-19.9063034],[-43.8817091,-19.9064516],[-43.8819729,-19.9064219],[-43.8820514,-19.9063504],[-43.8819007,-19.9061619],[-43.881936,-19.9059094],[-43.8818536,-19.9056094],[-43.8819288,-19.9052107],[-43.8817293,-19.9051231],[-43.8820521,-19.904793],[-43.8820927,-19.9044669],[-43.8818098,-19.9037951],[-43.8816086,-19.9035193],[-43.8816781,-19.9034345],[-43.8815503,-19.9029956],[-43.8813226,-19.9027772],[-43.8814121,-19.9022886],[-43.8812278,-19.9019758],[-43.8812225,-19.9017597],[-43.8815568,-19.9013473],[-43.8834075,-19.9016296],[-43.8838371,-19.9015918],[-43.884018,-19.9014963],[-43.8844828,-19.9021124],[-43.8847742,-19.9028954],[-43.8847085,-19.904094],[-43.8849871,-19.9045295],[-43.8859471,-19.9051284],[-43.8867298,-19.9059418],[-43.8871972,-19.9060805],[-43.8877457,-19.9059641],[-43.8882851,-19.9064762],[-43.8883431,-19.9067627],[-43.8882527,-19.9069275],[-43.8874275,-19.9078352],[-43.8873557,-19.9081537],[-43.8875764,-19.908484],[-43.8877761,-19.9097553],[-43.8879493,-19.9103274],[-43.8884429,-19.9110698],[-43.8885812,-19.9120278]]]}},{"type":"Feature","properties":{"code":"811","name":"Vera Cruz"},"geometry":{"type":"Polygon","coordinates":[[[-43.8956823,-19.9161198],[-43.892366,-19.9154016],[-43.8932053,-19.9141845],[-43.8953894,-19.9050892],[-43.8972651,-19.9052974],[-43.8978943,-19.9052635],[-43.8982768,-19.905147],[-43.8986769,-19.9070168],[-43.8978931,-19.9068534],[-43.8979854,-19.9064549],[-43.8977195,-19.9064029],[-43.8977176,-19.9063237],[-43.8975558,-19.9063299],[-43.8975567,-19.9064393],[-43.8976841,-19.9064958],[-43.8976283,-19.9068022],[-43.8965954,-19.9065921],[-43.8965153,-19.9069339],[-43.896363,-19.906899],[-43.8963435,-19.9069904],[-43.8968495,-19.9070955],[-43.8968275,-19.9071836],[-43.897276,-19.9072804],[-43.8973194,-19.9067639],[-43.8983565,-19.9069706],[-43.8982672,-19.9073063],[-43.8987545,-19.9074184],[-43.8994304,-19.9109314],[-43.8998318,-19.9113337],[-43.8997677,-19.911432],[-43.8969569,-19.9108417],[-43.896689,-19.9118685],[-43.8969256,-19.912214],[-43.8965657,-19.9124301],[-43.8956823,-19.9161198]]]}},{"type":"Feature","properties":{"code":"2037","name":"Vila Horto Florestal"},"geometry":{"type":"Polygon","coordinates":[[[-43.913584,-19.8901726],[-43.9135424,-19.8898531],[-43.913897,-19.8893918],[-43.9140745,-19.8895224],[-43.9142993,-19.8898888],[-43.9144609,-19.8897853],[-43.9145046,-19.8898444],[-43.9144275,-19.8900968],[-43.9140447,-19.8900486],[-43.913584,-19.8901726]]]}},{"type":"Feature","properties":{"code":"2038","name":"Vila Trevo"},"geometry":{"type":"Polygon","coordinates":[[[-44.0095782,-19.8337339],[-44.0091956,-19.833537],[-44.0094618,-19.8330818],[-44.009259,-19.8329827],[-44.0090928,-19.8323938],[-44.0100079,-19.8321611],[-44.0104362,-19.8336044],[-44.0098252,-19.8332937],[-44.0095782,-19.8337339]]]}},{"type":"Feature","properties":{"code":"1388","name":"São Vicente"},"geometry":{"type":"Polygon","coordinates":[[[-43.9223771,-19.9180193],[-43.9221077,-19.9178329],[-43.9223975,-19.917599],[-43.922156,-19.9170726],[-43.922158,-19.9169503],[-43.9222977,-19.9169015],[-43.9222581,-19.9168126],[-43.9223262,-19.9168004],[-43.9223893,-19.9166284],[-43.9227756,-19.9165156],[-43.922794,-19.9165775],[-43.9229371,-19.9165557],[-43.9229881,-19.9164643],[-43.9231879,-19.9165762],[-43.923274,-19.9164748],[-43.923738,-19.9167639],[-43.9235522,-19.9170559],[-43.9233508,-19.9170512],[-43.9232896,-19.9172374],[-43.9230785,-19.9172358],[-43.9229047,-19.9175323],[-43.9229073,-19.9177255],[-43.9228316,-19.9176987],[-43.92262,-19.9179503],[-43.9224987,-19.9178403],[-43.9223771,-19.9180193]]]}},{"type":"Feature","properties":{"code":"744","name":"Paraíso"},"geometry":{"type":"Polygon","coordinates":[[[-43.9081716,-19.9295122],[-43.9066423,-19.9293267],[-43.9058593,-19.9293412],[-43.9055403,-19.9292088],[-43.9055385,-19.928877],[-43.9051896,-19.9288639],[-43.9050346,-19.9285134],[-43.9046253,-19.9284841],[-43.9035796,-19.9281677],[-43.9029839,-19.9281103],[-43.9024684,-19.9277284],[-43.9016707,-19.9268958],[-43.8985286,-19.9247168],[-43.8979364,-19.9241073],[-43.8979151,-19.923392],[-43.8979805,-19.9229423],[-43.8986198,-19.9220431],[-43.8990451,-19.9210165],[-43.899498,-19.9204914],[-43.8996361,-19.9208308],[-43.8999499,-19.9208679],[-43.9001729,-19.9207435],[-43.9004036,-19.9202777],[-43.9006036,-19.9202539],[-43.900688,-19.9203341],[-43.9008464,-19.920167],[-43.9007615,-19.9200824],[-43.9010942,-19.9197906],[-43.9013519,-19.9198105],[-43.9013242,-19.9201154],[-43.9014075,-19.9201176],[-43.9015286,-19.9197344],[-43.9016584,-19.9197476],[-43.9016707,-19.9196334],[-43.9014865,-19.9196049],[-43.9015006,-19.9194628],[-43.9020496,-19.9189048],[-43.9023202,-19.9188829],[-43.9023471,-19.918733],[-43.9025934,-19.9187822],[-43.9027553,-19.9184733],[-43.9031395,-19.9185378],[-43.9034016,-19.9186266],[-43.9033681,-19.9186933],[-43.9037438,-19.9187907],[-43.9038972,-19.9190379],[-43.9038042,-19.9193076],[-43.9040644,-19.9196672],[-43.9042848,-19.9194236],[-43.9044211,-19.9193965],[-43.9044761,-19.9189196],[-43.9047851,-19.9189535],[-43.9047966,-19.918855],[-43.9044633,-19.9188169],[-43.9042853,-19.9185867],[-43.9043107,-19.9187235],[-43.9041604,-19.9188485],[-43.9038771,-19.9185488],[-43.9038002,-19.918676],[-43.9036938,-19.9186158],[-43.9037601,-19.918495],[-43.9025238,-19.9182123],[-43.9024942,-19.917987],[-43.9023572,-19.9178575],[-43.9023346,-19.9176357],[-43.9035039,-19.9169795],[-43.9045926,-19.9165731],[-43.905154,-19.9159596],[-43.9052399,-19.9151786],[-43.9053066,-19.9152569],[-43.9092926,-19.9160527],[-43.910012,-19.9170084],[-43.910394,-19.9173958],[-43.9108999,-19.9177523],[-43.9106915,-19.9180645],[-43.9102934,-19.9184317],[-43.9101544,-19.9186941],[-43.9101358,-19.9191273],[-43.9097653,-19.9191832],[-43.9096791,-19.9189171],[-43.9100808,-19.9181206],[-43.9095137,-19.9183275],[-43.9091056,-19.9183765],[-43.9090154,-19.9197762],[-43.9092099,-19.9197429],[-43.9092007,-19.9198817],[-43.9095495,-19.9199266],[-43.9095907,-19.919789],[-43.9101442,-19.9194361],[-43.9101573,-19.9195479],[-43.9107613,-19.9201332],[-43.9114499,-19.9217086],[-43.9113066,-19.9231106],[-43.9111082,-19.9235524],[-43.9107849,-19.9238006],[-43.9104593,-19.9239237],[-43.9090487,-19.9240461],[-43.9080861,-19.9247397],[-43.9079064,-19.9249849],[-43.9078365,-19.9252408],[-43.9079414,-19.9256465],[-43.9089125,-19.9265608],[-43.9090767,-19.9270495],[-43.9089251,-19.9280552],[-43.9084323,-19.9287677],[-43.9081716,-19.9295122]],[[-43.9076233,-19.920114],[-43.9078336,-19.9197687],[-43.9079839,-19.9197485],[-43.9079844,-19.9196695],[-43.9078164,-19.9196509],[-43.9078528,-19.9194186],[-43.9075721,-19.919327],[-43.9075963,-19.9192732],[-43.9070611,-19.9191941],[-43.906958,-19.9200917],[-43.9076233,-19.920114]]]}},{"type":"Feature","properties":{"code":"664","name":"Engenho Nogueira"},"geometry":{"type":"Polygon","coordinates":[[[-43.9818869,-19.8993541],[-43.9792412,-19.8945469],[-43.9788171,-19.8939267],[-43.9783097,-19.8933565],[-43.9772252,-19.892525],[-43.9745329,-19.8911411],[-43.9733927,-19.8903763],[-43.9691421,-19.8870978],[-43.9705511,-19.8856285],[-43.9710995,-19.885213],[-43.9741408,-19.8841116],[-43.9744912,-19.8838793],[-43.9749511,-19.8833906],[-43.9753219,-19.8825875],[-43.9761402,-19.8793122],[-43.9769036,-19.8757866],[-43.9783121,-19.8760056],[-43.9783361,-19.8752316],[-43.980136,-19.8754964],[-43.981395,-19.8771954],[-43.9815479,-19.8775036],[-43.9816603,-19.878908],[-43.982035,-19.880229],[-43.9823184,-19.881814],[-43.9827245,-19.882608],[-43.9827559,-19.8844073],[-43.9820883,-19.8848663],[-43.9817648,-19.8850074],[-43.9820264,-19.8852141],[-43.9820869,-19.8854143],[-43.9821445,-19.8873879],[-43.9814521,-19.8871939],[-43.9815643,-19.888002],[-43.9833151,-19.8883291],[-43.9837091,-19.8884667],[-43.9839265,-19.888757],[-43.9840823,-19.8887419],[-43.9842338,-19.8888844],[-43.9841955,-19.8890924],[-43.9840134,-19.8892863],[-43.9840619,-19.8892974],[-43.9838857,-19.8896685],[-43.9840925,-19.889944],[-43.9837965,-19.8900672],[-43.9839655,-19.8904769],[-43.9838467,-19.8905775],[-43.983978,-19.8906681],[-43.9841298,-19.8905482],[-43.9840093,-19.8904468],[-43.9844456,-19.8901749],[-43.9847543,-19.8897863],[-43.9848553,-19.8899517],[-43.9849816,-19.8899082],[-43.9849219,-19.8897935],[-43.9856812,-19.8896064],[-43.9858159,-19.8897068],[-43.9861949,-19.8905828],[-43.9849953,-19.8910923],[-43.984756,-19.8912489],[-43.9845519,-19.8915202],[-43.9837549,-19.8935799],[-43.9837576,-19.8943922],[-43.9833386,-19.8945708],[-43.9834799,-19.8958519],[-43.9838746,-19.8958321],[-43.9842515,-19.8963685],[-43.9851518,-19.8970034],[-43.9849837,-19.8971702],[-43.9850334,-19.8972622],[-43.9846801,-19.8973771],[-43.9841422,-19.8980188],[-43.9841565,-19.8983717],[-43.9839475,-19.8983702],[-43.9839383,-19.8986478],[-43.9835886,-19.8987102],[-43.9833453,-19.8988633],[-43.9818869,-19.8993541]]]}},{"type":"Feature","properties":{"code":"1309","name":"Conjunto Floramar"},"geometry":{"type":"Polygon","coordinates":[[[-43.9317878,-19.8308362],[-43.9315491,-19.8307752],[-43.9304433,-19.8296449],[-43.931116,-19.8289045],[-43.9322409,-19.8289626],[-43.9317878,-19.8308362]]]}},{"type":"Feature","properties":{"code":"1368","name":"Novo Tupi"},"geometry":{"type":"Polygon","coordinates":[[[-43.9136133,-19.8432515],[-43.9123692,-19.8426808],[-43.9118429,-19.8421945],[-43.9089539,-19.838167],[-43.9078685,-19.8371055],[-43.9074772,-19.8365649],[-43.9071609,-19.8351411],[-43.9066587,-19.8351469],[-43.9063716,-19.83436],[-43.9057646,-19.8339106],[-43.9052029,-19.8336843],[-43.9041018,-19.8333872],[-43.9030754,-19.8322649],[-43.902839,-19.8319417],[-43.9026271,-19.8313579],[-43.9022307,-19.831005],[-43.9021183,-19.8308155],[-43.9021109,-19.8306388],[-43.9025408,-19.8298172],[-43.9028486,-19.8298963],[-43.9034163,-19.8298394],[-43.9034523,-19.8301499],[-43.9040426,-19.8298305],[-43.9046992,-19.8292048],[-43.904834,-19.8293143],[-43.9050921,-19.8292745],[-43.9052069,-19.829147],[-43.905876,-19.8296135],[-43.9060883,-19.8302282],[-43.9061527,-19.8307015],[-43.9062641,-19.8307159],[-43.9063394,-19.8309999],[-43.90603,-19.8315339],[-43.9061539,-19.831589],[-43.9057588,-19.8321906],[-43.9051162,-19.8326277],[-43.9056206,-19.8331748],[-43.9064638,-19.8338841],[-43.9068437,-19.8343317],[-43.9071144,-19.8349663],[-43.9074439,-19.8353037],[-43.9078585,-19.8354814],[-43.9087041,-19.8355862],[-43.9091638,-19.8357925],[-43.9095973,-19.8371304],[-43.9096175,-19.8376144],[-43.9111394,-19.8378633],[-43.9114901,-19.8380203],[-43.9117157,-19.838716],[-43.9121611,-19.8392237],[-43.9121412,-19.8399626],[-43.9130349,-19.8413639],[-43.9136133,-19.8432515]]]}},{"type":"Feature","properties":{"code":"1373","name":"São Francisco das Chagas"},"geometry":{"type":"Polygon","coordinates":[[[-43.9616807,-19.9156794],[-43.9613252,-19.9159006],[-43.9611752,-19.9156801],[-43.9615143,-19.9154709],[-43.961343,-19.9151746],[-43.961686,-19.9149508],[-43.9615808,-19.9147993],[-43.9618458,-19.9146331],[-43.9615819,-19.9141758],[-43.9614961,-19.914229],[-43.9614383,-19.9141441],[-43.9614081,-19.9140676],[-43.9614839,-19.914015],[-43.9612081,-19.9135489],[-43.9608703,-19.913763],[-43.9607275,-19.9135533],[-43.9610914,-19.9133218],[-43.9610118,-19.9132122],[-43.960647,-19.9134328],[-43.9603944,-19.9130572],[-43.9607853,-19.9128172],[-43.9607153,-19.912674],[-43.9609234,-19.9125947],[-43.9614027,-19.9127243],[-43.9616676,-19.9132224],[-43.961608,-19.9132494],[-43.9617711,-19.9135356],[-43.9618316,-19.9138217],[-43.9619025,-19.9138072],[-43.9622276,-19.9145428],[-43.9629268,-19.9144064],[-43.9632818,-19.9143974],[-43.9633267,-19.914498],[-43.9629317,-19.914434],[-43.9622626,-19.9146044],[-43.9625508,-19.9152977],[-43.9622543,-19.9154061],[-43.9617337,-19.9157548],[-43.9616807,-19.9156794]]]}},{"type":"Feature","properties":{"code":"1401","name":"Vila Aeroporto"},"geometry":{"type":"Polygon","coordinates":[[[-43.9440824,-19.848777],[-43.9440036,-19.8487131],[-43.9436852,-19.8487247],[-43.9438609,-19.8482755],[-43.9442182,-19.8483929],[-43.9442364,-19.8484633],[-43.9444276,-19.8484288],[-43.9446275,-19.8478861],[-43.9453622,-19.8471822],[-43.9457197,-19.8475584],[-43.9462831,-19.8469879],[-43.9466194,-19.8468087],[-43.9476518,-19.8465117],[-43.9493097,-19.8465581],[-43.9505479,-19.8472819],[-43.9440824,-19.848777]]]}},{"type":"Feature","properties":{"code":"783","name":"São Gabriel"},"geometry":{"type":"Polygon","coordinates":[[[-43.9273911,-19.8647126],[-43.9272829,-19.8648194],[-43.9254515,-19.8639187],[-43.9223382,-19.8620587],[-43.920642,-19.861249],[-43.9212993,-19.8613815],[-43.920557,-19.860907],[-43.920523,-19.860821],[-43.92102,-19.859825],[-43.921137,-19.8598796],[-43.9212934,-19.8595157],[-43.9208705,-19.8596844],[-43.9205315,-19.8603058],[-43.9202155,-19.8601523],[-43.9197826,-19.8608453],[-43.9161688,-19.859231],[-43.9142838,-19.8586886],[-43.9103508,-19.8583024],[-43.9105056,-19.8581678],[-43.911072,-19.8579532],[-43.9103264,-19.856807],[-43.9102156,-19.8567956],[-43.9101933,-19.8567255],[-43.9103041,-19.8566729],[-43.910146,-19.8559612],[-43.909793,-19.855979],[-43.9085718,-19.8552678],[-43.9071303,-19.8538708],[-43.9056967,-19.8539729],[-43.9058463,-19.8512985],[-43.9058317,-19.8511742],[-43.9056249,-19.8509392],[-43.9079232,-19.8500206],[-43.9090044,-19.8495106],[-43.9094539,-19.8491639],[-43.9097344,-19.8488156],[-43.9098801,-19.8488424],[-43.9101168,-19.8487174],[-43.9107218,-19.8479408],[-43.9117112,-19.8469718],[-43.9121968,-19.8467513],[-43.9130573,-19.8465351],[-43.9139223,-19.8466318],[-43.9143622,-19.8467774],[-43.9146717,-19.8463983],[-43.9181631,-19.8485396],[-43.9189763,-19.8491117],[-43.9196531,-19.8499649],[-43.9218726,-19.8537994],[-43.9225025,-19.8550191],[-43.9236687,-19.8578046],[-43.9241243,-19.859007],[-43.9243287,-19.8601999],[-43.9244657,-19.860503],[-43.9245846,-19.8605083],[-43.9248815,-19.8608334],[-43.9262888,-19.8617421],[-43.9266088,-19.8620967],[-43.927443,-19.8633821],[-43.9278718,-19.8636193],[-43.9279771,-19.8633305],[-43.9283281,-19.8632487],[-43.9286129,-19.863377],[-43.9289063,-19.8636868],[-43.9289936,-19.8639741],[-43.9289432,-19.8642704],[-43.9286409,-19.8646352],[-43.92818,-19.8647575],[-43.9276466,-19.8646472],[-43.9273911,-19.8647126]],[[-43.9210966,-19.8568689],[-43.9211082,-19.8567298],[-43.9211821,-19.8566998],[-43.9209537,-19.8563153],[-43.9212962,-19.8561629],[-43.9208929,-19.8553973],[-43.9206971,-19.855499],[-43.920469,-19.8550612],[-43.9206219,-19.8549372],[-43.9193783,-19.8525931],[-43.9187489,-19.8516588],[-43.9182793,-19.8519423],[-43.9209538,-19.8566833],[-43.9208977,-19.8568008],[-43.9210966,-19.8568689]]]}},{"type":"Feature","properties":{"code":"725","name":"Minaslândia"},"geometry":{"type":"Polygon","coordinates":[[[-43.9299206,-19.85857],[-43.9294144,-19.8566517],[-43.9286734,-19.8554825],[-43.9285608,-19.8551088],[-43.9285247,-19.8545711],[-43.9279211,-19.8547749],[-43.9273831,-19.8534469],[-43.9271396,-19.8525879],[-43.9270419,-19.8518531],[-43.9264347,-19.8508158],[-43.9276368,-19.8502382],[-43.9276109,-19.8504093],[-43.9277722,-19.850744],[-43.9290719,-19.8508422],[-43.9282873,-19.8487692],[-43.9272611,-19.8485212],[-43.9272035,-19.8482785],[-43.9274753,-19.847858],[-43.9275852,-19.8475089],[-43.9286797,-19.8477982],[-43.9293109,-19.845445],[-43.9298949,-19.8460677],[-43.9305153,-19.8464413],[-43.9326695,-19.8463113],[-43.9326325,-19.8474264],[-43.9329681,-19.8491314],[-43.9332843,-19.8498608],[-43.934648,-19.852349],[-43.9350841,-19.8534815],[-43.9352383,-19.8547202],[-43.9351258,-19.8559982],[-43.9347038,-19.8574314],[-43.9324004,-19.8575141],[-43.9299206,-19.85857]]]}},{"type":"Feature","properties":{"code":"2029","name":"Vila Nova Cintra"},"geometry":{"type":"Polygon","coordinates":[[[-43.9879937,-19.9475213],[-43.9880304,-19.9464165],[-43.9881378,-19.9464567],[-43.9881437,-19.9467998],[-43.9887044,-19.9464364],[-43.9887967,-19.9465683],[-43.9886642,-19.9466204],[-43.9888149,-19.9468014],[-43.9886925,-19.9468976],[-43.9887421,-19.9470643],[-43.9879937,-19.9475213]]]}},{"type":"Feature","properties":{"code":"2030","name":"Jardim Getsemani"},"geometry":{"type":"Polygon","coordinates":[[[-43.8788256,-19.8509826],[-43.877643,-19.8513993],[-43.8769749,-19.8521876],[-43.8768276,-19.8522296],[-43.8760215,-19.8504147],[-43.8726865,-19.8494216],[-43.8713567,-19.8494233],[-43.8716465,-19.8488814],[-43.8716532,-19.8484418],[-43.8713431,-19.8483181],[-43.8711254,-19.848063],[-43.871073,-19.8481261],[-43.870867,-19.8478563],[-43.8715407,-19.846969],[-43.8717183,-19.846975],[-43.8717633,-19.8469158],[-43.8717247,-19.8464808],[-43.8720366,-19.8463524],[-43.8733866,-19.8461485],[-43.8742279,-19.8462395],[-43.8742267,-19.8464053],[-43.8743169,-19.8463522],[-43.8766994,-19.8466225],[-43.8770273,-19.8467306],[-43.8784026,-19.8478511],[-43.8791466,-19.8483504],[-43.8797083,-19.8485413],[-43.8802885,-19.8490271],[-43.8805925,-19.8490072],[-43.8807829,-19.8490918],[-43.8809162,-19.8493824],[-43.8805653,-19.849768],[-43.8788256,-19.8509826]]]}},{"type":"Feature","properties":{"code":"600","name":"Aarão Reis"},"geometry":{"type":"Polygon","coordinates":[[[-43.9202513,-19.850319],[-43.9199551,-19.8504811],[-43.9196531,-19.8499649],[-43.9189763,-19.8491117],[-43.9181631,-19.8485396],[-43.9157651,-19.8470803],[-43.9160459,-19.8467001],[-43.9171982,-19.8475273],[-43.9173047,-19.8473317],[-43.9174951,-19.8472694],[-43.9179562,-19.8461765],[-43.9186407,-19.846147],[-43.9188288,-19.8465634],[-43.9190522,-19.84679],[-43.9233455,-19.8443735],[-43.9239978,-19.844168],[-43.9243419,-19.8441317],[-43.928316,-19.8444821],[-43.9293109,-19.845445],[-43.9286797,-19.8477982],[-43.9275852,-19.8475089],[-43.9266084,-19.8469809],[-43.9245065,-19.8462783],[-43.9241447,-19.846313],[-43.9231646,-19.8466356],[-43.9224265,-19.8467147],[-43.9219717,-19.8469186],[-43.9213092,-19.8473864],[-43.920723,-19.8480224],[-43.9210289,-19.8486374],[-43.9212613,-19.8493943],[-43.9202574,-19.849454],[-43.9202513,-19.850319]]]}},{"type":"Feature","properties":{"code":"1043","name":"Ipê"},"geometry":{"type":"Polygon","coordinates":[[[-43.90421,-19.875583],[-43.9040376,-19.875237],[-43.9039944,-19.8748534],[-43.9034477,-19.8728084],[-43.9033261,-19.8718192],[-43.903405,-19.8706668],[-43.903853,-19.8687313],[-43.9040741,-19.8665587],[-43.904616,-19.8637266],[-43.9055761,-19.8641503],[-43.9054783,-19.8644005],[-43.9057121,-19.8646264],[-43.9059489,-19.8654261],[-43.9067037,-19.8649034],[-43.9062306,-19.8661288],[-43.9076306,-19.8662301],[-43.9078033,-19.8663768],[-43.9098266,-19.8665685],[-43.9097204,-19.8668049],[-43.9094351,-19.8671261],[-43.9092192,-19.8671925],[-43.9083916,-19.8679457],[-43.9075482,-19.8685673],[-43.9071081,-19.8709484],[-43.9072213,-19.8715272],[-43.908029,-19.8738928],[-43.908082,-19.8743308],[-43.907961,-19.8747972],[-43.9073636,-19.8754444],[-43.906897,-19.8755525],[-43.9049292,-19.8754144],[-43.9044769,-19.8754587],[-43.90421,-19.875583]]]}},{"type":"Feature","properties":{"code":"749","name":"Pirajá"},"geometry":{"type":"Polygon","coordinates":[[[-43.9191264,-19.8693968],[-43.9190274,-19.8689476],[-43.9182205,-19.8691568],[-43.91796,-19.8690979],[-43.917453,-19.8687903],[-43.9168996,-19.8693729],[-43.9164023,-19.868793],[-43.9170111,-19.8681111],[-43.9169031,-19.8674009],[-43.9149487,-19.8669781],[-43.9150256,-19.8661802],[-43.914053,-19.8632816],[-43.9139817,-19.8628599],[-43.916024,-19.864253],[-43.9203369,-19.8645676],[-43.9206302,-19.8652785],[-43.9193771,-19.8677636],[-43.9195944,-19.8691953],[-43.9191264,-19.8693968]]]}},{"type":"Feature","properties":{"code":"743","name":"Paquetá"},"geometry":{"type":"Polygon","coordinates":[[[-43.9905418,-19.8934633],[-43.9895372,-19.8933307],[-43.9901005,-19.8921272],[-43.9896714,-19.8920968],[-43.989754,-19.891806],[-43.9895979,-19.8917419],[-43.9894976,-19.891585],[-43.9894482,-19.8912894],[-43.9891525,-19.8912204],[-43.9886826,-19.8912959],[-43.9885239,-19.8908516],[-43.9882872,-19.8909105],[-43.9879812,-19.890393],[-43.9876977,-19.8902096],[-43.9868815,-19.8902597],[-43.9868794,-19.8880927],[-43.9871055,-19.8871453],[-43.9870937,-19.8868443],[-43.9869084,-19.8863132],[-43.9870061,-19.8860539],[-43.9877991,-19.8849508],[-43.988113,-19.8824168],[-43.9880082,-19.8821891],[-43.9879307,-19.8821645],[-43.988062,-19.8814215],[-43.9888152,-19.8810064],[-43.9903237,-19.8773181],[-43.9901478,-19.8767732],[-43.9905699,-19.876665],[-43.9916772,-19.876636],[-43.9913051,-19.8760035],[-43.9907746,-19.8753857],[-43.9917311,-19.8749612],[-43.9904391,-19.8711902],[-43.9916538,-19.8707223],[-43.9903456,-19.8676285],[-43.9916394,-19.8673184],[-43.9914122,-19.8667155],[-43.9926262,-19.8664389],[-43.9927223,-19.8666015],[-43.9932814,-19.8665758],[-43.9935859,-19.8673692],[-43.9937015,-19.8673256],[-43.9933828,-19.8665625],[-43.994469,-19.8664174],[-43.9945754,-19.8663663],[-43.994619,-19.866228],[-43.9950458,-19.8664375],[-43.9955951,-19.8655526],[-43.9960335,-19.8657808],[-43.9961102,-19.8661024],[-43.996046,-19.8666645],[-43.9958593,-19.8670958],[-43.9959278,-19.867323],[-43.9971929,-19.8684748],[-43.9991979,-19.869354],[-43.9991194,-19.8709559],[-43.9985262,-19.8718684],[-43.9967142,-19.8725339],[-43.9953038,-19.8715835],[-43.9948805,-19.8718252],[-43.9944775,-19.8722532],[-43.9933637,-19.8738306],[-43.992657,-19.8749364],[-43.9923849,-19.8755947],[-43.992309,-19.8767949],[-43.9925493,-19.8780702],[-43.9925663,-19.8792071],[-43.9927159,-19.880476],[-43.9938763,-19.8860567],[-43.9939558,-19.8866188],[-43.9939325,-19.8872647],[-43.9932544,-19.8897166],[-43.9932264,-19.8928356],[-43.9922438,-19.8923443],[-43.9909081,-19.8918227],[-43.9907712,-19.892188],[-43.9905418,-19.8934633]]]}},{"type":"Feature","properties":{"code":"1311","name":"Conjunto Lagoa"},"geometry":{"type":"Polygon","coordinates":[[[-43.9991979,-19.869354],[-43.9971929,-19.8684748],[-43.9959278,-19.867323],[-43.9983662,-19.8659444],[-43.9989347,-19.8668548],[-43.9992019,-19.867547],[-43.9991979,-19.869354]]]}},{"type":"Feature","properties":{"code":"647","name":"Concórdia"},"geometry":{"type":"Polygon","coordinates":[[[-43.9363087,-19.9050606],[-43.9325432,-19.9037997],[-43.9339322,-19.8998913],[-43.9340656,-19.8986932],[-43.9348013,-19.8973926],[-43.9353036,-19.896226],[-43.9360852,-19.8955282],[-43.9362691,-19.8952671],[-43.9363269,-19.8950336],[-43.9363169,-19.8938293],[-43.9384782,-19.8947629],[-43.9382801,-19.8957552],[-43.9387925,-19.8960512],[-43.9391299,-19.8960151],[-43.9393599,-19.8962354],[-43.9392214,-19.8964077],[-43.9397169,-19.8967267],[-43.9397934,-19.8965047],[-43.9397577,-19.8959492],[-43.9427957,-19.895651],[-43.9431223,-19.8954477],[-43.9436158,-19.898068],[-43.9444893,-19.8982932],[-43.9446305,-19.898564],[-43.9444713,-19.8989341],[-43.9421003,-19.9023308],[-43.9405552,-19.9044141],[-43.9363087,-19.9050606]],[[-43.9409922,-19.8998627],[-43.9429301,-19.8978241],[-43.941347,-19.8972459],[-43.9414688,-19.896917],[-43.9412598,-19.8970157],[-43.9410724,-19.8967425],[-43.9408474,-19.896883],[-43.9401585,-19.8976231],[-43.9403439,-19.8975734],[-43.9406787,-19.8977028],[-43.9407092,-19.8978731],[-43.9409934,-19.8982564],[-43.9402993,-19.8986011],[-43.9409922,-19.8998627]]]}},{"type":"Feature","properties":{"code":"633","name":"Campus UFMG"},"geometry":{"type":"Polygon","coordinates":[[[-43.9691421,-19.8870978],[-43.9666164,-19.8851337],[-43.9652672,-19.8842662],[-43.9655504,-19.8840203],[-43.9654923,-19.8838924],[-43.9650698,-19.8834115],[-43.9643783,-19.883028],[-43.9643113,-19.882883],[-43.9644128,-19.8816466],[-43.9642192,-19.8814889],[-43.96418,-19.8799395],[-43.9640491,-19.8798732],[-43.9643714,-19.8795863],[-43.9647156,-19.8790824],[-43.9648807,-19.8785031],[-43.9647014,-19.877533],[-43.9643781,-19.8768885],[-43.9641371,-19.8766347],[-43.9638509,-19.8765081],[-43.962411,-19.8775949],[-43.9577902,-19.8727608],[-43.9579007,-19.8726634],[-43.9576995,-19.8723942],[-43.9586637,-19.8715871],[-43.9582165,-19.87116],[-43.9578862,-19.8706422],[-43.9561361,-19.871699],[-43.9557475,-19.871734],[-43.9548044,-19.8716273],[-43.9594498,-19.8593233],[-43.9704061,-19.8629661],[-43.9683234,-19.8686509],[-43.9684477,-19.8687574],[-43.9757174,-19.8701209],[-43.9762209,-19.8703477],[-43.9763321,-19.8706079],[-43.9768502,-19.8731053],[-43.9769449,-19.8755475],[-43.9761402,-19.8793122],[-43.9753219,-19.8825875],[-43.9751407,-19.8830732],[-43.9747138,-19.8836577],[-43.9741408,-19.8841116],[-43.9710995,-19.885213],[-43.9705511,-19.8856285],[-43.9691421,-19.8870978]]]}},{"type":"Feature","properties":{"code":"640","name":"São José"},"geometry":{"type":"Polygon","coordinates":[[[-43.9713384,-19.8632954],[-43.9594498,-19.8593233],[-43.9601947,-19.8572381],[-43.9714077,-19.8609936],[-43.9713384,-19.8632954]]]}},{"type":"Feature","properties":{"code":"1481","name":"Vitória"},"geometry":{"type":"Polygon","coordinates":[[[-43.8914285,-19.8653953],[-43.8903348,-19.8646548],[-43.8901509,-19.8642949],[-43.8900615,-19.8636457],[-43.8899009,-19.8634653],[-43.8894223,-19.8634087],[-43.8889099,-19.8632415],[-43.8886885,-19.8633743],[-43.8875531,-19.8634032],[-43.8862771,-19.8635775],[-43.8858311,-19.8637073],[-43.8846722,-19.8623649],[-43.8842175,-19.8622024],[-43.8838956,-19.8619668],[-43.8828891,-19.8618685],[-43.8821675,-19.8620642],[-43.8819369,-19.8619502],[-43.8819527,-19.8614331],[-43.8816544,-19.8607015],[-43.8814841,-19.8604727],[-43.8809389,-19.8601171],[-43.8806813,-19.8596387],[-43.8810711,-19.8587992],[-43.883735,-19.8599363],[-43.8839739,-19.8601885],[-43.8853517,-19.8607249],[-43.886326,-19.8610136],[-43.8880978,-19.8613051],[-43.8883508,-19.8613939],[-43.8887228,-19.8617056],[-43.8891123,-19.861187],[-43.8893829,-19.8611044],[-43.8905454,-19.8616593],[-43.8910828,-19.8608102],[-43.8914335,-19.8593803],[-43.891774,-19.8591801],[-43.8922979,-19.8592624],[-43.8927698,-19.8591405],[-43.8929666,-19.8588229],[-43.8938029,-19.8624048],[-43.8932298,-19.8632268],[-43.8917177,-19.8649057],[-43.8914285,-19.8653953]]]}},{"type":"Feature","properties":{"code":"1329","name":"Guanabara"},"geometry":{"type":"Polygon","coordinates":[[[-43.898135,-19.8617293],[-43.8981191,-19.8612754],[-43.8982735,-19.8611219],[-43.8985286,-19.8616687],[-43.898135,-19.8617293]]]}},{"type":"Feature","properties":{"code":"687","name":"Guarani"},"geometry":{"type":"Polygon","coordinates":[[[-43.9171982,-19.8475273],[-43.9148832,-19.8457503],[-43.9139387,-19.8445878],[-43.9145496,-19.8435872],[-43.9171779,-19.844476],[-43.9180363,-19.8439595],[-43.9190174,-19.8428225],[-43.9210196,-19.841709],[-43.921811,-19.8414105],[-43.9247487,-19.8405295],[-43.9267994,-19.8406544],[-43.927464,-19.8407839],[-43.9333963,-19.843843],[-43.9328528,-19.8452573],[-43.9326695,-19.8463113],[-43.9305153,-19.8464413],[-43.9298949,-19.8460677],[-43.928316,-19.8444821],[-43.9243419,-19.8441317],[-43.9239978,-19.844168],[-43.9233455,-19.8443735],[-43.9190522,-19.84679],[-43.9188288,-19.8465634],[-43.9186407,-19.846147],[-43.9179562,-19.8461765],[-43.9174951,-19.8472694],[-43.9173047,-19.8473317],[-43.9171982,-19.8475273]]]}},{"type":"Feature","properties":{"code":"1413","name":"Vila Copacabana"},"geometry":{"type":"MultiPolygon","coordinates":[[[[-43.9864476,-19.8392787],[-43.9858523,-19.8386918],[-43.98583,-19.8388791],[-43.9854789,-19.8388488],[-43.9853894,-19.8385656],[-43.9851833,-19.8385384],[-43.9852667,-19.8381203],[-43.9855925,-19.8379115],[-43.9856315,-19.8376026],[-43.9853037,-19.8375674],[-43.985318,-19.8374571],[-43.9863198,-19.8375522],[-43.9862035,-19.8385422],[-43.9865315,-19.83856],[-43.9864476,-19.8392787]]],[[[-43.9854373,-19.8367713],[-43.9847172,-19.8367095],[-43.9847285,-19.8365215],[-43.9852048,-19.8365245],[-43.9852622,-19.8364322],[-43.985118,-19.8352168],[-43.984876,-19.8351986],[-43.9848982,-19.8349952],[-43.9856297,-19.8350503],[-43.9854373,-19.8367713]]]]}},{"type":"Feature","properties":{"code":"1241","name":"Beija Flor"},"geometry":{"type":"Polygon","coordinates":[[[-43.8678594,-19.8407106],[-43.866879,-19.8394486],[-43.8664031,-19.8391784],[-43.8650454,-19.8391633],[-43.8630654,-19.8383847],[-43.8627715,-19.8382269],[-43.8623407,-19.8378441],[-43.8622478,-19.8376619],[-43.8622729,-19.8374242],[-43.8641972,-19.8353929],[-43.8644703,-19.8349808],[-43.8648866,-19.8337805],[-43.8657153,-19.8321155],[-43.8656058,-19.8317336],[-43.8651608,-19.8312044],[-43.8655899,-19.8307936],[-43.8661784,-19.8313614],[-43.8669303,-19.832646],[-43.8671701,-19.8325312],[-43.8672551,-19.8327317],[-43.8680504,-19.8327424],[-43.8683376,-19.8326578],[-43.8682508,-19.8323102],[-43.8683787,-19.831603],[-43.868813,-19.8315629],[-43.8698125,-19.8310442],[-43.8698083,-19.8308507],[-43.8705172,-19.8299862],[-43.8730864,-19.8316882],[-43.8732536,-19.8318945],[-43.8734903,-19.8326376],[-43.8738063,-19.8329534],[-43.8739,-19.8331519],[-43.8738691,-19.8337981],[-43.8747552,-19.8342769],[-43.8726332,-19.8363624],[-43.8712099,-19.8386455],[-43.8715412,-19.8390066],[-43.8717088,-19.8396353],[-43.8720277,-19.8400421],[-43.8725372,-19.8403012],[-43.872968,-19.8403885],[-43.8737384,-19.8410618],[-43.8680173,-19.841582],[-43.8680058,-19.8412122],[-43.8678594,-19.8407106]]]}},{"type":"Feature","properties":{"code":"831","name":"Jardim Vitória"},"geometry":{"type":"Polygon","coordinates":[[[-43.892198,-19.8561373],[-43.8923306,-19.8565553],[-43.8915407,-19.8565753],[-43.891245,-19.8561955],[-43.889911,-19.8552621],[-43.8886225,-19.855734],[-43.8890819,-19.8561994],[-43.887212,-19.8567389],[-43.8874882,-19.8575402],[-43.8864221,-19.8574173],[-43.8862421,-19.8574652],[-43.8857514,-19.8572822],[-43.8850994,-19.8572354],[-43.8848824,-19.8577865],[-43.8831169,-19.8575378],[-43.8825526,-19.8573071],[-43.8816984,-19.8590622],[-43.8810711,-19.8587992],[-43.8806813,-19.8596387],[-43.8809389,-19.8601171],[-43.8814841,-19.8604727],[-43.8817617,-19.8609044],[-43.8819891,-19.8616953],[-43.8819369,-19.8619502],[-43.8818392,-19.8620021],[-43.8818537,-19.8621523],[-43.8817267,-19.862222],[-43.8811955,-19.8628884],[-43.8806599,-19.8632074],[-43.8803163,-19.8635411],[-43.8802866,-19.8639379],[-43.8800743,-19.864383],[-43.8802189,-19.8648411],[-43.8801644,-19.8654222],[-43.8802577,-19.8656918],[-43.8795549,-19.8661588],[-43.8792861,-19.8665444],[-43.8786587,-19.866758],[-43.8782575,-19.8678209],[-43.877643,-19.8685524],[-43.8774368,-19.8684705],[-43.8773767,-19.8682844],[-43.8770435,-19.8679349],[-43.8764186,-19.8674447],[-43.8759738,-19.8672411],[-43.8755582,-19.8668963],[-43.8751588,-19.8669],[-43.8747335,-19.8666527],[-43.8746681,-19.8662574],[-43.874426,-19.8659378],[-43.8744764,-19.8655915],[-43.8743053,-19.8653809],[-43.8739783,-19.8652927],[-43.8736934,-19.8648358],[-43.8734071,-19.8647833],[-43.8728114,-19.8643576],[-43.8725424,-19.8640345],[-43.8718201,-19.8636929],[-43.8715051,-19.8632251],[-43.8712711,-19.8630326],[-43.8709528,-19.8629947],[-43.8702822,-19.8625892],[-43.8703593,-19.8622609],[-43.8702515,-19.8620826],[-43.8700225,-19.8618857],[-43.8694509,-19.8617329],[-43.8692563,-19.8615947],[-43.8690333,-19.8613519],[-43.8689343,-19.8610234],[-43.8687882,-19.8608589],[-43.8676422,-19.8599992],[-43.8675284,-19.859712],[-43.8673672,-19.8596773],[-43.8670351,-19.8594018],[-43.8670213,-19.8593385],[-43.8670962,-19.859313],[-43.867044,-19.8592127],[-43.866599,-19.8588091],[-43.8667226,-19.8584697],[-43.8670488,-19.8583925],[-43.8669715,-19.8582382],[-43.8667794,-19.8581768],[-43.8666735,-19.857984],[-43.8666402,-19.8578129],[-43.8668294,-19.8576284],[-43.8666883,-19.8574358],[-43.8663062,-19.8573285],[-43.8657725,-19.8575739],[-43.8652294,-19.8574963],[-43.8631295,-19.8558722],[-43.8627514,-19.8557821],[-43.8623546,-19.8558012],[-43.8620138,-19.8559281],[-43.8608375,-19.8570765],[-43.8604831,-19.857288],[-43.8599534,-19.8574204],[-43.8595843,-19.8572733],[-43.859088,-19.8568477],[-43.8588044,-19.8567141],[-43.8584552,-19.8566888],[-43.8579698,-19.8568442],[-43.8572182,-19.8563471],[-43.8579955,-19.8552987],[-43.8588851,-19.8545922],[-43.8604862,-19.8535336],[-43.8611266,-19.8527656],[-43.861725,-19.8521973],[-43.8620981,-19.8519752],[-43.8628407,-19.8517935],[-43.8634803,-19.8514338],[-43.8642534,-19.8509106],[-43.8647481,-19.8504503],[-43.8649073,-19.8502291],[-43.8651031,-19.8495708],[-43.865953,-19.8479815],[-43.8661266,-19.8473284],[-43.8668769,-19.8464017],[-43.8674632,-19.8453123],[-43.8680214,-19.8427121],[-43.8680173,-19.841582],[-43.8737384,-19.8410618],[-43.8745187,-19.8408562],[-43.8814023,-19.8379902],[-43.881975,-19.8378819],[-43.8827575,-19.8379336],[-43.8845376,-19.8383714],[-43.8848738,-19.8386489],[-43.885152,-19.8390723],[-43.885319,-19.8397145],[-43.8854489,-19.8418751],[-43.8856927,-19.8429434],[-43.8872041,-19.8460387],[-43.8877476,-19.8475502],[-43.8881455,-19.8513006],[-43.8885009,-19.8520481],[-43.8889321,-19.8525709],[-43.8909235,-19.8543374],[-43.8914921,-19.8549404],[-43.8917234,-19.8552337],[-43.892198,-19.8561373]],[[-43.8809162,-19.8493824],[-43.8807829,-19.8490918],[-43.8805925,-19.8490072],[-43.8802885,-19.8490271],[-43.8797083,-19.8485413],[-43.8791466,-19.8483504],[-43.8787145,-19.8480882],[-43.8770273,-19.8467306],[-43.8766994,-19.8466225],[-43.8743169,-19.8463522],[-43.8742267,-19.8464053],[-43.8742279,-19.8462395],[-43.8733866,-19.8461485],[-43.8720366,-19.8463524],[-43.8717247,-19.8464808],[-43.8717633,-19.8469158],[-43.8717183,-19.846975],[-43.8715407,-19.846969],[-43.870867,-19.8478563],[-43.871073,-19.8481261],[-43.8711254,-19.848063],[-43.8713431,-19.8483181],[-43.8716532,-19.8484418],[-43.8716465,-19.8488814],[-43.8713567,-19.8494233],[-43.8726865,-19.8494216],[-43.8760215,-19.8504147],[-43.8768276,-19.8522296],[-43.8769749,-19.8521876],[-43.877643,-19.8513993],[-43.8788256,-19.8509826],[-43.8803429,-19.8499393],[-43.8809162,-19.8493824]],[[-43.8848396,-19.8437396],[-43.8847636,-19.8434135],[-43.8848279,-19.8433195],[-43.8846086,-19.8427063],[-43.8846187,-19.8421869],[-43.8838172,-19.8424913],[-43.8840746,-19.8436401],[-43.88419,-19.8435644],[-43.8846685,-19.843984],[-43.8848396,-19.8437396]],[[-43.8880968,-19.8523577],[-43.8882369,-19.8522053],[-43.8879259,-19.8518176],[-43.8876012,-19.8511791],[-43.886867,-19.8503886],[-43.8855464,-19.849488],[-43.8851701,-19.8497363],[-43.8849343,-19.8505356],[-43.8847863,-19.8508045],[-43.8846508,-19.8509501],[-43.8842966,-19.8510224],[-43.884753,-19.8517514],[-43.8848149,-19.8522643],[-43.8846764,-19.8528986],[-43.8844264,-19.8529239],[-43.8841591,-19.8527099],[-43.8840263,-19.8528475],[-43.8837517,-19.852207],[-43.8836842,-19.8521948],[-43.8835934,-19.8538763],[-43.8841011,-19.8540774],[-43.8851674,-19.8538409],[-43.8861953,-19.8534481],[-43.8866649,-19.8531181],[-43.8867768,-19.8528429],[-43.8870566,-19.8525705],[-43.887756,-19.852088],[-43.8880968,-19.8523577]]]}},{"type":"Feature","properties":{"code":"691","name":"Heliópolis"},"geometry":{"type":"Polygon","coordinates":[[[-43.9381316,-19.8471973],[-43.937203,-19.8470633],[-43.9354612,-19.8463134],[-43.9349707,-19.8461934],[-43.9326695,-19.8463113],[-43.9327584,-19.8456992],[-43.9331687,-19.8443742],[-43.933826,-19.8431247],[-43.9349781,-19.8418069],[-43.935653,-19.8409159],[-43.9368707,-19.8390983],[-43.9378406,-19.8382457],[-43.9392585,-19.8372441],[-43.9398757,-19.8365503],[-43.9402548,-19.8367274],[-43.9402753,-19.8375669],[-43.9403556,-19.8377519],[-43.9400406,-19.8380036],[-43.9406612,-19.8388564],[-43.9409117,-19.8387054],[-43.9412215,-19.839144],[-43.9410661,-19.8392833],[-43.9413926,-19.8400397],[-43.9410861,-19.8401193],[-43.9411437,-19.8403523],[-43.9413237,-19.8403268],[-43.9414851,-19.8410493],[-43.9414496,-19.8412473],[-43.9411146,-19.841669],[-43.9411637,-19.8416809],[-43.9411248,-19.8419277],[-43.9412989,-19.8420166],[-43.9412973,-19.8422552],[-43.9412068,-19.8424196],[-43.9414678,-19.8425217],[-43.9416027,-19.8427277],[-43.94221,-19.8438678],[-43.9425146,-19.844618],[-43.9422021,-19.8447585],[-43.9419097,-19.8446571],[-43.9402093,-19.8454758],[-43.9395974,-19.8455514],[-43.9394274,-19.8459482],[-43.9397897,-19.8468069],[-43.9387898,-19.846943],[-43.9384254,-19.8471533],[-43.9381316,-19.8471973]]]}},{"type":"Feature","properties":{"code":"751","name":"Pompéia"},"geometry":{"type":"Polygon","coordinates":[[[-43.9023346,-19.9176357],[-43.9021748,-19.9174272],[-43.9022195,-19.9171488],[-43.9029939,-19.9159967],[-43.9029473,-19.9157182],[-43.9027734,-19.9154601],[-43.9020828,-19.9149206],[-43.901048,-19.9136387],[-43.900904,-19.9122842],[-43.8994884,-19.9110518],[-43.8989638,-19.9085217],[-43.9046281,-19.9094427],[-43.9047705,-19.9093958],[-43.904821,-19.9095093],[-43.904731,-19.9099857],[-43.9050333,-19.9100403],[-43.9052699,-19.9102048],[-43.9053047,-19.9101282],[-43.9057762,-19.9101993],[-43.9057979,-19.9100462],[-43.9059374,-19.9100641],[-43.9064141,-19.9096959],[-43.9063358,-19.9102276],[-43.9061272,-19.9102873],[-43.9058257,-19.9102168],[-43.9057548,-19.9106607],[-43.9062981,-19.9105095],[-43.9068121,-19.9102107],[-43.907023,-19.9097737],[-43.9070586,-19.9094696],[-43.9099421,-19.9090319],[-43.9083359,-19.912197],[-43.9080866,-19.913183],[-43.9081071,-19.9137818],[-43.9082163,-19.9142906],[-43.9086203,-19.9150845],[-43.9092926,-19.9160527],[-43.9053066,-19.9152569],[-43.9052399,-19.9151786],[-43.905154,-19.9159596],[-43.9045926,-19.9165731],[-43.9035039,-19.9169795],[-43.9023346,-19.9176357]],[[-43.9072432,-19.9141882],[-43.907737,-19.9139269],[-43.9077572,-19.9127811],[-43.9078821,-19.912164],[-43.907345,-19.9123145],[-43.9075234,-19.9125723],[-43.9072995,-19.9125955],[-43.9065011,-19.9125965],[-43.9047512,-19.9124106],[-43.9045419,-19.9132662],[-43.9048683,-19.9133118],[-43.9051338,-19.9138547],[-43.9052908,-19.913951],[-43.9053482,-19.9138099],[-43.9051257,-19.9136345],[-43.904871,-19.9129635],[-43.9049602,-19.9129816],[-43.9050777,-19.9128028],[-43.9054343,-19.9127786],[-43.9054468,-19.9127151],[-43.9068716,-19.9133167],[-43.9070605,-19.9139405],[-43.9072432,-19.9141882]]]}},{"type":"Feature","properties":{"code":"605","name":"Álvaro Camargos"},"geometry":{"type":"Polygon","coordinates":[[[-44.0064783,-19.9179507],[-44.0062764,-19.9177413],[-44.0062837,-19.9175912],[-44.0060032,-19.9171771],[-44.0058425,-19.9170642],[-44.0055692,-19.9173087],[-44.0039906,-19.915549],[-44.0052644,-19.9144467],[-44.0044199,-19.9142893],[-44.0060734,-19.91284],[-44.0060781,-19.9125245],[-44.0064076,-19.9118885],[-44.0070634,-19.9112512],[-44.0074461,-19.9115864],[-44.0071949,-19.9116134],[-44.0074706,-19.9124527],[-44.009043,-19.9162464],[-44.0088729,-19.9163805],[-44.0088028,-19.9166028],[-44.0085918,-19.9168207],[-44.0081473,-19.9170044],[-44.0081015,-19.9169568],[-44.0075188,-19.9175709],[-44.0072231,-19.9176304],[-44.0072487,-19.9177918],[-44.0073939,-19.917757],[-44.0074077,-19.9179366],[-44.0064783,-19.9179507]]]}},{"type":"Feature","properties":{"code":"1267","name":"Acaiaca"},"geometry":{"type":"Polygon","coordinates":[[[-43.8941439,-19.8478218],[-43.8939955,-19.8478032],[-43.8936691,-19.8475791],[-43.8928609,-19.8474716],[-43.8927391,-19.8475548],[-43.8925888,-19.847442],[-43.8920695,-19.8473313],[-43.89247,-19.8458581],[-43.8919747,-19.845621],[-43.8917109,-19.8452627],[-43.8911425,-19.844083],[-43.8910908,-19.8433723],[-43.8908312,-19.8428676],[-43.8933928,-19.8412955],[-43.8944153,-19.8418983],[-43.8969508,-19.8431778],[-43.8969389,-19.84409],[-43.8969995,-19.844178],[-43.8976388,-19.8439914],[-43.8988818,-19.8455758],[-43.8991177,-19.8461517],[-43.8992978,-19.8469885],[-43.8989173,-19.8468254],[-43.8981536,-19.8458473],[-43.8970224,-19.8473526],[-43.8966312,-19.8471507],[-43.8964468,-19.8477743],[-43.8961486,-19.8476153],[-43.8955886,-19.8476706],[-43.8950224,-19.8474806],[-43.8941439,-19.8478218]]]}},{"type":"Feature","properties":{"code":"1170","name":"Novo Aarão Reis"},"geometry":{"type":"Polygon","coordinates":[[[-43.912569,-19.8458918],[-43.9123327,-19.8458218],[-43.9121369,-19.8453407],[-43.911844,-19.8449101],[-43.9112498,-19.8444621],[-43.9109354,-19.8444146],[-43.9105226,-19.8446652],[-43.9093589,-19.8445093],[-43.9088657,-19.8446146],[-43.9084794,-19.8444218],[-43.9083036,-19.84414],[-43.9083004,-19.84399],[-43.9084797,-19.8436821],[-43.908505,-19.8428779],[-43.9083916,-19.8425267],[-43.908048,-19.8420636],[-43.9078753,-19.841945],[-43.9072638,-19.8422909],[-43.906423,-19.8429715],[-43.9057775,-19.8431074],[-43.9049224,-19.8430546],[-43.9047387,-19.8428426],[-43.9046424,-19.8428299],[-43.9043847,-19.8429408],[-43.9034284,-19.8430921],[-43.9027945,-19.8428135],[-43.9022694,-19.8424223],[-43.9020258,-19.8420378],[-43.9020204,-19.8418858],[-43.9021643,-19.8418148],[-43.9023265,-19.841288],[-43.9024651,-19.8410936],[-43.9026529,-19.8409911],[-43.9029456,-19.8409312],[-43.9033344,-19.8410662],[-43.9036274,-19.8412747],[-43.9039397,-19.8413212],[-43.9046079,-19.84114],[-43.9049129,-19.840847],[-43.9050657,-19.8399524],[-43.9053125,-19.8397269],[-43.9056852,-19.8395388],[-43.9058983,-19.8392322],[-43.9057837,-19.8372741],[-43.9058992,-19.8370662],[-43.906698,-19.8364288],[-43.9067956,-19.8362429],[-43.9068092,-19.8355096],[-43.9066587,-19.8351469],[-43.9071609,-19.8351411],[-43.9074772,-19.8365649],[-43.9078685,-19.8371055],[-43.9089539,-19.838167],[-43.9118429,-19.8421945],[-43.9123692,-19.8426808],[-43.9136133,-19.8432515],[-43.9145496,-19.8435872],[-43.9139387,-19.8445878],[-43.9148832,-19.8457503],[-43.9160459,-19.8467001],[-43.9157651,-19.8470803],[-43.9141716,-19.8461191],[-43.9133648,-19.8459075],[-43.912569,-19.8458918]]]}},{"type":"Feature","properties":{"code":"1353","name":"Mariquinhas"},"geometry":{"type":"Polygon","coordinates":[[[-43.9393129,-19.8158562],[-43.9388941,-19.8155079],[-43.938336,-19.8144822],[-43.937297,-19.8140003],[-43.9367921,-19.8135821],[-43.9372967,-19.8135069],[-43.9370782,-19.8132253],[-43.9377269,-19.8130621],[-43.9381079,-19.8128627],[-43.9384698,-19.8129504],[-43.938745,-19.8129005],[-43.9394872,-19.8120139],[-43.9408966,-19.8124809],[-43.9418021,-19.8125699],[-43.9418747,-19.8130518],[-43.9422804,-19.813122],[-43.9424393,-19.8135537],[-43.9428346,-19.8133703],[-43.943099,-19.8136767],[-43.9434689,-19.8137234],[-43.9436061,-19.8136697],[-43.9437331,-19.8137742],[-43.9435468,-19.8141128],[-43.9433188,-19.8141317],[-43.9425598,-19.8137717],[-43.941874,-19.8141908],[-43.9418007,-19.8150337],[-43.9405986,-19.8150069],[-43.940634,-19.8156959],[-43.9397562,-19.8158385],[-43.9395057,-19.8156665],[-43.9393129,-19.8158562]]]}},{"type":"Feature","properties":{"code":"780","name":"São Bernardo"},"geometry":{"type":"Polygon","coordinates":[[[-43.9485915,-19.8461979],[-43.948588,-19.8465222],[-43.9476518,-19.8465117],[-43.9466194,-19.8468087],[-43.9461208,-19.8471178],[-43.9457197,-19.8475584],[-43.9453622,-19.8471822],[-43.9446275,-19.8478861],[-43.9444276,-19.8484288],[-43.9442364,-19.8484633],[-43.9442182,-19.8483929],[-43.9438609,-19.8482755],[-43.9436852,-19.8487247],[-43.9440036,-19.8487131],[-43.9440824,-19.848777],[-43.943987,-19.8488],[-43.9420096,-19.8507527],[-43.941884,-19.8507323],[-43.9358906,-19.8529836],[-43.9363617,-19.8541735],[-43.9364061,-19.8544957],[-43.9365264,-19.8561593],[-43.9363933,-19.8570019],[-43.9360763,-19.857606],[-43.9356512,-19.8580442],[-43.9349274,-19.8584153],[-43.934356,-19.8582872],[-43.9347038,-19.8574314],[-43.9351258,-19.8559982],[-43.9352421,-19.8552136],[-43.9351805,-19.8539356],[-43.9350841,-19.8534815],[-43.934648,-19.852349],[-43.9332843,-19.8498608],[-43.9329681,-19.8491314],[-43.9326325,-19.8474264],[-43.9326695,-19.8463113],[-43.9349707,-19.8461934],[-43.9354612,-19.8463134],[-43.937203,-19.8470633],[-43.9378382,-19.8471824],[-43.9384254,-19.8471533],[-43.9387898,-19.846943],[-43.9397897,-19.8468069],[-43.9394274,-19.8459482],[-43.9395974,-19.8455514],[-43.9402093,-19.8454758],[-43.9419097,-19.8446571],[-43.9422021,-19.8447585],[-43.9425146,-19.844618],[-43.9427145,-19.8449923],[-43.9455593,-19.8435639],[-43.9468204,-19.8431084],[-43.9473608,-19.8426706],[-43.9477973,-19.843157],[-43.9468577,-19.8438866],[-43.9464816,-19.8439359],[-43.9459462,-19.8441854],[-43.9464485,-19.8445624],[-43.9481251,-19.844913],[-43.948397,-19.8453367],[-43.9485915,-19.8461979]]]}},{"type":"Feature","properties":{"code":"830","name":"Aeroporto"},"geometry":{"type":"Polygon","coordinates":[[[-43.9595644,-19.8589679],[-43.9586384,-19.8578823],[-43.9573812,-19.858374],[-43.9573185,-19.8576924],[-43.9555243,-19.8559857],[-43.9530431,-19.8547344],[-43.9526231,-19.8541668],[-43.9522063,-19.8528162],[-43.9489751,-19.8549743],[-43.9489302,-19.8549151],[-43.9486365,-19.8550987],[-43.9483067,-19.8547466],[-43.9477248,-19.8543243],[-43.9452801,-19.8552351],[-43.9451547,-19.8553444],[-43.9440722,-19.8556406],[-43.9378795,-19.8579459],[-43.9365866,-19.8546742],[-43.9364061,-19.8544957],[-43.9363617,-19.8541735],[-43.9358906,-19.8529836],[-43.941884,-19.8507323],[-43.9420096,-19.8507527],[-43.943987,-19.8488],[-43.9490226,-19.8475899],[-43.9551857,-19.846258],[-43.9555298,-19.8461098],[-43.9641852,-19.8442641],[-43.9641813,-19.8441815],[-43.9650519,-19.8439951],[-43.965423,-19.8438268],[-43.9659398,-19.8443839],[-43.9662351,-19.8448725],[-43.9662479,-19.8452498],[-43.9671068,-19.8455475],[-43.9667279,-19.8482835],[-43.9658911,-19.8491082],[-43.9650722,-19.8498343],[-43.9648433,-19.8498005],[-43.9646929,-19.8496821],[-43.9644715,-19.8498539],[-43.9580987,-19.8511718],[-43.957521,-19.8509943],[-43.9573245,-19.8510207],[-43.9560007,-19.8527318],[-43.9567893,-19.8531771],[-43.9572996,-19.8536507],[-43.9588414,-19.8558456],[-43.9587352,-19.8559935],[-43.958502,-19.8561238],[-43.9584742,-19.8560773],[-43.9579612,-19.8563307],[-43.9580283,-19.8564145],[-43.9580023,-19.8566042],[-43.9577131,-19.8567603],[-43.9578552,-19.856926],[-43.9583842,-19.8565906],[-43.9585163,-19.8568212],[-43.9584085,-19.8568568],[-43.9585798,-19.8571282],[-43.9590721,-19.856875],[-43.9589253,-19.8566145],[-43.9592376,-19.8564318],[-43.9594073,-19.8567027],[-43.9594761,-19.8570251],[-43.9601947,-19.8572381],[-43.9595644,-19.8589679]]]}},{"type":"Feature","properties":{"code":"1238","name":"Ouro Minas"},"geometry":{"type":"Polygon","coordinates":[[[-43.9056249,-19.8509392],[-43.905597,-19.8498633],[-43.9051423,-19.8488738],[-43.904873,-19.8476966],[-43.9047973,-19.8477487],[-43.9031447,-19.8472591],[-43.903002,-19.8471276],[-43.9027761,-19.8460082],[-43.9026063,-19.845788],[-43.9023981,-19.845224],[-43.9026527,-19.8446649],[-43.9030897,-19.8446057],[-43.9033246,-19.8444743],[-43.9035867,-19.8438856],[-43.9034284,-19.8430921],[-43.9043847,-19.8429408],[-43.9046424,-19.8428299],[-43.9047387,-19.8428426],[-43.9049224,-19.8430546],[-43.906176,-19.8430693],[-43.9066532,-19.8428209],[-43.9074822,-19.8421372],[-43.9078753,-19.841945],[-43.908048,-19.8420636],[-43.9083916,-19.8425267],[-43.908505,-19.8428779],[-43.9084797,-19.8436821],[-43.9083004,-19.84399],[-43.9083036,-19.84414],[-43.9084794,-19.8444218],[-43.9088657,-19.8446146],[-43.9093589,-19.8445093],[-43.9105226,-19.8446652],[-43.9109354,-19.8444146],[-43.9112498,-19.8444621],[-43.911844,-19.8449101],[-43.9121369,-19.8453407],[-43.9123327,-19.8458218],[-43.9127421,-19.8458738],[-43.9124483,-19.8460151],[-43.91198,-19.8459639],[-43.911841,-19.8460215],[-43.9117743,-19.8461514],[-43.9118455,-19.8463377],[-43.9117599,-19.8464791],[-43.9115135,-19.8464125],[-43.9114812,-19.8462812],[-43.9116648,-19.8458794],[-43.9114082,-19.8454329],[-43.910866,-19.8453146],[-43.9103426,-19.8450523],[-43.9095599,-19.8449612],[-43.9093475,-19.8452208],[-43.9096142,-19.8453256],[-43.9094155,-19.8456089],[-43.9095579,-19.8462781],[-43.9099281,-19.8465158],[-43.9101055,-19.8464903],[-43.9101256,-19.8465606],[-43.9104532,-19.846577],[-43.9106058,-19.8466922],[-43.9107993,-19.8466228],[-43.9110677,-19.8469047],[-43.9111244,-19.8470929],[-43.9114457,-19.8468044],[-43.9117112,-19.8469718],[-43.9107218,-19.8479408],[-43.9101168,-19.8487174],[-43.9098801,-19.8488424],[-43.9097344,-19.8488156],[-43.9094539,-19.8491639],[-43.9090044,-19.8495106],[-43.9079232,-19.8500206],[-43.9056249,-19.8509392]]]}},{"type":"Feature","properties":{"code":"701","name":"Jaraguá"},"geometry":{"type":"Polygon","coordinates":[[[-43.9503533,-19.8603491],[-43.950279,-19.8586945],[-43.9499329,-19.8576378],[-43.949398,-19.8580352],[-43.9487786,-19.858991],[-43.9473971,-19.8601106],[-43.9471492,-19.8594497],[-43.9464709,-19.8581464],[-43.9458733,-19.8572478],[-43.9459693,-19.8570951],[-43.9452801,-19.8552351],[-43.9477248,-19.8543243],[-43.9483067,-19.8547466],[-43.9486365,-19.8550987],[-43.9489302,-19.8549151],[-43.9489751,-19.8549743],[-43.9522063,-19.8528162],[-43.9526231,-19.8541668],[-43.9530431,-19.8547344],[-43.9521846,-19.8552625],[-43.9526151,-19.8556657],[-43.9524909,-19.855701],[-43.9525523,-19.8558484],[-43.9527434,-19.8557665],[-43.9532892,-19.8562522],[-43.9535418,-19.8561974],[-43.9543552,-19.8566132],[-43.9548086,-19.8556595],[-43.9555243,-19.8559857],[-43.9573185,-19.8576924],[-43.9543045,-19.8588721],[-43.9541708,-19.8587037],[-43.9503533,-19.8603491]]]}},{"type":"Feature","properties":{"code":"661","name":"Dom Silvério"},"geometry":{"type":"Polygon","coordinates":[[[-43.9103508,-19.8583024],[-43.9053504,-19.8578394],[-43.9021459,-19.8572325],[-43.9023075,-19.8569596],[-43.9003743,-19.8557584],[-43.9014798,-19.8543927],[-43.9004983,-19.853579],[-43.8997523,-19.8541655],[-43.8992625,-19.8533938],[-43.9001814,-19.8532674],[-43.9003319,-19.8534089],[-43.9008084,-19.853343],[-43.9008482,-19.8515963],[-43.9016359,-19.8511246],[-43.9022344,-19.8514107],[-43.903543,-19.8516288],[-43.9039421,-19.851601],[-43.9056249,-19.8509392],[-43.9058317,-19.8511742],[-43.9058463,-19.8512985],[-43.9056967,-19.8539729],[-43.9071303,-19.8538708],[-43.9085718,-19.8552678],[-43.909793,-19.855979],[-43.910146,-19.8559612],[-43.9103041,-19.8566729],[-43.9101933,-19.8567255],[-43.9102156,-19.8567956],[-43.9103264,-19.856807],[-43.911072,-19.8579532],[-43.9105056,-19.8581678],[-43.9103508,-19.8583024]],[[-43.9038143,-19.8542213],[-43.9034836,-19.8523698],[-43.9036306,-19.8519799],[-43.9030974,-19.8521347],[-43.9028542,-19.851996],[-43.902812,-19.8521263],[-43.9025516,-19.8522927],[-43.9021734,-19.8527967],[-43.9025305,-19.8529332],[-43.9038143,-19.8542213]]]}},{"type":"Feature","properties":{"code":"1314","name":"Conjunto Providência"},"geometry":{"type":"Polygon","coordinates":[[[-43.9256753,-19.8538402],[-43.9255021,-19.8533446],[-43.9246383,-19.8530056],[-43.9245312,-19.8524412],[-43.9248125,-19.8523973],[-43.9251616,-19.8522222],[-43.9254586,-19.8530083],[-43.9260517,-19.8528379],[-43.9263096,-19.8536166],[-43.9256753,-19.8538402]]]}},{"type":"Feature","properties":{"code":"1394","name":"Três Marias"},"geometry":{"type":"Polygon","coordinates":[[[-43.9003743,-19.8557584],[-43.8996406,-19.8552589],[-43.8989956,-19.8551623],[-43.8988212,-19.8549521],[-43.8990663,-19.8547719],[-43.8992616,-19.8544803],[-43.8992993,-19.854232],[-43.8992067,-19.8536673],[-43.8992625,-19.8533938],[-43.8997523,-19.8541655],[-43.9004983,-19.853579],[-43.9014798,-19.8543927],[-43.9003743,-19.8557584]]]}},{"type":"Feature","properties":{"code":"704","name":"Jardim Montanhês"},"geometry":{"type":"Polygon","coordinates":[[[-43.9807081,-19.912336],[-43.980551,-19.9077136],[-43.9794606,-19.9079369],[-43.9780413,-19.9080158],[-43.9780909,-19.9051991],[-43.9790535,-19.9043419],[-43.9804297,-19.903542],[-43.9805312,-19.9030547],[-43.9808218,-19.9027266],[-43.9811564,-19.9027781],[-43.982039,-19.9023681],[-43.9823176,-19.9028243],[-43.9842121,-19.9026137],[-43.9875433,-19.9049022],[-43.9872429,-19.9052327],[-43.9869374,-19.9053916],[-43.9860854,-19.9068582],[-43.9854533,-19.9066077],[-43.9848176,-19.9085884],[-43.9851545,-19.9087367],[-43.9838162,-19.9110204],[-43.9815998,-19.9112894],[-43.9814703,-19.9113553],[-43.9811188,-19.9119977],[-43.9807081,-19.912336]]]}},{"type":"Feature","properties":{"code":"692","name":"Horto"},"geometry":{"type":"Polygon","coordinates":[[[-43.9185348,-19.9130292],[-43.918125,-19.9129202],[-43.9177429,-19.9125661],[-43.9170246,-19.9110216],[-43.9167518,-19.9105064],[-43.916546,-19.9102718],[-43.9158104,-19.9097464],[-43.9152862,-19.9096485],[-43.9144415,-19.909242],[-43.9133384,-19.9088866],[-43.9131855,-19.909242],[-43.9127876,-19.9098038],[-43.9120714,-19.9103834],[-43.9120392,-19.9103031],[-43.9116077,-19.9105255],[-43.9104045,-19.9108703],[-43.9101994,-19.910869],[-43.909716,-19.9106517],[-43.9095344,-19.9110103],[-43.9090411,-19.9107928],[-43.9103197,-19.9082472],[-43.9105346,-19.9073765],[-43.9110816,-19.9074114],[-43.9111195,-19.9067065],[-43.9110617,-19.9066405],[-43.9119585,-19.9061293],[-43.9119417,-19.9062356],[-43.9122917,-19.9071372],[-43.9129798,-19.9075328],[-43.9131184,-19.9082269],[-43.9137442,-19.9085125],[-43.913659,-19.9076969],[-43.9143157,-19.9074792],[-43.9146197,-19.907264],[-43.9153135,-19.9062026],[-43.9157132,-19.9064281],[-43.9149755,-19.9077921],[-43.9150342,-19.9082698],[-43.9194895,-19.907603],[-43.9201776,-19.9116115],[-43.9232555,-19.9117909],[-43.9233285,-19.9124356],[-43.9204766,-19.9126072],[-43.9189138,-19.9129948],[-43.9185348,-19.9130292]],[[-43.9120403,-19.9102498],[-43.9121562,-19.9101237],[-43.9121649,-19.9099812],[-43.9122817,-19.9099783],[-43.9128196,-19.9094128],[-43.9126738,-19.9094066],[-43.9125257,-19.9090732],[-43.9127626,-19.9085901],[-43.9106191,-19.908924],[-43.9109879,-19.9092286],[-43.9110855,-19.9091864],[-43.9111923,-19.9099574],[-43.9114298,-19.9099446],[-43.9115147,-19.9092896],[-43.9117925,-19.9092801],[-43.9120396,-19.9094655],[-43.9120403,-19.9102498]]]}},{"type":"Feature","properties":{"code":"622","name":"Bonfim"},"geometry":{"type":"Polygon","coordinates":[[[-43.9526193,-19.9141162],[-43.9515897,-19.9140962],[-43.9503321,-19.9137097],[-43.9498928,-19.9135628],[-43.9486409,-19.9129281],[-43.9479653,-19.9127977],[-43.9441617,-19.9129406],[-43.9438893,-19.9130278],[-43.9436435,-19.9132987],[-43.9435296,-19.91332],[-43.9435568,-19.9129463],[-43.9430659,-19.9124571],[-43.9429518,-19.9124681],[-43.9420395,-19.9115478],[-43.9509973,-19.9070791],[-43.9514973,-19.9070617],[-43.9515267,-19.9058253],[-43.9571294,-19.9059084],[-43.9571958,-19.90618],[-43.9573642,-19.9062668],[-43.9587876,-19.9084105],[-43.9568239,-19.9094062],[-43.9563662,-19.9097709],[-43.9560543,-19.9101355],[-43.9544353,-19.913146],[-43.9540595,-19.9136444],[-43.9535578,-19.9139446],[-43.9526193,-19.9141162]]]}},{"type":"Feature","properties":{"code":"1310","name":"Conjunto Jardim Filadélfia"},"geometry":{"type":"Polygon","coordinates":[[[-44.0061708,-19.9123382],[-44.005877,-19.9121706],[-44.0057271,-19.9117836],[-44.0066365,-19.9104639],[-44.0074579,-19.9094377],[-44.0080438,-19.9091659],[-44.0085338,-19.9086602],[-44.0090795,-19.9075899],[-44.0091917,-19.9072145],[-44.0102975,-19.9075669],[-44.0090168,-19.911523],[-44.0080565,-19.9116945],[-44.0075584,-19.9116549],[-44.0074196,-19.9116246],[-44.0070634,-19.9112512],[-44.0065107,-19.911761],[-44.0061708,-19.9123382]]]}},{"type":"Feature","properties":{"code":"636","name":"Carlos Prates"},"geometry":{"type":"Polygon","coordinates":[[[-43.9581827,-19.9191476],[-43.9578587,-19.9191195],[-43.9566049,-19.9186284],[-43.9562717,-19.918344],[-43.9548081,-19.9177509],[-43.9545563,-19.916776],[-43.9542196,-19.9167067],[-43.9534151,-19.9167036],[-43.9489839,-19.9173667],[-43.9484231,-19.9173664],[-43.9477247,-19.9172509],[-43.9472355,-19.9170374],[-43.9466007,-19.9166198],[-43.9441158,-19.9138888],[-43.9434919,-19.9134974],[-43.9438893,-19.9130278],[-43.9441617,-19.9129406],[-43.9479653,-19.9127977],[-43.9486409,-19.9129281],[-43.9498928,-19.9135628],[-43.9515897,-19.9140962],[-43.9526193,-19.9141162],[-43.9535578,-19.9139446],[-43.9540595,-19.9136444],[-43.9543047,-19.9133675],[-43.9560543,-19.9101355],[-43.9564881,-19.9096557],[-43.9568239,-19.9094062],[-43.9590857,-19.9082661],[-43.959593,-19.9080951],[-43.9605102,-19.9079653],[-43.9616077,-19.9080663],[-43.9635844,-19.9087026],[-43.9643364,-19.9090809],[-43.9673231,-19.9108575],[-43.9700342,-19.9118153],[-43.9693019,-19.9145749],[-43.9685367,-19.9142798],[-43.9674651,-19.918192],[-43.9666088,-19.9176375],[-43.9660016,-19.9173703],[-43.9637701,-19.9168415],[-43.9630768,-19.9167671],[-43.962129,-19.9170665],[-43.961852,-19.9172413],[-43.9612489,-19.9178161],[-43.960819,-19.9184118],[-43.9603413,-19.9187946],[-43.9581827,-19.9191476]],[[-43.9613252,-19.9159006],[-43.9616807,-19.9156794],[-43.9617337,-19.9157548],[-43.9622543,-19.9154061],[-43.9625508,-19.9152977],[-43.9622626,-19.9146044],[-43.9629317,-19.914434],[-43.9633267,-19.914498],[-43.9632818,-19.9143974],[-43.9629268,-19.9144064],[-43.9622276,-19.9145428],[-43.9619025,-19.9138072],[-43.9618316,-19.9138217],[-43.9617711,-19.9135356],[-43.961608,-19.9132494],[-43.9616676,-19.9132224],[-43.9614027,-19.9127243],[-43.9609234,-19.9125947],[-43.9607153,-19.912674],[-43.9607853,-19.9128172],[-43.9603944,-19.9130572],[-43.960647,-19.9134328],[-43.9610118,-19.9132122],[-43.9610914,-19.9133218],[-43.9607275,-19.9135533],[-43.9608703,-19.913763],[-43.9612081,-19.9135489],[-43.9614839,-19.914015],[-43.9614081,-19.9140676],[-43.9614383,-19.9141441],[-43.9614961,-19.914229],[-43.9615819,-19.9141758],[-43.9618458,-19.9146331],[-43.9615808,-19.9147993],[-43.961686,-19.9149508],[-43.961343,-19.9151746],[-43.9615143,-19.9154709],[-43.9611752,-19.9156801],[-43.9613252,-19.9159006]]]}},{"type":"Feature","properties":{"code":"630","name":"Califórnia"},"geometry":{"type":"Polygon","coordinates":[[[-44.0235526,-19.921249],[-44.0235222,-19.9214793],[-44.0229611,-19.9219531],[-44.0222661,-19.9234757],[-44.0220056,-19.9238849],[-44.0216768,-19.924187],[-44.0213344,-19.9243178],[-44.0207286,-19.924364],[-44.0211262,-19.9253038],[-44.0226118,-19.9250831],[-44.023584,-19.9252445],[-44.0244864,-19.9266568],[-44.0244196,-19.9266943],[-44.02481,-19.9274088],[-44.0252647,-19.9292327],[-44.0251946,-19.9299654],[-44.025009,-19.9301227],[-44.0248796,-19.930677],[-44.0247628,-19.9323166],[-44.0244229,-19.9333775],[-44.0263,-19.934654],[-44.0267953,-19.9351064],[-44.0268639,-19.9362925],[-44.0270554,-19.937146],[-44.0195568,-19.9325208],[-44.0176895,-19.9314268],[-44.0171511,-19.9312316],[-44.0165122,-19.9311301],[-44.0159207,-19.9311339],[-44.0152954,-19.9312458],[-44.0147099,-19.9314733],[-44.0127411,-19.9327383],[-44.0116884,-19.9331303],[-44.0104391,-19.9331511],[-44.0081516,-19.9328053],[-44.0074411,-19.932767],[-44.0072742,-19.9302355],[-44.0068545,-19.9286833],[-44.0060757,-19.9263526],[-44.008078,-19.9262789],[-44.0096848,-19.9258515],[-44.0094771,-19.925484],[-44.0090575,-19.9253267],[-44.0090979,-19.925207],[-44.0101563,-19.9246304],[-44.0104209,-19.9241099],[-44.010427,-19.923727],[-44.009988,-19.922451],[-44.0100815,-19.9224195],[-44.0098597,-19.9218432],[-44.009513,-19.9214767],[-44.0093423,-19.9211236],[-44.0096103,-19.9209892],[-44.0095469,-19.9207681],[-44.0101695,-19.9206125],[-44.0131089,-19.9203937],[-44.0133679,-19.9196466],[-44.0134272,-19.919103],[-44.013603,-19.9190058],[-44.0099433,-19.9178375],[-44.0098723,-19.9177232],[-44.0100193,-19.9175897],[-44.0099513,-19.9174115],[-44.0095457,-19.9170442],[-44.0089254,-19.9160348],[-44.0074706,-19.9124527],[-44.0071949,-19.9116134],[-44.0080565,-19.9116945],[-44.0090168,-19.911523],[-44.0102975,-19.9075669],[-44.0117475,-19.9080456],[-44.0151598,-19.9099512],[-44.0184341,-19.9148788],[-44.018241,-19.9154687],[-44.0183877,-19.9159952],[-44.0185743,-19.9163456],[-44.0188366,-19.9166664],[-44.0200083,-19.9176042],[-44.0201225,-19.9189117],[-44.0202007,-19.9193214],[-44.0203497,-19.9196284],[-44.0206704,-19.9198891],[-44.0208817,-19.9199681],[-44.0223418,-19.9199286],[-44.0234163,-19.9211939],[-44.0235526,-19.921249]]]}},{"type":"Feature","properties":{"code":"1438","name":"Vila Nossa Senhora do Rosário"},"geometry":{"type":"Polygon","coordinates":[[[-43.9057548,-19.9106607],[-43.9058257,-19.9102168],[-43.9061272,-19.9102873],[-43.9063358,-19.9102276],[-43.9064288,-19.9097114],[-43.9062967,-19.9097396],[-43.9059374,-19.9100641],[-43.9057979,-19.9100462],[-43.9057762,-19.9101993],[-43.9053047,-19.9101282],[-43.9052699,-19.9102048],[-43.9050333,-19.9100403],[-43.904731,-19.9099857],[-43.904821,-19.9095093],[-43.9047705,-19.9093958],[-43.9051818,-19.9092204],[-43.9053254,-19.9093747],[-43.9056625,-19.909351],[-43.9061537,-19.9092017],[-43.9061297,-19.9091476],[-43.9066777,-19.9090678],[-43.9067248,-19.9093634],[-43.9070586,-19.9094696],[-43.907023,-19.9097737],[-43.9068806,-19.9100949],[-43.9068121,-19.9102107],[-43.9064544,-19.9104412],[-43.9057548,-19.9106607]]]}},{"type":"Feature","properties":{"code":"1336","name":"João Alfredo"},"geometry":{"type":"Polygon","coordinates":[[[-43.9120403,-19.9102498],[-43.9120396,-19.9094655],[-43.9117925,-19.9092801],[-43.9115147,-19.9092896],[-43.9114298,-19.9099446],[-43.9111923,-19.9099574],[-43.9110855,-19.9091864],[-43.9109879,-19.9092286],[-43.9106191,-19.908924],[-43.9127626,-19.9085901],[-43.9125257,-19.9090732],[-43.9126738,-19.9094066],[-43.9128196,-19.9094128],[-43.9122817,-19.9099783],[-43.9121649,-19.9099812],[-43.9121562,-19.9101237],[-43.9120403,-19.9102498]]]}},{"type":"Feature","properties":{"code":"813","name":"Vila Clóris"},"geometry":{"type":"Polygon","coordinates":[[[-43.94893,-19.830182],[-43.947362,-19.8291023],[-43.9471162,-19.8284683],[-43.9468041,-19.8280313],[-43.9456616,-19.8268442],[-43.9452274,-19.8273014],[-43.943312,-19.8265706],[-43.9423042,-19.8284874],[-43.9420477,-19.8278788],[-43.9421397,-19.8275198],[-43.9421298,-19.8270674],[-43.9425901,-19.8262296],[-43.9426004,-19.8258493],[-43.9424921,-19.8256635],[-43.9417092,-19.8253841],[-43.942998,-19.8243538],[-43.9432055,-19.823678],[-43.9433132,-19.8235616],[-43.9440778,-19.8234547],[-43.9445449,-19.8232706],[-43.9447833,-19.8233234],[-43.9482558,-19.8160636],[-43.9491296,-19.8172687],[-43.9504327,-19.8186673],[-43.9527358,-19.8215288],[-43.9519669,-19.8236598],[-43.9512589,-19.8267579],[-43.9513623,-19.8277696],[-43.9514639,-19.8280083],[-43.9503127,-19.8283363],[-43.94893,-19.830182]],[[-43.9455264,-19.8266921],[-43.9457247,-19.8265266],[-43.9453438,-19.8263155],[-43.9452906,-19.8260184],[-43.9447083,-19.8258085],[-43.9446353,-19.8260576],[-43.9455264,-19.8266921]]]}},{"type":"Feature","properties":{"code":"1493","name":"Jardim Leblon"},"geometry":{"type":"Polygon","coordinates":[[[-43.9917087,-19.8305545],[-43.984057,-19.8297523],[-43.9836789,-19.8296769],[-43.983719,-19.8294815],[-43.9835574,-19.8293418],[-43.9834895,-19.8294024],[-43.9834056,-19.8293332],[-43.9837013,-19.8286555],[-43.9836503,-19.8286378],[-43.9838707,-19.8278551],[-43.9839484,-19.8278612],[-43.9841067,-19.8274932],[-43.9847785,-19.8275819],[-43.9847405,-19.8279109],[-43.9850866,-19.8279464],[-43.9851247,-19.8276285],[-43.9850093,-19.827612],[-43.9850095,-19.8272677],[-43.9845723,-19.827209],[-43.984605,-19.8269956],[-43.9843069,-19.8269192],[-43.9843723,-19.8266566],[-43.9843267,-19.8265384],[-43.9842312,-19.8265198],[-43.9845118,-19.8248839],[-43.9846678,-19.8246693],[-43.9861067,-19.8248729],[-43.9860907,-19.8250019],[-43.986373,-19.8250705],[-43.9864151,-19.8244261],[-43.9857423,-19.8241817],[-43.9868534,-19.8223763],[-43.9871599,-19.8224],[-43.9871734,-19.8221784],[-43.9881539,-19.8222822],[-43.9881573,-19.8219849],[-43.9884651,-19.8218856],[-43.9893997,-19.8220302],[-43.9893707,-19.8222954],[-43.9906284,-19.8224247],[-43.990643,-19.8222893],[-43.9909221,-19.8223154],[-43.9909434,-19.822085],[-43.9907509,-19.8220693],[-43.9907774,-19.8218753],[-43.9906343,-19.8218533],[-43.9906511,-19.8217523],[-43.9903209,-19.8217226],[-43.9903981,-19.8208873],[-43.9899576,-19.8205578],[-43.9898233,-19.8201229],[-43.9934926,-19.8204741],[-43.9933938,-19.8214522],[-43.9943174,-19.8216006],[-43.9945237,-19.8217105],[-43.99466,-19.8219726],[-43.9937365,-19.8304873],[-43.9917454,-19.8302877],[-43.9917087,-19.8305545]],[[-43.991772,-19.8299722],[-43.9918533,-19.8298182],[-43.9921261,-19.8298078],[-43.9922538,-19.8287451],[-43.9925683,-19.8287904],[-43.9925596,-19.8288997],[-43.9928998,-19.8289343],[-43.9929489,-19.8288308],[-43.9932554,-19.828859],[-43.9933105,-19.828718],[-43.9935899,-19.8287851],[-43.993619,-19.8284707],[-43.9928255,-19.8283945],[-43.992847,-19.828219],[-43.9929818,-19.8282325],[-43.993018,-19.8279053],[-43.9933437,-19.8279337],[-43.9934346,-19.8271691],[-43.9928131,-19.8271093],[-43.9928379,-19.8268953],[-43.9924558,-19.826868],[-43.992481,-19.8266503],[-43.9921013,-19.8266217],[-43.9920893,-19.8267199],[-43.9918627,-19.8266978],[-43.9919311,-19.8261673],[-43.9922094,-19.826195],[-43.9923088,-19.8252748],[-43.9920412,-19.8252489],[-43.9920351,-19.8251163],[-43.9903508,-19.8249409],[-43.990319,-19.8252991],[-43.9905417,-19.8253322],[-43.9904501,-19.8261259],[-43.9902291,-19.8261033],[-43.9902115,-19.8262477],[-43.9886704,-19.8260999],[-43.9885606,-19.8270191],[-43.9879734,-19.8269684],[-43.987941,-19.8272841],[-43.988456,-19.8273392],[-43.9884311,-19.8276607],[-43.9876111,-19.827567],[-43.9875772,-19.8278855],[-43.9895363,-19.8280894],[-43.9895141,-19.8283517],[-43.9896307,-19.8283639],[-43.989581,-19.8288883],[-43.9895132,-19.8293729],[-43.9893997,-19.8293601],[-43.9893592,-19.8296695],[-43.991772,-19.8299722]],[[-43.9892195,-19.8257913],[-43.9892873,-19.8251993],[-43.9891941,-19.8251066],[-43.9892205,-19.8248302],[-43.988996,-19.8248098],[-43.9890866,-19.8238657],[-43.9898814,-19.8239483],[-43.9899193,-19.8236266],[-43.989343,-19.8235733],[-43.9893312,-19.8237084],[-43.9890209,-19.8236831],[-43.9889267,-19.8244894],[-43.9885885,-19.8244527],[-43.9885295,-19.82504],[-43.98807,-19.8249983],[-43.9879551,-19.8247151],[-43.9879716,-19.8243897],[-43.9875132,-19.8243429],[-43.9874763,-19.824683],[-43.9877588,-19.8248177],[-43.9884706,-19.8256419],[-43.9886429,-19.8257469],[-43.9892195,-19.8257913]]]}},{"type":"Feature","properties":{"code":"1421","name":"Vila dos Anjos"},"geometry":{"type":"Polygon","coordinates":[[[-43.9946252,-19.8218328],[-43.9945237,-19.8217105],[-43.9940855,-19.821534],[-43.9942249,-19.8207651],[-43.9945124,-19.820286],[-43.9944118,-19.8200218],[-43.9946066,-19.8198172],[-43.9945035,-19.8197646],[-43.9948006,-19.8194598],[-43.9952182,-19.8194376],[-43.9958338,-19.8190929],[-43.9955752,-19.8209861],[-43.9946252,-19.8218328]]]}},{"type":"Feature","properties":{"code":"759","name":"Ribeiro de Abreu"},"geometry":{"type":"Polygon","coordinates":[[[-43.906698,-19.8364288],[-43.9058992,-19.8370662],[-43.9057837,-19.8372741],[-43.9056837,-19.8371357],[-43.9053672,-19.8370073],[-43.9053323,-19.8370605],[-43.9051854,-19.8369556],[-43.9046744,-19.8376396],[-43.9046761,-19.837709],[-43.9050861,-19.8377805],[-43.9052969,-19.839075],[-43.9052512,-19.8393294],[-43.9051473,-19.8393489],[-43.9052688,-19.839583],[-43.9050869,-19.8396882],[-43.9048722,-19.8400085],[-43.9049983,-19.8401111],[-43.9049129,-19.840847],[-43.9046079,-19.84114],[-43.9043813,-19.8412368],[-43.9037834,-19.8413223],[-43.9031656,-19.8409928],[-43.9027956,-19.8409384],[-43.9024651,-19.8410936],[-43.9022823,-19.8413788],[-43.8998938,-19.8418388],[-43.8979925,-19.8421143],[-43.8980555,-19.8413152],[-43.8982776,-19.8412819],[-43.8980394,-19.8406811],[-43.8979956,-19.8402049],[-43.8976293,-19.8400479],[-43.8975216,-19.839659],[-43.8971548,-19.8389683],[-43.8960578,-19.8374812],[-43.8961202,-19.8374433],[-43.8960472,-19.8370055],[-43.8955361,-19.8358641],[-43.8950838,-19.8353462],[-43.8943609,-19.8342658],[-43.8941422,-19.8343669],[-43.8939742,-19.834112],[-43.8944556,-19.8340354],[-43.8941595,-19.8333426],[-43.8939344,-19.8335349],[-43.8934897,-19.8330194],[-43.8933173,-19.8332109],[-43.8927344,-19.8327013],[-43.8928969,-19.832518],[-43.8926319,-19.8323381],[-43.8926724,-19.8322697],[-43.8915938,-19.8317438],[-43.8918256,-19.8313269],[-43.8922309,-19.8309419],[-43.8925299,-19.8308377],[-43.8934017,-19.8308746],[-43.8938212,-19.8306879],[-43.894041,-19.8304827],[-43.8943686,-19.8295838],[-43.8946783,-19.8292774],[-43.8949841,-19.8291228],[-43.8957834,-19.8291335],[-43.8962436,-19.8289565],[-43.89657,-19.8286307],[-43.8968045,-19.8276016],[-43.8969396,-19.8273614],[-43.8972548,-19.8270838],[-43.8978388,-19.8268635],[-43.8982488,-19.8265322],[-43.8984033,-19.8262744],[-43.8984772,-19.825751],[-43.8982338,-19.8253307],[-43.8975536,-19.8248973],[-43.8973202,-19.8246183],[-43.8972312,-19.8241462],[-43.8973059,-19.82384],[-43.8974658,-19.8236155],[-43.8977476,-19.8234059],[-43.8993556,-19.8227975],[-43.8989171,-19.8216873],[-43.8994899,-19.8213828],[-43.8997178,-19.8211848],[-43.8999158,-19.8209748],[-43.9000508,-19.8204784],[-43.9003251,-19.8202013],[-43.9006295,-19.820187],[-43.9009765,-19.8204991],[-43.9012252,-19.8208714],[-43.9013531,-19.8209344],[-43.9014922,-19.820767],[-43.9014242,-19.8204682],[-43.9015862,-19.8203464],[-43.9021319,-19.8210154],[-43.9022316,-19.8206822],[-43.9010657,-19.8192624],[-43.90072,-19.8185382],[-43.9007065,-19.8180143],[-43.9004949,-19.8176959],[-43.9004667,-19.8174272],[-43.900292,-19.817206],[-43.9008959,-19.8167164],[-43.9033015,-19.8161228],[-43.904411,-19.8198348],[-43.9044421,-19.8202586],[-43.9042718,-19.8204801],[-43.9040403,-19.8205999],[-43.9039214,-19.8207933],[-43.9039097,-19.8209138],[-43.9042021,-19.8214655],[-43.9042363,-19.8218651],[-43.9041237,-19.822092],[-43.9038304,-19.8222269],[-43.9032458,-19.8221882],[-43.9030986,-19.8222569],[-43.9049557,-19.8244716],[-43.9051436,-19.8248805],[-43.9052966,-19.8258179],[-43.9051865,-19.8264108],[-43.904869,-19.8271055],[-43.9037497,-19.8285025],[-43.9035758,-19.8288334],[-43.9034163,-19.8298394],[-43.9028486,-19.8298963],[-43.9025408,-19.8298172],[-43.9021109,-19.8306388],[-43.9021183,-19.8308155],[-43.9022307,-19.831005],[-43.9026271,-19.8313579],[-43.902839,-19.8319417],[-43.9030754,-19.8322649],[-43.9041018,-19.8333872],[-43.9052029,-19.8336843],[-43.9057646,-19.8339106],[-43.9063716,-19.83436],[-43.906757,-19.8353046],[-43.9068382,-19.8359535],[-43.906698,-19.8364288]],[[-43.9024875,-19.8293881],[-43.9026147,-19.8294037],[-43.9029905,-19.8283879],[-43.9031831,-19.8281219],[-43.9030104,-19.8279783],[-43.9023581,-19.8284524],[-43.9024712,-19.828638],[-43.9022053,-19.8290512],[-43.9019663,-19.8292136],[-43.9022274,-19.8295378],[-43.9024875,-19.8293881]]]}},{"type":"Feature","properties":{"code":"1247","name":"Tupi B"},"geometry":{"type":"Polygon","coordinates":[[[-43.9171779,-19.844476],[-43.9136133,-19.8432515],[-43.9130349,-19.8413639],[-43.9122889,-19.8401951],[-43.913268,-19.8352967],[-43.9135566,-19.8353504],[-43.9137219,-19.8354795],[-43.915514,-19.8350158],[-43.9156872,-19.8353958],[-43.9157198,-19.8348808],[-43.9160206,-19.8345589],[-43.9159246,-19.8339554],[-43.9153337,-19.8323337],[-43.9146808,-19.8316023],[-43.9140007,-19.8312618],[-43.9149018,-19.8302808],[-43.9151959,-19.8301204],[-43.914751,-19.8287386],[-43.9144889,-19.8284805],[-43.9145205,-19.8277954],[-43.9142151,-19.8267092],[-43.9139009,-19.8263358],[-43.9137109,-19.8257921],[-43.9138817,-19.8253941],[-43.9144382,-19.8245416],[-43.9154053,-19.8232643],[-43.9157394,-19.8239705],[-43.9161044,-19.8244165],[-43.9169129,-19.8248752],[-43.9173479,-19.8253603],[-43.9180262,-19.8257188],[-43.9178726,-19.8258194],[-43.9187009,-19.8264064],[-43.9194849,-19.8264841],[-43.919497,-19.8266882],[-43.9175282,-19.8281562],[-43.9178117,-19.8285958],[-43.9183202,-19.8287777],[-43.918433,-19.829107],[-43.9189397,-19.8290602],[-43.9198326,-19.8298647],[-43.9206199,-19.8304333],[-43.9212997,-19.8314339],[-43.9200954,-19.8320202],[-43.9200307,-19.8323849],[-43.9203207,-19.8331126],[-43.9203808,-19.8336554],[-43.9201045,-19.8341586],[-43.9200153,-19.8348337],[-43.9201164,-19.8350882],[-43.9205791,-19.8354597],[-43.9208158,-19.8359941],[-43.920431,-19.839348],[-43.9205968,-19.840314],[-43.92089,-19.8406112],[-43.92171,-19.8411642],[-43.921811,-19.8414105],[-43.9210196,-19.841709],[-43.9190174,-19.8428225],[-43.9180363,-19.8439595],[-43.9171779,-19.844476]],[[-43.91633,-19.8333157],[-43.9175121,-19.8327303],[-43.9173011,-19.8324736],[-43.9172242,-19.8325284],[-43.9169876,-19.8322886],[-43.9170236,-19.8322362],[-43.9169386,-19.8321448],[-43.9166089,-19.8320427],[-43.9159385,-19.8325201],[-43.91633,-19.8333157]]]}},{"type":"Feature","properties":{"code":"807","name":"Garças"},"geometry":{"type":"Polygon","coordinates":[[[-43.9962434,-19.8464773],[-43.9953749,-19.8464309],[-43.9948794,-19.8461336],[-43.9946419,-19.8457129],[-43.9940287,-19.8441539],[-43.9940061,-19.8439238],[-43.9941596,-19.8434617],[-43.9944766,-19.8431299],[-43.995092,-19.8426801],[-43.9952138,-19.8423473],[-43.9951584,-19.8419163],[-43.9949889,-19.8416563],[-43.9944341,-19.8411675],[-43.9943193,-19.8407704],[-43.9949315,-19.8386074],[-43.9948764,-19.8383438],[-43.9947441,-19.8382537],[-43.9957176,-19.8345051],[-43.9962256,-19.8307592],[-43.9970598,-19.8308449],[-43.996918,-19.8318332],[-43.9969603,-19.831935],[-43.9993298,-19.8314575],[-43.9985947,-19.8309188],[-44.0004302,-19.8308018],[-44.0004236,-19.8316614],[-44.0006081,-19.8319711],[-44.0050004,-19.8318067],[-44.0047848,-19.8328659],[-44.0049187,-19.8363336],[-44.0048714,-19.8370496],[-44.0047512,-19.8372822],[-44.0049038,-19.8376932],[-44.0040654,-19.8375084],[-44.0035746,-19.8375925],[-44.0029327,-19.8374294],[-44.0023543,-19.8369455],[-44.0020155,-19.8363357],[-44.0017831,-19.8363111],[-43.9995991,-19.838907],[-43.999922,-19.8404941],[-43.9999771,-19.8405712],[-44.0000863,-19.8404866],[-44.0003889,-19.8396305],[-44.0016818,-19.8380647],[-44.0019834,-19.8380652],[-44.0024777,-19.8383715],[-44.0033666,-19.838607],[-44.0031011,-19.8390777],[-44.0034718,-19.8398169],[-44.0029505,-19.8396313],[-44.0025022,-19.8396333],[-44.0020476,-19.8398789],[-44.0019053,-19.8400769],[-44.0005517,-19.8440315],[-43.9996098,-19.8455096],[-43.9993841,-19.8453547],[-43.999091,-19.845309],[-43.9967943,-19.8463632],[-43.9962434,-19.8464773]]]}},{"type":"Feature","properties":{"code":"699","name":"Itapoã"},"geometry":{"type":"Polygon","coordinates":[[[-43.9555962,-19.844533],[-43.9544574,-19.8443745],[-43.9540583,-19.8442057],[-43.9534005,-19.8437141],[-43.9530744,-19.843322],[-43.9512138,-19.8403382],[-43.9509765,-19.8401137],[-43.9530567,-19.8381381],[-43.9541186,-19.8370117],[-43.9587523,-19.8312131],[-43.9603933,-19.8291068],[-43.960776,-19.8284873],[-43.9616627,-19.8294934],[-43.9622875,-19.8304474],[-43.9666774,-19.8395777],[-43.9675691,-19.8416495],[-43.9555962,-19.844533]]]}},{"type":"Feature","properties":{"code":"733","name":"Nova Pampulha"},"geometry":{"type":"Polygon","coordinates":[[[-44.0159907,-19.8309095],[-44.016665,-19.8305154],[-44.0168336,-19.8309809],[-44.0175298,-19.8342004],[-44.0174966,-19.834363],[-44.0170292,-19.8336532],[-44.015586,-19.8318535],[-44.0152194,-19.8309397],[-44.0159907,-19.8309095]]]}},{"type":"Feature","properties":{"code":"1356","name":"Mirante"},"geometry":{"type":"Polygon","coordinates":[[[-43.91633,-19.8333157],[-43.9159385,-19.8325201],[-43.9166089,-19.8320427],[-43.9169386,-19.8321448],[-43.9170236,-19.8322362],[-43.9169876,-19.8322886],[-43.9172242,-19.8325284],[-43.9173011,-19.8324736],[-43.9175121,-19.8327303],[-43.91633,-19.8333157]]]}},{"type":"Feature","properties":{"code":"762","name":"Santa Amélia"},"geometry":{"type":"Polygon","coordinates":[[[-43.9829472,-19.8481774],[-43.9821615,-19.8480569],[-43.9786413,-19.8461011],[-43.9777162,-19.8458048],[-43.9770848,-19.8459215],[-43.9758316,-19.8464408],[-43.9754214,-19.846539],[-43.9748875,-19.8465771],[-43.9742135,-19.846462],[-43.9725637,-19.8457228],[-43.9718944,-19.8451951],[-43.9716257,-19.8448103],[-43.9711399,-19.8435441],[-43.970926,-19.8432534],[-43.9704384,-19.8428375],[-43.9710822,-19.8419608],[-43.9718095,-19.8425392],[-43.9725039,-19.8422034],[-43.971754,-19.8407304],[-43.97188,-19.836835],[-43.9716288,-19.836369],[-43.9710118,-19.8332566],[-43.9710389,-19.8327536],[-43.9714698,-19.8313682],[-43.971521,-19.8304462],[-43.9716436,-19.8302902],[-43.9718088,-19.8297565],[-43.9729408,-19.8301021],[-43.9739521,-19.8305148],[-43.9742432,-19.8307532],[-43.9748122,-19.8314374],[-43.9750688,-19.8315933],[-43.9754405,-19.8316858],[-43.9757889,-19.8320174],[-43.9764574,-19.8323978],[-43.9770853,-19.8326113],[-43.9781471,-19.8327209],[-43.9797332,-19.8327207],[-43.979914,-19.8334079],[-43.9801843,-19.8336122],[-43.980519,-19.8337126],[-43.9812179,-19.8336222],[-43.981476,-19.8339877],[-43.9815446,-19.8348968],[-43.981052,-19.8354692],[-43.9809105,-19.8357372],[-43.9808237,-19.8364508],[-43.9812362,-19.8383536],[-43.9818946,-19.8382092],[-43.9870158,-19.8403719],[-43.9898774,-19.8424738],[-43.9873654,-19.8441755],[-43.985475,-19.8465519],[-43.9837379,-19.8479194],[-43.983471,-19.8480569],[-43.9829472,-19.8481774]]]}},{"type":"Feature","properties":{"code":"828","name":"Copacabana"},"geometry":{"type":"Polygon","coordinates":[[[-43.9889403,-19.8418064],[-43.9870158,-19.8403719],[-43.9818946,-19.8382092],[-43.9812362,-19.8383536],[-43.9808237,-19.8364508],[-43.9808272,-19.8360727],[-43.981052,-19.8354692],[-43.9815446,-19.8348968],[-43.981476,-19.8339877],[-43.9812179,-19.8336222],[-43.980519,-19.8337126],[-43.9801843,-19.8336122],[-43.979914,-19.8334079],[-43.9797332,-19.8327207],[-43.9805185,-19.8324855],[-43.9809544,-19.8321324],[-43.9813494,-19.8326022],[-43.981711,-19.8327006],[-43.9817829,-19.8320477],[-43.9816681,-19.8320314],[-43.9817613,-19.8314057],[-43.9820004,-19.8311464],[-43.9823695,-19.8311625],[-43.9824101,-19.8309483],[-43.9822116,-19.8307746],[-43.9825694,-19.8303233],[-43.9826926,-19.8304107],[-43.9829999,-19.8300975],[-43.98328,-19.8301545],[-43.9833787,-19.8298819],[-43.9835349,-19.8298945],[-43.9835848,-19.8296589],[-43.9917087,-19.8305545],[-43.9917454,-19.8302877],[-43.9962256,-19.8307592],[-43.9957176,-19.8345051],[-43.9947441,-19.8382537],[-43.9943274,-19.8382387],[-43.9939349,-19.8385347],[-43.9916236,-19.8373632],[-43.990739,-19.8366603],[-43.9889403,-19.8418064]],[[-43.9864476,-19.8392787],[-43.9865315,-19.83856],[-43.9862035,-19.8385422],[-43.9863198,-19.8375522],[-43.985318,-19.8374571],[-43.9853037,-19.8375674],[-43.9856315,-19.8376026],[-43.9855925,-19.8379115],[-43.9852667,-19.8381203],[-43.9851833,-19.8385384],[-43.9853894,-19.8385656],[-43.9854789,-19.8388488],[-43.98583,-19.8388791],[-43.9858523,-19.8386918],[-43.9864476,-19.8392787]],[[-43.9854373,-19.8367713],[-43.9856297,-19.8350503],[-43.9848982,-19.8349952],[-43.984876,-19.8351986],[-43.985118,-19.8352168],[-43.9852622,-19.8364322],[-43.9852048,-19.8365245],[-43.9847285,-19.8365215],[-43.9847172,-19.8367095],[-43.9854373,-19.8367713]]]}},{"type":"Feature","properties":{"code":"632","name":"Campo Alegre"},"geometry":{"type":"Polygon","coordinates":[[[-43.9463106,-19.8338758],[-43.9456575,-19.8323445],[-43.9448808,-19.8292431],[-43.9449218,-19.8285341],[-43.9451169,-19.8276023],[-43.9452274,-19.8273014],[-43.9456616,-19.8268442],[-43.9468041,-19.8280313],[-43.9471162,-19.8284683],[-43.947362,-19.8291023],[-43.94893,-19.830182],[-43.9491967,-19.8307696],[-43.9493543,-19.8315437],[-43.9493236,-19.832399],[-43.9491188,-19.832788],[-43.9488461,-19.8330987],[-43.9471553,-19.8335172],[-43.9463106,-19.8338758]]]}},{"type":"Feature","properties":{"code":"1315","name":"Conjunto São Francisco de Assis"},"geometry":{"type":"Polygon","coordinates":[[[-44.0119762,-19.8307917],[-44.0116519,-19.8319738],[-44.0106927,-19.8317224],[-44.0104572,-19.8309526],[-44.0119762,-19.8307917]]]}},{"type":"Feature","properties":{"code":"794","name":"São Tomáz"},"geometry":{"type":"Polygon","coordinates":[[[-43.9524921,-19.8423806],[-43.9530744,-19.843322],[-43.9534005,-19.8437141],[-43.9540583,-19.8442057],[-43.9544574,-19.8443745],[-43.9555962,-19.844533],[-43.9569301,-19.8442536],[-43.9558497,-19.8452051],[-43.9556688,-19.8450772],[-43.9556952,-19.8448532],[-43.9556187,-19.844785],[-43.9533986,-19.8443994],[-43.9530151,-19.8440924],[-43.9528317,-19.8437092],[-43.9527339,-19.8441619],[-43.9520847,-19.8440635],[-43.9518214,-19.845554],[-43.9504921,-19.8453508],[-43.9506278,-19.8446224],[-43.9499761,-19.8445156],[-43.9499981,-19.8443794],[-43.9496701,-19.844361],[-43.9497033,-19.8441712],[-43.9493711,-19.8441323],[-43.9491868,-19.8451666],[-43.9485335,-19.8450459],[-43.9487645,-19.8437656],[-43.9484853,-19.8437151],[-43.9479855,-19.8438674],[-43.9468577,-19.8438866],[-43.9481739,-19.8428438],[-43.9500829,-19.8408187],[-43.9509765,-19.8401137],[-43.9512138,-19.8403382],[-43.9524921,-19.8423806]],[[-43.9524921,-19.8423806],[-43.9514836,-19.8421098],[-43.9509117,-19.8413166],[-43.9499045,-19.8411627],[-43.9498461,-19.8414797],[-43.9505117,-19.8415992],[-43.9503498,-19.8424529],[-43.9506858,-19.842504],[-43.9507929,-19.8419563],[-43.9511121,-19.842],[-43.9509753,-19.842775],[-43.9516123,-19.8428803],[-43.9516521,-19.8426616],[-43.9523398,-19.8427695],[-43.9524178,-19.8424193],[-43.9524921,-19.8423806]]]}},{"type":"Feature","properties":{"code":"1240","name":"Nazaré"},"geometry":{"type":"Polygon","coordinates":[[[-43.9021459,-19.8572325],[-43.8977521,-19.8562913],[-43.8915,-19.8545962],[-43.8909235,-19.8543374],[-43.8888401,-19.852456],[-43.8896245,-19.851613],[-43.8895247,-19.8515262],[-43.8895553,-19.8513853],[-43.8899763,-19.8517088],[-43.8899016,-19.8517801],[-43.890135,-19.8519936],[-43.8902067,-19.8519194],[-43.8904591,-19.852139],[-43.8907046,-19.8518991],[-43.8911105,-19.851988],[-43.8912791,-19.8519671],[-43.8913746,-19.8517922],[-43.8916773,-19.8518321],[-43.891659,-19.8513347],[-43.8930358,-19.8511665],[-43.8937092,-19.8512049],[-43.8937903,-19.8511102],[-43.8947183,-19.8511601],[-43.8946926,-19.8498264],[-43.894737,-19.8495954],[-43.8947867,-19.8496121],[-43.8947888,-19.8493262],[-43.8949507,-19.8494376],[-43.8952034,-19.8492161],[-43.8949605,-19.8489718],[-43.895504,-19.848568],[-43.8953734,-19.848429],[-43.8958527,-19.8480679],[-43.8959022,-19.8481119],[-43.896079,-19.8479516],[-43.8961176,-19.8479837],[-43.8962181,-19.8478445],[-43.8963899,-19.8479458],[-43.8966312,-19.8471507],[-43.8970224,-19.8473526],[-43.8981536,-19.8458473],[-43.8989173,-19.8468254],[-43.8994695,-19.8470748],[-43.8996042,-19.8475967],[-43.9000712,-19.8475781],[-43.9002758,-19.8481992],[-43.9005114,-19.8493671],[-43.9008014,-19.8501973],[-43.9009829,-19.8505514],[-43.9016359,-19.8511246],[-43.9008482,-19.8515963],[-43.9008084,-19.853343],[-43.9003319,-19.8534089],[-43.9001814,-19.8532674],[-43.8992625,-19.8533938],[-43.8992067,-19.8536673],[-43.8992993,-19.854232],[-43.8992616,-19.8544803],[-43.8990663,-19.8547719],[-43.8988212,-19.8549521],[-43.8989956,-19.8551623],[-43.8995978,-19.8552439],[-43.9000503,-19.8554921],[-43.9001696,-19.8556354],[-43.9023075,-19.8569596],[-43.9021459,-19.8572325]]]}},{"type":"Feature","properties":{"code":"662","name":"Dona Clara"},"geometry":{"type":"Polygon","coordinates":[[[-43.9428734,-19.8633101],[-43.9412194,-19.8628955],[-43.9378675,-19.8625837],[-43.9364175,-19.8630887],[-43.9334428,-19.8603878],[-43.934356,-19.8582872],[-43.9349274,-19.8584153],[-43.9356512,-19.8580442],[-43.9360763,-19.857606],[-43.9363933,-19.8570019],[-43.9365264,-19.8561593],[-43.9364061,-19.8544957],[-43.9365866,-19.8546742],[-43.9378795,-19.8579459],[-43.9440722,-19.8556406],[-43.9451547,-19.8553444],[-43.9452801,-19.8552351],[-43.9459693,-19.8570951],[-43.9458733,-19.8572478],[-43.9464709,-19.8581464],[-43.9471492,-19.8594497],[-43.9473971,-19.8601106],[-43.9440225,-19.8613691],[-43.9433852,-19.8613654],[-43.9428734,-19.8633101]]]}},{"type":"Feature","properties":{"code":"2031","name":"Vila Verde"},"geometry":{"type":"Polygon","coordinates":[[[-43.9866195,-19.7872839],[-43.9862546,-19.7872053],[-43.9866021,-19.7867804],[-43.9869728,-19.7865067],[-43.9870288,-19.7861015],[-43.9871157,-19.7860035],[-43.9873426,-19.7859875],[-43.9875092,-19.7864206],[-43.9873972,-19.7864322],[-43.9875044,-19.78677],[-43.9873628,-19.7868021],[-43.9870563,-19.7870422],[-43.9869386,-19.7869548],[-43.9866195,-19.7872839]]]}},{"type":"Feature","properties":{"code":"2032","name":"Cristo Rei"},"geometry":{"type":"Polygon","coordinates":[[[-43.9739326,-19.9675894],[-43.9741353,-19.9678969],[-43.9736525,-19.9679908],[-43.9736189,-19.9678892],[-43.9732947,-19.9679863],[-43.973361,-19.9681699],[-43.9732206,-19.9682675],[-43.9729164,-19.968209],[-43.9723614,-19.9679212],[-43.9731856,-19.967297],[-43.9732322,-19.9671872],[-43.973368,-19.9673073],[-43.9736083,-19.9677557],[-43.9739326,-19.9675894]]]}},{"type":"Feature","properties":{"code":"1402","name":"Vila Aeroporto Jaraguá"},"geometry":{"type":"Polygon","coordinates":[[[-43.9585798,-19.8571282],[-43.9584085,-19.8568568],[-43.9585163,-19.8568212],[-43.9583842,-19.8565906],[-43.9578552,-19.856926],[-43.9577131,-19.8567603],[-43.9580023,-19.8566042],[-43.9580283,-19.8564145],[-43.9579612,-19.8563307],[-43.9584742,-19.8560773],[-43.958502,-19.8561238],[-43.9587352,-19.8559935],[-43.9588414,-19.8558456],[-43.9592376,-19.8564318],[-43.9589253,-19.8566145],[-43.9590721,-19.856875],[-43.9585798,-19.8571282]]]}},{"type":"Feature","properties":{"code":"812","name":"Goiânia"},"geometry":{"type":"Polygon","coordinates":[[[-43.9057656,-19.8578752],[-43.9042611,-19.8655172],[-43.9040741,-19.8665587],[-43.903853,-19.8687313],[-43.9033707,-19.8709435],[-43.9033659,-19.8723852],[-43.9040376,-19.875237],[-43.9034243,-19.8752822],[-43.9031209,-19.8750618],[-43.9030504,-19.8751146],[-43.9032119,-19.8752754],[-43.9031093,-19.8753222],[-43.9032219,-19.8755163],[-43.9027925,-19.8756207],[-43.9027411,-19.8755163],[-43.9024359,-19.8754251],[-43.9025029,-19.8756773],[-43.9023762,-19.875741],[-43.9021783,-19.8757739],[-43.9018693,-19.8756762],[-43.9016522,-19.8759766],[-43.9017658,-19.8763585],[-43.9005454,-19.8769482],[-43.9003829,-19.8769687],[-43.8997,-19.8763442],[-43.8986732,-19.8759609],[-43.8985753,-19.8757824],[-43.8985391,-19.8752853],[-43.8987131,-19.8744082],[-43.8984557,-19.8742388],[-43.8982604,-19.873687],[-43.8978704,-19.8732297],[-43.897649,-19.8731582],[-43.8971923,-19.8731666],[-43.8970229,-19.8730866],[-43.8972385,-19.872739],[-43.8973479,-19.8722116],[-43.8972325,-19.8716745],[-43.8995176,-19.8711734],[-43.8992872,-19.8705703],[-43.8984614,-19.8698054],[-43.8975637,-19.8694961],[-43.8975064,-19.8692437],[-43.8967991,-19.8692142],[-43.8964696,-19.8690555],[-43.8962417,-19.8684621],[-43.8963259,-19.8677014],[-43.8965609,-19.8670376],[-43.8965249,-19.866798],[-43.8960467,-19.8658214],[-43.8954138,-19.8651204],[-43.8952194,-19.8646373],[-43.8945625,-19.8646082],[-43.8941736,-19.8649271],[-43.8937525,-19.865069],[-43.8937036,-19.8652925],[-43.8933934,-19.8654128],[-43.892838,-19.8654609],[-43.8923634,-19.8658008],[-43.8921698,-19.8657757],[-43.891762,-19.8654545],[-43.8914285,-19.8653953],[-43.8917177,-19.8649057],[-43.8932298,-19.8632268],[-43.8938029,-19.8624048],[-43.8929666,-19.8588229],[-43.8927926,-19.858488],[-43.892198,-19.8561373],[-43.8917234,-19.8552337],[-43.8909235,-19.8543374],[-43.8915,-19.8545962],[-43.8925771,-19.8549126],[-43.8924265,-19.855342],[-43.8934686,-19.8557989],[-43.8929542,-19.8558654],[-43.892746,-19.8559543],[-43.892509,-19.8561899],[-43.8929398,-19.8564368],[-43.8930278,-19.8563385],[-43.8931215,-19.8563863],[-43.8939224,-19.8570406],[-43.8945493,-19.8562655],[-43.8960915,-19.8570101],[-43.8965052,-19.8571244],[-43.8969648,-19.8571439],[-43.8974479,-19.8570568],[-43.8992355,-19.8566095],[-43.9039777,-19.857616],[-43.9057656,-19.8578752]],[[-43.8985286,-19.8616687],[-43.898281,-19.8611624],[-43.8982735,-19.8611219],[-43.8981191,-19.8612754],[-43.898135,-19.8617293],[-43.8985286,-19.8616687]]]}},{"type":"Feature","properties":{"code":"1322","name":"Vila Esplanada"},"geometry":{"type":"Polygon","coordinates":[[[-43.9212962,-19.8561629],[-43.9209537,-19.8563153],[-43.9211821,-19.8566998],[-43.9211082,-19.8567298],[-43.9210966,-19.8568689],[-43.9208977,-19.8568008],[-43.9209538,-19.8566833],[-43.9182793,-19.8519423],[-43.9187489,-19.8516588],[-43.9193783,-19.8525931],[-43.9206219,-19.8549372],[-43.920469,-19.8550612],[-43.9206971,-19.855499],[-43.9208929,-19.8553973],[-43.9212962,-19.8561629]]]}},{"type":"Feature","properties":{"code":"1290","name":"Biquinhas"},"geometry":{"type":"MultiPolygon","coordinates":[[[[-43.9414348,-19.8425358],[-43.9412068,-19.8424196],[-43.9412973,-19.8422552],[-43.9412989,-19.8420166],[-43.9411248,-19.8419277],[-43.9411637,-19.8416809],[-43.9411146,-19.841669],[-43.9414496,-19.8412473],[-43.9414851,-19.8410493],[-43.9413237,-19.8403268],[-43.9411437,-19.8403523],[-43.9410861,-19.8401193],[-43.9413926,-19.8400397],[-43.9410661,-19.8392833],[-43.9412215,-19.839144],[-43.9409117,-19.8387054],[-43.9406612,-19.8388564],[-43.9400406,-19.8380036],[-43.9403556,-19.8377519],[-43.9402753,-19.8375669],[-43.9402548,-19.8367274],[-43.9404503,-19.8362887],[-43.9410303,-19.83635],[-43.9408187,-19.8367405],[-43.9408288,-19.8370261],[-43.9413745,-19.8382506],[-43.9415321,-19.8388576],[-43.9416962,-19.8388208],[-43.941745,-19.8389088],[-43.941721,-19.8394074],[-43.9421378,-19.8394447],[-43.9422665,-19.8395938],[-43.94226,-19.839685],[-43.9420512,-19.8396918],[-43.941935,-19.8400517],[-43.941738,-19.8407803],[-43.941763,-19.8413375],[-43.9427289,-19.8419115],[-43.9426858,-19.8420444],[-43.9424825,-19.8419281],[-43.9422667,-19.8420378],[-43.9421958,-19.8419229],[-43.9417662,-19.8421252],[-43.9418395,-19.8422499],[-43.9414902,-19.842399],[-43.9415349,-19.8424936],[-43.9414348,-19.8425358]]],[[[-43.9436021,-19.8434718],[-43.9434445,-19.8431978],[-43.9432565,-19.8433225],[-43.9430799,-19.8430497],[-43.9429262,-19.8427685],[-43.9431309,-19.842662],[-43.9429668,-19.8423873],[-43.9425709,-19.8425894],[-43.9424025,-19.8423208],[-43.9427665,-19.8421664],[-43.9439217,-19.8428096],[-43.9442381,-19.8431657],[-43.9436021,-19.8434718]]]]}},{"type":"Feature","properties":{"code":"1239","name":"Belmonte"},"geometry":{"type":"Polygon","coordinates":[[[-43.903543,-19.8516288],[-43.902861,-19.8515443],[-43.9020078,-19.8513262],[-43.9016359,-19.8511246],[-43.9009829,-19.8505514],[-43.9005114,-19.8493671],[-43.9001073,-19.8476481],[-43.900045,-19.8475529],[-43.8998064,-19.8476143],[-43.899547,-19.8462867],[-43.8997107,-19.8462207],[-43.8995424,-19.8458263],[-43.8996089,-19.845788],[-43.8991757,-19.8450849],[-43.8992656,-19.84449],[-43.8985167,-19.8440715],[-43.8982799,-19.8438292],[-43.8979504,-19.8439042],[-43.897651,-19.8430811],[-43.8975926,-19.8424071],[-43.8976794,-19.8421938],[-43.9022823,-19.8413788],[-43.9021643,-19.8418148],[-43.9020204,-19.8418858],[-43.9020258,-19.8420378],[-43.9022694,-19.8424223],[-43.9027945,-19.8428135],[-43.9034284,-19.8430921],[-43.9035867,-19.8438856],[-43.9033246,-19.8444743],[-43.9030897,-19.8446057],[-43.9026527,-19.8446649],[-43.9023981,-19.845224],[-43.9026063,-19.845788],[-43.9027761,-19.8460082],[-43.903002,-19.8471276],[-43.9031447,-19.8472591],[-43.9047973,-19.8477487],[-43.904873,-19.8476966],[-43.9051423,-19.8488738],[-43.905597,-19.8498633],[-43.9056249,-19.8509392],[-43.9039421,-19.851601],[-43.903543,-19.8516288]]]}},{"type":"Feature","properties":{"code":"1357","name":"Mirtes"},"geometry":{"type":"Polygon","coordinates":[[[-43.8846685,-19.843984],[-43.88419,-19.8435644],[-43.8840746,-19.8436401],[-43.8838172,-19.8424913],[-43.8846187,-19.8421869],[-43.8846086,-19.8427063],[-43.8848279,-19.8433195],[-43.8847636,-19.8434135],[-43.8848563,-19.8436776],[-43.8848442,-19.8437904],[-43.8846685,-19.843984]]]}},{"type":"Feature","properties":{"code":"1407","name":"Vila Átila de Paiva"},"geometry":{"type":"Polygon","coordinates":[[[-44.0318633,-19.9789619],[-44.0326318,-19.9802097],[-44.0317956,-19.9807941],[-44.0317082,-19.9809331],[-44.0315726,-19.9807267],[-44.0314493,-19.9800409],[-44.0312098,-19.9794986],[-44.0309224,-19.9791885],[-44.0301615,-19.9787009],[-44.0311516,-19.9776496],[-44.0308596,-19.9771449],[-44.0305886,-19.9768116],[-44.030057,-19.9764026],[-44.0292937,-19.9761342],[-44.0284875,-19.9761147],[-44.0283803,-19.9759045],[-44.0290509,-19.9758771],[-44.0298203,-19.9760317],[-44.030389,-19.9763127],[-44.0309104,-19.9767425],[-44.0313328,-19.9773702],[-44.0318633,-19.9789619]]]}},{"type":"Feature","properties":{"code":"1460","name":"Vila Rica"},"geometry":{"type":"Polygon","coordinates":[[[-43.9543552,-19.8566132],[-43.9535418,-19.8561974],[-43.9532892,-19.8562522],[-43.9527434,-19.8557665],[-43.9525523,-19.8558484],[-43.9524909,-19.855701],[-43.9526151,-19.8556657],[-43.9521846,-19.8552625],[-43.9530431,-19.8547344],[-43.9548086,-19.8556595],[-43.9543552,-19.8566132]]]}},{"type":"Feature","properties":{"code":"1435","name":"Vila Mantiqueira"},"geometry":{"type":"Polygon","coordinates":[[[-43.9785412,-19.7895501],[-43.9783204,-19.7892765],[-43.9781277,-19.7895264],[-43.9779617,-19.7894103],[-43.9780541,-19.7892655],[-43.9779137,-19.7890749],[-43.9781383,-19.7887841],[-43.9784793,-19.7889418],[-43.9788164,-19.7884042],[-43.9789475,-19.7884338],[-43.9789403,-19.7884896],[-43.9794029,-19.7885715],[-43.9796552,-19.7883469],[-43.9797516,-19.7876548],[-43.9798198,-19.7876568],[-43.9798818,-19.7873442],[-43.9798866,-19.7868136],[-43.9800356,-19.7863063],[-43.979627,-19.7856649],[-43.9796807,-19.7855078],[-43.9799614,-19.7856934],[-43.9799911,-19.7856361],[-43.9802645,-19.7856428],[-43.9802787,-19.7858379],[-43.9806059,-19.7859954],[-43.9805,-19.7863963],[-43.9803857,-19.7863814],[-43.9802605,-19.7866946],[-43.9801434,-19.786661],[-43.9800403,-19.7870864],[-43.9802272,-19.7872661],[-43.9800313,-19.7877011],[-43.9800886,-19.7880824],[-43.9798215,-19.7883119],[-43.9797216,-19.7888671],[-43.980184,-19.788972],[-43.9801539,-19.7891351],[-43.9800451,-19.7892303],[-43.9798528,-19.789253],[-43.9793183,-19.7891752],[-43.9790404,-19.7892136],[-43.9789369,-19.7889737],[-43.978728,-19.7890741],[-43.9788878,-19.7893064],[-43.9785412,-19.7895501]]]}},{"type":"Feature","properties":{"code":"810","name":"Venda Nova"},"geometry":{"type":"Polygon","coordinates":[[[-43.954736,-19.8240217],[-43.9514139,-19.8198913],[-43.951723,-19.8197408],[-43.9520288,-19.8193611],[-43.9537732,-19.8162616],[-43.9546397,-19.8151847],[-43.9551445,-19.8147299],[-43.9562563,-19.813926],[-43.9595272,-19.8123009],[-43.9599723,-19.8121917],[-43.9615248,-19.8120885],[-43.9619903,-19.8119907],[-43.9625965,-19.8116862],[-43.9639429,-19.8106294],[-43.9647264,-19.8103263],[-43.9671137,-19.8096798],[-43.967826,-19.8090579],[-43.9686127,-19.8096136],[-43.9682923,-19.8099806],[-43.9674767,-19.8104979],[-43.9661848,-19.8109497],[-43.9662467,-19.8120965],[-43.9660549,-19.8121517],[-43.9656374,-19.8125768],[-43.9644025,-19.8140045],[-43.9639344,-19.8146746],[-43.9635057,-19.8147271],[-43.963286,-19.8150419],[-43.9637524,-19.8154254],[-43.9608946,-19.8179184],[-43.9597324,-19.8183652],[-43.9592315,-19.8189741],[-43.9580961,-19.8185659],[-43.9574827,-19.8187513],[-43.9569648,-19.8186837],[-43.9562682,-19.8181746],[-43.9554329,-19.8178055],[-43.9550374,-19.8188958],[-43.9534401,-19.819023],[-43.9529041,-19.8203495],[-43.953373,-19.8212507],[-43.954153,-19.8224125],[-43.9544997,-19.8227919],[-43.9553476,-19.8234827],[-43.9555634,-19.8239075],[-43.954736,-19.8240217]]]}},{"type":"Feature","properties":{"code":"1375","name":"Vila Piratininga Venda Nova"},"geometry":{"type":"Polygon","coordinates":[[[-43.9933793,-19.8112293],[-43.9929189,-19.8107934],[-43.9931299,-19.810565],[-43.9929562,-19.8104236],[-43.9931429,-19.8102181],[-43.99293,-19.8100385],[-43.993057,-19.8098974],[-43.993982,-19.8105807],[-43.993909,-19.8111689],[-43.9936891,-19.8110078],[-43.9934803,-19.8112185],[-43.9933793,-19.8112293]]]}},{"type":"Feature","properties":{"code":"688","name":"Juliana"},"geometry":{"type":"Polygon","coordinates":[[[-43.9433132,-19.8235616],[-43.9433257,-19.822968],[-43.9437315,-19.8221106],[-43.9432185,-19.8207462],[-43.9432594,-19.8206448],[-43.9430628,-19.8196218],[-43.9427966,-19.8186268],[-43.9426554,-19.81839],[-43.9426627,-19.8181088],[-43.9424132,-19.8181072],[-43.9414794,-19.8186128],[-43.9404363,-19.818872],[-43.9393243,-19.8193152],[-43.9388145,-19.8194332],[-43.938372,-19.8192736],[-43.9379109,-19.8187103],[-43.9372952,-19.8183349],[-43.9373239,-19.8182019],[-43.9369201,-19.8175735],[-43.9368824,-19.8173265],[-43.9370142,-19.8169756],[-43.9396887,-19.8161719],[-43.9393129,-19.8158562],[-43.9395057,-19.8156665],[-43.9397562,-19.8158385],[-43.940634,-19.8156959],[-43.9405986,-19.8150069],[-43.9418007,-19.8150337],[-43.941874,-19.8141908],[-43.9421176,-19.8139926],[-43.9425598,-19.8137717],[-43.9433188,-19.8141317],[-43.9435468,-19.8141128],[-43.9437331,-19.8137742],[-43.9436061,-19.8136697],[-43.9434689,-19.8137234],[-43.943099,-19.8136767],[-43.9428346,-19.8133703],[-43.9424393,-19.8135537],[-43.9422804,-19.813122],[-43.9418747,-19.8130518],[-43.9418021,-19.8125699],[-43.9408966,-19.8124809],[-43.9394872,-19.8120139],[-43.9387617,-19.8128414],[-43.9384089,-19.8124303],[-43.9397113,-19.8113671],[-43.9398406,-19.8098048],[-43.939733,-19.8090867],[-43.9399443,-19.8090249],[-43.9401179,-19.809549],[-43.9414257,-19.8102493],[-43.943137,-19.810861],[-43.9446366,-19.8090419],[-43.9454852,-19.8103021],[-43.9458179,-19.8106665],[-43.945897,-19.8108562],[-43.9458673,-19.8110716],[-43.9461056,-19.8114052],[-43.9460946,-19.8114929],[-43.9461631,-19.8112722],[-43.946477,-19.8110066],[-43.9470383,-19.8112369],[-43.947181,-19.810834],[-43.9475122,-19.8106322],[-43.948093,-19.811408],[-43.9471796,-19.8123211],[-43.9470015,-19.8125979],[-43.9468372,-19.8130796],[-43.9468104,-19.8135334],[-43.9468467,-19.8138488],[-43.9470388,-19.8143285],[-43.9480417,-19.8156359],[-43.9482558,-19.8160636],[-43.9447833,-19.8233234],[-43.9445449,-19.8232706],[-43.9440778,-19.8234547],[-43.9433132,-19.8235616]]]}},{"type":"Feature","properties":{"code":"675","name":"Xodó-Marize"},"geometry":{"type":"Polygon","coordinates":[[[-43.9417092,-19.8253841],[-43.9410486,-19.8253334],[-43.9403942,-19.8250289],[-43.9381228,-19.8230227],[-43.9377495,-19.8225454],[-43.9371492,-19.8220964],[-43.9368404,-19.8220379],[-43.9364266,-19.821746],[-43.9359609,-19.8216772],[-43.934911,-19.8210843],[-43.9342888,-19.8209526],[-43.9336462,-19.8210287],[-43.9329588,-19.8213614],[-43.9322815,-19.821573],[-43.9320107,-19.8218357],[-43.9317697,-19.8218696],[-43.9305507,-19.822397],[-43.9302502,-19.8221711],[-43.9300089,-19.8217436],[-43.9300218,-19.8212292],[-43.9301692,-19.8211503],[-43.9307597,-19.8211242],[-43.9317242,-19.8205984],[-43.9323804,-19.8204799],[-43.932695,-19.8205227],[-43.933084,-19.8204745],[-43.933332,-19.8202236],[-43.9331857,-19.8198477],[-43.9334365,-19.8195978],[-43.9336029,-19.8195307],[-43.9339565,-19.8195268],[-43.9343316,-19.8196966],[-43.9349173,-19.8203352],[-43.9351437,-19.82047],[-43.9356415,-19.8204825],[-43.9360635,-19.8204009],[-43.9363288,-19.8201831],[-43.9368756,-19.819469],[-43.9370178,-19.8188888],[-43.9369432,-19.8184904],[-43.9370218,-19.8183735],[-43.9372952,-19.8183349],[-43.9377032,-19.8185394],[-43.938372,-19.8192736],[-43.9388145,-19.8194332],[-43.9393243,-19.8193152],[-43.9404363,-19.818872],[-43.9414794,-19.8186128],[-43.9424132,-19.8181072],[-43.9426627,-19.8181088],[-43.9426554,-19.81839],[-43.9427966,-19.8186268],[-43.9430628,-19.8196218],[-43.9432594,-19.8206448],[-43.9432185,-19.8207462],[-43.9437315,-19.8221106],[-43.9433257,-19.822968],[-43.9433132,-19.8235616],[-43.9432055,-19.823678],[-43.942998,-19.8243538],[-43.9417092,-19.8253841]]]}},{"type":"Feature","properties":{"code":"818","name":"Rio Branco"},"geometry":{"type":"Polygon","coordinates":[[[-43.9825513,-19.8247753],[-43.9806794,-19.8242392],[-43.9807266,-19.8238135],[-43.980346,-19.8226859],[-43.9790743,-19.8230874],[-43.9786834,-19.8222865],[-43.9769957,-19.8174147],[-43.9763605,-19.8164317],[-43.9757386,-19.8159011],[-43.9750983,-19.8155335],[-43.9724095,-19.8146297],[-43.9765739,-19.8145358],[-43.9764586,-19.8142389],[-43.9776923,-19.8136518],[-43.9792373,-19.8104215],[-43.9798365,-19.8107576],[-43.9803726,-19.8115012],[-43.9805186,-19.8124885],[-43.9824321,-19.8117743],[-43.982488,-19.8121772],[-43.9826545,-19.8120674],[-43.9843889,-19.8136487],[-43.9848592,-19.8122835],[-43.9856752,-19.8125886],[-43.9883114,-19.8124764],[-43.9884674,-19.812578],[-43.9871272,-19.8188031],[-43.9872637,-19.8197829],[-43.9877405,-19.8199228],[-43.9898233,-19.8201229],[-43.9899576,-19.8205578],[-43.9903981,-19.8208873],[-43.9902869,-19.8220674],[-43.9892353,-19.8219038],[-43.9892034,-19.8219553],[-43.9884651,-19.8218856],[-43.9881713,-19.8217673],[-43.9863973,-19.8220001],[-43.9855334,-19.8209014],[-43.9851092,-19.8212284],[-43.9836142,-19.8217529],[-43.9835441,-19.8217149],[-43.9825513,-19.8247753]]]}},{"type":"Feature","properties":{"code":"1341","name":"Madri"},"geometry":{"type":"Polygon","coordinates":[[[-43.9366792,-19.8170871],[-43.9365008,-19.8162461],[-43.9361186,-19.8162272],[-43.9347816,-19.8164444],[-43.9345862,-19.8151738],[-43.9347747,-19.8151167],[-43.9348152,-19.8150366],[-43.934826,-19.8146665],[-43.9346451,-19.8130016],[-43.9347853,-19.812767],[-43.9351784,-19.8124903],[-43.9358122,-19.8126879],[-43.937297,-19.8140003],[-43.938336,-19.8144822],[-43.9388941,-19.8155079],[-43.9396887,-19.8161719],[-43.9366792,-19.8170871]]]}},{"type":"Feature","properties":{"code":"1371","name":"Parque São Pedro"},"geometry":{"type":"Polygon","coordinates":[[[-43.9514139,-19.8198913],[-43.9504327,-19.8186673],[-43.9491296,-19.8172687],[-43.9482558,-19.8160636],[-43.9500038,-19.8123592],[-43.9502832,-19.8116251],[-43.950368,-19.8106073],[-43.9507176,-19.8106113],[-43.9508971,-19.8103105],[-43.9522625,-19.8115917],[-43.9535812,-19.8121958],[-43.953898,-19.8124272],[-43.9556622,-19.8143292],[-43.9548464,-19.8149852],[-43.9539644,-19.8159641],[-43.9520288,-19.8193611],[-43.951723,-19.8197408],[-43.9514139,-19.8198913]],[[-43.9501118,-19.8172289],[-43.950291,-19.8172115],[-43.9502502,-19.8168564],[-43.9503925,-19.816842],[-43.950399,-19.8168991],[-43.9507254,-19.8168385],[-43.9506733,-19.8165254],[-43.9502189,-19.8165656],[-43.9502221,-19.8163867],[-43.9498907,-19.8162564],[-43.9495797,-19.8158964],[-43.9493216,-19.8160703],[-43.9493096,-19.8161562],[-43.9490377,-19.8162788],[-43.9491188,-19.8166185],[-43.9492602,-19.8168967],[-43.9496548,-19.8171141],[-43.9497475,-19.8168805],[-43.9498735,-19.8169371],[-43.949922,-19.8168446],[-43.9500819,-19.8169215],[-43.9501118,-19.8172289]]]}},{"type":"Feature","properties":{"code":"643","name":"Céu Azul"},"geometry":{"type":"Polygon","coordinates":[[[-44.0052832,-19.8102835],[-44.0055028,-19.8102741],[-44.0066969,-19.8108797],[-44.0071194,-19.8118002],[-44.0074407,-19.8122077],[-44.0077735,-19.8124906],[-44.0087511,-19.8140205],[-44.0078778,-19.8144978],[-44.0073879,-19.8149758],[-44.0073422,-19.8151897],[-44.0074103,-19.8164995],[-44.007049,-19.8173983],[-44.0061112,-19.818881],[-44.0057918,-19.8202531],[-44.0057865,-19.8205907],[-44.0059735,-19.8208234],[-44.0065608,-19.8211361],[-44.0076404,-19.8219383],[-44.0084106,-19.8223161],[-44.0088899,-19.8222601],[-44.0094066,-19.8224254],[-44.0096967,-19.823269],[-44.0098891,-19.8243706],[-44.010175,-19.8249407],[-44.0103531,-19.8257356],[-44.010501,-19.8258937],[-44.010412,-19.8259754],[-44.0086677,-19.8263871],[-44.0064446,-19.8270638],[-44.005677,-19.82877],[-44.0054042,-19.8296363],[-44.0050004,-19.8318067],[-44.0006081,-19.8319711],[-44.0004236,-19.8316614],[-44.0004302,-19.8308018],[-43.9985947,-19.8309188],[-43.9993298,-19.8314575],[-43.9969603,-19.831935],[-43.996918,-19.8318332],[-43.9970598,-19.8308449],[-43.9937365,-19.8304873],[-43.9946596,-19.8223215],[-43.9946252,-19.8218328],[-43.9955752,-19.8209861],[-43.9958338,-19.8190929],[-43.9952182,-19.8194376],[-43.9948006,-19.8194598],[-43.9945687,-19.8196706],[-43.9945035,-19.8197646],[-43.9946066,-19.8198172],[-43.9944118,-19.8200218],[-43.9945124,-19.820286],[-43.9942249,-19.8207651],[-43.9940855,-19.821534],[-43.9933938,-19.8214522],[-43.9934926,-19.8204741],[-43.9928169,-19.8204277],[-43.993017,-19.819727],[-43.9933711,-19.819106],[-43.994339,-19.8184616],[-43.994295,-19.8181983],[-43.9945781,-19.8180062],[-43.9943907,-19.8177482],[-43.9947422,-19.8173695],[-43.994991,-19.8166979],[-43.995444,-19.815814],[-43.9956587,-19.8151569],[-43.9958433,-19.8148948],[-43.9960148,-19.8147656],[-43.9984353,-19.8139496],[-43.9993042,-19.8155588],[-44.0012908,-19.815383],[-44.0011835,-19.8150472],[-44.0009862,-19.814852],[-44.0008045,-19.8139094],[-44.0001672,-19.8132023],[-44.0015008,-19.8125225],[-44.0014014,-19.8123019],[-44.0029508,-19.8120939],[-44.0044086,-19.8115163],[-44.005077,-19.8104553],[-44.0052832,-19.8102835]]]}},{"type":"Feature","properties":{"code":"772","name":"Santa Mônica"},"geometry":{"type":"Polygon","coordinates":[[[-43.9710226,-19.8329023],[-43.9676665,-19.832605],[-43.9657934,-19.8277765],[-43.966723,-19.8271584],[-43.9678147,-19.8271228],[-43.9683515,-19.8262792],[-43.9693972,-19.824158],[-43.9725904,-19.8192786],[-43.9726408,-19.8188883],[-43.9725258,-19.8162004],[-43.9711773,-19.8147393],[-43.9724095,-19.8146297],[-43.9750983,-19.8155335],[-43.9757386,-19.8159011],[-43.9763605,-19.8164317],[-43.9769957,-19.8174147],[-43.9786834,-19.8222865],[-43.9790743,-19.8230874],[-43.980346,-19.8226859],[-43.9807266,-19.8238135],[-43.9806794,-19.8242392],[-43.9825513,-19.8247753],[-43.9835441,-19.8217149],[-43.9836142,-19.8217529],[-43.9851092,-19.8212284],[-43.9855334,-19.8209014],[-43.9863973,-19.8220001],[-43.9871104,-19.8218933],[-43.9857423,-19.8241817],[-43.9856812,-19.8245606],[-43.9855293,-19.8245485],[-43.9854989,-19.8247668],[-43.9846678,-19.8246693],[-43.9845118,-19.8248839],[-43.98422,-19.8266196],[-43.98404,-19.8271353],[-43.9837563,-19.8269639],[-43.9835945,-19.8274831],[-43.9834985,-19.8274498],[-43.9832131,-19.8282142],[-43.9831404,-19.8282502],[-43.9829253,-19.8281745],[-43.982731,-19.8286886],[-43.9830527,-19.8287939],[-43.9829086,-19.8292776],[-43.9811367,-19.831297],[-43.9813763,-19.8314964],[-43.9811828,-19.8317155],[-43.9813578,-19.831813],[-43.9812989,-19.8318816],[-43.9812068,-19.8318469],[-43.9805185,-19.8324855],[-43.9797332,-19.8327207],[-43.9781471,-19.8327209],[-43.9770853,-19.8326113],[-43.9764574,-19.8323978],[-43.9757889,-19.8320174],[-43.9754405,-19.8316858],[-43.9750688,-19.8315933],[-43.9748122,-19.8314374],[-43.9742432,-19.8307532],[-43.9739521,-19.8305148],[-43.9729408,-19.8301021],[-43.9718088,-19.8297565],[-43.9716436,-19.8302902],[-43.971521,-19.8304462],[-43.9714698,-19.8313682],[-43.9710226,-19.8329023]]]}},{"type":"Feature","properties":{"code":"785","name":"São João Batista"},"geometry":{"type":"Polygon","coordinates":[[[-43.9622875,-19.8304474],[-43.9611222,-19.8288168],[-43.9603497,-19.8281165],[-43.9587219,-19.8270655],[-43.9561642,-19.8257809],[-43.9551249,-19.8245321],[-43.954736,-19.8240217],[-43.9555634,-19.8239075],[-43.9554586,-19.8236229],[-43.954153,-19.8224125],[-43.953373,-19.8212507],[-43.9529041,-19.8203495],[-43.9534401,-19.819023],[-43.9550374,-19.8188958],[-43.9554329,-19.8178055],[-43.9562682,-19.8181746],[-43.9569648,-19.8186837],[-43.9574827,-19.8187513],[-43.9580961,-19.8185659],[-43.9592315,-19.8189741],[-43.9597324,-19.8183652],[-43.9608946,-19.8179184],[-43.9637524,-19.8154254],[-43.9649055,-19.8157096],[-43.9659787,-19.8163076],[-43.9671093,-19.8167082],[-43.9673388,-19.8165247],[-43.9673407,-19.8164227],[-43.9679755,-19.8160083],[-43.9701137,-19.8150426],[-43.9711773,-19.8147393],[-43.9725258,-19.8162004],[-43.9726408,-19.8188883],[-43.9725904,-19.8192786],[-43.9699225,-19.8233369],[-43.9697482,-19.8232478],[-43.9698875,-19.8230482],[-43.9697259,-19.8229581],[-43.9696647,-19.823018],[-43.9691206,-19.8229171],[-43.9687774,-19.8224206],[-43.9676812,-19.8222477],[-43.9672634,-19.8223358],[-43.9671361,-19.8224577],[-43.9670864,-19.8233876],[-43.9667935,-19.8245624],[-43.9670016,-19.8248139],[-43.9669061,-19.8249762],[-43.9669661,-19.8252197],[-43.9669362,-19.8253626],[-43.9666714,-19.825431],[-43.9666976,-19.8255221],[-43.9672313,-19.8257811],[-43.9674288,-19.8261883],[-43.9677524,-19.8260939],[-43.9687771,-19.823752],[-43.9691313,-19.8232313],[-43.969464,-19.8234303],[-43.9695688,-19.8232604],[-43.9698572,-19.8234307],[-43.9691353,-19.8246238],[-43.9683515,-19.8262792],[-43.9678147,-19.8271228],[-43.9669919,-19.8271066],[-43.9665882,-19.827216],[-43.9645321,-19.8286742],[-43.964166,-19.8287936],[-43.9627816,-19.8286315],[-43.9622875,-19.8304474]],[[-43.9624897,-19.8233675],[-43.9649303,-19.8215606],[-43.965162,-19.8215107],[-43.9652477,-19.8221687],[-43.9660861,-19.8215402],[-43.9651651,-19.821152],[-43.9646921,-19.8207691],[-43.9640611,-19.8213138],[-43.9621081,-19.8222497],[-43.9621174,-19.8219638],[-43.9625262,-19.8213335],[-43.962657,-19.8207613],[-43.9630073,-19.8203649],[-43.9626342,-19.8199595],[-43.961954,-19.8205675],[-43.9618787,-19.8210639],[-43.9616161,-19.8210062],[-43.961152,-19.820077],[-43.96126,-19.8199602],[-43.9609729,-19.8196674],[-43.9607442,-19.8198436],[-43.9609109,-19.820006],[-43.9608504,-19.820066],[-43.9610406,-19.8204461],[-43.9609677,-19.8208209],[-43.9606459,-19.8208812],[-43.9603087,-19.8206943],[-43.9600501,-19.8207559],[-43.9594736,-19.8207319],[-43.9594656,-19.8209341],[-43.9596684,-19.821552],[-43.9599396,-19.8214751],[-43.9601513,-19.8217889],[-43.9604773,-19.8217818],[-43.9607428,-19.8216897],[-43.960743,-19.821635],[-43.9608832,-19.8216223],[-43.9608972,-19.8216783],[-43.9613254,-19.8215927],[-43.9614467,-19.8218721],[-43.9615559,-19.822501],[-43.9619801,-19.8227583],[-43.9624897,-19.8233675]],[[-43.9577764,-19.8251758],[-43.9582821,-19.8251362],[-43.9585863,-19.8244118],[-43.9583685,-19.8243307],[-43.9582032,-19.8245242],[-43.9575334,-19.8245424],[-43.9575504,-19.8242685],[-43.9572902,-19.8241655],[-43.9571896,-19.8242386],[-43.9570981,-19.824076],[-43.9566218,-19.8243243],[-43.9568022,-19.8246399],[-43.957205,-19.824997],[-43.9577764,-19.8251758]]]}},{"type":"Feature","properties":{"code":"695","name":"Monte Azul"},"geometry":{"type":"Polygon","coordinates":[[[-43.8852743,-19.8158113],[-43.885471,-19.8156619],[-43.8856579,-19.8152776],[-43.8859077,-19.8151471],[-43.8861292,-19.815131],[-43.8865212,-19.8155656],[-43.8867988,-19.8155865],[-43.8869482,-19.815726],[-43.8870914,-19.8155313],[-43.8872004,-19.8155014],[-43.8874922,-19.8159083],[-43.8877108,-19.8159636],[-43.8881738,-19.8159325],[-43.8882512,-19.8163286],[-43.8886393,-19.8162535],[-43.8891979,-19.8163859],[-43.8905249,-19.8154647],[-43.8906801,-19.8151328],[-43.8906974,-19.8147876],[-43.8908372,-19.8144799],[-43.8918393,-19.8145706],[-43.8921824,-19.8143377],[-43.8931755,-19.8139657],[-43.8933059,-19.8134114],[-43.8930655,-19.8130784],[-43.8931718,-19.8124146],[-43.8935836,-19.8121583],[-43.8940906,-19.8114041],[-43.8940774,-19.8112665],[-43.8937853,-19.8107818],[-43.8938388,-19.810436],[-43.8948407,-19.8102673],[-43.8957517,-19.8097358],[-43.8960605,-19.8098585],[-43.8957164,-19.8101175],[-43.8956046,-19.8110566],[-43.8954949,-19.8113478],[-43.8954314,-19.812184],[-43.895611,-19.8125019],[-43.8955925,-19.8129998],[-43.8959197,-19.813869],[-43.8954482,-19.8148271],[-43.8954982,-19.8151854],[-43.8952816,-19.815629],[-43.8953124,-19.8157661],[-43.8951532,-19.8158794],[-43.8951099,-19.8161634],[-43.8949466,-19.8163703],[-43.8947666,-19.8174809],[-43.894592,-19.8175735],[-43.8946295,-19.8180204],[-43.8947401,-19.8182096],[-43.8945927,-19.8184791],[-43.8947911,-19.8186663],[-43.8947797,-19.8192162],[-43.8949141,-19.8193189],[-43.8951336,-19.8193424],[-43.8951753,-19.8194225],[-43.8950042,-19.819628],[-43.8947689,-19.819674],[-43.8945352,-19.8198205],[-43.8929961,-19.8215287],[-43.8926801,-19.8217343],[-43.8923079,-19.8217916],[-43.8919251,-19.8217278],[-43.8916629,-19.8215963],[-43.8914243,-19.8213729],[-43.8901351,-19.8194738],[-43.8893501,-19.8188518],[-43.8889734,-19.8187231],[-43.8879106,-19.8185795],[-43.887361,-19.8183631],[-43.8870066,-19.8180667],[-43.8852743,-19.8158113]]]}},{"type":"Feature","properties":{"code":"905","name":"Paulo VI"},"geometry":{"type":"Polygon","coordinates":[[[-43.8878068,-19.8480325],[-43.8877476,-19.8475502],[-43.8875109,-19.8467571],[-43.8869293,-19.8454402],[-43.8858893,-19.8434382],[-43.8855682,-19.8425295],[-43.8854489,-19.8418751],[-43.885319,-19.8397145],[-43.8854296,-19.8396324],[-43.8854558,-19.839472],[-43.8851043,-19.838156],[-43.8861824,-19.836783],[-43.8869544,-19.836133],[-43.8870479,-19.8358457],[-43.8866612,-19.8357589],[-43.8864943,-19.8356423],[-43.8866432,-19.835402],[-43.8867037,-19.8350904],[-43.8872706,-19.8343765],[-43.8870597,-19.8342327],[-43.8878378,-19.8333113],[-43.8879697,-19.8331917],[-43.8881221,-19.8333814],[-43.8882076,-19.833306],[-43.8902581,-19.8328099],[-43.8907937,-19.8326239],[-43.8910249,-19.8324634],[-43.8910917,-19.8327505],[-43.8920082,-19.8332894],[-43.8920374,-19.8337913],[-43.8924629,-19.8337645],[-43.8924688,-19.834057],[-43.8928733,-19.834062],[-43.8929826,-19.8337735],[-43.893311,-19.8341644],[-43.893653,-19.8343074],[-43.893764,-19.8358856],[-43.8944285,-19.8355434],[-43.894999,-19.8366009],[-43.8955958,-19.8373891],[-43.8951394,-19.8377982],[-43.8955844,-19.8383921],[-43.8958726,-19.8384389],[-43.8958967,-19.8385718],[-43.8960359,-19.8385801],[-43.8960545,-19.8388058],[-43.8963193,-19.8387842],[-43.8964057,-19.8392601],[-43.8966494,-19.8392265],[-43.8967973,-19.8393939],[-43.8966684,-19.8394855],[-43.8968457,-19.8401458],[-43.896895,-19.8412431],[-43.8972211,-19.8412578],[-43.8972953,-19.8423449],[-43.8970973,-19.8423704],[-43.8969508,-19.8431778],[-43.8944153,-19.8418983],[-43.8933928,-19.8412955],[-43.8908312,-19.8428676],[-43.8910908,-19.8433723],[-43.8911425,-19.844083],[-43.8917109,-19.8452627],[-43.8919747,-19.845621],[-43.89247,-19.8458581],[-43.8920695,-19.8473313],[-43.8917527,-19.8472292],[-43.8878068,-19.8480325]]]}},{"type":"Feature","properties":{"code":"652","name":"Braúnas"},"geometry":{"type":"Polygon","coordinates":[[[-44.0145748,-19.8486374],[-44.0084368,-19.8536131],[-44.008818,-19.853781],[-44.0101059,-19.8540819],[-44.0134452,-19.8543594],[-44.0138524,-19.8545399],[-44.0138139,-19.8547181],[-44.0135893,-19.854991],[-44.0117391,-19.8566804],[-44.0112799,-19.857231],[-44.0112002,-19.857487],[-44.0109113,-19.857293],[-44.0102708,-19.857577],[-44.0094911,-19.8574416],[-44.0079522,-19.8568138],[-44.00669,-19.8560898],[-44.0062771,-19.8556722],[-44.0061297,-19.8549184],[-44.0056983,-19.8544477],[-44.0059765,-19.8542102],[-44.0060779,-19.8539787],[-44.0060792,-19.853755],[-44.0052946,-19.8524245],[-44.0052559,-19.8522392],[-44.0052795,-19.8520171],[-44.0057382,-19.8513438],[-44.0057056,-19.8510947],[-44.0055831,-19.8509276],[-44.0051831,-19.8508243],[-44.0045218,-19.8510195],[-44.0040922,-19.8510052],[-44.0027572,-19.8505724],[-44.00033,-19.8502237],[-43.9985816,-19.8504276],[-43.9973263,-19.8510076],[-43.9969065,-19.8510171],[-43.9965138,-19.8508213],[-43.9963924,-19.8506513],[-43.9956558,-19.8489329],[-43.9957499,-19.8483967],[-43.9959829,-19.8481449],[-43.997956,-19.8471964],[-43.9995599,-19.8458009],[-43.9996098,-19.8455096],[-44.0005517,-19.8440315],[-44.0016024,-19.8409953],[-44.0026328,-19.8424373],[-44.0030927,-19.8425994],[-44.0097223,-19.8414859],[-44.0100003,-19.8414144],[-44.0102258,-19.8412148],[-44.0104953,-19.8408071],[-44.0110375,-19.8411501],[-44.0111273,-19.8411336],[-44.0127369,-19.8389226],[-44.0136766,-19.8394802],[-44.0133827,-19.8398802],[-44.0134887,-19.8399383],[-44.0135035,-19.8400396],[-44.0136234,-19.8400419],[-44.0146539,-19.8406624],[-44.0150785,-19.8408122],[-44.01505,-19.8412621],[-44.0148704,-19.8416496],[-44.0148667,-19.8421673],[-44.0141175,-19.8431932],[-44.013954,-19.8436702],[-44.0139868,-19.84379],[-44.0138177,-19.8439057],[-44.0137004,-19.8442222],[-44.0135989,-19.844301],[-44.0133518,-19.8443287],[-44.0133072,-19.8446685],[-44.0131734,-19.8449506],[-44.0132602,-19.8452213],[-44.0132109,-19.8453457],[-44.012428,-19.8459067],[-44.0133352,-19.8475314],[-44.0145748,-19.8486374]]]}},{"type":"Feature","properties":{"code":"641","name":"São Luíz"},"geometry":{"type":"Polygon","coordinates":[[[-43.9774194,-19.8738125],[-43.9770639,-19.8737877],[-43.9769094,-19.8736969],[-43.9767612,-19.8725518],[-43.9762209,-19.8703477],[-43.9757174,-19.8701209],[-43.9684477,-19.8687574],[-43.9683234,-19.8686509],[-43.9704061,-19.8629661],[-43.9713384,-19.8632954],[-43.9714077,-19.8609936],[-43.9594761,-19.8570251],[-43.9593748,-19.8566265],[-43.9573833,-19.8537485],[-43.9567893,-19.8531771],[-43.9560007,-19.8527318],[-43.9573245,-19.8510207],[-43.957521,-19.8509943],[-43.9580987,-19.8511718],[-43.9644715,-19.8498539],[-43.9646929,-19.8496821],[-43.9648433,-19.8498005],[-43.9650722,-19.8498343],[-43.9667279,-19.8482835],[-43.9666945,-19.8489359],[-43.966768,-19.8492022],[-43.9672691,-19.8497368],[-43.9675623,-19.8503681],[-43.9683784,-19.8538842],[-43.9685573,-19.854268],[-43.9687167,-19.854414],[-43.9691738,-19.8546541],[-43.9710728,-19.8551339],[-43.9760307,-19.8547219],[-43.9770906,-19.8562127],[-43.9772225,-19.8564931],[-43.9772549,-19.8569394],[-43.9771538,-19.8573449],[-43.9766168,-19.8585333],[-43.9745046,-19.8619658],[-43.9744594,-19.8623104],[-43.9746356,-19.8626969],[-43.9752054,-19.8630112],[-43.9754769,-19.8630195],[-43.9760007,-19.8628506],[-43.9767375,-19.8611309],[-43.978112,-19.859545],[-43.978749,-19.8593974],[-43.9795085,-19.8593923],[-43.9804681,-19.8595306],[-43.9806021,-19.8596618],[-43.9821002,-19.8629589],[-43.9818369,-19.8636297],[-43.9807342,-19.8645312],[-43.98075,-19.8673021],[-43.980688,-19.8673688],[-43.9796871,-19.867377],[-43.9796939,-19.8684207],[-43.9791533,-19.8695482],[-43.9792492,-19.869961],[-43.9795989,-19.8707146],[-43.9793799,-19.8716714],[-43.9777902,-19.8732591],[-43.9774194,-19.8738125]]]}},{"type":"Feature","properties":{"code":"1436","name":"Vila Maria"},"geometry":{"type":"Polygon","coordinates":[[[-43.8866649,-19.8531181],[-43.8861953,-19.8534481],[-43.8856191,-19.8536875],[-43.8847603,-19.8539465],[-43.8841011,-19.8540774],[-43.8835934,-19.8538763],[-43.8836842,-19.8521948],[-43.8837517,-19.852207],[-43.8840263,-19.8528475],[-43.8841591,-19.8527099],[-43.8844264,-19.8529239],[-43.8846764,-19.8528986],[-43.8848149,-19.8522643],[-43.884753,-19.8517514],[-43.8842966,-19.8510224],[-43.8846508,-19.8509501],[-43.8847863,-19.8508045],[-43.8849343,-19.8505356],[-43.8851701,-19.8497363],[-43.8855464,-19.849488],[-43.886867,-19.8503886],[-43.8876012,-19.8511791],[-43.8879259,-19.8518176],[-43.8882369,-19.8522053],[-43.8880968,-19.8523577],[-43.887781,-19.8520826],[-43.887555,-19.8522065],[-43.8869075,-19.8527029],[-43.8866649,-19.8531181]]]}},{"type":"Feature","properties":{"code":"1471","name":"Vila Satélite"},"geometry":{"type":"Polygon","coordinates":[[[-43.9501118,-19.8172289],[-43.9500819,-19.8169215],[-43.949922,-19.8168446],[-43.9498735,-19.8169371],[-43.9497475,-19.8168805],[-43.9496548,-19.8171141],[-43.9492602,-19.8168967],[-43.9491188,-19.8166185],[-43.9490377,-19.8162788],[-43.9493096,-19.8161562],[-43.9493216,-19.8160703],[-43.9495797,-19.8158964],[-43.9498907,-19.8162564],[-43.9502221,-19.8163867],[-43.9502189,-19.8165656],[-43.9506733,-19.8165254],[-43.9507254,-19.8168385],[-43.950399,-19.8168991],[-43.9503925,-19.816842],[-43.9502502,-19.8168564],[-43.950291,-19.8172115],[-43.9501118,-19.8172289]]]}},{"type":"Feature","properties":{"code":"1349","name":"Maria Teresa"},"geometry":{"type":"Polygon","coordinates":[[[-43.8833128,-19.8143639],[-43.883691,-19.8156275],[-43.8836484,-19.8162447],[-43.8840009,-19.8159938],[-43.8845611,-19.816053],[-43.8849454,-19.8158617],[-43.8852743,-19.8158113],[-43.8870066,-19.8180667],[-43.8876308,-19.8184929],[-43.8889734,-19.8187231],[-43.8893501,-19.8188518],[-43.889686,-19.8190759],[-43.8903676,-19.8197748],[-43.8914243,-19.8213729],[-43.8919251,-19.8217278],[-43.8923079,-19.8217916],[-43.8926801,-19.8217343],[-43.8929961,-19.8215287],[-43.8945352,-19.8198205],[-43.8947689,-19.819674],[-43.8950042,-19.819628],[-43.8956339,-19.8197605],[-43.8967769,-19.8204425],[-43.8990367,-19.8203806],[-43.9003074,-19.8198907],[-43.9006687,-19.819862],[-43.9010265,-19.8199453],[-43.9013899,-19.8201425],[-43.9015862,-19.8203464],[-43.9014242,-19.8204682],[-43.9014922,-19.820767],[-43.9013531,-19.8209344],[-43.9012252,-19.8208714],[-43.9009765,-19.8204991],[-43.9006295,-19.820187],[-43.9003251,-19.8202013],[-43.9000508,-19.8204784],[-43.8999158,-19.8209748],[-43.8994899,-19.8213828],[-43.8986713,-19.8218203],[-43.8978343,-19.8221489],[-43.8969169,-19.8219043],[-43.8961049,-19.8218901],[-43.8917644,-19.8222809],[-43.8900761,-19.8219754],[-43.8884979,-19.8213193],[-43.8869461,-19.8213587],[-43.8849013,-19.8218006],[-43.8842866,-19.8216142],[-43.884067,-19.8216167],[-43.8832363,-19.8226627],[-43.8825145,-19.8234043],[-43.8822369,-19.8231791],[-43.8816529,-19.8230341],[-43.880755,-19.8230982],[-43.8802508,-19.8229496],[-43.8799012,-19.8227719],[-43.8793113,-19.8220294],[-43.8792037,-19.8218048],[-43.8792369,-19.8216828],[-43.8795773,-19.8215624],[-43.8806578,-19.8208041],[-43.8811225,-19.8202561],[-43.8811848,-19.8200611],[-43.8811331,-19.8198727],[-43.8796756,-19.8192799],[-43.8794613,-19.8190966],[-43.879308,-19.8185425],[-43.8793081,-19.8178271],[-43.8790477,-19.8166734],[-43.8790445,-19.8153617],[-43.8783885,-19.8150933],[-43.8792294,-19.8139491],[-43.8797458,-19.8140561],[-43.8800738,-19.8142176],[-43.8801802,-19.8140588],[-43.8806621,-19.8139698],[-43.88149,-19.8142673],[-43.8820752,-19.8141911],[-43.8831997,-19.8142541],[-43.8833128,-19.8143639]]]}},{"type":"Feature","properties":{"code":"906","name":"Capitão Eduardo"},"geometry":{"type":"Polygon","coordinates":[[[-43.8651944,-19.8311757],[-43.8644449,-19.8305584],[-43.8639925,-19.830082],[-43.8629595,-19.8292998],[-43.8623271,-19.8286197],[-43.8616984,-19.8274428],[-43.8616135,-19.8268575],[-43.861767,-19.8263838],[-43.8619981,-19.8261817],[-43.8623039,-19.8260444],[-43.8640942,-19.825683],[-43.8654587,-19.8256319],[-43.8680233,-19.8256986],[-43.8682959,-19.8255937],[-43.8686385,-19.8252922],[-43.8687937,-19.8250014],[-43.8689603,-19.8240419],[-43.8690504,-19.8225054],[-43.8689518,-19.8211435],[-43.8690079,-19.8206137],[-43.8693436,-19.8201347],[-43.8699596,-19.8197574],[-43.8702708,-19.8197555],[-43.8708018,-19.8201053],[-43.8721059,-19.820362],[-43.8739435,-19.8203331],[-43.8747055,-19.8201937],[-43.8748487,-19.8200865],[-43.8758123,-19.8189295],[-43.8761258,-19.8181559],[-43.8763146,-19.8145674],[-43.8765582,-19.8132695],[-43.8767613,-19.8131344],[-43.8770348,-19.8131322],[-43.8774201,-19.8132908],[-43.8778363,-19.8137488],[-43.8784224,-19.8139721],[-43.8785633,-19.813916],[-43.8786505,-19.8137511],[-43.8788558,-19.8136898],[-43.8789704,-19.813701],[-43.8792294,-19.8139491],[-43.8783885,-19.8150933],[-43.8790445,-19.8153617],[-43.8790477,-19.8166734],[-43.8793081,-19.8178271],[-43.879308,-19.8185425],[-43.8794613,-19.8190966],[-43.8796756,-19.8192799],[-43.8811331,-19.8198727],[-43.8811848,-19.8200611],[-43.8811225,-19.8202561],[-43.8806578,-19.8208041],[-43.8795773,-19.8215624],[-43.8792369,-19.8216828],[-43.8792037,-19.8218048],[-43.8793113,-19.8220294],[-43.8799012,-19.8227719],[-43.8802508,-19.8229496],[-43.880755,-19.8230982],[-43.8816529,-19.8230341],[-43.8822369,-19.8231791],[-43.8825145,-19.8234043],[-43.8832363,-19.8226627],[-43.884067,-19.8216167],[-43.8842866,-19.8216142],[-43.8849013,-19.8218006],[-43.8869461,-19.8213587],[-43.8884979,-19.8213193],[-43.8900761,-19.8219754],[-43.8917644,-19.8222809],[-43.8961049,-19.8218901],[-43.8969169,-19.8219043],[-43.8978343,-19.8221489],[-43.8989171,-19.8216873],[-43.8993556,-19.8227975],[-43.8977476,-19.8234059],[-43.8974658,-19.8236155],[-43.8972539,-19.8239769],[-43.8972395,-19.8243206],[-43.8973202,-19.8246183],[-43.8975536,-19.8248973],[-43.8982338,-19.8253307],[-43.8984772,-19.825751],[-43.8984033,-19.8262744],[-43.8982488,-19.8265322],[-43.8978388,-19.8268635],[-43.8972548,-19.8270838],[-43.8969396,-19.8273614],[-43.8968045,-19.8276016],[-43.896628,-19.8284718],[-43.8964325,-19.8288077],[-43.8959341,-19.8291041],[-43.895227,-19.8290842],[-43.8946783,-19.8292774],[-43.8943686,-19.8295838],[-43.894041,-19.8304827],[-43.8938212,-19.8306879],[-43.8934017,-19.8308746],[-43.8931397,-19.8308574],[-43.8931432,-19.8283887],[-43.8930266,-19.8282277],[-43.8928903,-19.8275449],[-43.8924954,-19.8276161],[-43.8921873,-19.8273184],[-43.8920971,-19.8273305],[-43.8917298,-19.8265865],[-43.8909553,-19.8260771],[-43.8902876,-19.825466],[-43.8900745,-19.8251583],[-43.8893059,-19.8246071],[-43.8887178,-19.8244553],[-43.8882956,-19.8241338],[-43.8877605,-19.8243086],[-43.8871512,-19.8241772],[-43.8865779,-19.8242711],[-43.8854731,-19.8246924],[-43.8849982,-19.8247277],[-43.8841068,-19.8246412],[-43.8834998,-19.8249897],[-43.883093,-19.8251055],[-43.8827145,-19.8251225],[-43.8815171,-19.8249545],[-43.8816142,-19.8278244],[-43.8817358,-19.8286136],[-43.8837407,-19.8292627],[-43.8845804,-19.8303796],[-43.8845459,-19.8305034],[-43.8843481,-19.8305532],[-43.8820293,-19.8334555],[-43.8818648,-19.8333422],[-43.8817964,-19.833434],[-43.8817227,-19.8333774],[-43.881543,-19.8336069],[-43.8819657,-19.8338137],[-43.8826174,-19.8336189],[-43.8829193,-19.8336101],[-43.8832689,-19.8337119],[-43.8837525,-19.8336784],[-43.8837123,-19.8337639],[-43.8848265,-19.8335244],[-43.8855029,-19.833235],[-43.8858484,-19.8330062],[-43.8861282,-19.8329694],[-43.8867175,-19.833712],[-43.8859342,-19.8350556],[-43.8860501,-19.8351706],[-43.8858009,-19.8354295],[-43.8861398,-19.835686],[-43.8863081,-19.8357189],[-43.8864943,-19.8356423],[-43.8866612,-19.8357589],[-43.8870479,-19.8358457],[-43.8869544,-19.836133],[-43.8861824,-19.836783],[-43.8851491,-19.8380241],[-43.8851007,-19.8382074],[-43.8854558,-19.839472],[-43.8854296,-19.8396324],[-43.885319,-19.8397145],[-43.885152,-19.8390723],[-43.8848738,-19.8386489],[-43.8845376,-19.8383714],[-43.8827575,-19.8379336],[-43.882048,-19.8378825],[-43.8819001,-19.8376562],[-43.8816602,-19.8375354],[-43.881625,-19.8374138],[-43.881766,-19.8368578],[-43.8815701,-19.8367269],[-43.8813612,-19.8363234],[-43.881002,-19.8363335],[-43.8807505,-19.8362356],[-43.8803604,-19.8357435],[-43.8801099,-19.8352609],[-43.8799226,-19.834567],[-43.8801677,-19.8344315],[-43.880215,-19.834048],[-43.8790827,-19.8336905],[-43.8773726,-19.8324297],[-43.8771494,-19.8322062],[-43.8766993,-19.8313665],[-43.8761612,-19.8308273],[-43.875982,-19.830394],[-43.875805,-19.830404],[-43.875626,-19.830649],[-43.8755409,-19.831007],[-43.874797,-19.8315899],[-43.8747136,-19.8320347],[-43.8740797,-19.8328112],[-43.8738063,-19.8329534],[-43.8734903,-19.8326376],[-43.8732536,-19.8318945],[-43.8730864,-19.8316882],[-43.8705172,-19.8299862],[-43.8698083,-19.8308507],[-43.869632,-19.8307386],[-43.8697091,-19.83038],[-43.869987,-19.8302833],[-43.8700652,-19.8297447],[-43.8696957,-19.8296089],[-43.8695823,-19.8289407],[-43.8693382,-19.8286506],[-43.8684973,-19.8271757],[-43.8685565,-19.8271421],[-43.8684655,-19.8270715],[-43.8684558,-19.8269285],[-43.8669416,-19.8278811],[-43.8665316,-19.8283226],[-43.8662093,-19.8289212],[-43.8660919,-19.8293346],[-43.8660315,-19.8302983],[-43.8668959,-19.8321619],[-43.8671701,-19.8325312],[-43.8669303,-19.832646],[-43.8661784,-19.8313614],[-43.8655899,-19.8307936],[-43.8651944,-19.8311757]]]}},{"type":"Feature","properties":{"code":"1337","name":"Lajedo"},"geometry":{"type":"Polygon","coordinates":[[[-43.9122889,-19.8401951],[-43.9121412,-19.8399626],[-43.9121611,-19.8392237],[-43.9117157,-19.838716],[-43.9114901,-19.8380203],[-43.9111394,-19.8378633],[-43.9096175,-19.8376144],[-43.9095973,-19.8371304],[-43.9092091,-19.8360371],[-43.9092148,-19.8357625],[-43.9094629,-19.8355709],[-43.9098383,-19.8351063],[-43.9097395,-19.8348539],[-43.909952,-19.8348058],[-43.9097631,-19.8341782],[-43.9098235,-19.8338437],[-43.9100202,-19.8337778],[-43.9100266,-19.8336685],[-43.9097246,-19.8336161],[-43.9098786,-19.8332636],[-43.9086993,-19.8295038],[-43.908888,-19.8293968],[-43.9090413,-19.8278874],[-43.9091554,-19.8278969],[-43.9091867,-19.8274298],[-43.9093039,-19.8273023],[-43.9093809,-19.8270114],[-43.91058,-19.8275656],[-43.910867,-19.8278631],[-43.911053,-19.8282436],[-43.9110746,-19.8285452],[-43.9109225,-19.83014],[-43.9118073,-19.8301632],[-43.9118689,-19.8298018],[-43.9122478,-19.829434],[-43.9125637,-19.8297986],[-43.9123187,-19.8299895],[-43.9126037,-19.8299941],[-43.913141,-19.8303274],[-43.913374,-19.8306262],[-43.9135572,-19.8310388],[-43.9146808,-19.8316023],[-43.9149989,-19.831905],[-43.9153907,-19.8324364],[-43.9159246,-19.8339554],[-43.9160206,-19.8345589],[-43.9157198,-19.8348808],[-43.9156872,-19.8353958],[-43.915514,-19.8350158],[-43.9137219,-19.8354795],[-43.9135566,-19.8353504],[-43.913268,-19.8352967],[-43.9122889,-19.8401951]]]}},{"type":"Feature","properties":{"code":"1316","name":"Conjunto Serra Verde"},"geometry":{"type":"Polygon","coordinates":[[[-43.9553117,-19.7936614],[-43.9531977,-19.7936668],[-43.9531287,-19.7933595],[-43.9531962,-19.7931448],[-43.9533704,-19.7930512],[-43.9553124,-19.793064],[-43.9553117,-19.7936614]]]}},{"type":"Feature","properties":{"code":"967","name":"Nova América"},"geometry":{"type":"Polygon","coordinates":[[[-43.9889364,-19.7969978],[-43.9889324,-19.7967832],[-43.9887259,-19.7966972],[-43.9882904,-19.7966806],[-43.988306,-19.7965651],[-43.9885009,-19.7965936],[-43.9887013,-19.7961514],[-43.9889717,-19.7959787],[-43.9889447,-19.7958917],[-43.9887895,-19.7958751],[-43.9887943,-19.7955955],[-43.9886956,-19.7955896],[-43.9887472,-19.7953607],[-43.9889273,-19.7953758],[-43.9889094,-19.7955478],[-43.9892728,-19.7957474],[-43.9891911,-19.7960245],[-43.9892494,-19.7962548],[-43.9890297,-19.7962915],[-43.9890198,-19.7963984],[-43.9890943,-19.7965803],[-43.9891626,-19.7965705],[-43.9892557,-19.7969312],[-43.9889364,-19.7969978]]]}},{"type":"Feature","properties":{"code":"806","name":"Tupi A"},"geometry":{"type":"Polygon","coordinates":[[[-43.921811,-19.8414105],[-43.92171,-19.8411642],[-43.92089,-19.8406112],[-43.9205968,-19.840314],[-43.920431,-19.839348],[-43.9208158,-19.8359941],[-43.9205791,-19.8354597],[-43.9201164,-19.8350882],[-43.9200153,-19.8348337],[-43.9201045,-19.8341586],[-43.9203808,-19.8336554],[-43.9203207,-19.8331126],[-43.9200307,-19.8323849],[-43.9200954,-19.8320202],[-43.9201884,-19.8319299],[-43.9210481,-19.8315954],[-43.9221343,-19.8309029],[-43.9222384,-19.8318583],[-43.9223873,-19.8321186],[-43.9239579,-19.8321354],[-43.9299798,-19.8328082],[-43.9309898,-19.8329797],[-43.9302019,-19.834545],[-43.9304638,-19.8360291],[-43.9302572,-19.8375959],[-43.9301804,-19.8378285],[-43.9299032,-19.8381485],[-43.9277846,-19.8393303],[-43.9271209,-19.8397789],[-43.9267994,-19.8406544],[-43.9247487,-19.8405295],[-43.921811,-19.8414105]]]}},{"type":"Feature","properties":{"code":"820","name":"Xangri-lá"},"geometry":{"type":"Polygon","coordinates":[[[-44.0192674,-19.8369129],[-44.0200279,-19.837257],[-44.0201282,-19.8374061],[-44.0202627,-19.8380077],[-44.0163785,-19.8468736],[-44.0157879,-19.8476454],[-44.0145748,-19.8486374],[-44.0133352,-19.8475314],[-44.012428,-19.8459067],[-44.0132109,-19.8453457],[-44.0132602,-19.8452213],[-44.0131734,-19.8449506],[-44.0133072,-19.8446685],[-44.0133518,-19.8443287],[-44.0135989,-19.844301],[-44.0137004,-19.8442222],[-44.0138177,-19.8439057],[-44.0139868,-19.84379],[-44.013954,-19.8436702],[-44.0141175,-19.8431932],[-44.0148667,-19.8421673],[-44.0148704,-19.8416496],[-44.01505,-19.8412621],[-44.0151276,-19.8406434],[-44.0153153,-19.8405395],[-44.0155862,-19.8395722],[-44.0161869,-19.8386578],[-44.0163769,-19.8377172],[-44.0163441,-19.8371977],[-44.0171237,-19.8351487],[-44.0173177,-19.8348341],[-44.01737,-19.8345379],[-44.0175446,-19.834277],[-44.017735,-19.8346925],[-44.0192674,-19.8369129]]]}},{"type":"Feature","properties":{"code":"1313","name":"Conjunto Paulo VI"},"geometry":{"type":"Polygon","coordinates":[[[-43.884499,-19.8304917],[-43.8850398,-19.8306142],[-43.8850784,-19.8303917],[-43.8859188,-19.8305688],[-43.8869541,-19.8305713],[-43.8876702,-19.8300564],[-43.8895035,-19.829106],[-43.8896709,-19.8293201],[-43.8894585,-19.831534],[-43.8895149,-19.8319839],[-43.8885305,-19.8322321],[-43.8881276,-19.8325021],[-43.8878422,-19.8326028],[-43.8867175,-19.833712],[-43.8861282,-19.8329694],[-43.8858484,-19.8330062],[-43.8855029,-19.833235],[-43.8848265,-19.8335244],[-43.8837123,-19.8337639],[-43.8837525,-19.8336784],[-43.8832689,-19.8337119],[-43.8829193,-19.8336101],[-43.8826174,-19.8336189],[-43.8819657,-19.8338137],[-43.881543,-19.8336069],[-43.8817227,-19.8333774],[-43.8817964,-19.833434],[-43.8818648,-19.8333422],[-43.8820293,-19.8334555],[-43.8843481,-19.8305532],[-43.884499,-19.8304917]]]}},{"type":"Feature","properties":{"code":"1286","name":"Beira-Linha"},"geometry":{"type":"Polygon","coordinates":[[[-43.8996042,-19.8475967],[-43.8994695,-19.8470748],[-43.8992978,-19.8469885],[-43.8991177,-19.8461517],[-43.8988152,-19.845476],[-43.8976388,-19.8439914],[-43.8969995,-19.844178],[-43.8969389,-19.84409],[-43.8969508,-19.8431778],[-43.8970973,-19.8423704],[-43.8972953,-19.8423449],[-43.8972211,-19.8412578],[-43.896895,-19.8412431],[-43.8968457,-19.8401458],[-43.8966684,-19.8394855],[-43.8967973,-19.8393939],[-43.8966494,-19.8392265],[-43.8964057,-19.8392601],[-43.8963193,-19.8387842],[-43.8960545,-19.8388058],[-43.8960359,-19.8385801],[-43.8958967,-19.8385718],[-43.8958726,-19.8384389],[-43.8955844,-19.8383921],[-43.8951394,-19.8377982],[-43.8955958,-19.8373891],[-43.894999,-19.8366009],[-43.8944285,-19.8355434],[-43.893764,-19.8358856],[-43.893653,-19.8343074],[-43.893311,-19.8341644],[-43.8929826,-19.8337735],[-43.8928733,-19.834062],[-43.8924688,-19.834057],[-43.8924629,-19.8337645],[-43.8920374,-19.8337913],[-43.8920082,-19.8332894],[-43.8910917,-19.8327505],[-43.8910249,-19.8324634],[-43.8907937,-19.8326239],[-43.8902581,-19.8328099],[-43.8882076,-19.833306],[-43.8881221,-19.8333814],[-43.8879697,-19.8331917],[-43.8870597,-19.8342327],[-43.8872706,-19.8343765],[-43.8867037,-19.8350904],[-43.8865556,-19.8355948],[-43.8863081,-19.8357189],[-43.8861398,-19.835686],[-43.8858009,-19.8354295],[-43.8860501,-19.8351706],[-43.8859342,-19.8350556],[-43.8867175,-19.833712],[-43.8878422,-19.8326028],[-43.8881276,-19.8325021],[-43.8885305,-19.8322321],[-43.8895149,-19.8319839],[-43.8895612,-19.8320499],[-43.8907404,-19.8320692],[-43.8908797,-19.8321502],[-43.8912377,-19.8317854],[-43.8915035,-19.8316365],[-43.8916046,-19.8314579],[-43.8917226,-19.8315238],[-43.8915938,-19.8317438],[-43.8926724,-19.8322697],[-43.8926319,-19.8323381],[-43.8928969,-19.832518],[-43.8927344,-19.8327013],[-43.8933173,-19.8332109],[-43.8934897,-19.8330194],[-43.8939344,-19.8335349],[-43.8941595,-19.8333426],[-43.8944556,-19.8340354],[-43.8939742,-19.834112],[-43.8941422,-19.8343669],[-43.8943609,-19.8342658],[-43.8950838,-19.8353462],[-43.8955361,-19.8358641],[-43.8960472,-19.8370055],[-43.8961202,-19.8374433],[-43.8960578,-19.8374812],[-43.8971548,-19.8389683],[-43.8975216,-19.839659],[-43.8976293,-19.8400479],[-43.8979956,-19.8402049],[-43.8980394,-19.8406811],[-43.8982776,-19.8412819],[-43.8980555,-19.8413152],[-43.8979925,-19.8421143],[-43.8976794,-19.8421938],[-43.8975926,-19.8424071],[-43.897651,-19.8430811],[-43.8979504,-19.8439042],[-43.8982799,-19.8438292],[-43.8985167,-19.8440715],[-43.8992656,-19.84449],[-43.8991757,-19.8450849],[-43.8996089,-19.845788],[-43.8995424,-19.8458263],[-43.8997107,-19.8462207],[-43.899547,-19.8462867],[-43.8997973,-19.8475582],[-43.8996042,-19.8475967]]]}},{"type":"Feature","properties":{"code":"653","name":"Jardim Atlântico"},"geometry":{"type":"Polygon","coordinates":[[[-43.9729719,-19.8510872],[-43.9725182,-19.8509914],[-43.9722239,-19.8506929],[-43.9721402,-19.8503156],[-43.972053,-19.848595],[-43.9719613,-19.8482086],[-43.9717204,-19.8477421],[-43.9701059,-19.8462792],[-43.9700021,-19.8457959],[-43.9702776,-19.8448556],[-43.9702843,-19.8443152],[-43.9699265,-19.8438187],[-43.9695029,-19.8435919],[-43.9689287,-19.8435896],[-43.9679238,-19.8439725],[-43.9675475,-19.8441901],[-43.9671697,-19.8449963],[-43.9671068,-19.8455475],[-43.9662479,-19.8452498],[-43.9662351,-19.8448725],[-43.9659398,-19.8443839],[-43.965423,-19.8438268],[-43.9650519,-19.8439951],[-43.9641813,-19.8441815],[-43.9641852,-19.8442641],[-43.9555298,-19.8461098],[-43.9557636,-19.845275],[-43.9569301,-19.8442536],[-43.9675691,-19.8416495],[-43.9680409,-19.8417662],[-43.9704384,-19.8428375],[-43.9710635,-19.8434187],[-43.9712576,-19.8437579],[-43.9716257,-19.8448103],[-43.9718944,-19.8451951],[-43.9725637,-19.8457228],[-43.9738123,-19.8463088],[-43.9745356,-19.8465416],[-43.9751633,-19.8465786],[-43.9758316,-19.8464408],[-43.9770848,-19.8459215],[-43.9777162,-19.8458048],[-43.9786413,-19.8461011],[-43.9821615,-19.8480569],[-43.982648,-19.8481709],[-43.9831503,-19.8481501],[-43.9837379,-19.8479194],[-43.985475,-19.8465519],[-43.9873654,-19.8441755],[-43.9898774,-19.8424738],[-43.9889403,-19.8418064],[-43.990739,-19.8366603],[-43.9916236,-19.8373632],[-43.9939349,-19.8385347],[-43.9932466,-19.8401052],[-43.9932292,-19.8417824],[-43.9931102,-19.8421929],[-43.9928207,-19.8425248],[-43.9921221,-19.8431426],[-43.99064,-19.8437623],[-43.9881349,-19.8453031],[-43.9871038,-19.846663],[-43.9854966,-19.847933],[-43.984591,-19.8491041],[-43.9838698,-19.8495831],[-43.9827464,-19.8504794],[-43.9821463,-19.8507061],[-43.98193,-19.8507224],[-43.9814006,-19.8505714],[-43.9809829,-19.8502865],[-43.9806792,-19.8497519],[-43.9803636,-19.8495024],[-43.978171,-19.848476],[-43.9778125,-19.8484533],[-43.9762829,-19.848889],[-43.9759238,-19.8488203],[-43.9756902,-19.8486154],[-43.9751911,-19.8478285],[-43.974764,-19.8476476],[-43.9742735,-19.8478021],[-43.9741298,-19.8479466],[-43.9739994,-19.8482724],[-43.9740391,-19.8485563],[-43.9744929,-19.8493574],[-43.9745394,-19.8495567],[-43.9744595,-19.8498355],[-43.9734377,-19.8508476],[-43.9729719,-19.8510872]]]}},{"type":"Feature","properties":{"code":"1326","name":"Flamengo"},"geometry":{"type":"Polygon","coordinates":[[[-43.9911882,-19.8059467],[-43.9909861,-19.8059798],[-43.9908228,-19.805665],[-43.9903956,-19.8057732],[-43.9900673,-19.8038369],[-43.9898226,-19.8033691],[-43.9901402,-19.8033557],[-43.9903773,-19.8038207],[-43.9911882,-19.8059467]]]}},{"type":"Feature","properties":{"code":"790","name":"Piratininga"},"geometry":{"type":"Polygon","coordinates":[[[-43.9953056,-19.8137985],[-43.9956246,-19.8144266],[-43.9954701,-19.8145403],[-43.9955963,-19.814613],[-43.9952343,-19.815199],[-43.995602,-19.8153206],[-43.9954657,-19.8157411],[-43.9954191,-19.8156967],[-43.9950092,-19.8162351],[-43.9947079,-19.8170269],[-43.9941645,-19.8173894],[-43.9937348,-19.8178511],[-43.9935479,-19.8182375],[-43.9929898,-19.8185546],[-43.9927518,-19.8182459],[-43.9922692,-19.8182491],[-43.9920543,-19.8181464],[-43.9917357,-19.818571],[-43.99167,-19.8185353],[-43.9916101,-19.8186323],[-43.9913184,-19.8186068],[-43.9912862,-19.8189139],[-43.9915046,-19.8189399],[-43.9914981,-19.8193843],[-43.9915943,-19.8195735],[-43.9915729,-19.8199788],[-43.9920221,-19.8200223],[-43.991897,-19.8199092],[-43.9917766,-19.8195765],[-43.993017,-19.819727],[-43.9928169,-19.8204277],[-43.9877405,-19.8199228],[-43.9872637,-19.8197829],[-43.9871272,-19.8188031],[-43.9884674,-19.812578],[-43.9883114,-19.8124764],[-43.9856752,-19.8125886],[-43.9848592,-19.8122835],[-43.9843889,-19.8136487],[-43.9826545,-19.8120674],[-43.982488,-19.8121772],[-43.9823967,-19.8114041],[-43.9839649,-19.8098914],[-43.9834436,-19.8094809],[-43.9837421,-19.8091482],[-43.9827459,-19.8082987],[-43.9831917,-19.807836],[-43.9820645,-19.8069177],[-43.981951,-19.8068909],[-43.9812864,-19.804062],[-43.9802762,-19.8038635],[-43.9800994,-19.8037368],[-43.9830502,-19.8036731],[-43.9898226,-19.8033691],[-43.990093,-19.8039493],[-43.9904802,-19.8066628],[-43.9909649,-19.8069718],[-43.9921912,-19.8080441],[-43.9926701,-19.8079386],[-43.9939098,-19.8089385],[-43.9940971,-19.8087178],[-43.9945592,-19.8089009],[-43.9954054,-19.8097374],[-43.995734,-19.8098964],[-43.9965495,-19.8105581],[-43.9962272,-19.810762],[-43.9969416,-19.8114658],[-43.9975759,-19.8122953],[-43.9953056,-19.8137985]],[[-43.9933793,-19.8112293],[-43.9934803,-19.8112185],[-43.9936891,-19.8110078],[-43.993909,-19.8111689],[-43.993982,-19.8105807],[-43.993057,-19.8098974],[-43.99293,-19.8100385],[-43.9931429,-19.8102181],[-43.9929562,-19.8104236],[-43.9931299,-19.810565],[-43.9929189,-19.8107934],[-43.9933793,-19.8112293]],[[-43.9953056,-19.8137985],[-43.995573,-19.8132275],[-43.9952303,-19.8127837],[-43.9951503,-19.8130747],[-43.994887,-19.8133152],[-43.9949764,-19.8136242],[-43.994689,-19.8136701],[-43.9948297,-19.8140422],[-43.9953056,-19.8137985]]]}},{"type":"Feature","properties":{"code":"709","name":"Lagoinha Leblon"},"geometry":{"type":"Polygon","coordinates":[[[-43.9954054,-19.8097374],[-43.9945592,-19.8089009],[-43.9940971,-19.8087178],[-43.9939098,-19.8089385],[-43.9926701,-19.8079386],[-43.9921912,-19.8080441],[-43.9909649,-19.8069718],[-43.9904802,-19.8066628],[-43.9903956,-19.8057732],[-43.9908228,-19.805665],[-43.9909861,-19.8059798],[-43.9911882,-19.8059467],[-43.9901402,-19.8033557],[-44.000477,-19.8028927],[-44.0006399,-19.8054522],[-43.9988135,-19.8055595],[-43.9988495,-19.8061586],[-43.9975874,-19.8074601],[-43.9975732,-19.8072417],[-43.99691,-19.8072903],[-43.9969514,-19.8079511],[-43.9962938,-19.8085785],[-43.9962983,-19.8089508],[-43.9965095,-19.8090731],[-43.9954054,-19.8097374]]]}},{"type":"Feature","properties":{"code":"1439","name":"Vila Nova"},"geometry":{"type":"Polygon","coordinates":[[[-43.9467601,-19.8032165],[-43.9467005,-19.8030987],[-43.9459694,-19.802857],[-43.945878,-19.803098],[-43.945593,-19.8029806],[-43.9458637,-19.8023877],[-43.9457159,-19.8023272],[-43.9456249,-19.8019197],[-43.9471391,-19.8024455],[-43.9475284,-19.8027182],[-43.9477446,-19.8029899],[-43.9467601,-19.8032165]]]}},{"type":"Feature","properties":{"code":"1303","name":"Cenáculo"},"geometry":{"type":"Polygon","coordinates":[[[-43.9641279,-19.8105374],[-43.963464,-19.8098762],[-43.9600653,-19.8052898],[-43.9604446,-19.8046556],[-43.9611788,-19.8038979],[-43.9623427,-19.8032641],[-43.9628063,-19.8036959],[-43.963374,-19.804684],[-43.963572,-19.8048546],[-43.9640418,-19.8051209],[-43.9645837,-19.8051682],[-43.9649012,-19.8051204],[-43.9652356,-19.8059696],[-43.9660762,-19.8066167],[-43.9680851,-19.8087228],[-43.9674939,-19.8094078],[-43.9671137,-19.8096798],[-43.9641279,-19.8105374]]]}},{"type":"Feature","properties":{"code":"1176","name":"Granja Werneck"},"geometry":{"type":"Polygon","coordinates":[[[-43.8957517,-19.8097358],[-43.8966152,-19.8096077],[-43.8969959,-19.8096404],[-43.8975285,-19.8098054],[-43.8978144,-19.8098005],[-43.8979749,-19.8096881],[-43.8980964,-19.8092432],[-43.8985452,-19.8084656],[-43.8985303,-19.8081945],[-43.8982725,-19.8077837],[-43.8982636,-19.8072286],[-43.8981864,-19.8070178],[-43.898058,-19.8068849],[-43.8978379,-19.8068618],[-43.8978421,-19.8061718],[-43.8977369,-19.8058496],[-43.8977482,-19.8054626],[-43.8974316,-19.8047362],[-43.8974387,-19.8043899],[-43.897314,-19.8041797],[-43.8973604,-19.8035627],[-43.8977205,-19.8030477],[-43.8985655,-19.8027449],[-43.8990838,-19.8023813],[-43.899469,-19.8024308],[-43.9000905,-19.8026498],[-43.900217,-19.8027747],[-43.9002165,-19.8030084],[-43.9003244,-19.803249],[-43.9005545,-19.8034223],[-43.9010618,-19.8043043],[-43.9014502,-19.8046979],[-43.9017367,-19.8047865],[-43.9021558,-19.8046877],[-43.9026025,-19.8041654],[-43.9030662,-19.8039483],[-43.903439,-19.8034721],[-43.9041076,-19.8031187],[-43.9044951,-19.8026986],[-43.9050512,-19.8023626],[-43.9051501,-19.8023852],[-43.9052744,-19.8026062],[-43.9055809,-19.8028157],[-43.9063282,-19.8030894],[-43.9072868,-19.8027955],[-43.9079877,-19.8029012],[-43.9085478,-19.802615],[-43.909832,-19.8025957],[-43.9100689,-19.802294],[-43.9102021,-19.8015088],[-43.910812,-19.8000677],[-43.911634,-19.7984555],[-43.9120785,-19.798418],[-43.9123467,-19.7979979],[-43.9128371,-19.797683],[-43.9133535,-19.7975552],[-43.9141498,-19.7971894],[-43.9145079,-19.7971574],[-43.9147328,-19.7972999],[-43.9150069,-19.7972785],[-43.915674,-19.797478],[-43.9164251,-19.7979929],[-43.9179572,-19.7984245],[-43.9185035,-19.7987818],[-43.9189259,-19.7993295],[-43.9195598,-19.7999463],[-43.9196855,-19.8002598],[-43.9198039,-19.8010104],[-43.9202288,-19.801636],[-43.9203692,-19.8024396],[-43.9205239,-19.8026571],[-43.9212989,-19.8024687],[-43.921613,-19.8022934],[-43.9220745,-19.801417],[-43.9223083,-19.8011447],[-43.9225578,-19.8009956],[-43.9230596,-19.8013777],[-43.923711,-19.8007179],[-43.9238578,-19.8007339],[-43.9238711,-19.8008904],[-43.9241212,-19.8012376],[-43.9243979,-19.8013385],[-43.9245753,-19.8015424],[-43.9250318,-19.8016207],[-43.9251139,-19.8015811],[-43.9252329,-19.8008708],[-43.9253126,-19.8008759],[-43.9259079,-19.8019407],[-43.9262115,-19.802211],[-43.9261424,-19.8027636],[-43.9255112,-19.8023252],[-43.9251483,-19.8023083],[-43.9248772,-19.8024934],[-43.9248211,-19.8027726],[-43.9263848,-19.803929],[-43.9268188,-19.8045517],[-43.9269796,-19.8052861],[-43.9267646,-19.8073981],[-43.9269707,-19.807792],[-43.9268739,-19.808019],[-43.9269107,-19.8082176],[-43.9273021,-19.808327],[-43.9273843,-19.808547],[-43.9274921,-19.8085464],[-43.927609,-19.8083876],[-43.9277807,-19.8083324],[-43.9280168,-19.8085036],[-43.9285576,-19.8086599],[-43.9287989,-19.8086576],[-43.929077,-19.8087765],[-43.9293927,-19.8087478],[-43.9294853,-19.8088185],[-43.9299183,-19.8087599],[-43.9316952,-19.8091226],[-43.9314964,-19.809899],[-43.9314717,-19.8103064],[-43.9314117,-19.8102992],[-43.931325,-19.8105593],[-43.9311688,-19.811278],[-43.9308217,-19.8137011],[-43.9310859,-19.8137911],[-43.9330846,-19.8138407],[-43.933977,-19.8135426],[-43.933991,-19.8141297],[-43.9343271,-19.8141832],[-43.9347852,-19.8141428],[-43.9348152,-19.8150366],[-43.9347747,-19.8151167],[-43.9345862,-19.8151738],[-43.9347816,-19.8164444],[-43.9361186,-19.8162272],[-43.9365008,-19.8162461],[-43.9366792,-19.8170871],[-43.9370142,-19.8169756],[-43.9368824,-19.8173265],[-43.9369201,-19.8175735],[-43.9373239,-19.8182019],[-43.9372952,-19.8183349],[-43.9369775,-19.8184154],[-43.9370178,-19.8188888],[-43.9368756,-19.819469],[-43.9363288,-19.8201831],[-43.9360635,-19.8204009],[-43.9356415,-19.8204825],[-43.9351437,-19.82047],[-43.9349173,-19.8203352],[-43.9343316,-19.8196966],[-43.9339565,-19.8195268],[-43.9336029,-19.8195307],[-43.9334365,-19.8195978],[-43.9331857,-19.8198477],[-43.933332,-19.8202236],[-43.933084,-19.8204745],[-43.932695,-19.8205227],[-43.9323804,-19.8204799],[-43.9317242,-19.8205984],[-43.9307597,-19.8211242],[-43.9301692,-19.8211503],[-43.9300218,-19.8212292],[-43.9300089,-19.8217436],[-43.9302502,-19.8221711],[-43.9305507,-19.822397],[-43.9302194,-19.8224988],[-43.9294891,-19.8221739],[-43.9291857,-19.8218692],[-43.9291023,-19.821465],[-43.9289361,-19.82122],[-43.928174,-19.8206851],[-43.9276135,-19.819927],[-43.9268361,-19.8185647],[-43.9264519,-19.8182728],[-43.9259759,-19.8181162],[-43.9256987,-19.818138],[-43.9256086,-19.8182581],[-43.9255847,-19.8188269],[-43.9256474,-19.8193833],[-43.9253672,-19.8198162],[-43.9250871,-19.8198104],[-43.9251371,-19.8210561],[-43.9238936,-19.8211008],[-43.9239054,-19.8215516],[-43.9241089,-19.8215525],[-43.92427,-19.8219184],[-43.9235508,-19.8225359],[-43.9235965,-19.8227004],[-43.9235176,-19.8232899],[-43.9236453,-19.823814],[-43.9233808,-19.8244973],[-43.9235287,-19.8248597],[-43.924165,-19.8252853],[-43.9243233,-19.8255897],[-43.9241187,-19.8265563],[-43.9232147,-19.8283047],[-43.9230155,-19.8290723],[-43.9226322,-19.829512],[-43.9223725,-19.8307368],[-43.9212997,-19.8314339],[-43.9206199,-19.8304333],[-43.9198326,-19.8298647],[-43.9189397,-19.8290602],[-43.918433,-19.829107],[-43.9183202,-19.8287777],[-43.9178117,-19.8285958],[-43.9175282,-19.8281562],[-43.919497,-19.8266882],[-43.9194849,-19.8264841],[-43.9187009,-19.8264064],[-43.9178726,-19.8258194],[-43.9180262,-19.8257188],[-43.9173479,-19.8253603],[-43.9169129,-19.8248752],[-43.9161044,-19.8244165],[-43.9157394,-19.8239705],[-43.9154053,-19.8232643],[-43.9144382,-19.8245416],[-43.9138817,-19.8253941],[-43.9137109,-19.8257921],[-43.9139009,-19.8263358],[-43.9142151,-19.8267092],[-43.9145205,-19.8277954],[-43.9144889,-19.8284805],[-43.914751,-19.8287386],[-43.9151959,-19.8301204],[-43.9149018,-19.8302808],[-43.9140007,-19.8312618],[-43.9135572,-19.8310388],[-43.913374,-19.8306262],[-43.913141,-19.8303274],[-43.9126037,-19.8299941],[-43.9123187,-19.8299895],[-43.9125637,-19.8297986],[-43.9122478,-19.829434],[-43.9118689,-19.8298018],[-43.9118073,-19.8301632],[-43.9109225,-19.83014],[-43.911053,-19.8282436],[-43.910867,-19.8278631],[-43.91058,-19.8275656],[-43.9093809,-19.8270114],[-43.9093039,-19.8273023],[-43.9087014,-19.8270995],[-43.9084758,-19.8270905],[-43.9084571,-19.827036],[-43.9083093,-19.8272459],[-43.9083389,-19.8274801],[-43.9078509,-19.8276507],[-43.9077673,-19.8274188],[-43.9074945,-19.8274143],[-43.9074002,-19.8266145],[-43.9070426,-19.8261979],[-43.9061341,-19.8258032],[-43.9055371,-19.8256946],[-43.9052966,-19.8258179],[-43.9051436,-19.8248805],[-43.9049557,-19.8244716],[-43.9030986,-19.8222569],[-43.9032458,-19.8221882],[-43.9038304,-19.8222269],[-43.9041237,-19.822092],[-43.9042363,-19.8218651],[-43.9042021,-19.8214655],[-43.9039097,-19.8209138],[-43.9039214,-19.8207933],[-43.9040403,-19.8205999],[-43.9042718,-19.8204801],[-43.9044421,-19.8202586],[-43.904411,-19.8198348],[-43.9033015,-19.8161228],[-43.9008959,-19.8167164],[-43.900292,-19.817206],[-43.9004667,-19.8174272],[-43.9004949,-19.8176959],[-43.9007065,-19.8180143],[-43.90072,-19.8185382],[-43.9010657,-19.8192624],[-43.9022316,-19.8206822],[-43.9021319,-19.8210154],[-43.9013899,-19.8201425],[-43.9010265,-19.8199453],[-43.9006687,-19.819862],[-43.9003074,-19.8198907],[-43.8990367,-19.8203806],[-43.8967769,-19.8204425],[-43.8956339,-19.8197605],[-43.8950042,-19.819628],[-43.8951753,-19.8194225],[-43.8951336,-19.8193424],[-43.8949141,-19.8193189],[-43.8947797,-19.8192162],[-43.8947911,-19.8186663],[-43.8945927,-19.8184791],[-43.8947401,-19.8182096],[-43.8946295,-19.8180204],[-43.894592,-19.8175735],[-43.8947666,-19.8174809],[-43.8949466,-19.8163703],[-43.8951099,-19.8161634],[-43.8951532,-19.8158794],[-43.8953124,-19.8157661],[-43.8952816,-19.815629],[-43.8954982,-19.8151854],[-43.8954482,-19.8148271],[-43.8959197,-19.813869],[-43.8955925,-19.8129998],[-43.895611,-19.8125019],[-43.8954314,-19.812184],[-43.8954949,-19.8113478],[-43.8956046,-19.8110566],[-43.8957164,-19.8101175],[-43.8960605,-19.8098585],[-43.8957517,-19.8097358]]]}},{"type":"Feature","properties":{"code":"724","name":"Minascaixa"},"geometry":{"type":"Polygon","coordinates":[[[-43.9556622,-19.8143292],[-43.9540723,-19.812605],[-43.9535812,-19.8121958],[-43.9522625,-19.8115917],[-43.9508971,-19.8103105],[-43.9507176,-19.8106113],[-43.950368,-19.8106073],[-43.9502871,-19.8089641],[-43.9505982,-19.8089567],[-43.9507923,-19.8085075],[-43.9511776,-19.8070924],[-43.9512987,-19.8069243],[-43.9528186,-19.8057738],[-43.9528549,-19.8056573],[-43.9538644,-19.8048314],[-43.9550575,-19.8042152],[-43.9555174,-19.8032639],[-43.9594617,-19.8064718],[-43.9600653,-19.8052898],[-43.9601232,-19.8053285],[-43.963464,-19.8098762],[-43.9641279,-19.8105374],[-43.9623632,-19.8118294],[-43.9615248,-19.8120885],[-43.9599723,-19.8121917],[-43.9595272,-19.8123009],[-43.9562563,-19.813926],[-43.9556622,-19.8143292]]]}},{"type":"Feature","properties":{"code":"1299","name":"Candelária"},"geometry":{"type":"Polygon","coordinates":[[[-43.9671093,-19.8167082],[-43.9659787,-19.8163076],[-43.9649055,-19.8157096],[-43.9636971,-19.8154124],[-43.963286,-19.8150419],[-43.9635057,-19.8147271],[-43.9639344,-19.8146746],[-43.9644025,-19.8140045],[-43.9656374,-19.8125768],[-43.9660549,-19.8121517],[-43.9662467,-19.8120965],[-43.9661848,-19.8109497],[-43.9674767,-19.8104979],[-43.9682923,-19.8099806],[-43.9686127,-19.8096136],[-43.967826,-19.8090579],[-43.9686576,-19.8079762],[-43.9698157,-19.8071177],[-43.970317,-19.8064297],[-43.971012,-19.8065984],[-43.9707464,-19.806955],[-43.9728406,-19.8069253],[-43.973643,-19.8072027],[-43.9745975,-19.8076832],[-43.9778502,-19.8096979],[-43.9792373,-19.8104215],[-43.9776923,-19.8136518],[-43.9764586,-19.8142389],[-43.9765739,-19.8145358],[-43.9719854,-19.8146227],[-43.9711773,-19.8147393],[-43.9701137,-19.8150426],[-43.9679755,-19.8160083],[-43.9673407,-19.8164227],[-43.9673388,-19.8165247],[-43.9671093,-19.8167082]]]}},{"type":"Feature","properties":{"code":"669","name":"Etelvina Carneiro"},"geometry":{"type":"Polygon","coordinates":[[[-43.9343271,-19.8141832],[-43.933991,-19.8141297],[-43.933977,-19.8135426],[-43.9330846,-19.8138407],[-43.9310859,-19.8137911],[-43.9308217,-19.8137011],[-43.9311688,-19.811278],[-43.931325,-19.8105593],[-43.9314117,-19.8102992],[-43.9314717,-19.8103064],[-43.9314964,-19.809899],[-43.9316952,-19.8091226],[-43.9344085,-19.8090202],[-43.9349573,-19.8095406],[-43.937433,-19.810481],[-43.9376632,-19.8106243],[-43.9378125,-19.8108615],[-43.9380864,-19.8119858],[-43.9387617,-19.8128414],[-43.938745,-19.8129005],[-43.9384698,-19.8129504],[-43.9381079,-19.8128627],[-43.9377269,-19.8130621],[-43.9371569,-19.8131855],[-43.9370782,-19.8132253],[-43.9372967,-19.8135069],[-43.9367921,-19.8135821],[-43.9358122,-19.8126879],[-43.9351784,-19.8124903],[-43.9347853,-19.812767],[-43.9346451,-19.8130016],[-43.9346976,-19.8138955],[-43.9347852,-19.8141428],[-43.9343271,-19.8141832]]]}},{"type":"Feature","properties":{"code":"615","name":"Frei Leopoldo"},"geometry":{"type":"Polygon","coordinates":[[[-43.9384089,-19.8124303],[-43.9380864,-19.8119858],[-43.9378125,-19.8108615],[-43.9376632,-19.8106243],[-43.937433,-19.810481],[-43.9349573,-19.8095406],[-43.9344085,-19.8090202],[-43.9355159,-19.8078513],[-43.9357263,-19.8085948],[-43.9362381,-19.8079531],[-43.9370339,-19.8063562],[-43.9379032,-19.8056383],[-43.9382829,-19.8058066],[-43.9385008,-19.8052873],[-43.9383559,-19.8033069],[-43.9383814,-19.8032007],[-43.9386092,-19.8030659],[-43.93984,-19.8064285],[-43.939343,-19.8074568],[-43.9393285,-19.8078044],[-43.9393778,-19.8083258],[-43.9398102,-19.8093455],[-43.9398406,-19.8098048],[-43.9397113,-19.8113671],[-43.9384089,-19.8124303]]]}},{"type":"Feature","properties":{"code":"708","name":"Lagoa"},"geometry":{"type":"Polygon","coordinates":[[[-44.0042856,-19.8098613],[-44.0046793,-19.8100915],[-44.0052832,-19.8102835],[-44.005077,-19.8104553],[-44.0044086,-19.8115163],[-44.0029508,-19.8120939],[-44.0014014,-19.8123019],[-44.0015008,-19.8125225],[-44.0001672,-19.8132023],[-44.0008045,-19.8139094],[-44.0009862,-19.814852],[-44.0011835,-19.8150472],[-44.0012908,-19.815383],[-43.9993042,-19.8155588],[-43.9984353,-19.8139496],[-43.9964309,-19.8146174],[-43.9963181,-19.8142135],[-43.9955122,-19.8142276],[-43.9953056,-19.8137985],[-43.9975759,-19.8122953],[-43.9969416,-19.8114658],[-43.9962272,-19.810762],[-43.9965495,-19.8105581],[-43.995734,-19.8098964],[-43.9954054,-19.8097374],[-43.9965095,-19.8090731],[-43.9962983,-19.8089508],[-43.9962938,-19.8085785],[-43.9969514,-19.8079511],[-43.99691,-19.8072903],[-43.9975732,-19.8072417],[-43.9975874,-19.8074601],[-43.9988495,-19.8061586],[-43.9988135,-19.8055595],[-44.0006399,-19.8054522],[-44.0006093,-19.8049431],[-44.0007766,-19.8052449],[-44.0011357,-19.8054397],[-44.0012828,-19.8057138],[-44.0016704,-19.8061008],[-44.002233,-19.8065098],[-44.0025672,-19.8068554],[-44.0033916,-19.8088206],[-44.0038057,-19.8093788],[-44.0042856,-19.8098613]]]}},{"type":"Feature","properties":{"code":"1389","name":"Satélite"},"geometry":{"type":"Polygon","coordinates":[[[-43.9482558,-19.8160636],[-43.9480417,-19.8156359],[-43.9471753,-19.8145431],[-43.9469179,-19.8140849],[-43.9468104,-19.8135334],[-43.9468372,-19.8130796],[-43.9470015,-19.8125979],[-43.9471796,-19.8123211],[-43.948093,-19.811408],[-43.9489723,-19.8106779],[-43.9493928,-19.8101997],[-43.9498276,-19.8094242],[-43.9499457,-19.808798],[-43.9502729,-19.8085723],[-43.950368,-19.8106073],[-43.9502832,-19.8116251],[-43.9496922,-19.8130515],[-43.9482558,-19.8160636]]]}},{"type":"Feature","properties":{"code":"1291","name":"Bispo de Maura"},"geometry":{"type":"Polygon","coordinates":[[[-44.0123324,-19.8258715],[-44.0133218,-19.8258319],[-44.0134576,-19.8258444],[-44.0135486,-19.8259387],[-44.0134369,-19.8271491],[-44.0134555,-19.8277775],[-44.0132794,-19.8282275],[-44.0124594,-19.8260062],[-44.0123324,-19.8258715]]]}},{"type":"Feature","properties":{"code":"678","name":"Floramar"},"geometry":{"type":"Polygon","coordinates":[[[-43.9333963,-19.843843],[-43.92767,-19.8408669],[-43.9267994,-19.8406544],[-43.9271209,-19.8397789],[-43.9277846,-19.8393303],[-43.9297268,-19.8382847],[-43.9301804,-19.8378285],[-43.9304638,-19.8360291],[-43.9302019,-19.834545],[-43.9311574,-19.8326556],[-43.9346857,-19.8343009],[-43.9356972,-19.8338874],[-43.9365371,-19.8323131],[-43.9365009,-19.8310556],[-43.9366367,-19.8308168],[-43.9382166,-19.8305278],[-43.9409324,-19.8312757],[-43.940538,-19.8325902],[-43.9403206,-19.8347566],[-43.9400388,-19.8361701],[-43.9398757,-19.8365503],[-43.9392585,-19.8372441],[-43.9378406,-19.8382457],[-43.9368707,-19.8390983],[-43.935653,-19.8409159],[-43.9349781,-19.8418069],[-43.933826,-19.8431247],[-43.9333963,-19.843843]]]}},{"type":"Feature","properties":{"code":"1474","name":"Vila Suzana I"},"geometry":{"type":"Polygon","coordinates":[[[-43.9319771,-19.864266],[-43.9316174,-19.8636942],[-43.932055,-19.863339],[-43.9324452,-19.8628069],[-43.9334428,-19.8603878],[-43.9350211,-19.8618375],[-43.9348317,-19.8622801],[-43.934347,-19.8630506],[-43.9341698,-19.8630774],[-43.9319771,-19.864266]]]}},{"type":"Feature","properties":{"code":"1254","name":"Vila Formosa"},"geometry":{"type":"Polygon","coordinates":[[[-44.031087,-20.0003796],[-44.0308273,-20.0002882],[-44.0305942,-20.0000952],[-44.0285155,-19.9981301],[-44.029332,-19.9969607],[-44.0298347,-19.9972966],[-44.0295016,-19.9977205],[-44.0294625,-19.9980265],[-44.0295914,-19.9980919],[-44.0295386,-19.9981629],[-44.0305056,-19.9989034],[-44.0319424,-19.9995189],[-44.0318697,-20.0002547],[-44.031087,-20.0003796]]]}},{"type":"Feature","properties":{"code":"1202","name":"Vista do Sol"},"geometry":{"type":"Polygon","coordinates":[[[-43.8888401,-19.852456],[-43.8885009,-19.8520481],[-43.8881455,-19.8513006],[-43.8878068,-19.8480325],[-43.8917527,-19.8472292],[-43.8925888,-19.847442],[-43.8927391,-19.8475548],[-43.8928609,-19.8474716],[-43.8936691,-19.8475791],[-43.8939955,-19.8478032],[-43.8941439,-19.8478218],[-43.8950224,-19.8474806],[-43.8955886,-19.8476706],[-43.8961486,-19.8476153],[-43.8964762,-19.8477906],[-43.8963899,-19.8479458],[-43.8962181,-19.8478445],[-43.8961176,-19.8479837],[-43.896079,-19.8479516],[-43.8959022,-19.8481119],[-43.8958527,-19.8480679],[-43.8954554,-19.8483641],[-43.8953734,-19.848429],[-43.895504,-19.848568],[-43.8949605,-19.8489718],[-43.8952034,-19.8492161],[-43.8949507,-19.8494376],[-43.8947888,-19.8493262],[-43.8947867,-19.8496121],[-43.894737,-19.8495954],[-43.8946926,-19.8498264],[-43.8947183,-19.8511601],[-43.8937903,-19.8511102],[-43.8937567,-19.8506343],[-43.8932501,-19.8505437],[-43.8930764,-19.8504453],[-43.8929991,-19.8505942],[-43.8922089,-19.8505999],[-43.8916841,-19.8504254],[-43.8913979,-19.8506308],[-43.8919318,-19.8506486],[-43.8919218,-19.8508098],[-43.8920794,-19.8508342],[-43.8920677,-19.8510347],[-43.8922206,-19.8510372],[-43.8922985,-19.8512835],[-43.891659,-19.8513347],[-43.8916773,-19.8518321],[-43.8913746,-19.8517922],[-43.8912791,-19.8519671],[-43.8911105,-19.851988],[-43.8907046,-19.8518991],[-43.8904591,-19.852139],[-43.8902067,-19.8519194],[-43.890135,-19.8519936],[-43.8899016,-19.8517801],[-43.8899763,-19.8517088],[-43.8895553,-19.8513853],[-43.8895247,-19.8515262],[-43.8896245,-19.851613],[-43.8888401,-19.852456]]]}},{"type":"Feature","properties":{"code":"1384","name":"São Gonçalo"},"geometry":{"type":"Polygon","coordinates":[[[-43.9290719,-19.8508422],[-43.9277722,-19.850744],[-43.9276109,-19.8504093],[-43.9276368,-19.8502382],[-43.9264347,-19.8508158],[-43.9255073,-19.8499826],[-43.9243245,-19.849293],[-43.9237291,-19.8491318],[-43.9218257,-19.8492078],[-43.9216036,-19.8491261],[-43.9212987,-19.849537],[-43.9210289,-19.8486374],[-43.920723,-19.8480224],[-43.9213092,-19.8473864],[-43.9222467,-19.8467861],[-43.9235798,-19.8465364],[-43.9241447,-19.846313],[-43.924705,-19.8463195],[-43.9266084,-19.8469809],[-43.9275852,-19.8475089],[-43.9274753,-19.847858],[-43.9272213,-19.8481934],[-43.9272236,-19.848494],[-43.9282873,-19.8487692],[-43.9290719,-19.8508422]]]}},{"type":"Feature","properties":{"code":"756","name":"Providência"},"geometry":{"type":"Polygon","coordinates":[[[-43.9265176,-19.8599027],[-43.928003,-19.8600387],[-43.9280046,-19.860272],[-43.9278672,-19.8603735],[-43.9277609,-19.8609371],[-43.9275605,-19.8612885],[-43.9275,-19.8619128],[-43.9270483,-19.8618114],[-43.9267843,-19.8618406],[-43.9273178,-19.8628115],[-43.9274418,-19.8627807],[-43.927556,-19.8628763],[-43.9272028,-19.8630442],[-43.9266088,-19.8620967],[-43.9262888,-19.8617421],[-43.9248815,-19.8608334],[-43.9245846,-19.8605083],[-43.9244657,-19.860503],[-43.9243287,-19.8601999],[-43.9241243,-19.859007],[-43.9225025,-19.8550191],[-43.9218726,-19.8537994],[-43.9199551,-19.8504811],[-43.9202513,-19.850319],[-43.9202574,-19.849454],[-43.9212613,-19.8493943],[-43.9212987,-19.849537],[-43.9216036,-19.8491261],[-43.9218257,-19.8492078],[-43.9237291,-19.8491318],[-43.9243245,-19.849293],[-43.9255073,-19.8499826],[-43.9264347,-19.8508158],[-43.9270419,-19.8518531],[-43.9271396,-19.8525879],[-43.9273831,-19.8534469],[-43.9279211,-19.8547749],[-43.9285247,-19.8545711],[-43.9285608,-19.8551088],[-43.9287008,-19.855556],[-43.9294144,-19.8566517],[-43.9299233,-19.8586456],[-43.9298211,-19.8589546],[-43.9295163,-19.8590646],[-43.9294136,-19.858537],[-43.9283404,-19.8576434],[-43.9283714,-19.8578443],[-43.9281996,-19.8578385],[-43.9281912,-19.8581083],[-43.9287999,-19.8581433],[-43.9287849,-19.858443],[-43.9282867,-19.8584284],[-43.9282788,-19.8587324],[-43.9278507,-19.8587268],[-43.9278032,-19.8593467],[-43.9265693,-19.8592736],[-43.9265176,-19.8599027]],[[-43.9256753,-19.8538402],[-43.9263096,-19.8536166],[-43.9260517,-19.8528379],[-43.9254586,-19.8530083],[-43.9251616,-19.8522222],[-43.9248125,-19.8523973],[-43.9245312,-19.8524412],[-43.9246383,-19.8530056],[-43.9255021,-19.8533446],[-43.9256753,-19.8538402]],[[-43.925259,-19.8593121],[-43.925403,-19.8592263],[-43.9256562,-19.8592125],[-43.9256827,-19.8588943],[-43.9255494,-19.8588802],[-43.9255817,-19.85856],[-43.9250675,-19.8585341],[-43.9250024,-19.8581832],[-43.9249068,-19.8581767],[-43.924814,-19.8578913],[-43.9247372,-19.8578485],[-43.9245122,-19.8571625],[-43.9241306,-19.8572237],[-43.925259,-19.8593121]],[[-43.9265176,-19.8599027],[-43.9263998,-19.8598931],[-43.9263674,-19.8601207],[-43.9261839,-19.8601461],[-43.9259471,-19.8600669],[-43.9257215,-19.8601658],[-43.9264041,-19.8612282],[-43.9266141,-19.8611492],[-43.926637,-19.860567],[-43.9269169,-19.8605976],[-43.9269441,-19.8602641],[-43.926485,-19.8602177],[-43.9265176,-19.8599027]]]}},{"type":"Feature","properties":{"code":"1328","name":"Grotinha"},"geometry":{"type":"Polygon","coordinates":[[[-43.8922982,-19.8512448],[-43.8922206,-19.8510372],[-43.8920677,-19.8510347],[-43.8920794,-19.8508342],[-43.8919218,-19.8508098],[-43.8919318,-19.8506486],[-43.8913979,-19.8506308],[-43.8914491,-19.8505526],[-43.8916841,-19.8504254],[-43.8922089,-19.8505999],[-43.8929991,-19.8505942],[-43.8930302,-19.8504412],[-43.8937567,-19.8506343],[-43.8938107,-19.8510405],[-43.8937092,-19.8512049],[-43.8930358,-19.8511665],[-43.8922982,-19.8512448]]]}},{"type":"Feature","properties":{"code":"1419","name":"Vila de Sá"},"geometry":{"type":"MultiPolygon","coordinates":[[[[-43.9208275,-19.8765908],[-43.9210128,-19.876472],[-43.9209738,-19.876407],[-43.9210309,-19.8763758],[-43.9211795,-19.8764173],[-43.9217234,-19.8761503],[-43.921868,-19.8761461],[-43.9218595,-19.8760493],[-43.9222876,-19.8758563],[-43.9225747,-19.8758085],[-43.9232815,-19.8759044],[-43.9239247,-19.8761773],[-43.9238227,-19.8763041],[-43.9236736,-19.876211],[-43.9235395,-19.8763453],[-43.9234825,-19.8762706],[-43.9233404,-19.8764404],[-43.9232639,-19.876352],[-43.9231705,-19.8764051],[-43.9228446,-19.8762746],[-43.922421,-19.8764418],[-43.9222819,-19.8761716],[-43.9221962,-19.8761722],[-43.9210476,-19.8767591],[-43.9209182,-19.8767934],[-43.9208275,-19.8765908]]],[[[-43.9189643,-19.8785483],[-43.9191172,-19.878209],[-43.9193797,-19.8778914],[-43.9194971,-19.8778348],[-43.9196534,-19.8778956],[-43.9196233,-19.8780559],[-43.9192353,-19.8786837],[-43.9189643,-19.8785483]]]]}},{"type":"Feature","properties":{"code":"824","name":"Nova Cachoeirinha"},"geometry":{"type":"Polygon","coordinates":[[[-43.9562099,-19.8895574],[-43.9559963,-19.8892569],[-43.9561818,-19.8891376],[-43.9561749,-19.8883882],[-43.9557141,-19.8878037],[-43.9555458,-19.8878712],[-43.9553826,-19.8880911],[-43.9558054,-19.8884782],[-43.9555295,-19.8887393],[-43.9541488,-19.8876074],[-43.952851,-19.8875751],[-43.9524964,-19.8874414],[-43.9521948,-19.8871923],[-43.951856,-19.8870821],[-43.951171,-19.8871769],[-43.95136,-19.8867339],[-43.9513461,-19.886061],[-43.9507091,-19.8839123],[-43.9506406,-19.8831994],[-43.9507327,-19.8827101],[-43.9522445,-19.8784453],[-43.9523779,-19.8786135],[-43.9521356,-19.8793391],[-43.9519948,-19.8803268],[-43.9522443,-19.8806538],[-43.9525503,-19.8807226],[-43.9532573,-19.8803376],[-43.9533447,-19.8801894],[-43.9533327,-19.8797923],[-43.9539421,-19.8803649],[-43.9544469,-19.8806343],[-43.9591561,-19.8821815],[-43.9591864,-19.8825418],[-43.9598705,-19.883975],[-43.9595738,-19.8840751],[-43.9592792,-19.8840412],[-43.9585859,-19.8836806],[-43.9584068,-19.8838128],[-43.9585529,-19.8841847],[-43.958551,-19.8844715],[-43.9578377,-19.8861667],[-43.9577899,-19.887195],[-43.9569579,-19.8887652],[-43.9562099,-19.8895574]],[[-43.9543644,-19.8855506],[-43.9546917,-19.8848678],[-43.9541826,-19.8839668],[-43.953826,-19.8841108],[-43.953628,-19.8837043],[-43.9537109,-19.8836842],[-43.9537155,-19.8835638],[-43.953607,-19.8833387],[-43.9534957,-19.8834088],[-43.9533775,-19.8836583],[-43.9526226,-19.8827094],[-43.9516169,-19.8823335],[-43.9517273,-19.8820265],[-43.9513671,-19.8819028],[-43.9512964,-19.8820819],[-43.9514285,-19.8821245],[-43.9513612,-19.8823004],[-43.9514962,-19.8823963],[-43.9518804,-19.883287],[-43.9516872,-19.8835254],[-43.9513272,-19.8837725],[-43.951841,-19.8838462],[-43.9517852,-19.8846172],[-43.951922,-19.8845717],[-43.9521803,-19.8847537],[-43.9527023,-19.8855358],[-43.9529804,-19.885141],[-43.9535636,-19.8847268],[-43.9538877,-19.8847451],[-43.9538853,-19.8848546],[-43.9541642,-19.8853311],[-43.9543644,-19.8855506]]]}},{"type":"Feature","properties":{"code":"1433","name":"Vila Maloca"},"geometry":{"type":"Polygon","coordinates":[[[-43.9525503,-19.8807226],[-43.9522443,-19.8806538],[-43.9519948,-19.8803268],[-43.9521356,-19.8793391],[-43.9523779,-19.8786135],[-43.9533327,-19.8797923],[-43.9533447,-19.8801894],[-43.9532573,-19.8803376],[-43.9525503,-19.8807226]]]}},{"type":"Feature","properties":{"code":"1465","name":"Vila São Francisco"},"geometry":{"type":"Polygon","coordinates":[[[-43.9625565,-19.8812445],[-43.962461,-19.8811439],[-43.9626696,-19.880981],[-43.9625407,-19.8808463],[-43.9630685,-19.8802961],[-43.963328,-19.8805646],[-43.9625565,-19.8812445]]]}},{"type":"Feature","properties":{"code":"645","name":"Cidade Nova"},"geometry":{"type":"Polygon","coordinates":[[[-43.9275407,-19.8946415],[-43.9239859,-19.8936889],[-43.9223413,-19.8935714],[-43.9219438,-19.8934278],[-43.9215472,-19.8931505],[-43.9210613,-19.8925822],[-43.9194533,-19.8895138],[-43.9195775,-19.8893199],[-43.9192108,-19.8880398],[-43.9192211,-19.8878893],[-43.9227511,-19.8858332],[-43.9233687,-19.8850584],[-43.9239927,-19.8846099],[-43.9244578,-19.8844071],[-43.9252975,-19.88434],[-43.9258519,-19.8840906],[-43.926726,-19.8834174],[-43.9268504,-19.8830634],[-43.9274063,-19.883521],[-43.927811,-19.8836387],[-43.9284486,-19.8836283],[-43.9289582,-19.8834446],[-43.9291833,-19.8844368],[-43.9294133,-19.8847067],[-43.9293093,-19.8852138],[-43.9293365,-19.887755],[-43.929229,-19.8891631],[-43.9281317,-19.8925153],[-43.9275407,-19.8946415]]]}},{"type":"Feature","properties":{"code":"1382","name":"São Benedito"},"geometry":{"type":"Polygon","coordinates":[[[-43.8972325,-19.8716745],[-43.897121,-19.8708003],[-43.8971715,-19.8702164],[-43.8975637,-19.8694961],[-43.8984614,-19.8698054],[-43.8993382,-19.8706477],[-43.8995176,-19.8711734],[-43.8972325,-19.8716745]]]}},{"type":"Feature","properties":{"code":"1443","name":"Vila Nova Cachoeirinha IV"},"geometry":{"type":"Polygon","coordinates":[[[-43.9474353,-19.8842634],[-43.9469629,-19.8842237],[-43.9469846,-19.8838897],[-43.9465432,-19.8837691],[-43.9468823,-19.8829778],[-43.9474222,-19.8829943],[-43.9475255,-19.8833576],[-43.9478782,-19.8833144],[-43.9481856,-19.8831884],[-43.9481749,-19.8830418],[-43.9482736,-19.8830297],[-43.9483118,-19.8836958],[-43.9477358,-19.8836929],[-43.947728,-19.8837624],[-43.9479057,-19.883789],[-43.9478783,-19.8839621],[-43.9474876,-19.88391],[-43.9474353,-19.8842634]]]}},{"type":"Feature","properties":{"code":"665","name":"Ermelinda"},"geometry":{"type":"Polygon","coordinates":[[[-43.957746,-19.8917428],[-43.9562099,-19.8895574],[-43.9569579,-19.8887652],[-43.9577899,-19.887195],[-43.9578377,-19.8861667],[-43.958551,-19.8844715],[-43.9585529,-19.8841847],[-43.9584068,-19.8838128],[-43.9585859,-19.8836806],[-43.9592792,-19.8840412],[-43.9595738,-19.8840751],[-43.9598705,-19.883975],[-43.9591864,-19.8825418],[-43.9591561,-19.8821815],[-43.9644014,-19.8839037],[-43.9652672,-19.8842662],[-43.9601558,-19.8886507],[-43.9590855,-19.8894816],[-43.958674,-19.8899864],[-43.957746,-19.8917428]]]}},{"type":"Feature","properties":{"code":"670","name":"Europa"},"geometry":{"type":"Polygon","coordinates":[[[-43.9680851,-19.8087228],[-43.9660762,-19.8066167],[-43.9652356,-19.8059696],[-43.9649012,-19.8051204],[-43.9645837,-19.8051682],[-43.9640418,-19.8051209],[-43.963374,-19.804684],[-43.9628063,-19.8036959],[-43.9623427,-19.8032641],[-43.9620018,-19.8024736],[-43.9609437,-19.8032774],[-43.9608137,-19.8030649],[-43.9610075,-19.8029724],[-43.9607559,-19.8025679],[-43.9607573,-19.8024229],[-43.9606088,-19.8023943],[-43.9605761,-19.8023031],[-43.9605879,-19.8021934],[-43.9610063,-19.8022117],[-43.9605623,-19.8014188],[-43.9608673,-19.8012324],[-43.9610363,-19.8010302],[-43.9614166,-19.8013247],[-43.9625851,-19.7997626],[-43.963862,-19.7985675],[-43.96394,-19.7983097],[-43.9639442,-19.7978282],[-43.9641998,-19.7976767],[-43.9642808,-19.7980108],[-43.9647665,-19.798516],[-43.9649827,-19.7984953],[-43.9651096,-19.7983492],[-43.9656536,-19.797471],[-43.965787,-19.7978529],[-43.9659604,-19.798019],[-43.9662801,-19.7981771],[-43.9665083,-19.7980489],[-43.9665953,-19.7980695],[-43.9669786,-19.7984444],[-43.9674874,-19.7979928],[-43.9680506,-19.7976314],[-43.9681624,-19.7977242],[-43.9685493,-19.7975775],[-43.9696194,-19.797407],[-43.9693798,-19.7959533],[-43.9714942,-19.7975684],[-43.9721528,-19.7984899],[-43.9724007,-19.7985603],[-43.9714041,-19.8012594],[-43.9713707,-19.8015477],[-43.9714883,-19.8021581],[-43.9724194,-19.8035133],[-43.9712837,-19.8043318],[-43.9709626,-19.8046429],[-43.9706146,-19.8052979],[-43.970317,-19.8064297],[-43.9700846,-19.8068167],[-43.9698157,-19.8071177],[-43.9686576,-19.8079762],[-43.9680851,-19.8087228]]]}},{"type":"Feature","properties":{"code":"800","name":"Vila SESC"},"geometry":{"type":"Polygon","coordinates":[[[-43.9733264,-19.8031642],[-43.9737001,-19.8025631],[-43.9738768,-19.8025813],[-43.97498,-19.8022762],[-43.9761559,-19.8020998],[-43.9772721,-19.8015705],[-43.9773558,-19.8015776],[-43.977504,-19.8018423],[-43.9766856,-19.8022914],[-43.9761778,-19.8024684],[-43.9733264,-19.8031642]]]}},{"type":"Feature","properties":{"code":"712","name":"Letícia"},"geometry":{"type":"Polygon","coordinates":[[[-43.9805186,-19.8124885],[-43.9803726,-19.8115012],[-43.9798365,-19.8107576],[-43.9771805,-19.8093056],[-43.9745975,-19.8076832],[-43.9732259,-19.80702],[-43.9728406,-19.8069253],[-43.9707464,-19.806955],[-43.971012,-19.8065984],[-43.970317,-19.8064297],[-43.9706146,-19.8052979],[-43.9708406,-19.8047994],[-43.9710278,-19.804566],[-43.9724194,-19.8035133],[-43.9728954,-19.8032689],[-43.9748558,-19.8028122],[-43.9766856,-19.8022914],[-43.9771483,-19.8026117],[-43.9767337,-19.8031446],[-43.9777785,-19.8039077],[-43.9800994,-19.8037368],[-43.9802762,-19.8038635],[-43.9812864,-19.804062],[-43.981951,-19.8068909],[-43.9820645,-19.8069177],[-43.9831917,-19.807836],[-43.9827459,-19.8082987],[-43.9837421,-19.8091482],[-43.9834436,-19.8094809],[-43.9839649,-19.8098914],[-43.9823967,-19.8114041],[-43.9824321,-19.8117743],[-43.9805186,-19.8124885]]]}},{"type":"Feature","properties":{"code":"1276","name":"Apolônia"},"geometry":{"type":"MultiPolygon","coordinates":[[[[-43.991772,-19.8299722],[-43.9893592,-19.8296695],[-43.9893997,-19.8293601],[-43.9895132,-19.8293729],[-43.989581,-19.8288883],[-43.9896307,-19.8283639],[-43.9895141,-19.8283517],[-43.9895363,-19.8280894],[-43.9875772,-19.8278855],[-43.9876111,-19.827567],[-43.9884311,-19.8276607],[-43.988456,-19.8273392],[-43.987941,-19.8272841],[-43.9879734,-19.8269684],[-43.9885606,-19.8270191],[-43.9886704,-19.8260999],[-43.9902115,-19.8262477],[-43.9902291,-19.8261033],[-43.9904501,-19.8261259],[-43.9905417,-19.8253322],[-43.990319,-19.8252991],[-43.9903508,-19.8249409],[-43.9920351,-19.8251163],[-43.9920412,-19.8252489],[-43.9923088,-19.8252748],[-43.9922094,-19.826195],[-43.9919311,-19.8261673],[-43.9918627,-19.8266978],[-43.9920893,-19.8267199],[-43.9921013,-19.8266217],[-43.992481,-19.8266503],[-43.9924558,-19.826868],[-43.9928379,-19.8268953],[-43.9928131,-19.8271093],[-43.9934346,-19.8271691],[-43.9933437,-19.8279337],[-43.993018,-19.8279053],[-43.9929818,-19.8282325],[-43.992847,-19.828219],[-43.9928255,-19.8283945],[-43.993619,-19.8284707],[-43.9935899,-19.8287851],[-43.9933105,-19.828718],[-43.9932554,-19.828859],[-43.9929489,-19.8288308],[-43.9928998,-19.8289343],[-43.9925596,-19.8288997],[-43.9925683,-19.8287904],[-43.9922538,-19.8287451],[-43.9921261,-19.8298078],[-43.9918533,-19.8298182],[-43.991772,-19.8299722]]],[[[-43.9892195,-19.8257913],[-43.9886429,-19.8257469],[-43.9884706,-19.8256419],[-43.9877588,-19.8248177],[-43.9874763,-19.824683],[-43.9875132,-19.8243429],[-43.9879716,-19.8243897],[-43.9879551,-19.8247151],[-43.98807,-19.8249983],[-43.9885295,-19.82504],[-43.9885885,-19.8244527],[-43.9889267,-19.8244894],[-43.9890209,-19.8236831],[-43.9893312,-19.8237084],[-43.989343,-19.8235733],[-43.9899193,-19.8236266],[-43.9898814,-19.8239483],[-43.9890866,-19.8238657],[-43.988996,-19.8248098],[-43.9892205,-19.8248302],[-43.9891941,-19.8251066],[-43.9892873,-19.8251993],[-43.9892195,-19.8257913]]]]}},{"type":"Feature","properties":{"code":"1495","name":"Conjunto Capitão Eduardo"},"geometry":{"type":"Polygon","coordinates":[[[-43.8678329,-19.8327694],[-43.8672132,-19.8326848],[-43.8661787,-19.8306616],[-43.8660315,-19.8302983],[-43.8660238,-19.8298596],[-43.8662093,-19.8289212],[-43.8665316,-19.8283226],[-43.8671564,-19.8277218],[-43.8684558,-19.8269285],[-43.8684655,-19.8270715],[-43.8685565,-19.8271421],[-43.8684973,-19.8271757],[-43.8693382,-19.8286506],[-43.8695823,-19.8289407],[-43.8696957,-19.8296089],[-43.8700652,-19.8297447],[-43.869987,-19.8302833],[-43.8697091,-19.83038],[-43.869632,-19.8307386],[-43.8698083,-19.8308507],[-43.8698125,-19.8310442],[-43.868813,-19.8315629],[-43.8683787,-19.831603],[-43.8682508,-19.8323102],[-43.8683376,-19.8326578],[-43.8678329,-19.8327694]]]}},{"type":"Feature","properties":{"code":"829","name":"Santa Branca"},"geometry":{"type":"Polygon","coordinates":[[[-43.9704384,-19.8428375],[-43.9680409,-19.8417662],[-43.9675691,-19.8416495],[-43.9666774,-19.8395777],[-43.9622875,-19.8304474],[-43.9627816,-19.8286315],[-43.964166,-19.8287936],[-43.9645321,-19.8286742],[-43.9657934,-19.8277765],[-43.9676665,-19.832605],[-43.9710226,-19.8329023],[-43.9711489,-19.8341125],[-43.9715548,-19.8360561],[-43.9716288,-19.836369],[-43.97188,-19.836835],[-43.971754,-19.8407304],[-43.9725039,-19.8422034],[-43.9718095,-19.8425392],[-43.9710822,-19.8419608],[-43.9704384,-19.8428375]]]}},{"type":"Feature","properties":{"code":"721","name":"Maria Helena"},"geometry":{"type":"Polygon","coordinates":[[[-43.9908762,-19.7941385],[-43.9910457,-19.79451],[-43.9910248,-19.7949808],[-43.9911562,-19.7952432],[-43.9916334,-19.7959666],[-43.9925928,-19.7969108],[-43.9927388,-19.7969828],[-43.9929242,-19.7969598],[-43.9937469,-19.7965078],[-43.9940421,-19.7964434],[-43.9943383,-19.796713],[-43.9950559,-19.7970712],[-43.9956919,-19.7972291],[-43.9965898,-19.7973284],[-43.9973059,-19.7983861],[-43.9977638,-19.7986524],[-43.9980571,-19.7987512],[-43.9987103,-19.7988119],[-43.9990447,-19.7987257],[-44.000675,-19.7995798],[-44.0008715,-19.7999224],[-44.0004522,-19.8012932],[-44.000403,-19.8019701],[-44.000477,-19.8028927],[-43.9859137,-19.8035187],[-43.9859099,-19.8033313],[-43.9860841,-19.8029248],[-43.986267,-19.8026746],[-43.9864757,-19.8025586],[-43.9898912,-19.80243],[-43.9903309,-19.8022912],[-43.9911667,-19.8018425],[-43.9898126,-19.7962327],[-43.9901736,-19.7962057],[-43.9897943,-19.7943065],[-43.9908762,-19.7941385]]]}},{"type":"Feature","properties":{"code":"1482","name":"Zilah Spósito"},"geometry":{"type":"MultiPolygon","coordinates":[[[[-43.9251767,-19.7991688],[-43.926225,-19.7994083],[-43.9265555,-19.7992815],[-43.9262115,-19.802211],[-43.9259079,-19.8019407],[-43.9253126,-19.8008759],[-43.9252329,-19.8008708],[-43.9251139,-19.8015811],[-43.9250318,-19.8016207],[-43.9245753,-19.8015424],[-43.9243979,-19.8013385],[-43.9241212,-19.8012376],[-43.9238711,-19.8008904],[-43.9238578,-19.8007339],[-43.923711,-19.8007179],[-43.9230596,-19.8013777],[-43.9225578,-19.8009956],[-43.9234054,-19.8004439],[-43.9240059,-19.7997761],[-43.924706,-19.799154],[-43.9251767,-19.7991688]]],[[[-43.9260395,-19.8037149],[-43.9248211,-19.8027726],[-43.9248019,-19.8026304],[-43.9249695,-19.8023801],[-43.9251483,-19.8023083],[-43.9255112,-19.8023252],[-43.9265644,-19.8030795],[-43.9260395,-19.8037149]]]]}},{"type":"Feature","properties":{"code":"700","name":"Jaqueline"},"geometry":{"type":"Polygon","coordinates":[[[-43.9316762,-19.7970427],[-43.9320106,-19.7966605],[-43.932362,-19.7958953],[-43.9328231,-19.7957351],[-43.9332704,-19.7954465],[-43.9339072,-19.7954807],[-43.9341565,-19.7954114],[-43.9362895,-19.7953658],[-43.9366325,-19.7955763],[-43.9368766,-19.7959515],[-43.9373174,-19.7971328],[-43.9374067,-19.7977397],[-43.9378134,-19.7988568],[-43.9378252,-19.7990688],[-43.9380162,-19.7992212],[-43.9396882,-19.7988349],[-43.9401691,-19.7989406],[-43.9405145,-19.7992311],[-43.9407928,-19.7992868],[-43.9409828,-19.7991245],[-43.9412187,-19.7986562],[-43.9414363,-19.798432],[-43.9431081,-19.7980375],[-43.9434619,-19.7978059],[-43.945527,-19.7990309],[-43.9464868,-19.7994998],[-43.9498853,-19.8002036],[-43.9502729,-19.8085723],[-43.9499457,-19.808798],[-43.9498276,-19.8094242],[-43.9493928,-19.8101997],[-43.9489723,-19.8106779],[-43.948093,-19.811408],[-43.9475122,-19.8106322],[-43.947181,-19.810834],[-43.9470383,-19.8112369],[-43.946477,-19.8110066],[-43.9461631,-19.8112722],[-43.9460946,-19.8114929],[-43.9461056,-19.8114052],[-43.9458673,-19.8110716],[-43.945897,-19.8108562],[-43.9458179,-19.8106665],[-43.9454852,-19.8103021],[-43.9446366,-19.8090419],[-43.943137,-19.810861],[-43.9414257,-19.8102493],[-43.9401179,-19.809549],[-43.9399443,-19.8090249],[-43.939733,-19.8090867],[-43.9393778,-19.8083258],[-43.939343,-19.8074568],[-43.93984,-19.8064285],[-43.9386092,-19.8030659],[-43.9383814,-19.8032007],[-43.9383559,-19.8033069],[-43.9385008,-19.8052873],[-43.9382829,-19.8058066],[-43.9379032,-19.8056383],[-43.9370339,-19.8063562],[-43.9362381,-19.8079531],[-43.9357263,-19.8085948],[-43.9355159,-19.8078513],[-43.9344085,-19.8090202],[-43.9314432,-19.8091075],[-43.9299183,-19.8087599],[-43.9294853,-19.8088185],[-43.9293927,-19.8087478],[-43.929077,-19.8087765],[-43.9287989,-19.8086576],[-43.9285576,-19.8086599],[-43.9280168,-19.8085036],[-43.9277807,-19.8083324],[-43.927609,-19.8083876],[-43.9274921,-19.8085464],[-43.9273843,-19.808547],[-43.9273021,-19.808327],[-43.9269107,-19.8082176],[-43.9268739,-19.808019],[-43.9269707,-19.807792],[-43.9267646,-19.8073981],[-43.9269782,-19.8054954],[-43.9268971,-19.804854],[-43.9268188,-19.8045517],[-43.9265992,-19.8041794],[-43.9263848,-19.803929],[-43.9260395,-19.8037149],[-43.9265644,-19.8030795],[-43.9261424,-19.8027636],[-43.9265555,-19.7992815],[-43.9274983,-19.7989742],[-43.9286418,-19.7987684],[-43.9292137,-19.798461],[-43.9297545,-19.7982886],[-43.9306874,-19.7978014],[-43.9311512,-19.7973578],[-43.9316762,-19.7970427]],[[-43.9467601,-19.8032165],[-43.9477446,-19.8029899],[-43.9475284,-19.8027182],[-43.9471391,-19.8024455],[-43.9456249,-19.8019197],[-43.9457159,-19.8023272],[-43.9458637,-19.8023877],[-43.945593,-19.8029806],[-43.945878,-19.803098],[-43.9459694,-19.802857],[-43.9467005,-19.8030987],[-43.9467601,-19.8032165]]]}},{"type":"Feature","properties":{"code":"1312","name":"Conjunto Minascaixa"},"geometry":{"type":"Polygon","coordinates":[[[-43.9594617,-19.8064718],[-43.9556267,-19.8032997],[-43.9563932,-19.8030512],[-43.9570157,-19.8024734],[-43.9579472,-19.802054],[-43.9587192,-19.8014266],[-43.9586556,-19.8013273],[-43.9590118,-19.8003261],[-43.9610363,-19.8010302],[-43.9608673,-19.8012324],[-43.9605623,-19.8014188],[-43.9610063,-19.8022117],[-43.9605879,-19.8021934],[-43.9605761,-19.8023031],[-43.9606088,-19.8023943],[-43.9607573,-19.8024229],[-43.9607559,-19.8025679],[-43.9610075,-19.8029724],[-43.9608137,-19.8030649],[-43.9609437,-19.8032774],[-43.9620018,-19.8024736],[-43.9623427,-19.8032641],[-43.9611788,-19.8038979],[-43.9604446,-19.8046556],[-43.9594617,-19.8064718]]]}},{"type":"Feature","properties":{"code":"1383","name":"São Damião"},"geometry":{"type":"Polygon","coordinates":[[[-43.9476511,-19.7852006],[-43.9472137,-19.7842088],[-43.9472442,-19.7834359],[-43.9469419,-19.7824695],[-43.9470346,-19.782161],[-43.9468156,-19.7813932],[-43.9464496,-19.7810071],[-43.945618,-19.780552],[-43.9455393,-19.7804345],[-43.9455375,-19.7801899],[-43.945805,-19.7798769],[-43.9459861,-19.7793676],[-43.9454259,-19.7781886],[-43.9456062,-19.7771741],[-43.9474371,-19.7771872],[-43.9477234,-19.7769606],[-43.9487374,-19.7767952],[-43.9486122,-19.7787909],[-43.9486081,-19.7803643],[-43.9488621,-19.7858386],[-43.948582,-19.7857588],[-43.9477419,-19.7851158],[-43.9476511,-19.7852006]]]}},{"type":"Feature","properties":{"code":"634","name":"Canaã"},"geometry":{"type":"Polygon","coordinates":[[[-43.9445657,-19.7973342],[-43.9445595,-19.7970596],[-43.9451291,-19.7961929],[-43.9453326,-19.7956087],[-43.9459407,-19.7949003],[-43.9459767,-19.7946918],[-43.9463964,-19.794112],[-43.9463989,-19.7938627],[-43.946647,-19.793677],[-43.9471165,-19.7929896],[-43.947333,-19.7927853],[-43.9474937,-19.7922407],[-43.9472779,-19.7896585],[-43.9470607,-19.7892228],[-43.94695,-19.7887575],[-43.947541,-19.7873443],[-43.94776,-19.7870352],[-43.9478597,-19.7866834],[-43.9477316,-19.7853648],[-43.9476574,-19.7853073],[-43.9476511,-19.7852006],[-43.9477419,-19.7851158],[-43.948582,-19.7857588],[-43.9488621,-19.7858386],[-43.9491193,-19.7908508],[-43.9495755,-19.7940462],[-43.9498853,-19.8002036],[-43.9464868,-19.7994998],[-43.945527,-19.7990309],[-43.9434619,-19.7978059],[-43.9439003,-19.7975981],[-43.9443802,-19.7975761],[-43.9445657,-19.7973342]]]}},{"type":"Feature","properties":{"code":"799","name":"Serra Verde"},"geometry":{"type":"Polygon","coordinates":[[[-43.9520198,-19.7771663],[-43.9523204,-19.7776194],[-43.952747,-19.7780112],[-43.9528923,-19.7775819],[-43.9530359,-19.7774459],[-43.953741,-19.7773087],[-43.9540884,-19.777345],[-43.9542099,-19.7772766],[-43.9547122,-19.7774212],[-43.9551228,-19.7776311],[-43.9553824,-19.7776701],[-43.9556455,-19.7778383],[-43.9562809,-19.7779425],[-43.9567626,-19.7779571],[-43.9573217,-19.7777777],[-43.9579703,-19.7777843],[-43.9582064,-19.7778625],[-43.9586688,-19.7782667],[-43.9592223,-19.7791294],[-43.9593629,-19.7796586],[-43.9593483,-19.7802633],[-43.9594854,-19.7805084],[-43.9599385,-19.7806383],[-43.9602147,-19.7805766],[-43.9604672,-19.7807526],[-43.9607855,-19.7806202],[-43.961198,-19.7806489],[-43.9614151,-19.7807356],[-43.9619518,-19.7811832],[-43.962027,-19.7816772],[-43.9623049,-19.7818385],[-43.9627461,-19.7824452],[-43.9630505,-19.7831921],[-43.963531,-19.7834596],[-43.9639324,-19.7837996],[-43.9645939,-19.7840432],[-43.9649528,-19.7840961],[-43.965177,-19.7844631],[-43.9655431,-19.7846618],[-43.9659896,-19.7859049],[-43.9655743,-19.7873301],[-43.9651727,-19.7876701],[-43.964553,-19.787877],[-43.9640091,-19.7884517],[-43.9639421,-19.7886573],[-43.9639909,-19.7893054],[-43.9642046,-19.7899313],[-43.9640692,-19.7905878],[-43.9640121,-19.7914874],[-43.9638946,-19.7915445],[-43.9636301,-19.7920169],[-43.9628816,-19.7928664],[-43.9626361,-19.7935915],[-43.962189,-19.7942949],[-43.9622064,-19.7946285],[-43.9628895,-19.7964528],[-43.9627045,-19.7968606],[-43.9637131,-19.7987313],[-43.9625851,-19.7997626],[-43.9614166,-19.8013247],[-43.9612248,-19.8011289],[-43.9608356,-19.8009284],[-43.9590118,-19.8003261],[-43.9586556,-19.8013273],[-43.9587192,-19.8014266],[-43.9579472,-19.802054],[-43.9570157,-19.8024734],[-43.9563932,-19.8030512],[-43.9557358,-19.803279],[-43.9555174,-19.8032639],[-43.9550575,-19.8042152],[-43.9538644,-19.8048314],[-43.9528549,-19.8056573],[-43.9528186,-19.8057738],[-43.9512987,-19.8069243],[-43.9511776,-19.8070924],[-43.9507923,-19.8085075],[-43.9505982,-19.8089567],[-43.9502871,-19.8089641],[-43.9496294,-19.7948404],[-43.9491193,-19.7908508],[-43.9486156,-19.779649],[-43.9512702,-19.7782887],[-43.9516305,-19.7778566],[-43.9520198,-19.7771663]],[[-43.9531977,-19.7936668],[-43.9553117,-19.7936614],[-43.9553124,-19.793064],[-43.9533704,-19.7930512],[-43.9531962,-19.7931448],[-43.9531287,-19.7933595],[-43.9531977,-19.7936668]]]}},{"type":"Feature","properties":{"code":"719","name":"Mantiqueira"},"geometry":{"type":"Polygon","coordinates":[[[-43.980168,-19.7821689],[-43.9802454,-19.7823991],[-43.9803564,-19.78251],[-43.9805563,-19.7825348],[-43.980713,-19.7826519],[-43.9812333,-19.7826591],[-43.9818095,-19.7830319],[-43.9825077,-19.7830129],[-43.9830566,-19.7831094],[-43.9834819,-19.783706],[-43.9835804,-19.784047],[-43.9840485,-19.7842855],[-43.9845472,-19.7846851],[-43.9854764,-19.7850038],[-43.9863314,-19.7851881],[-43.9869949,-19.7855328],[-43.9875258,-19.7855592],[-43.9877585,-19.7853974],[-43.9882019,-19.7852998],[-43.9896051,-19.7845059],[-43.9897131,-19.7845477],[-43.9900611,-19.784961],[-43.9899591,-19.7852803],[-43.989504,-19.7860384],[-43.9898148,-19.7864159],[-43.9898354,-19.7869449],[-43.9899497,-19.7874125],[-43.9903026,-19.7878013],[-43.9906338,-19.7878879],[-43.990827,-19.7878401],[-43.9904652,-19.7881143],[-43.9902894,-19.7889715],[-43.9900667,-19.7893937],[-43.9900076,-19.7897993],[-43.9901305,-19.7910256],[-43.9904164,-19.7924472],[-43.9902607,-19.793315],[-43.990536,-19.7938548],[-43.9908762,-19.7941385],[-43.9897943,-19.7943065],[-43.9901736,-19.7962057],[-43.9898126,-19.7962327],[-43.9911667,-19.8018425],[-43.9903309,-19.8022912],[-43.9898912,-19.80243],[-43.989288,-19.8024972],[-43.9864757,-19.8025586],[-43.986267,-19.8026746],[-43.9860841,-19.8029248],[-43.9859099,-19.8033313],[-43.9859137,-19.8035187],[-43.9830502,-19.8036731],[-43.9800994,-19.8037368],[-43.9777785,-19.8039077],[-43.9767337,-19.8031446],[-43.9771483,-19.8026117],[-43.9766856,-19.8022914],[-43.977504,-19.8018423],[-43.9773558,-19.8015776],[-43.9772126,-19.801599],[-43.9777968,-19.8000811],[-43.9766265,-19.7989731],[-43.9760953,-19.7986367],[-43.97598,-19.7985837],[-43.9753512,-19.7989104],[-43.9753572,-19.7984087],[-43.9755317,-19.7983648],[-43.9773099,-19.7971114],[-43.9751544,-19.7950206],[-43.9755673,-19.7939337],[-43.9759364,-19.7937089],[-43.9751587,-19.7928552],[-43.9757078,-19.7920535],[-43.9760257,-19.7921306],[-43.9765345,-19.792636],[-43.9769394,-19.7921671],[-43.9770477,-19.7913588],[-43.9774318,-19.7908857],[-43.9774145,-19.7903405],[-43.9779617,-19.7894103],[-43.9781277,-19.7895264],[-43.9783204,-19.7892765],[-43.9785412,-19.7895501],[-43.9788878,-19.7893064],[-43.978728,-19.7890741],[-43.9789369,-19.7889737],[-43.9790404,-19.7892136],[-43.9793183,-19.7891752],[-43.9798528,-19.789253],[-43.9800451,-19.7892303],[-43.9801539,-19.7891351],[-43.980184,-19.788972],[-43.9797216,-19.7888671],[-43.9798215,-19.7883119],[-43.9800886,-19.7880824],[-43.9800313,-19.7877011],[-43.9802272,-19.7872661],[-43.9800403,-19.7870864],[-43.9801434,-19.786661],[-43.9802605,-19.7866946],[-43.9803857,-19.7863814],[-43.9805,-19.7863963],[-43.9806059,-19.7859954],[-43.9802787,-19.7858379],[-43.9802645,-19.7856428],[-43.9799911,-19.7856361],[-43.9799614,-19.7856934],[-43.9796807,-19.7855078],[-43.979627,-19.7856649],[-43.9800356,-19.7863063],[-43.9798866,-19.7868136],[-43.9798818,-19.7873442],[-43.9798198,-19.7876568],[-43.9797516,-19.7876548],[-43.9796552,-19.7883469],[-43.9794029,-19.7885715],[-43.9789403,-19.7884896],[-43.9789475,-19.7884338],[-43.9788164,-19.7884042],[-43.9784793,-19.7889418],[-43.9767058,-19.7876914],[-43.9767838,-19.7874446],[-43.977201,-19.7876744],[-43.9773006,-19.7876588],[-43.9775237,-19.7873702],[-43.9777754,-19.7860465],[-43.9781098,-19.785528],[-43.9782748,-19.7849388],[-43.9787178,-19.7845062],[-43.9784347,-19.7835929],[-43.9785085,-19.7827178],[-43.9788849,-19.782839],[-43.9791918,-19.7828011],[-43.9799249,-19.7822691],[-43.980168,-19.7821689]],[[-43.9889364,-19.7969978],[-43.9892557,-19.7969312],[-43.9891626,-19.7965705],[-43.9890943,-19.7965803],[-43.9890198,-19.7963984],[-43.9890297,-19.7962915],[-43.9892494,-19.7962548],[-43.9891911,-19.7960245],[-43.9892728,-19.7957474],[-43.9889094,-19.7955478],[-43.9889273,-19.7953758],[-43.9887472,-19.7953607],[-43.9886956,-19.7955896],[-43.9887943,-19.7955955],[-43.9887895,-19.7958751],[-43.9889447,-19.7958917],[-43.9889717,-19.7959787],[-43.9887013,-19.7961514],[-43.9885009,-19.7965936],[-43.988306,-19.7965651],[-43.9882904,-19.7966806],[-43.9887259,-19.7966972],[-43.9889324,-19.7967832],[-43.9889364,-19.7969978]],[[-43.9866195,-19.7872839],[-43.9869386,-19.7869548],[-43.9870563,-19.7870422],[-43.9873628,-19.7868021],[-43.9875044,-19.78677],[-43.9873972,-19.7864322],[-43.9875092,-19.7864206],[-43.9873426,-19.7859875],[-43.9871157,-19.7860035],[-43.9870288,-19.7861015],[-43.9869728,-19.7865067],[-43.9866021,-19.7867804],[-43.9862546,-19.7872053],[-43.9866195,-19.7872839]]]}},{"type":"Feature","properties":{"code":"703","name":"Jardim dos Comerciários"},"geometry":{"type":"Polygon","coordinates":[[[-43.9640881,-19.790685],[-43.9642681,-19.7910279],[-43.9641904,-19.7914202],[-43.9642554,-19.7914728],[-43.9648328,-19.7915795],[-43.965288,-19.7914474],[-43.9653925,-19.7915199],[-43.9661225,-19.791638],[-43.9664859,-19.7915434],[-43.9668577,-19.7912797],[-43.9669734,-19.7907487],[-43.9673147,-19.7904323],[-43.9674876,-19.7899159],[-43.9679473,-19.789409],[-43.9683778,-19.7886691],[-43.9687021,-19.7885967],[-43.968814,-19.7883689],[-43.9691103,-19.7881807],[-43.969666,-19.7883118],[-43.969663,-19.7880856],[-43.9700075,-19.7877751],[-43.9701813,-19.7870752],[-43.9706369,-19.7862207],[-43.9709464,-19.7860684],[-43.9712631,-19.7857357],[-43.9718937,-19.7855774],[-43.9721058,-19.7854593],[-43.9727537,-19.7848034],[-43.9729384,-19.7844598],[-43.9733583,-19.7840144],[-43.974224,-19.7835043],[-43.9748402,-19.7832343],[-43.9751002,-19.7829237],[-43.9751296,-19.7825669],[-43.9753166,-19.7823145],[-43.9757536,-19.7822446],[-43.9767528,-19.7822545],[-43.9780659,-19.7826538],[-43.9785085,-19.7827178],[-43.9784347,-19.7835929],[-43.9787178,-19.7845062],[-43.9782748,-19.7849388],[-43.9781098,-19.785528],[-43.9777754,-19.7860465],[-43.9775237,-19.7873702],[-43.9773006,-19.7876588],[-43.977201,-19.7876744],[-43.9767838,-19.7874446],[-43.9767058,-19.7876914],[-43.978299,-19.7888146],[-43.9782659,-19.7888737],[-43.9781383,-19.7887841],[-43.9779137,-19.7890749],[-43.9780541,-19.7892655],[-43.9774145,-19.7903405],[-43.9774318,-19.7908857],[-43.9770477,-19.7913588],[-43.9769394,-19.7921671],[-43.9765345,-19.792636],[-43.9760257,-19.7921306],[-43.9757078,-19.7920535],[-43.9751587,-19.7928552],[-43.9759364,-19.7937089],[-43.9755673,-19.7939337],[-43.9751544,-19.7950206],[-43.9773099,-19.7971114],[-43.9755317,-19.7983648],[-43.9753572,-19.7984087],[-43.9753512,-19.7989104],[-43.97598,-19.7985837],[-43.9760953,-19.7986367],[-43.9766265,-19.7989731],[-43.9777968,-19.8000811],[-43.9772126,-19.801599],[-43.9761559,-19.8020998],[-43.97498,-19.8022762],[-43.9738768,-19.8025813],[-43.9737001,-19.8025631],[-43.9733264,-19.8031642],[-43.9728954,-19.8032689],[-43.9724194,-19.8035133],[-43.9714883,-19.8021581],[-43.9713707,-19.8015477],[-43.9714041,-19.8012594],[-43.9724007,-19.7985603],[-43.9721528,-19.7984899],[-43.9714942,-19.7975684],[-43.9693798,-19.7959533],[-43.9696194,-19.797407],[-43.9685493,-19.7975775],[-43.9681624,-19.7977242],[-43.9680506,-19.7976314],[-43.9674874,-19.7979928],[-43.9669786,-19.7984444],[-43.9665953,-19.7980695],[-43.9665083,-19.7980489],[-43.9662801,-19.7981771],[-43.9659604,-19.798019],[-43.965787,-19.7978529],[-43.9656536,-19.797471],[-43.9651096,-19.7983492],[-43.9649827,-19.7984953],[-43.9647665,-19.798516],[-43.9642808,-19.7980108],[-43.9641998,-19.7976767],[-43.9639442,-19.7978282],[-43.9639278,-19.7983736],[-43.9637131,-19.7987313],[-43.9627045,-19.7968606],[-43.9628895,-19.7964528],[-43.9622064,-19.7946285],[-43.962189,-19.7942949],[-43.9626361,-19.7935915],[-43.9628816,-19.7928664],[-43.9636301,-19.7920169],[-43.9638946,-19.7915445],[-43.9640121,-19.7914874],[-43.9640881,-19.790685]]]}},{"type":"Feature","properties":{"code":"752","name":"Prado"},"geometry":{"type":"Polygon","coordinates":[[[-43.9658766,-19.9311655],[-43.9651899,-19.9311344],[-43.9644354,-19.9309948],[-43.9571876,-19.9294447],[-43.9584528,-19.9260489],[-43.9565248,-19.9188604],[-43.9566049,-19.9186284],[-43.9578587,-19.9191195],[-43.9581827,-19.9191476],[-43.9601695,-19.9188593],[-43.9605034,-19.9187108],[-43.960819,-19.9184118],[-43.9612489,-19.9178161],[-43.961852,-19.9172413],[-43.962129,-19.9170665],[-43.962939,-19.9167923],[-43.9632482,-19.9167594],[-43.9660016,-19.9173703],[-43.9663737,-19.9175104],[-43.9682186,-19.9186539],[-43.9676136,-19.9210375],[-43.9673584,-19.9214833],[-43.9671279,-19.9213999],[-43.9669004,-19.9214294],[-43.9672406,-19.9225733],[-43.9671516,-19.9229725],[-43.9666996,-19.9230773],[-43.9668929,-19.9237184],[-43.9660978,-19.9265612],[-43.9670916,-19.9267717],[-43.9665537,-19.9274668],[-43.9664166,-19.927932],[-43.9677207,-19.9282337],[-43.9676456,-19.9277806],[-43.9677139,-19.9276435],[-43.9691489,-19.9280617],[-43.9693414,-19.9273783],[-43.9696035,-19.9273812],[-43.9708687,-19.9267967],[-43.971785,-19.927014],[-43.9716711,-19.9291622],[-43.9717599,-19.9292031],[-43.9720284,-19.9300998],[-43.9718522,-19.9305203],[-43.9704498,-19.9309172],[-43.9658766,-19.9311655]]]}},{"type":"Feature","properties":{"code":"1675","name":"Vila da Amizade"},"geometry":{"type":"Polygon","coordinates":[[[-43.9830444,-19.92521],[-43.9827458,-19.9249375],[-43.9821954,-19.9248282],[-43.981917,-19.9246142],[-43.9815933,-19.9244811],[-43.9812749,-19.9244793],[-43.9805334,-19.9242434],[-43.979237,-19.9242649],[-43.9784617,-19.9245634],[-43.978419,-19.9239897],[-43.9816739,-19.9239489],[-43.9823735,-19.9240153],[-43.9822856,-19.9244079],[-43.982715,-19.9244877],[-43.9826328,-19.9248111],[-43.9826824,-19.9247672],[-43.9830535,-19.9248545],[-43.9831486,-19.9250484],[-43.9830444,-19.92521]]]}},{"type":"Feature","properties":{"code":"1672","name":"São Jorge III"},"geometry":{"type":"Polygon","coordinates":[[[-43.9646476,-19.950416],[-43.9644327,-19.9503841],[-43.9638242,-19.9499755],[-43.9633747,-19.9493727],[-43.9634506,-19.9490899],[-43.9630815,-19.9488635],[-43.9630304,-19.9482164],[-43.9633235,-19.9482735],[-43.963353,-19.9480976],[-43.9637273,-19.9476848],[-43.9629697,-19.9471624],[-43.9618289,-19.9469976],[-43.9611777,-19.9464349],[-43.9609785,-19.9464579],[-43.9599588,-19.9455836],[-43.9602945,-19.9451636],[-43.9604336,-19.9448451],[-43.9605169,-19.9448254],[-43.9606467,-19.9442544],[-43.9613329,-19.9443886],[-43.9615865,-19.9443424],[-43.9621482,-19.943934],[-43.9631804,-19.9433829],[-43.9635294,-19.9442859],[-43.9631527,-19.9443701],[-43.9631507,-19.9444965],[-43.9633612,-19.9454846],[-43.963634,-19.9456397],[-43.9636926,-19.9460252],[-43.9636209,-19.9468887],[-43.9640268,-19.9468835],[-43.965023,-19.9473785],[-43.9654089,-19.9476861],[-43.9665068,-19.9469807],[-43.9666165,-19.9468165],[-43.9671563,-19.9472749],[-43.9672513,-19.9469319],[-43.9678629,-19.9472578],[-43.9677339,-19.9478101],[-43.9677692,-19.9478931],[-43.9681348,-19.9479832],[-43.9680626,-19.948338],[-43.9684566,-19.9484309],[-43.9683385,-19.9487771],[-43.9665865,-19.9487621],[-43.9659811,-19.9488747],[-43.9656929,-19.9490618],[-43.9652048,-19.9499992],[-43.9648426,-19.9503503],[-43.9646476,-19.950416]]]}},{"type":"Feature","properties":{"code":"705","name":"Jardinópolis"},"geometry":{"type":"MultiPolygon","coordinates":[[[[-44.0081612,-19.9476666],[-44.0070251,-19.9471064],[-44.006189,-19.9464787],[-44.0054975,-19.9456727],[-44.0041713,-19.9437015],[-44.0037252,-19.9439855],[-44.003031,-19.9439073],[-44.0034463,-19.9433138],[-44.0031193,-19.9429634],[-44.0028714,-19.9432858],[-44.0022095,-19.9432203],[-44.0023281,-19.942964],[-44.0023197,-19.9426018],[-44.0023771,-19.9425784],[-44.0022095,-19.9419055],[-44.0023027,-19.9418341],[-44.0021233,-19.941629],[-44.0020246,-19.9417133],[-44.0017976,-19.9413871],[-44.0018371,-19.9413535],[-44.0012068,-19.9405494],[-44.0012552,-19.9405328],[-44.0011993,-19.9403973],[-44.0011501,-19.940421],[-44.0009598,-19.9399895],[-44.0011161,-19.9398888],[-44.0010222,-19.9397325],[-44.0009719,-19.9397627],[-44.0008734,-19.9394897],[-44.0008704,-19.9394085],[-44.0011698,-19.9392984],[-44.0012217,-19.9393683],[-44.0017066,-19.9392165],[-44.00139,-19.9380091],[-44.0014003,-19.9376927],[-44.0015737,-19.9373763],[-44.0020758,-19.9376914],[-44.002493,-19.9380742],[-44.0029091,-19.9386805],[-44.0035884,-19.93992],[-44.0040608,-19.9404823],[-44.0050757,-19.9412619],[-44.0069103,-19.9424988],[-44.0073928,-19.9427467],[-44.0078768,-19.9428787],[-44.0080269,-19.9464424],[-44.0081612,-19.9476666]]],[[[-44.0004165,-19.9447337],[-43.9998268,-19.9442993],[-43.9998868,-19.9442306],[-43.999523,-19.9439011],[-43.9994597,-19.9439627],[-43.9993706,-19.9439132],[-43.9986329,-19.9433732],[-43.9974503,-19.9438833],[-43.9970291,-19.943489],[-43.9967494,-19.9430245],[-43.9981057,-19.943207],[-43.9988661,-19.9426301],[-43.9984855,-19.9421693],[-43.9976335,-19.9418282],[-43.9977802,-19.9415545],[-43.9975646,-19.9414814],[-43.9975612,-19.9414053],[-43.9985237,-19.9416066],[-43.9987223,-19.9415772],[-43.9990291,-19.9413409],[-43.9991006,-19.9410423],[-43.9996752,-19.9408379],[-44.0008812,-19.9401075],[-44.0011076,-19.9409604],[-44.0019893,-19.9421052],[-44.0021085,-19.9428588],[-44.0017976,-19.9433255],[-44.0005367,-19.9444412],[-44.0004165,-19.9447337]]]]}},{"type":"Feature","properties":{"code":"761","name":"Salgado Filho"},"geometry":{"type":"Polygon","coordinates":[[[-43.9776647,-19.9510334],[-43.9758863,-19.950475],[-43.975898,-19.9503099],[-43.9767545,-19.9502096],[-43.9769492,-19.9499034],[-43.9769329,-19.9498137],[-43.9768265,-19.9498231],[-43.9767756,-19.9495017],[-43.9765267,-19.9496222],[-43.9764041,-19.9493701],[-43.9759976,-19.9494891],[-43.9759644,-19.9493935],[-43.9755819,-19.9495326],[-43.975503,-19.9492685],[-43.9759385,-19.9491344],[-43.9758043,-19.9488457],[-43.9759148,-19.9487341],[-43.9761125,-19.9488521],[-43.9761372,-19.9485425],[-43.9760009,-19.9485324],[-43.9759331,-19.9483169],[-43.9751201,-19.9485528],[-43.9753636,-19.9493029],[-43.9746321,-19.9494927],[-43.9742809,-19.9490146],[-43.9748009,-19.9487006],[-43.9746126,-19.948382],[-43.9744256,-19.9484743],[-43.9741634,-19.9480262],[-43.9742651,-19.946932],[-43.9750972,-19.9454928],[-43.9753554,-19.9452703],[-43.9768412,-19.9453779],[-43.9772778,-19.9451783],[-43.9775102,-19.9448767],[-43.9786627,-19.9449066],[-43.9791844,-19.9446153],[-43.9781976,-19.9440849],[-43.9780234,-19.9439245],[-43.9775013,-19.9416499],[-43.9779133,-19.9402252],[-43.9778225,-19.9401793],[-43.9788349,-19.9385043],[-43.9795125,-19.9382532],[-43.9796333,-19.9375172],[-43.9801893,-19.9358861],[-43.9806488,-19.9361775],[-43.9808321,-19.9354327],[-43.9816584,-19.9356102],[-43.9816802,-19.9358794],[-43.9817465,-19.9358965],[-43.9816787,-19.936174],[-43.9819833,-19.9362336],[-43.9820178,-19.9363542],[-43.9822954,-19.9364233],[-43.9822765,-19.9365278],[-43.9824287,-19.9365725],[-43.9823386,-19.9368284],[-43.9831789,-19.9370127],[-43.9830708,-19.9374526],[-43.9835979,-19.9373057],[-43.9837396,-19.9377386],[-43.9839137,-19.9376938],[-43.9843352,-19.9382934],[-43.9851848,-19.9379954],[-43.9854523,-19.9396799],[-43.9856624,-19.9401251],[-43.9877672,-19.9418098],[-43.9881677,-19.9423358],[-43.9882108,-19.9426709],[-43.9881561,-19.9430133],[-43.9877951,-19.9435278],[-43.987042,-19.9442717],[-43.9868873,-19.9446872],[-43.9870153,-19.9453958],[-43.9875396,-19.9468957],[-43.9875206,-19.9472385],[-43.9873851,-19.9475727],[-43.9869533,-19.9479803],[-43.9865066,-19.948157],[-43.9852855,-19.9484545],[-43.9848031,-19.9486936],[-43.9829299,-19.9503344],[-43.9820126,-19.9492457],[-43.9813027,-19.9497593],[-43.9814117,-19.950837],[-43.9802671,-19.9506795],[-43.9778576,-19.9505669],[-43.9776647,-19.9510334]]]}},{"type":"Feature","properties":{"code":"816","name":"Maria Virgínia"},"geometry":{"type":"MultiPolygon","coordinates":[[[[-43.9376646,-19.8727716],[-43.9368597,-19.8724749],[-43.9363396,-19.8719423],[-43.9360745,-19.8719824],[-43.9357454,-19.8722159],[-43.9353878,-19.8723171],[-43.9353075,-19.8721926],[-43.9354326,-19.8720666],[-43.9353848,-19.8718227],[-43.9351469,-19.8711603],[-43.9349011,-19.8708529],[-43.9343651,-19.8705515],[-43.9327079,-19.8700655],[-43.9323067,-19.870195],[-43.9318111,-19.8705443],[-43.9282937,-19.8693773],[-43.9283277,-19.8683332],[-43.9280427,-19.8673563],[-43.9274027,-19.8659692],[-43.9272905,-19.8655825],[-43.9273501,-19.8648512],[-43.9297592,-19.866035],[-43.9310683,-19.8665819],[-43.9318941,-19.8668281],[-43.9346491,-19.8674386],[-43.9427032,-19.8697275],[-43.9426846,-19.8699217],[-43.9429384,-19.8706081],[-43.9427057,-19.8707146],[-43.9423591,-19.8707241],[-43.9423869,-19.8707956],[-43.9415367,-19.8707151],[-43.9379009,-19.8700121],[-43.9376646,-19.8727716]]],[[[-43.9483191,-19.8723165],[-43.9481137,-19.8720049],[-43.9479095,-19.871901],[-43.9439378,-19.8711871],[-43.9437176,-19.8712035],[-43.9427036,-19.871656],[-43.9423996,-19.8708331],[-43.9428621,-19.8708939],[-43.9433381,-19.871096],[-43.9436869,-19.8710319],[-43.9439404,-19.8707335],[-43.944648,-19.8703879],[-43.9445988,-19.8701186],[-43.9458525,-19.8701837],[-43.946553,-19.870296],[-43.9470446,-19.8704978],[-43.9475901,-19.8708983],[-43.9485372,-19.8722012],[-43.9483191,-19.8723165]]]]}},{"type":"Feature","properties":{"code":"775","name":"Santa Terezinha"},"geometry":{"type":"Polygon","coordinates":[[[-44.0053318,-19.8783253],[-44.004348,-19.8767611],[-44.0038656,-19.8763161],[-44.0006151,-19.8750054],[-44.0000094,-19.8747232],[-43.9994732,-19.8743163],[-43.9990482,-19.8736804],[-43.9988896,-19.8730535],[-43.9988746,-19.8725543],[-43.9991194,-19.8709559],[-43.999241,-19.8683167],[-43.9992019,-19.867547],[-43.9989347,-19.8668548],[-44.0007798,-19.867753],[-44.0011059,-19.8671832],[-44.0023325,-19.8677562],[-44.0031572,-19.8661865],[-44.0040183,-19.8666245],[-44.0040462,-19.8667524],[-44.0043387,-19.8668952],[-44.0052899,-19.8650685],[-44.0066474,-19.8654383],[-44.0077268,-19.8659877],[-44.0110189,-19.8684548],[-44.0114479,-19.8689026],[-44.0122413,-19.8711446],[-44.0126129,-19.8719917],[-44.0136235,-19.8728706],[-44.0126463,-19.8740654],[-44.0123812,-19.874617],[-44.0123094,-19.8776108],[-44.0093171,-19.8767815],[-44.0087629,-19.8765911],[-44.0083743,-19.8762766],[-44.006797,-19.8773965],[-44.0053318,-19.8783253]]]}},{"type":"Feature","properties":{"code":"623","name":"Buritis"},"geometry":{"type":"Polygon","coordinates":[[[-43.9772313,-19.9859396],[-43.9767684,-19.9856732],[-43.976425,-19.9855872],[-43.9745586,-19.9858826],[-43.9738759,-19.9857335],[-43.9733348,-19.9857865],[-43.9724241,-19.9856983],[-43.9697598,-19.9853236],[-43.9665736,-19.9842576],[-43.9620357,-19.9818794],[-43.9618371,-19.9816149],[-43.9614685,-19.9815509],[-43.9613059,-19.9818611],[-43.9608981,-19.9822802],[-43.9605994,-19.9822814],[-43.9603217,-19.9821571],[-43.9598111,-19.9820699],[-43.9594667,-19.9819207],[-43.959134,-19.9816484],[-43.9588973,-19.981075],[-43.9587289,-19.9802029],[-43.9588659,-19.9796978],[-43.9587611,-19.9792165],[-43.95853,-19.9788433],[-43.9592355,-19.9759126],[-43.9594153,-19.9752559],[-43.9595347,-19.9750598],[-43.9592396,-19.9725899],[-43.9593619,-19.9725176],[-43.9595026,-19.9717857],[-43.9590903,-19.971411],[-43.9604424,-19.9693254],[-43.9615626,-19.9670926],[-43.9632778,-19.9678604],[-43.9634985,-19.9675248],[-43.9638238,-19.9672832],[-43.9641642,-19.9671877],[-43.9649709,-19.9671906],[-43.9652267,-19.967102],[-43.9656187,-19.9662164],[-43.9658036,-19.9661127],[-43.9731641,-19.9666576],[-43.973369,-19.9662024],[-43.9735201,-19.966139],[-43.9736286,-19.9659828],[-43.9734679,-19.9665533],[-43.9735384,-19.9667669],[-43.9788517,-19.9752858],[-43.9792688,-19.9769837],[-43.9793546,-19.9777385],[-43.9801794,-19.9814476],[-43.9801344,-19.9815083],[-43.9802036,-19.9818283],[-43.9802762,-19.9820592],[-43.9806618,-19.9821785],[-43.9808659,-19.982854],[-43.9811082,-19.9831247],[-43.9815105,-19.983873],[-43.9772313,-19.9859396]],[[-43.9731815,-19.968263],[-43.973361,-19.9681699],[-43.9732947,-19.9679863],[-43.9734437,-19.967927],[-43.9736189,-19.9678892],[-43.9736525,-19.9679908],[-43.9741353,-19.9678969],[-43.9739326,-19.9675894],[-43.9736083,-19.9677557],[-43.973368,-19.9673073],[-43.9732322,-19.9671872],[-43.9731856,-19.967297],[-43.9723614,-19.9679212],[-43.9726011,-19.9680814],[-43.9731815,-19.968263]]]}},{"type":"Feature","properties":{"code":"1162","name":"Ernesto do Nascimento"},"geometry":{"type":"Polygon","coordinates":[[[-44.0332657,-20.0112179],[-44.030064,-20.0108291],[-44.0303408,-20.0102627],[-44.0299952,-20.0101371],[-44.0320238,-20.0062496],[-44.0321549,-20.0064177],[-44.0322715,-20.0064282],[-44.0323646,-20.0061014],[-44.0332618,-20.0061832],[-44.0333013,-20.0058699],[-44.0347801,-20.0060047],[-44.0332657,-20.0112179]]]}},{"type":"Feature","properties":{"code":"1145","name":"Átila de Paiva"},"geometry":{"type":"Polygon","coordinates":[[[-44.0287463,-19.9802542],[-44.0263865,-19.9781498],[-44.0284311,-19.9760316],[-44.0284875,-19.9761147],[-44.0294052,-19.9761563],[-44.030057,-19.9764026],[-44.0307581,-19.9770032],[-44.0311516,-19.9776496],[-44.0287463,-19.9802542]]]}},{"type":"Feature","properties":{"code":"1157","name":"Itaipu"},"geometry":{"type":"Polygon","coordinates":[[[-44.0513968,-19.9972358],[-44.0508442,-19.9971414],[-44.0506211,-19.9969963],[-44.0498618,-19.9959821],[-44.0495085,-19.9956921],[-44.0490744,-19.9955361],[-44.0476416,-19.9953512],[-44.0469733,-19.9950862],[-44.046486,-19.9947935],[-44.046042,-19.9939313],[-44.0458967,-19.993445],[-44.0458647,-19.9918866],[-44.0459959,-19.9916471],[-44.0465357,-19.9911868],[-44.0468669,-19.9906931],[-44.0469352,-19.9901265],[-44.0468594,-19.989743],[-44.0481097,-19.9869179],[-44.0488681,-19.98455],[-44.0491945,-19.9843713],[-44.0501624,-19.9832062],[-44.0509614,-19.9839243],[-44.052812,-19.9869712],[-44.0531237,-19.9875179],[-44.0532258,-19.9878466],[-44.0525315,-19.9881521],[-44.0524218,-19.9877763],[-44.0515913,-19.9869763],[-44.0507749,-19.9879274],[-44.0506031,-19.9879717],[-44.0506491,-19.9883054],[-44.0502239,-19.9887066],[-44.0505623,-19.9889281],[-44.050717,-19.9886705],[-44.0513212,-19.9887333],[-44.0512984,-19.9888394],[-44.0516174,-19.9888986],[-44.051641,-19.9887817],[-44.0519976,-19.9888472],[-44.0519782,-19.9889495],[-44.0522813,-19.9890071],[-44.0522078,-19.9893994],[-44.0524203,-19.9894278],[-44.0523612,-19.9896936],[-44.0528258,-19.9897598],[-44.0522161,-19.9932807],[-44.0520752,-19.9934977],[-44.0518319,-19.9934529],[-44.0517213,-19.9941187],[-44.0519394,-19.9941643],[-44.0515676,-19.996183],[-44.0516352,-19.9966074],[-44.0519448,-19.9965776],[-44.0519068,-19.9970639],[-44.0513968,-19.9972358]]]}},{"type":"Feature","properties":{"code":"1974","name":"Ventosa"},"geometry":{"type":"MultiPolygon","coordinates":[[[[-43.9705395,-19.9567628],[-43.9704432,-19.9566981],[-43.9705177,-19.9564922],[-43.9703447,-19.9559797],[-43.9704505,-19.9558959],[-43.9705688,-19.9554942],[-43.9705291,-19.9550252],[-43.9701165,-19.9549851],[-43.9704896,-19.9540976],[-43.9699959,-19.9539082],[-43.9707766,-19.9520682],[-43.9711807,-19.9513647],[-43.9716284,-19.9515592],[-43.9724373,-19.9515983],[-43.9727973,-19.9517762],[-43.9730701,-19.9514281],[-43.9730586,-19.9512003],[-43.9728872,-19.9510364],[-43.9729418,-19.9509305],[-43.9728208,-19.9509261],[-43.9726995,-19.951261],[-43.9726149,-19.9511934],[-43.9727386,-19.9508921],[-43.9728024,-19.9509176],[-43.9729234,-19.9507251],[-43.9731331,-19.9499994],[-43.9734025,-19.9500336],[-43.9733322,-19.9496713],[-43.9735982,-19.9495485],[-43.9737078,-19.94941],[-43.9738122,-19.9494436],[-43.9738786,-19.9491909],[-43.9735304,-19.9490294],[-43.973593,-19.9489157],[-43.9738558,-19.9490459],[-43.9738109,-19.9487154],[-43.973731,-19.9486252],[-43.9738776,-19.9484712],[-43.9734883,-19.9479309],[-43.9736397,-19.9478926],[-43.9736824,-19.9478098],[-43.9737533,-19.9478481],[-43.9737808,-19.9475136],[-43.9740963,-19.9469582],[-43.9742491,-19.9470247],[-43.9741634,-19.9480262],[-43.9744256,-19.9484743],[-43.9746126,-19.948382],[-43.9748009,-19.9487006],[-43.9742809,-19.9490146],[-43.9746321,-19.9494927],[-43.9753636,-19.9493029],[-43.9751201,-19.9485528],[-43.9759331,-19.9483169],[-43.9760009,-19.9485324],[-43.9761372,-19.9485425],[-43.9761125,-19.9488521],[-43.9759148,-19.9487341],[-43.9758043,-19.9488457],[-43.9759385,-19.9491344],[-43.975503,-19.9492685],[-43.9755819,-19.9495326],[-43.9759644,-19.9493935],[-43.9759976,-19.9494891],[-43.9764041,-19.9493701],[-43.9765267,-19.9496222],[-43.9767756,-19.9495017],[-43.9768265,-19.9498231],[-43.9769329,-19.9498137],[-43.9769492,-19.9499034],[-43.9767545,-19.9502096],[-43.975898,-19.9503099],[-43.9757582,-19.9508133],[-43.9752118,-19.9502036],[-43.9751495,-19.9502261],[-43.9750498,-19.9507255],[-43.974701,-19.9506598],[-43.9745435,-19.9512985],[-43.9749201,-19.9513723],[-43.9748962,-19.9514868],[-43.9745013,-19.9514084],[-43.9742823,-19.9527851],[-43.9730926,-19.9537681],[-43.9720693,-19.954144],[-43.9722209,-19.9544279],[-43.9718429,-19.9545427],[-43.9718745,-19.9548448],[-43.9715554,-19.9552687],[-43.9716209,-19.9553417],[-43.9715957,-19.9555866],[-43.9717724,-19.9558996],[-43.9716247,-19.9561022],[-43.9711317,-19.9558408],[-43.9712618,-19.9555167],[-43.9706697,-19.9552763],[-43.9705774,-19.9556029],[-43.9706989,-19.9557718],[-43.970652,-19.9558163],[-43.9708837,-19.956005],[-43.9707054,-19.9562494],[-43.9706365,-19.9564727],[-43.9706786,-19.956538],[-43.9705395,-19.9567628]]],[[[-43.972721,-19.9480602],[-43.9726198,-19.9480023],[-43.972776,-19.9477167],[-43.972875,-19.9477687],[-43.9730055,-19.9475422],[-43.9726586,-19.9473564],[-43.9727956,-19.9471277],[-43.9724387,-19.9469274],[-43.9725441,-19.9467823],[-43.9723582,-19.9466835],[-43.9724651,-19.9465487],[-43.9723218,-19.9463258],[-43.9725856,-19.9464552],[-43.9725334,-19.9465453],[-43.9727016,-19.9466714],[-43.9726835,-19.9467544],[-43.9729327,-19.9468904],[-43.9728423,-19.9470484],[-43.9732096,-19.9472233],[-43.9731426,-19.9474641],[-43.9733117,-19.9475225],[-43.9731985,-19.947751],[-43.9729769,-19.9476299],[-43.972721,-19.9480602]]]]}},{"type":"Feature","properties":{"code":"1257","name":"Corumbiara"},"geometry":{"type":"Polygon","coordinates":[[[-44.0140574,-20.010927],[-44.0118711,-20.0105169],[-44.0123867,-20.0097542],[-44.0132839,-20.0087499],[-44.0136409,-20.0081109],[-44.0138352,-20.007945],[-44.0139408,-20.0079991],[-44.0143753,-20.0078961],[-44.0147647,-20.0076042],[-44.0153428,-20.0081906],[-44.014693,-20.0087508],[-44.0148446,-20.0089079],[-44.0142456,-20.0092958],[-44.0142889,-20.0093378],[-44.0140947,-20.0095414],[-44.0139985,-20.0095433],[-44.0137388,-20.0098608],[-44.0136523,-20.0101626],[-44.014263,-20.0104879],[-44.0140574,-20.010927]]]}},{"type":"Feature","properties":{"code":"1668","name":"Ambrosina"},"geometry":{"type":"Polygon","coordinates":[[[-43.9843352,-19.9382934],[-43.9839137,-19.9376938],[-43.9837396,-19.9377386],[-43.9835979,-19.9373057],[-43.9830708,-19.9374526],[-43.9831789,-19.9370127],[-43.9823386,-19.9368284],[-43.9824287,-19.9365725],[-43.9822765,-19.9365278],[-43.9822954,-19.9364233],[-43.9820178,-19.9363542],[-43.9819833,-19.9362336],[-43.9816787,-19.936174],[-43.9817465,-19.9358965],[-43.9816802,-19.9358794],[-43.9816584,-19.9356102],[-43.9819484,-19.9356755],[-43.9820071,-19.9354652],[-43.9820735,-19.9354804],[-43.9821111,-19.9353105],[-43.9819101,-19.9352639],[-43.9819998,-19.9349131],[-43.9823185,-19.9349764],[-43.9823747,-19.9347457],[-43.9829935,-19.9348565],[-43.9834992,-19.935943],[-43.9839507,-19.9365103],[-43.9849265,-19.9374961],[-43.9851848,-19.9379954],[-43.9843352,-19.9382934]]]}},{"type":"Feature","properties":{"code":"1280","name":"Barão Homem de Melo IV"},"geometry":{"type":"Polygon","coordinates":[[[-43.9705564,-19.9477627],[-43.9701043,-19.9477267],[-43.9701657,-19.9473913],[-43.9704242,-19.9468105],[-43.9700968,-19.946655],[-43.9699837,-19.9458725],[-43.9697575,-19.9457854],[-43.9699963,-19.9451114],[-43.9695366,-19.944965],[-43.969704,-19.9442187],[-43.9700848,-19.9432903],[-43.9698484,-19.9430141],[-43.9696688,-19.9432225],[-43.9696668,-19.9433481],[-43.9695806,-19.9433266],[-43.9695366,-19.9435371],[-43.9692458,-19.9434641],[-43.9694025,-19.9430742],[-43.9697693,-19.9428603],[-43.9700944,-19.9432696],[-43.9701237,-19.9432166],[-43.9710929,-19.9436142],[-43.9709658,-19.9438683],[-43.9710844,-19.9439117],[-43.9710677,-19.9440216],[-43.9708723,-19.943991],[-43.970699,-19.9441323],[-43.9708776,-19.9444118],[-43.9712392,-19.9442812],[-43.9715338,-19.9445008],[-43.9712983,-19.9449444],[-43.9715412,-19.9452911],[-43.9715718,-19.9452329],[-43.9719263,-19.9454131],[-43.9716852,-19.9458185],[-43.971326,-19.9456212],[-43.971165,-19.9456621],[-43.9708929,-19.9455762],[-43.9709701,-19.9454446],[-43.9703312,-19.9452089],[-43.9701213,-19.9459076],[-43.9703251,-19.9459658],[-43.9701373,-19.9466589],[-43.9702332,-19.9467062],[-43.9705941,-19.9460775],[-43.9709616,-19.94626],[-43.9706317,-19.9468097],[-43.9706249,-19.9476416],[-43.9705564,-19.9477627]]]}},{"type":"Feature","properties":{"code":"1396","name":"Universo"},"geometry":{"type":"Polygon","coordinates":[[[-43.981711,-19.8327006],[-43.9813494,-19.8326022],[-43.9809544,-19.8321324],[-43.9812068,-19.8318469],[-43.9812989,-19.8318816],[-43.9813578,-19.831813],[-43.9811828,-19.8317155],[-43.9813763,-19.8314964],[-43.9811367,-19.831297],[-43.982891,-19.8293073],[-43.9830527,-19.8287939],[-43.982731,-19.8286886],[-43.9829253,-19.8281745],[-43.9831404,-19.8282502],[-43.9832131,-19.8282142],[-43.9834985,-19.8274498],[-43.9835945,-19.8274831],[-43.9837563,-19.8269639],[-43.98404,-19.8271353],[-43.9842312,-19.8265198],[-43.9843267,-19.8265384],[-43.9843723,-19.8266566],[-43.9843069,-19.8269192],[-43.984605,-19.8269956],[-43.9845723,-19.827209],[-43.9850095,-19.8272677],[-43.9850093,-19.827612],[-43.9851247,-19.8276285],[-43.9850866,-19.8279464],[-43.9847405,-19.8279109],[-43.9847785,-19.8275819],[-43.9841067,-19.8274932],[-43.9839484,-19.8278612],[-43.9838707,-19.8278551],[-43.9836503,-19.8286378],[-43.9837013,-19.8286555],[-43.9834056,-19.8293332],[-43.9834895,-19.8294024],[-43.9835574,-19.8293418],[-43.983719,-19.8294815],[-43.9836789,-19.8296769],[-43.9835848,-19.8296589],[-43.9835349,-19.8298945],[-43.9833787,-19.8298819],[-43.98328,-19.8301545],[-43.9829999,-19.8300975],[-43.9826926,-19.8304107],[-43.9825694,-19.8303233],[-43.9822116,-19.8307746],[-43.9824101,-19.8309483],[-43.9823695,-19.8311625],[-43.9820004,-19.8311464],[-43.9817613,-19.8314057],[-43.9816681,-19.8320314],[-43.9817829,-19.8320477],[-43.981711,-19.8327006]]]}},{"type":"Feature","properties":{"code":"1976","name":"Antônio Ribeiro de Abreu"},"geometry":{"type":"MultiPolygon","coordinates":[[[[-43.9052969,-19.839075],[-43.9050861,-19.8377805],[-43.9046761,-19.837709],[-43.9046744,-19.8376396],[-43.9051854,-19.8369556],[-43.9053323,-19.8370605],[-43.9053672,-19.8370073],[-43.9056837,-19.8371357],[-43.9057837,-19.8372741],[-43.9058151,-19.8385403],[-43.9059224,-19.8391462],[-43.9056852,-19.8395388],[-43.9053125,-19.8397269],[-43.9050657,-19.8399524],[-43.9049983,-19.8401111],[-43.9048722,-19.8400085],[-43.9049187,-19.8398896],[-43.9052688,-19.839583],[-43.9051473,-19.8393489],[-43.9052512,-19.8393294],[-43.9052969,-19.839075]]],[[[-43.9024875,-19.8293881],[-43.9022274,-19.8295378],[-43.9019663,-19.8292136],[-43.9022053,-19.8290512],[-43.9024712,-19.828638],[-43.9023581,-19.8284524],[-43.9030104,-19.8279783],[-43.9031831,-19.8281219],[-43.9029905,-19.8283879],[-43.9026147,-19.8294037],[-43.9024875,-19.8293881]]]]}},{"type":"Feature","properties":{"code":"1289","name":"Bernadete"},"geometry":{"type":"Polygon","coordinates":[[[-43.9852629,-19.9870101],[-43.9851115,-19.9868284],[-43.985199,-19.9866761],[-43.984978,-19.986349],[-43.9848908,-19.9863023],[-43.9847616,-19.9863833],[-43.9846792,-19.9862903],[-43.9845909,-19.9864038],[-43.9845399,-19.9863637],[-43.9848391,-19.9860137],[-43.9848554,-19.9857316],[-43.9847785,-19.9855408],[-43.9846519,-19.9855813],[-43.9846171,-19.9855015],[-43.9843959,-19.9855862],[-43.9843232,-19.9851976],[-43.9840915,-19.9853145],[-43.9840329,-19.985094],[-43.9838455,-19.9851471],[-43.9834021,-19.9850391],[-43.982858,-19.9844586],[-43.9826837,-19.9846579],[-43.9824621,-19.9846082],[-43.9823575,-19.9844333],[-43.9822291,-19.9843971],[-43.9814041,-19.9844127],[-43.9808745,-19.9846636],[-43.9806523,-19.9842842],[-43.9815105,-19.983873],[-43.9821204,-19.9834752],[-43.9826804,-19.9827569],[-43.9829724,-19.9828846],[-43.9831719,-19.9832193],[-43.9835531,-19.9830515],[-43.9839932,-19.9835983],[-43.9847097,-19.9829592],[-43.9848094,-19.9833664],[-43.9846033,-19.9835652],[-43.9843882,-19.9844914],[-43.9845213,-19.9847797],[-43.98482,-19.9850871],[-43.9860661,-19.9854037],[-43.9864512,-19.9855689],[-43.9859489,-19.9860803],[-43.9858882,-19.9861985],[-43.9858947,-19.986606],[-43.9857443,-19.9868213],[-43.9852629,-19.9870101]]]}},{"type":"Feature","properties":{"code":"1334","name":"Jardim do Vale"},"geometry":{"type":"Polygon","coordinates":[[[-44.0322715,-20.0064282],[-44.0321549,-20.0064177],[-44.0319181,-20.0061265],[-44.0312252,-20.0060554],[-44.0309593,-20.0059637],[-44.0307762,-20.0062678],[-44.0305223,-20.0061936],[-44.0308825,-20.0054503],[-44.0307731,-20.0053429],[-44.0308152,-20.0050953],[-44.0309498,-20.0050249],[-44.0311379,-20.0041597],[-44.0312483,-20.004037],[-44.0313615,-20.0041955],[-44.0327671,-20.0043303],[-44.0326699,-20.0052053],[-44.0333087,-20.0052773],[-44.0333498,-20.0053392],[-44.0329107,-20.0054601],[-44.0328823,-20.0058334],[-44.0333013,-20.0058699],[-44.0332618,-20.0061832],[-44.0323646,-20.0061014],[-44.0322715,-20.0064282]]]}},{"type":"Feature","properties":{"code":"1294","name":"Vila Dias"},"geometry":{"type":"Polygon","coordinates":[[[-43.9239744,-19.9199681],[-43.9234962,-19.9198388],[-43.922616,-19.9194167],[-43.9205918,-19.9179626],[-43.9198679,-19.9176851],[-43.9195485,-19.9176337],[-43.9195549,-19.9174529],[-43.9199048,-19.9174149],[-43.9200847,-19.9174674],[-43.9200643,-19.9175734],[-43.9201276,-19.9176063],[-43.9201468,-19.9175607],[-43.920535,-19.917668],[-43.9205605,-19.9175513],[-43.9206751,-19.9175592],[-43.9207259,-19.9177316],[-43.9213926,-19.9175809],[-43.921439,-19.9176649],[-43.9215438,-19.9176004],[-43.9216313,-19.9177709],[-43.921573,-19.917801],[-43.9217218,-19.917999],[-43.9214098,-19.9182196],[-43.9227165,-19.9191731],[-43.9230288,-19.918825],[-43.9235088,-19.9190996],[-43.9237202,-19.9187989],[-43.9241332,-19.9189999],[-43.9242306,-19.919086],[-43.9240997,-19.9193004],[-43.9243024,-19.919415],[-43.924187,-19.9196031],[-43.9243333,-19.9196879],[-43.92418,-19.9199288],[-43.9239744,-19.9199681]]]}},{"type":"Feature","properties":{"code":"617","name":"Barro Preto"},"geometry":{"type":"Polygon","coordinates":[[[-43.9566049,-19.9186284],[-43.9565248,-19.9188604],[-43.9584528,-19.9260489],[-43.9571876,-19.9294447],[-43.9459255,-19.9231907],[-43.9460184,-19.9227419],[-43.9459738,-19.9225364],[-43.9458979,-19.9223254],[-43.9456003,-19.9220271],[-43.9481249,-19.9179839],[-43.9484231,-19.9173664],[-43.9492045,-19.9173404],[-43.9534151,-19.9167036],[-43.9542196,-19.9167067],[-43.9545563,-19.916776],[-43.9548081,-19.9177509],[-43.9562717,-19.918344],[-43.9566049,-19.9186284]]]}},{"type":"Feature","properties":{"code":"631","name":"Camargos"},"geometry":{"type":"Polygon","coordinates":[[[-44.0270294,-19.9372927],[-44.0267604,-19.93721],[-44.0265765,-19.937244],[-44.0264672,-19.9375829],[-44.0261477,-19.9374673],[-44.0257677,-19.9379075],[-44.0240596,-19.9429655],[-44.0233891,-19.9436126],[-44.0187181,-19.9453901],[-44.0169142,-19.9456106],[-44.0168972,-19.9459657],[-44.0166905,-19.9461664],[-44.0166244,-19.9464023],[-44.0166782,-19.9464929],[-44.016064,-19.9469475],[-44.0157526,-19.9470399],[-44.0141337,-19.9468865],[-44.0130591,-19.9464992],[-44.0126382,-19.9464696],[-44.0127859,-19.9463315],[-44.0130273,-19.9462755],[-44.0129401,-19.9460203],[-44.0135491,-19.9459935],[-44.0136841,-19.9456422],[-44.0127674,-19.945223],[-44.0116458,-19.9442233],[-44.0112837,-19.944219],[-44.0112623,-19.9447455],[-44.0115789,-19.944743],[-44.0115538,-19.9448548],[-44.0114338,-19.9451312],[-44.0109201,-19.9454165],[-44.0107338,-19.9456912],[-44.0110286,-19.9456705],[-44.0110937,-19.9457693],[-44.0108249,-19.9464201],[-44.0101183,-19.9477346],[-44.0105503,-19.9478319],[-44.0104008,-19.9481094],[-44.0108163,-19.9482869],[-44.0103194,-19.9490643],[-44.0097957,-19.9494121],[-44.0094906,-19.9492153],[-44.0095303,-19.949161],[-44.0093021,-19.9490658],[-44.0088483,-19.9490775],[-44.0089876,-19.9483598],[-44.0091931,-19.9481483],[-44.0081612,-19.9476666],[-44.0080269,-19.9464424],[-44.0077096,-19.9389959],[-44.0086818,-19.9387578],[-44.0087839,-19.9386708],[-44.0093548,-19.9385062],[-44.0097593,-19.9384697],[-44.0104938,-19.9385812],[-44.01059,-19.9385691],[-44.0107262,-19.9383879],[-44.0109657,-19.9383445],[-44.0113572,-19.9384871],[-44.0114419,-19.9385905],[-44.0119417,-19.9386757],[-44.0124446,-19.9388633],[-44.0128742,-19.9387984],[-44.0128653,-19.9387398],[-44.0130535,-19.9387234],[-44.0130785,-19.938839],[-44.0140646,-19.9387152],[-44.0141831,-19.9388251],[-44.0146838,-19.9389234],[-44.0148334,-19.9391101],[-44.0148903,-19.9391062],[-44.0148702,-19.9389418],[-44.0155455,-19.9394103],[-44.015883,-19.9394189],[-44.0163015,-19.9387356],[-44.0161141,-19.9386265],[-44.0167136,-19.937475],[-44.0177451,-19.9347024],[-44.017879,-19.9329108],[-44.0179616,-19.9326784],[-44.0185053,-19.9319042],[-44.0270554,-19.937146],[-44.0270294,-19.9372927]]]}},{"type":"Feature","properties":{"code":"657","name":"Cruzeiro"},"geometry":{"type":"Polygon","coordinates":[[[-43.9210535,-19.9495803],[-43.9203533,-19.9492191],[-43.9203556,-19.9489292],[-43.9202194,-19.9487367],[-43.9263147,-19.9389608],[-43.9271002,-19.9392537],[-43.9290108,-19.9394389],[-43.9302599,-19.9439352],[-43.9299804,-19.9443416],[-43.9289383,-19.9445219],[-43.9284647,-19.9447912],[-43.9283938,-19.9449335],[-43.9272078,-19.945468],[-43.9268208,-19.9459496],[-43.9256188,-19.9465226],[-43.9248922,-19.9471738],[-43.9246863,-19.947509],[-43.923059,-19.948939],[-43.922634,-19.9484845],[-43.922615,-19.9494479],[-43.9222827,-19.9491229],[-43.9216419,-19.949119],[-43.9212115,-19.9492862],[-43.9210535,-19.9495803]],[[-43.9267462,-19.9442611],[-43.9270143,-19.9441917],[-43.9268767,-19.9437582],[-43.9270352,-19.9431854],[-43.9267822,-19.9430928],[-43.926421,-19.943895],[-43.9266832,-19.9440148],[-43.9267462,-19.9442611]],[[-43.9248171,-19.9442755],[-43.924597,-19.9434687],[-43.9242117,-19.9435572],[-43.9244134,-19.9442362],[-43.9248171,-19.9442755]]]}},{"type":"Feature","properties":{"code":"1168","name":"Pilar"},"geometry":{"type":"Polygon","coordinates":[[[-43.9772599,-20.0053985],[-43.9668465,-19.9993838],[-43.9652587,-19.9990211],[-43.9645105,-19.998737],[-43.9630845,-19.9979772],[-43.9627037,-19.9979451],[-43.9623836,-19.9980899],[-43.9615897,-19.9968451],[-43.9613104,-19.9960467],[-43.9611044,-19.9949073],[-43.9611306,-19.9936857],[-43.9623892,-19.995543],[-43.9633875,-19.9966031],[-43.9645029,-19.997691],[-43.9648895,-19.9979525],[-43.9656616,-19.9982458],[-43.9674793,-19.9986122],[-43.9673899,-19.9984316],[-43.9681118,-19.9984602],[-43.9683001,-19.9979631],[-43.9682272,-19.997098],[-43.9683932,-19.9957916],[-43.968593,-19.9953262],[-43.969025,-19.9949676],[-43.9690876,-19.9946623],[-43.9693708,-19.9940687],[-43.9692473,-19.9937069],[-43.9693501,-19.993622],[-43.9701416,-19.9936643],[-43.9703806,-19.9935589],[-43.9709927,-19.9930783],[-43.9715067,-19.9930191],[-43.9716134,-19.9933681],[-43.9718274,-19.9934578],[-43.9721398,-19.9937565],[-43.9721756,-19.9939395],[-43.9717072,-19.9940825],[-43.9716766,-19.994538],[-43.9713731,-19.9951935],[-43.9715107,-19.995302],[-43.9715467,-19.9954998],[-43.9718223,-19.9958645],[-43.9721338,-19.996141],[-43.972508,-19.9967196],[-43.9725173,-19.9968111],[-43.9724485,-19.9968149],[-43.9725341,-19.9969351],[-43.973185,-19.9975135],[-43.9727417,-19.9979556],[-43.9728665,-19.9980815],[-43.972885,-19.9982363],[-43.9724168,-19.9983714],[-43.9724727,-19.9985342],[-43.9738538,-19.9981776],[-43.9740918,-19.9980499],[-43.9741251,-19.9983269],[-43.9782392,-19.9975933],[-43.9791222,-19.9976071],[-43.9796676,-19.9977884],[-43.9810584,-19.9985865],[-43.9811735,-19.9989697],[-43.9811013,-19.9991913],[-43.9807973,-19.9995917],[-43.9807123,-20.0010994],[-43.9804963,-20.0016176],[-43.9804807,-20.0019652],[-43.9810792,-20.0029656],[-43.9811138,-20.0034371],[-43.9809635,-20.0037274],[-43.9807653,-20.003877],[-43.980421,-20.0039978],[-43.979877,-20.0039989],[-43.9805279,-20.0045795],[-43.9772599,-20.0053985]]]}},{"type":"Feature","properties":{"code":"1150","name":"Brasil Industrial"},"geometry":{"type":"Polygon","coordinates":[[[-44.0157337,-20.0037282],[-44.010212,-20.0021196],[-44.0092367,-19.9970281],[-44.0131294,-19.9982402],[-44.0137724,-19.9961421],[-44.0199191,-19.997755],[-44.0193306,-19.9988343],[-44.0190542,-19.999703],[-44.0190256,-19.9999191],[-44.0192577,-20.0010509],[-44.0191101,-20.0018416],[-44.0189938,-20.0020568],[-44.0157337,-20.0037282]]]}},{"type":"Feature","properties":{"code":"635","name":"Cardoso"},"geometry":{"type":"Polygon","coordinates":[[[-44.0117823,-20.008281],[-44.0033115,-20.0059036],[-44.0030956,-20.0058639],[-44.003011,-20.0060555],[-44.0029265,-20.0059488],[-44.0029154,-20.0048091],[-44.002652,-20.003517],[-44.0025534,-20.0033273],[-44.0034837,-20.0001472],[-44.004862,-20.0005652],[-44.0049956,-20.000031],[-44.0051609,-20.0000586],[-44.0053266,-19.9993205],[-44.0037739,-19.9990875],[-44.0034299,-19.9992432],[-44.0033405,-19.9990418],[-44.0035911,-19.9989203],[-44.0036987,-19.9986445],[-44.0038701,-19.9985026],[-44.003774,-19.9983135],[-44.0036359,-19.9983281],[-44.0036235,-19.9981787],[-44.0039348,-19.9980128],[-44.0040156,-19.9981686],[-44.0044735,-19.9982808],[-44.0048646,-19.9979634],[-44.0049758,-19.9979955],[-44.00493,-19.9981449],[-44.005259,-19.9982045],[-44.0053793,-19.9984931],[-44.0054789,-19.9984907],[-44.0057384,-19.9981109],[-44.0061335,-19.9978702],[-44.0063831,-19.9976191],[-44.0064997,-19.9973138],[-44.0064156,-19.9972574],[-44.0058044,-19.9972253],[-44.0059568,-19.9970134],[-44.0061998,-19.9962974],[-44.0069561,-19.9963146],[-44.0092367,-19.9970281],[-44.010212,-20.0021196],[-44.0157337,-20.0037282],[-44.0141083,-20.0047812],[-44.0138275,-20.0050453],[-44.0124612,-20.0070966],[-44.0117823,-20.008281]]]}},{"type":"Feature","properties":{"code":"1153","name":"Vila Pinho"},"geometry":{"type":"Polygon","coordinates":[[[-44.0201149,-20.0072115],[-44.0200604,-20.0070794],[-44.0197938,-20.0070091],[-44.0198068,-20.0068772],[-44.0197195,-20.0067402],[-44.019665,-20.0060929],[-44.0198952,-20.0056713],[-44.0196527,-20.0056156],[-44.0197647,-20.0052878],[-44.0202723,-20.0050608],[-44.0211384,-20.0043407],[-44.0218119,-20.0040117],[-44.0226383,-20.0033915],[-44.0225009,-20.0031879],[-44.0225579,-20.002953],[-44.0228421,-20.0026314],[-44.0232128,-20.0025101],[-44.0232543,-20.0022767],[-44.0227273,-20.0016905],[-44.0227624,-20.0014977],[-44.023314,-20.001252],[-44.0236805,-20.0004783],[-44.0243382,-19.9999901],[-44.0243452,-19.9997061],[-44.0245351,-19.9993855],[-44.0245835,-19.9990862],[-44.0248867,-19.9987249],[-44.0249322,-19.9981689],[-44.0250875,-19.9978401],[-44.0255124,-19.997486],[-44.0260002,-19.997392],[-44.0263711,-19.9963803],[-44.0262462,-19.9958137],[-44.0263698,-19.995663],[-44.0280154,-19.9970026],[-44.0281049,-19.9972916],[-44.0278464,-19.997789],[-44.0285155,-19.9981301],[-44.0227839,-20.0063918],[-44.0224194,-20.0067324],[-44.0215895,-20.0071096],[-44.02139,-20.007094],[-44.0212645,-20.0069432],[-44.021032,-20.0069381],[-44.0208314,-20.0070428],[-44.0207481,-20.0071795],[-44.0201149,-20.0072115]]]}},{"type":"Feature","properties":{"code":"1494","name":"Serra do Curral"},"geometry":{"type":"Polygon","coordinates":[[[-44.0207336,-20.0327777],[-44.0204184,-20.0335413],[-44.020037,-20.0337514],[-44.0190791,-20.0337355],[-44.0186704,-20.0339038],[-44.0182081,-20.0336322],[-44.0178795,-20.0335615],[-44.0177783,-20.0336425],[-44.017542,-20.0341991],[-44.0176822,-20.0345701],[-44.0177106,-20.0349762],[-44.0175312,-20.0352412],[-44.0172663,-20.0353522],[-44.0169006,-20.0358155],[-44.0156315,-20.0360232],[-44.0154368,-20.0361327],[-44.0153451,-20.0363127],[-44.0149597,-20.0359617],[-44.0147219,-20.0359291],[-44.0144039,-20.0360356],[-44.0141557,-20.0362635],[-44.0136187,-20.0364456],[-44.0134341,-20.0366474],[-44.0124601,-20.0373449],[-44.0121576,-20.0378238],[-44.0111188,-20.0383792],[-44.0109818,-20.0388975],[-44.0107942,-20.0389174],[-44.0106958,-20.0391391],[-44.0101224,-20.0391024],[-44.0104445,-20.0399351],[-44.0104334,-20.0402675],[-44.0101429,-20.0403871],[-44.0098731,-20.0402666],[-44.0095436,-20.0404629],[-44.0095093,-20.0407189],[-44.0095927,-20.0411456],[-44.0093196,-20.0417062],[-44.0094992,-20.0419132],[-44.0096014,-20.042208],[-44.0101509,-20.0426291],[-44.0106639,-20.0434606],[-44.0107831,-20.0440078],[-44.0107572,-20.0442651],[-44.0105847,-20.0444391],[-44.0109153,-20.0447868],[-44.0110339,-20.0451312],[-44.0113657,-20.0455699],[-44.0116334,-20.0456512],[-44.011811,-20.0453549],[-44.0118867,-20.0453516],[-44.012034,-20.0455998],[-44.0127562,-20.0459393],[-44.0129511,-20.0462527],[-44.0129426,-20.0465733],[-44.0130379,-20.0467395],[-44.0136258,-20.046697],[-44.0143135,-20.0469197],[-44.0149602,-20.0473782],[-44.0160602,-20.0485978],[-44.0175329,-20.0496944],[-44.0180219,-20.0506068],[-44.0179713,-20.050846],[-44.0176105,-20.0514372],[-44.0177985,-20.0518804],[-44.0177945,-20.0520541],[-44.0175958,-20.0524769],[-44.0175895,-20.0528891],[-44.017894,-20.0535702],[-44.0183445,-20.0542059],[-44.0182743,-20.054368],[-44.0168163,-20.0552805],[-44.0162668,-20.0562127],[-44.0153225,-20.0569938],[-44.0151277,-20.0572562],[-44.0139383,-20.0579923],[-44.0135788,-20.0584073],[-44.0131394,-20.0591269],[-44.0126322,-20.0594748],[-44.0114864,-20.0594225],[-44.0106402,-20.0592381],[-44.0093655,-20.0591449],[-44.0088024,-20.0589557],[-44.0083969,-20.0589645],[-44.0080728,-20.0587062],[-44.0073616,-20.0585487],[-44.0070656,-20.0581523],[-44.0056441,-20.057756],[-44.0054011,-20.0577282],[-44.0050747,-20.0578766],[-44.0047323,-20.0578964],[-44.0037142,-20.0577089],[-44.002855,-20.0579245],[-44.0023351,-20.0570106],[-44.0022663,-20.055748],[-44.0020827,-20.0551365],[-44.0018436,-20.0546808],[-44.0013253,-20.0540785],[-44.0009298,-20.053198],[-44.0003781,-20.0525989],[-43.9991603,-20.0521065],[-43.9989296,-20.0517907],[-43.9985782,-20.0515283],[-43.9987878,-20.0510969],[-43.9991295,-20.0509054],[-43.9996182,-20.0502772],[-43.9998235,-20.0495905],[-43.9997889,-20.0490303],[-43.9993383,-20.0481384],[-43.9986326,-20.0471451],[-43.9980557,-20.0467359],[-43.9974472,-20.0458772],[-43.9965864,-20.0452063],[-43.9964879,-20.0446443],[-43.9966246,-20.0444278],[-43.9970177,-20.0442192],[-43.9983185,-20.0440896],[-43.9988037,-20.0439603],[-43.9991894,-20.0435503],[-43.9995486,-20.0433903],[-43.9996107,-20.0431364],[-43.9995075,-20.0429343],[-43.9992025,-20.0427783],[-43.9984555,-20.0419687],[-43.9986565,-20.0415032],[-43.9985604,-20.0411729],[-43.998564,-20.0408582],[-43.9984261,-20.04066],[-43.9984298,-20.0404389],[-43.9982206,-20.0398252],[-43.9984312,-20.0390002],[-43.9983408,-20.0386711],[-43.9980657,-20.0383068],[-43.9979947,-20.0380567],[-43.9976077,-20.0377436],[-43.9960375,-20.0361162],[-43.9957949,-20.0357749],[-43.9954565,-20.035032],[-43.9946531,-20.0346814],[-43.9940563,-20.0343222],[-43.9934057,-20.0337354],[-43.9931893,-20.0326581],[-43.9926734,-20.0318194],[-43.9926039,-20.0315593],[-43.992707,-20.0308581],[-43.9931302,-20.0303449],[-43.9933129,-20.0299656],[-43.993062,-20.0297492],[-43.9930469,-20.0295977],[-43.992893,-20.0293672],[-43.9925356,-20.0292072],[-43.9922138,-20.0288619],[-43.9917365,-20.0287619],[-43.9912625,-20.0288968],[-43.991087,-20.0288772],[-43.9900158,-20.0284878],[-43.9892355,-20.0279909],[-43.9890022,-20.0276385],[-43.9888827,-20.0264532],[-43.9880231,-20.0258998],[-43.9877055,-20.0258527],[-43.9872872,-20.02559],[-43.9872093,-20.0253069],[-43.9869849,-20.0251005],[-43.9866056,-20.0245273],[-43.9864195,-20.0239963],[-43.9861817,-20.0228594],[-43.9850808,-20.0220219],[-43.9848671,-20.0214475],[-43.9848876,-20.0210025],[-43.9846628,-20.0206754],[-43.9843175,-20.0204657],[-43.983446,-20.0196574],[-43.9834795,-20.019162],[-43.9833677,-20.0188144],[-43.9834692,-20.0181252],[-43.9832002,-20.0172331],[-43.9833111,-20.0167859],[-43.9835834,-20.016442],[-43.9835521,-20.0163344],[-43.9828751,-20.0159639],[-43.9827121,-20.0157882],[-43.9826764,-20.0155296],[-43.982159,-20.0152288],[-43.9813198,-20.0139447],[-43.9811045,-20.0138309],[-43.9806262,-20.0137745],[-43.9803049,-20.0136137],[-43.9796241,-20.0129784],[-43.979479,-20.0126325],[-43.9791336,-20.0122744],[-43.9784266,-20.0119351],[-43.9769949,-20.0108208],[-43.9764037,-20.0099233],[-43.9756074,-20.0091494],[-43.975412,-20.0086829],[-43.9747953,-20.0084251],[-43.9743984,-20.0084052],[-43.9733516,-20.0077907],[-43.9730822,-20.0078116],[-43.9726167,-20.0076832],[-43.9723368,-20.0076966],[-43.9717817,-20.0073945],[-43.9713943,-20.0072894],[-43.9708897,-20.0068309],[-43.9705818,-20.0067884],[-43.9699348,-20.0064089],[-43.969613,-20.0059985],[-43.969061,-20.0055881],[-43.9686187,-20.0053582],[-43.9677945,-20.005152],[-43.9672814,-20.0047255],[-43.9667312,-20.004129],[-43.966111,-20.0036383],[-43.9649484,-20.0033995],[-43.9650375,-20.0023313],[-43.9649231,-20.00175],[-43.9646885,-20.0011878],[-43.9623836,-19.9980899],[-43.9627037,-19.9979451],[-43.9630845,-19.9979772],[-43.9645105,-19.998737],[-43.9652587,-19.9990211],[-43.9668465,-19.9993838],[-43.9772599,-20.0053985],[-43.9805279,-20.0045795],[-43.979877,-20.0039989],[-43.980421,-20.0039978],[-43.9807653,-20.003877],[-43.9809635,-20.0037274],[-43.9811138,-20.0034371],[-43.9810792,-20.0029656],[-43.9804807,-20.0019652],[-43.9804963,-20.0016176],[-43.9807123,-20.0010994],[-43.9807973,-19.9995917],[-43.9811013,-19.9991913],[-43.9811735,-19.9989697],[-43.9810584,-19.9985865],[-43.98393,-20.0001487],[-43.9878518,-20.0015327],[-43.9882911,-20.0017493],[-43.9892253,-20.0012461],[-43.9918379,-20.0023783],[-43.9928237,-20.0019013],[-43.9940331,-19.9993512],[-43.9945828,-19.9994986],[-43.9951245,-19.9986201],[-43.9954968,-19.998233],[-43.9961345,-19.9977466],[-43.9983334,-19.9966395],[-43.9987222,-19.996614],[-43.9995108,-19.9969224],[-43.9997465,-19.9975328],[-44.0006684,-19.9988762],[-44.0009212,-19.9987224],[-44.001263,-19.9993298],[-44.0015294,-19.9995695],[-44.0011734,-20.0006383],[-44.0008784,-20.00056],[-44.0006861,-20.0006942],[-44.0004435,-20.0014547],[-44.0013897,-20.0024485],[-44.0014265,-20.0030049],[-44.0015223,-20.0031465],[-44.0026003,-20.003331],[-44.0029154,-20.0048091],[-44.0029265,-20.0059488],[-44.003011,-20.0060555],[-44.0030341,-20.0080659],[-44.0031121,-20.0091887],[-44.0031753,-20.0093044],[-44.003619,-20.0095064],[-44.003814,-20.009675],[-44.0038355,-20.0098721],[-44.0044147,-20.0102081],[-44.0056725,-20.0108103],[-44.0071472,-20.0113771],[-44.0075429,-20.0116143],[-44.00811,-20.0120032],[-44.007957,-20.012101],[-44.0083747,-20.0125134],[-44.0093032,-20.0132598],[-44.0098511,-20.0135422],[-44.0105979,-20.0137545],[-44.0147156,-20.0140941],[-44.0156867,-20.0142352],[-44.0187956,-20.0153568],[-44.0188219,-20.0161386],[-44.0195114,-20.0163084],[-44.0196585,-20.0166707],[-44.0202614,-20.0173978],[-44.0209632,-20.0177197],[-44.0224116,-20.019615],[-44.0224717,-20.0198477],[-44.0246719,-20.0227933],[-44.0243639,-20.0231311],[-44.0229396,-20.0241334],[-44.0263661,-20.0285114],[-44.0258649,-20.0287203],[-44.0260886,-20.0291598],[-44.0260714,-20.0294286],[-44.0252982,-20.0302621],[-44.0251756,-20.0305065],[-44.023798,-20.0311034],[-44.0230861,-20.0316254],[-44.0225986,-20.0321454],[-44.0217561,-20.03224],[-44.0213209,-20.0325293],[-44.0207336,-20.0327777]]]}},{"type":"Feature","properties":{"code":"1376","name":"Pirineus"},"geometry":{"type":"Polygon","coordinates":[[[-43.8860282,-19.9290182],[-43.8861209,-19.9272674],[-43.8859969,-19.9267681],[-43.8855206,-19.9259083],[-43.8854743,-19.9256704],[-43.885549,-19.925417],[-43.8840831,-19.9254499],[-43.8837633,-19.9251994],[-43.8836169,-19.9251724],[-43.8835674,-19.9248486],[-43.8836207,-19.9243575],[-43.8846385,-19.9229729],[-43.8855366,-19.9223842],[-43.8856402,-19.9216837],[-43.8859451,-19.9212541],[-43.8861468,-19.9206294],[-43.8863362,-19.920377],[-43.8866203,-19.9201153],[-43.8873661,-19.9196925],[-43.8875511,-19.9194461],[-43.888037,-19.9194171],[-43.8886918,-19.9197562],[-43.890988,-19.9207118],[-43.8916913,-19.9221726],[-43.891778,-19.9225823],[-43.891944,-19.9228047],[-43.8914729,-19.9235955],[-43.891156,-19.924452],[-43.8916753,-19.9258524],[-43.8891681,-19.9267358],[-43.8867484,-19.9278436],[-43.8867495,-19.9283445],[-43.8866365,-19.9283569],[-43.8860282,-19.9290182]]]}},{"type":"Feature","properties":{"code":"1658","name":"Andiroba"},"geometry":{"type":"Polygon","coordinates":[[[-43.9264561,-19.8670047],[-43.9259665,-19.8654272],[-43.9255282,-19.8655419],[-43.9253738,-19.865035],[-43.9253606,-19.8646722],[-43.925585,-19.8639838],[-43.9260834,-19.8642229],[-43.9270128,-19.8661293],[-43.9272422,-19.8667977],[-43.9264561,-19.8670047]]]}},{"type":"Feature","properties":{"code":"1331","name":"Horto Florestal"},"geometry":{"type":"Polygon","coordinates":[[[-43.9137442,-19.9085125],[-43.9131184,-19.9082269],[-43.9129798,-19.9075328],[-43.9122917,-19.9071372],[-43.9119417,-19.9062356],[-43.9119585,-19.9061293],[-43.9110617,-19.9066405],[-43.9111195,-19.9067065],[-43.9110816,-19.9074114],[-43.9105346,-19.9073765],[-43.9105393,-19.9067172],[-43.9103225,-19.9057584],[-43.909794,-19.9048321],[-43.9088657,-19.9038861],[-43.9078758,-19.9031819],[-43.9067426,-19.9020024],[-43.9060652,-19.9016318],[-43.9056715,-19.9016254],[-43.9056049,-19.901047],[-43.9049554,-19.8998286],[-43.9049611,-19.8996108],[-43.9052434,-19.8991515],[-43.9066948,-19.898319],[-43.9069377,-19.8976772],[-43.9073967,-19.8971191],[-43.9097014,-19.8958034],[-43.910048,-19.8955224],[-43.9102585,-19.8952576],[-43.9106691,-19.8942272],[-43.9113586,-19.8946909],[-43.9121799,-19.8955235],[-43.9133314,-19.8910157],[-43.9132632,-19.8903616],[-43.9126884,-19.8884974],[-43.9126589,-19.8881418],[-43.9131678,-19.8845444],[-43.9135802,-19.8834876],[-43.9136497,-19.8830616],[-43.9138143,-19.8828053],[-43.9139768,-19.8826327],[-43.9142273,-19.8825421],[-43.9148557,-19.8824686],[-43.9159447,-19.8838946],[-43.9171252,-19.8850874],[-43.9176711,-19.885756],[-43.9189327,-19.888618],[-43.92083,-19.8921318],[-43.9207197,-19.892467],[-43.9209533,-19.8935034],[-43.9212285,-19.8941144],[-43.9213521,-19.8942111],[-43.9212739,-19.8942983],[-43.9212961,-19.8944525],[-43.9218236,-19.8956305],[-43.9217266,-19.8957139],[-43.9218566,-19.8960204],[-43.9214937,-19.896165],[-43.9214106,-19.8963679],[-43.9191394,-19.8969703],[-43.9178715,-19.8971276],[-43.9165616,-19.8974387],[-43.9149489,-19.8982427],[-43.9151713,-19.8990234],[-43.9150173,-19.8990955],[-43.915335,-19.9007113],[-43.9153479,-19.9014917],[-43.9156071,-19.9026909],[-43.9150691,-19.9048603],[-43.9146135,-19.9057692],[-43.9153135,-19.9062026],[-43.9146197,-19.907264],[-43.9143157,-19.9074792],[-43.913659,-19.9076969],[-43.9137442,-19.9085125]],[[-43.913584,-19.8901726],[-43.9140447,-19.8900486],[-43.9144275,-19.8900968],[-43.9145046,-19.8898444],[-43.9144609,-19.8897853],[-43.9142993,-19.8898888],[-43.9140745,-19.8895224],[-43.913897,-19.8893918],[-43.9135424,-19.8898531],[-43.913584,-19.8901726]]]}},{"type":"Feature","properties":{"code":"1659","name":"Boa Esperança"},"geometry":{"type":"Polygon","coordinates":[[[-43.9038143,-19.8542213],[-43.9025305,-19.8529332],[-43.9021734,-19.8527967],[-43.9025516,-19.8522927],[-43.902812,-19.8521263],[-43.9028542,-19.851996],[-43.9030974,-19.8521347],[-43.9036306,-19.8519799],[-43.9034836,-19.8523698],[-43.9038143,-19.8542213]]]}},{"type":"Feature","properties":{"code":"1671","name":"São Jorge II"},"geometry":{"type":"Polygon","coordinates":[[[-43.9599588,-19.9455836],[-43.9593636,-19.9449934],[-43.9593215,-19.9447573],[-43.9594872,-19.9441951],[-43.959026,-19.9434897],[-43.9590726,-19.9433996],[-43.9583432,-19.9424915],[-43.9581794,-19.9425204],[-43.9581506,-19.9424067],[-43.9582539,-19.9424324],[-43.9582208,-19.9423215],[-43.9585431,-19.9422488],[-43.9584567,-19.9419379],[-43.95971,-19.9415887],[-43.9602432,-19.9411552],[-43.9607258,-19.940438],[-43.9612424,-19.9403217],[-43.9613429,-19.9406386],[-43.961467,-19.940605],[-43.9615923,-19.9410847],[-43.9618557,-19.9410858],[-43.9618011,-19.9412911],[-43.9620898,-19.9414877],[-43.9626561,-19.9413461],[-43.9631804,-19.9433829],[-43.9621482,-19.943934],[-43.9615865,-19.9443424],[-43.9613329,-19.9443886],[-43.9606467,-19.9442544],[-43.9605169,-19.9448254],[-43.9604336,-19.9448451],[-43.9602945,-19.9451636],[-43.9599588,-19.9455836]]]}},{"type":"Feature","properties":{"code":"1665","name":"Alta Tensão"},"geometry":{"type":"Polygon","coordinates":[[[-44.0004254,-19.9681077],[-44.0002381,-19.9680007],[-44.0001647,-19.9678661],[-44.0002005,-19.9674265],[-44.0003262,-19.9673952],[-44.000524,-19.9670029],[-44.0005195,-19.9666602],[-44.0006867,-19.9662571],[-44.0009391,-19.9659003],[-44.0008216,-19.9658173],[-44.0011408,-19.965001],[-44.001068,-19.9649835],[-44.0010813,-19.9647286],[-44.0012782,-19.9639466],[-44.0018401,-19.9639004],[-44.0018713,-19.9640299],[-44.00144,-19.9641496],[-44.0013924,-19.9649099],[-44.0004254,-19.9681077]]]}},{"type":"Feature","properties":{"code":"1666","name":"Alto das Antenas"},"geometry":{"type":"Polygon","coordinates":[[[-43.9897264,-20.0003405],[-43.9897045,-20.0001283],[-43.989295,-19.9993982],[-43.989028,-19.9993012],[-43.9885948,-19.9990045],[-43.9884216,-19.9987006],[-43.9878099,-19.9981187],[-43.9872281,-19.997941],[-43.9870877,-19.9978162],[-43.9870796,-19.9975406],[-43.9872845,-19.9971543],[-43.9869604,-19.9968942],[-43.9870123,-19.9964789],[-43.98692,-19.9962543],[-43.9870698,-19.9959796],[-43.9870815,-19.9957088],[-43.9873442,-19.9955329],[-43.9873762,-19.9951483],[-43.9873038,-19.9949098],[-43.9874097,-19.9945509],[-43.9872734,-19.9942418],[-43.9874578,-19.9939722],[-43.9873472,-19.9930645],[-43.987624,-19.9933235],[-43.9878501,-19.9937861],[-43.9881317,-19.9939434],[-43.9888754,-19.9946019],[-43.9892792,-19.9947425],[-43.9895431,-19.9949241],[-43.9897306,-19.9954523],[-43.9897217,-19.9958652],[-43.9898818,-19.9962747],[-43.9899295,-19.9966718],[-43.9902282,-19.9972484],[-43.9900701,-19.9974933],[-43.989968,-19.998006],[-43.9900518,-19.9981569],[-43.990365,-19.9981423],[-43.9907098,-19.9982368],[-43.9906379,-19.9982781],[-43.9907254,-19.9984239],[-43.9897264,-20.0003405]]]}},{"type":"Feature","properties":{"code":"1660","name":"Vila da Luz"},"geometry":{"type":"Polygon","coordinates":[[[-43.8969648,-19.8571439],[-43.8965052,-19.8571244],[-43.8960915,-19.8570101],[-43.8945493,-19.8562655],[-43.8939224,-19.8570406],[-43.8931215,-19.8563863],[-43.8930278,-19.8563385],[-43.8929398,-19.8564368],[-43.892509,-19.8561899],[-43.892746,-19.8559543],[-43.8929542,-19.8558654],[-43.8934686,-19.8557989],[-43.8924265,-19.855342],[-43.8925771,-19.8549126],[-43.8973346,-19.8561854],[-43.8992355,-19.8566095],[-43.8969648,-19.8571439]]]}},{"type":"Feature","properties":{"code":"1662","name":"Vila São Gabriel"},"geometry":{"type":"Polygon","coordinates":[[[-43.9146717,-19.8463983],[-43.9143622,-19.8467774],[-43.9139223,-19.8466318],[-43.9130573,-19.8465351],[-43.9121968,-19.8467513],[-43.9117112,-19.8469718],[-43.9116763,-19.8468993],[-43.9118061,-19.846601],[-43.9116912,-19.8465521],[-43.9118591,-19.8462548],[-43.9117743,-19.8461514],[-43.911841,-19.8460215],[-43.91198,-19.8459639],[-43.9123002,-19.8460267],[-43.9128797,-19.845855],[-43.9133648,-19.8459075],[-43.9141716,-19.8461191],[-43.9146717,-19.8463983]]]}},{"type":"Feature","properties":{"code":"1975","name":"Vila Santa Mônica"},"geometry":{"type":"MultiPolygon","coordinates":[[[[-43.9920221,-19.8200223],[-43.9915729,-19.8199788],[-43.9915943,-19.8195735],[-43.9914981,-19.8193843],[-43.9915046,-19.8189399],[-43.9912862,-19.8189139],[-43.9913184,-19.8186068],[-43.9916101,-19.8186323],[-43.99167,-19.8185353],[-43.9917357,-19.818571],[-43.9920543,-19.8181464],[-43.9922692,-19.8182491],[-43.9927518,-19.8182459],[-43.9929898,-19.8185546],[-43.9935479,-19.8182375],[-43.9937348,-19.8178511],[-43.9941645,-19.8173894],[-43.9947079,-19.8170269],[-43.9950092,-19.8162351],[-43.9954191,-19.8156967],[-43.995444,-19.815814],[-43.994991,-19.8166979],[-43.9947422,-19.8173695],[-43.9943907,-19.8177482],[-43.9945781,-19.8180062],[-43.994295,-19.8181983],[-43.994339,-19.8184616],[-43.9933711,-19.819106],[-43.993017,-19.819727],[-43.9917766,-19.8195765],[-43.991897,-19.8199092],[-43.9920221,-19.8200223]]],[[[-43.995602,-19.8153206],[-43.9952343,-19.815199],[-43.9955963,-19.814613],[-43.9954701,-19.8145403],[-43.9956246,-19.8144266],[-43.9955122,-19.8142276],[-43.9963181,-19.8142135],[-43.9964309,-19.8146174],[-43.9958433,-19.8148948],[-43.995602,-19.8153206]]],[[[-43.9948297,-19.8140422],[-43.994689,-19.8136701],[-43.9949764,-19.8136242],[-43.994887,-19.8133152],[-43.9951503,-19.8130747],[-43.9952303,-19.8127837],[-43.995573,-19.8132275],[-43.9953056,-19.8137985],[-43.9948297,-19.8140422]]]]}},{"type":"Feature","properties":{"code":"1664","name":"Vila Canto do Sabiá"},"geometry":{"type":"Polygon","coordinates":[[[-43.9577764,-19.8251758],[-43.957205,-19.824997],[-43.9568022,-19.8246399],[-43.9566218,-19.8243243],[-43.9570981,-19.824076],[-43.9571896,-19.8242386],[-43.9572902,-19.8241655],[-43.9575504,-19.8242685],[-43.9575334,-19.8245424],[-43.9582032,-19.8245242],[-43.9583685,-19.8243307],[-43.9585863,-19.8244118],[-43.9582821,-19.8251362],[-43.9577764,-19.8251758]]]}},{"type":"Feature","properties":{"code":"1972","name":"Lagoa da Pampulha"},"geometry":{"type":"Polygon","coordinates":[[[-43.9754769,-19.8630195],[-43.97497,-19.8629287],[-43.9746356,-19.8626969],[-43.9744594,-19.8623104],[-43.9745046,-19.8619658],[-43.9766168,-19.8585333],[-43.9771538,-19.8573449],[-43.9772549,-19.8569394],[-43.9772225,-19.8564931],[-43.9770906,-19.8562127],[-43.9760307,-19.8547219],[-43.9710728,-19.8551339],[-43.9691738,-19.8546541],[-43.9685573,-19.854268],[-43.9683784,-19.8538842],[-43.9675623,-19.8503681],[-43.9672691,-19.8497368],[-43.966768,-19.8492022],[-43.9666945,-19.8489359],[-43.9671697,-19.8449963],[-43.9675475,-19.8441901],[-43.9683402,-19.8438038],[-43.9689287,-19.8435896],[-43.9692931,-19.843548],[-43.9697476,-19.8436849],[-43.9701625,-19.844084],[-43.9702843,-19.8443152],[-43.9703013,-19.844595],[-43.9700021,-19.8457959],[-43.970049,-19.8461486],[-43.970199,-19.8463951],[-43.9715069,-19.847505],[-43.9718332,-19.8479397],[-43.972053,-19.848595],[-43.9721402,-19.8503156],[-43.9722239,-19.8506929],[-43.9725182,-19.8509914],[-43.9729719,-19.8510872],[-43.9731757,-19.8510236],[-43.9734377,-19.8508476],[-43.9744595,-19.8498355],[-43.9745394,-19.8495567],[-43.9744929,-19.8493574],[-43.9740391,-19.8485563],[-43.9739994,-19.8482724],[-43.9741298,-19.8479466],[-43.9742735,-19.8478021],[-43.974764,-19.8476476],[-43.9751911,-19.8478285],[-43.9756902,-19.8486154],[-43.9759238,-19.8488203],[-43.9762829,-19.848889],[-43.9778125,-19.8484533],[-43.9782327,-19.8484936],[-43.9803636,-19.8495024],[-43.9806792,-19.8497519],[-43.9809829,-19.8502865],[-43.9814006,-19.8505714],[-43.9816758,-19.8506819],[-43.9821463,-19.8507061],[-43.9827464,-19.8504794],[-43.9838698,-19.8495831],[-43.984591,-19.8491041],[-43.9854966,-19.847933],[-43.9871038,-19.846663],[-43.9881349,-19.8453031],[-43.99064,-19.8437623],[-43.9921221,-19.8431426],[-43.9924212,-19.842937],[-43.9931102,-19.8421929],[-43.9931937,-19.8419828],[-43.9932466,-19.8401052],[-43.9939349,-19.8385347],[-43.9943274,-19.8382387],[-43.9947441,-19.8382537],[-43.9948764,-19.8383438],[-43.9949315,-19.8386074],[-43.9943196,-19.8408949],[-43.9944341,-19.8411675],[-43.9949889,-19.8416563],[-43.9951584,-19.8419163],[-43.9952138,-19.8423473],[-43.995092,-19.8426801],[-43.9944766,-19.8431299],[-43.9941596,-19.8434617],[-43.9940061,-19.8439238],[-43.9940287,-19.8441539],[-43.9947687,-19.8459889],[-43.9950538,-19.8462897],[-43.9953749,-19.8464309],[-43.9964198,-19.8464711],[-43.9967943,-19.8463632],[-43.999091,-19.845309],[-43.9993841,-19.8453547],[-43.9996098,-19.8455096],[-43.9995599,-19.8458009],[-43.9993896,-19.8460009],[-43.997956,-19.8471964],[-43.9959829,-19.8481449],[-43.9957499,-19.8483967],[-43.9956558,-19.8489329],[-43.9961471,-19.850131],[-43.9965138,-19.8508213],[-43.9969065,-19.8510171],[-43.9973263,-19.8510076],[-43.9985816,-19.8504276],[-44.00033,-19.8502237],[-44.0027572,-19.8505724],[-44.0043272,-19.8510365],[-44.0051831,-19.8508243],[-44.0054002,-19.8508436],[-44.0055831,-19.8509276],[-44.0057056,-19.8510947],[-44.0056882,-19.8514838],[-44.0052795,-19.8520171],[-44.0052559,-19.8522392],[-44.0052946,-19.8524245],[-44.0059688,-19.8535022],[-44.0060792,-19.853755],[-44.0060779,-19.8539787],[-44.0059765,-19.8542102],[-44.0056983,-19.8544477],[-44.0052398,-19.854684],[-44.0049395,-19.8546884],[-44.0043559,-19.8545188],[-44.0037391,-19.8542093],[-44.0031071,-19.8534369],[-44.0026151,-19.8526022],[-44.0023093,-19.8523705],[-43.9994925,-19.8519729],[-43.999056,-19.8520757],[-43.9987998,-19.8522717],[-43.9984591,-19.8528691],[-43.9981205,-19.8540301],[-43.9981352,-19.8544756],[-43.9985515,-19.8565705],[-43.9985706,-19.8569789],[-43.9977677,-19.8601441],[-43.9977365,-19.8606467],[-43.9975492,-19.8608496],[-43.9967145,-19.8611528],[-43.9963291,-19.8611054],[-43.9948232,-19.8603584],[-43.9944864,-19.8599389],[-43.9944075,-19.8596332],[-43.9944536,-19.8592402],[-43.9949351,-19.8587849],[-43.9951582,-19.8584166],[-43.9952105,-19.858176],[-43.9948978,-19.8571371],[-43.9947029,-19.8542205],[-43.9946359,-19.8540756],[-43.9933938,-19.853161],[-43.9927961,-19.8526153],[-43.9924261,-19.8520791],[-43.9919722,-19.8504987],[-43.9918131,-19.8501283],[-43.9916697,-19.849999],[-43.9913421,-19.8498704],[-43.9911187,-19.8499068],[-43.9909308,-19.850051],[-43.9908193,-19.8502511],[-43.9906267,-19.8511657],[-43.990327,-19.8515736],[-43.9898071,-19.851908],[-43.9892421,-19.8519811],[-43.9865038,-19.8514355],[-43.9858104,-19.851553],[-43.9847126,-19.8523439],[-43.9845226,-19.8527671],[-43.9844899,-19.8534384],[-43.984277,-19.8538683],[-43.9840918,-19.8539716],[-43.9838665,-19.8540627],[-43.9834953,-19.8540606],[-43.9831933,-19.8539295],[-43.982426,-19.8532319],[-43.9819086,-19.8531735],[-43.9815761,-19.8532641],[-43.9811247,-19.8535664],[-43.9803199,-19.8541534],[-43.9800441,-19.8545123],[-43.979945,-19.8547336],[-43.9799417,-19.8552419],[-43.9815443,-19.8582457],[-43.9818324,-19.8590053],[-43.9818813,-19.8593689],[-43.9816694,-19.8597417],[-43.9813834,-19.8598892],[-43.9810437,-19.8599045],[-43.9807157,-19.8597731],[-43.9804681,-19.8595306],[-43.9795085,-19.8593923],[-43.978749,-19.8593974],[-43.978112,-19.859545],[-43.9767375,-19.8611309],[-43.9760007,-19.8628506],[-43.9754769,-19.8630195]]]}},{"type":"Feature","properties":{"code":"1973","name":"Marieta II"},"geometry":{"type":"MultiPolygon","coordinates":[[[[-44.037363,-19.9917649],[-44.0369616,-19.9915748],[-44.0370773,-19.9907287],[-44.0377566,-19.9913958],[-44.037363,-19.9917649]]],[[[-44.039557,-19.9926499],[-44.0382332,-19.9923204],[-44.0382963,-19.991941],[-44.0389958,-19.9923507],[-44.039595,-19.9925555],[-44.039557,-19.9926499]]]]}},{"type":"Feature","properties":{"code":"819","name":"Vista Alegre"},"geometry":{"type":"Polygon","coordinates":[[[-43.9981856,-19.957908],[-43.9983688,-19.9575888],[-43.9981754,-19.9570162],[-43.9971617,-19.9570889],[-43.9972935,-19.9554828],[-43.9973275,-19.9553679],[-43.997473,-19.9553715],[-43.9975731,-19.9552859],[-43.9974856,-19.9549896],[-43.9969056,-19.9549614],[-43.9942832,-19.953718],[-43.9936715,-19.9530828],[-43.9942139,-19.9526201],[-43.9947171,-19.953201],[-43.9953596,-19.953489],[-43.9955034,-19.9532091],[-43.9958968,-19.9533887],[-43.9961632,-19.9531322],[-43.9969787,-19.9528851],[-43.9981225,-19.9523135],[-43.9986908,-19.9518956],[-43.9991743,-19.950893],[-43.999261,-19.9502309],[-43.9993228,-19.950167],[-43.9992238,-19.9499569],[-43.9996459,-19.9501978],[-43.9998596,-19.9500101],[-44.0004948,-19.9500546],[-44.0005948,-19.9501214],[-44.0011183,-19.9498296],[-44.0018068,-19.9498556],[-44.0022501,-19.9499652],[-44.0012472,-19.9505515],[-44.0007708,-19.9509127],[-44.0019694,-19.9525994],[-44.0030329,-19.9525309],[-44.0029878,-19.9526807],[-44.0030539,-19.9530473],[-44.0032976,-19.9533075],[-44.0040592,-19.9535004],[-44.0053851,-19.9535285],[-44.0055707,-19.9537135],[-44.0043505,-19.9544355],[-44.0038114,-19.9548612],[-44.003444,-19.9552984],[-44.002944,-19.9562427],[-44.0018912,-19.9567293],[-43.9981856,-19.957908]]]}},{"type":"Feature","properties":{"code":"1661","name":"Vila Ouro Minas"},"geometry":{"type":"Polygon","coordinates":[[[-43.9111244,-19.8470929],[-43.9110677,-19.8469047],[-43.9107993,-19.8466228],[-43.9106058,-19.8466922],[-43.9104532,-19.846577],[-43.9101256,-19.8465606],[-43.9101055,-19.8464903],[-43.9099281,-19.8465158],[-43.9095579,-19.8462781],[-43.9094155,-19.8456089],[-43.9096142,-19.8453256],[-43.9093475,-19.8452208],[-43.9095599,-19.8449612],[-43.9103426,-19.8450523],[-43.910866,-19.8453146],[-43.9111612,-19.8453339],[-43.9114863,-19.8454967],[-43.9116648,-19.8458794],[-43.9114812,-19.8462812],[-43.9115135,-19.8464125],[-43.9117599,-19.8464791],[-43.9116912,-19.8465521],[-43.9118061,-19.846601],[-43.911793,-19.8466935],[-43.9116763,-19.8468993],[-43.9114457,-19.8468044],[-43.9111244,-19.8470929]]]}},{"type":"Feature","properties":{"code":"2039","name":"São Judas Tadeu"},"geometry":{"type":"Polygon","coordinates":[[[-43.984361,-19.9865986],[-43.9843727,-19.986848],[-43.984586,-19.9869783],[-43.9846995,-19.9872142],[-43.9849155,-19.987419],[-43.9852821,-19.9876337],[-43.9851205,-19.9879535],[-43.9852941,-19.9881551],[-43.9860216,-19.988469],[-43.9859887,-19.9885373],[-43.9866609,-19.9883664],[-43.9871932,-19.9884547],[-43.9867929,-19.9892981],[-43.9868273,-19.9894013],[-43.9867218,-19.9894308],[-43.9865471,-19.9892858],[-43.9862245,-19.9892426],[-43.9860579,-19.989124],[-43.9856517,-19.9891572],[-43.9851647,-19.9893975],[-43.9849434,-19.9889813],[-43.9850021,-19.9889502],[-43.9843434,-19.9877421],[-43.9840713,-19.9867651],[-43.984361,-19.9865986]]]}},{"type":"Feature","properties":{"code":"2040","name":"Eliana Silva"},"geometry":{"type":"Polygon","coordinates":[[[-44.0264652,-20.0121335],[-44.0265192,-20.0110985],[-44.0266984,-20.0109923],[-44.0266976,-20.0104138],[-44.0269106,-20.0101543],[-44.0268684,-20.0099503],[-44.0272725,-20.0096243],[-44.0274383,-20.0098034],[-44.0276303,-20.0097108],[-44.0278288,-20.0098936],[-44.0279486,-20.0097907],[-44.0284086,-20.0099809],[-44.0275836,-20.0117109],[-44.0276365,-20.0118978],[-44.0275573,-20.012031],[-44.0274201,-20.0120757],[-44.0271524,-20.0120201],[-44.0268576,-20.0121225],[-44.0264652,-20.0121335]]]}},{"type":"Feature","properties":{"code":"1367","name":"Novo Santa Cecília"},"geometry":{"type":"Polygon","coordinates":[[[-44.0133758,-20.0074499],[-44.012681,-20.0067687],[-44.0138275,-20.0050453],[-44.0141083,-20.0047812],[-44.0157337,-20.0037282],[-44.0176091,-20.0027634],[-44.0213116,-20.0042314],[-44.0202723,-20.0050608],[-44.0197647,-20.0052878],[-44.0193988,-20.0060512],[-44.0180393,-20.0061432],[-44.016875,-20.0058179],[-44.0161976,-20.0058604],[-44.0158442,-20.0064517],[-44.0158907,-20.0065301],[-44.0158087,-20.0067661],[-44.015187,-20.0070276],[-44.0149284,-20.0072853],[-44.0148167,-20.0075575],[-44.0144034,-20.0078814],[-44.0139408,-20.0079991],[-44.0138352,-20.007945],[-44.013888,-20.0078382],[-44.0133758,-20.0074499]]]}},{"type":"Feature","properties":{"code":"832","name":"Vale do Jatobá"},"geometry":{"type":"Polygon","coordinates":[[[-44.0444819,-20.0048089],[-44.0441762,-20.0050426],[-44.0439041,-20.0054287],[-44.0424317,-20.0067505],[-44.0423599,-20.0069392],[-44.0423687,-20.00745],[-44.0421727,-20.0079173],[-44.0409791,-20.0089917],[-44.0405418,-20.0095949],[-44.0404078,-20.0098801],[-44.0401875,-20.0118883],[-44.033327,-20.0110485],[-44.0350439,-20.0050325],[-44.0353018,-20.0037431],[-44.0356582,-20.0027191],[-44.0378946,-20.0030019],[-44.0376494,-20.004955],[-44.0410425,-20.0053115],[-44.041264,-20.0045081],[-44.0437196,-20.0047431],[-44.0437444,-20.0048375],[-44.0440775,-20.0044929],[-44.0443226,-20.004406],[-44.0444819,-20.0048089]]]}},{"type":"Feature","properties":{"code":"1167","name":"Solar do Barreiro"},"geometry":{"type":"Polygon","coordinates":[[[-44.0163805,-20.0144519],[-44.0156867,-20.0142352],[-44.0147156,-20.0140941],[-44.0105979,-20.0137545],[-44.0098511,-20.0135422],[-44.0093032,-20.0132598],[-44.0083747,-20.0125134],[-44.007957,-20.012101],[-44.00811,-20.0120032],[-44.0075429,-20.0116143],[-44.0071472,-20.0113771],[-44.0056725,-20.0108103],[-44.0038355,-20.0098721],[-44.0038485,-20.0097425],[-44.0037434,-20.0095997],[-44.0031753,-20.0093044],[-44.0030705,-20.0085442],[-44.00975,-20.0103819],[-44.0101949,-20.0095149],[-44.0110761,-20.0090462],[-44.0115313,-20.0087137],[-44.012681,-20.0067687],[-44.0135175,-20.0076112],[-44.013888,-20.0078382],[-44.0135351,-20.0082627],[-44.0132839,-20.0087499],[-44.0123867,-20.0097542],[-44.0118711,-20.0105169],[-44.0140574,-20.010927],[-44.014263,-20.0104879],[-44.0136523,-20.0101626],[-44.0137454,-20.0099859],[-44.0137123,-20.0099199],[-44.0139985,-20.0095433],[-44.0140947,-20.0095414],[-44.0142889,-20.0093378],[-44.0142456,-20.0092958],[-44.0148446,-20.0089079],[-44.014693,-20.0087508],[-44.0153428,-20.0081906],[-44.0147647,-20.0076042],[-44.0149284,-20.0072853],[-44.015187,-20.0070276],[-44.0158087,-20.0067661],[-44.0158907,-20.0065301],[-44.0158442,-20.0064517],[-44.0161976,-20.0058604],[-44.016875,-20.0058179],[-44.0178397,-20.0061278],[-44.0186053,-20.0061329],[-44.0193988,-20.0060512],[-44.0196527,-20.0056156],[-44.0198952,-20.0056713],[-44.019665,-20.0060929],[-44.0197195,-20.0067402],[-44.0198068,-20.0068772],[-44.0197938,-20.0070091],[-44.0200604,-20.0070794],[-44.0201149,-20.0072115],[-44.0183274,-20.0072797],[-44.0183797,-20.0081333],[-44.0185635,-20.0081121],[-44.0183847,-20.0086221],[-44.0182102,-20.0088324],[-44.0181976,-20.0090676],[-44.018694,-20.0104152],[-44.0187882,-20.0114088],[-44.0186172,-20.0119684],[-44.0185225,-20.0121603],[-44.0183233,-20.0122216],[-44.0172811,-20.0132043],[-44.0174564,-20.0133862],[-44.0163805,-20.0144519]]]}},{"type":"Feature","properties":{"code":"1163","name":"Santa Rita"},"geometry":{"type":"Polygon","coordinates":[[[-44.0275836,-20.0117109],[-44.0301751,-20.0060471],[-44.0307762,-20.0062678],[-44.0309593,-20.0059637],[-44.0312252,-20.0060554],[-44.0319181,-20.0061265],[-44.0320238,-20.0062496],[-44.0299952,-20.0101371],[-44.0303408,-20.0102627],[-44.030064,-20.0108291],[-44.0300115,-20.0108917],[-44.0297223,-20.0108449],[-44.0292874,-20.011655],[-44.0291882,-20.0116296],[-44.0290247,-20.0120583],[-44.0276365,-20.0118978],[-44.0275836,-20.0117109]]]}},{"type":"Feature","properties":{"code":"1491","name":"Barreiro"},"geometry":{"type":"Polygon","coordinates":[[[-44.0283467,-19.9757718],[-44.0284311,-19.9760316],[-44.0263865,-19.9781498],[-44.0277471,-19.979383],[-44.0271838,-19.9817371],[-44.0246405,-19.9811861],[-44.0239999,-19.9837903],[-44.0220158,-19.983373],[-44.0219482,-19.9832532],[-44.0222486,-19.9830556],[-44.0223779,-19.9828495],[-44.0225784,-19.9822215],[-44.01955,-19.9814126],[-44.0195334,-19.9814845],[-44.017375,-19.9827368],[-44.0172363,-19.9826603],[-44.0152931,-19.9822846],[-44.015177,-19.9826129],[-44.012427,-19.9817373],[-44.0104307,-19.9812441],[-44.0108542,-19.9798311],[-44.0113785,-19.9785995],[-44.0128388,-19.9745549],[-44.0134706,-19.9735617],[-44.0150154,-19.9721806],[-44.0153777,-19.9715188],[-44.0158381,-19.9718417],[-44.0161583,-19.9719568],[-44.0195602,-19.9726133],[-44.0223738,-19.9732976],[-44.0232149,-19.9736924],[-44.0249238,-19.9753151],[-44.0253799,-19.9756346],[-44.0258864,-19.9758419],[-44.0267174,-19.9759468],[-44.0283467,-19.9757718]]]}},{"type":"Feature","properties":{"code":"722","name":"Milionários"},"geometry":{"type":"Polygon","coordinates":[[[-44.0083547,-19.9884004],[-44.006468,-19.9873901],[-44.0062079,-19.9878803],[-43.9986151,-19.9839207],[-43.998571,-19.984219],[-43.9980248,-19.9834913],[-43.9967965,-19.9828637],[-43.9964097,-19.9825828],[-43.9958103,-19.9823365],[-43.9951314,-19.982213],[-43.9952408,-19.9817545],[-43.9953894,-19.9816923],[-43.9954652,-19.9815511],[-43.9947861,-19.9814768],[-43.9943163,-19.9812785],[-43.9942564,-19.9811405],[-43.994306,-19.9809973],[-43.9947878,-19.9806271],[-43.9948083,-19.980351],[-43.9934409,-19.9797888],[-43.9931669,-19.9785891],[-43.9936114,-19.9783385],[-43.9936747,-19.9780283],[-43.9941801,-19.9780659],[-43.9945005,-19.9778608],[-43.9940709,-19.9771679],[-43.9972353,-19.9749037],[-43.9974574,-19.9746078],[-43.9978526,-19.9747617],[-43.9981119,-19.9749595],[-43.9983433,-19.9748145],[-44.0038123,-19.9777202],[-44.0039754,-19.9774978],[-44.0044021,-19.9773879],[-44.0047813,-19.9771779],[-44.0054752,-19.9780355],[-44.0060689,-19.9795012],[-44.0063147,-19.980347],[-44.0059149,-19.9803483],[-44.0060112,-19.980501],[-44.0060243,-19.9819743],[-44.008592,-19.9833779],[-44.0087598,-19.9832119],[-44.0097284,-19.9836131],[-44.0087397,-19.9870306],[-44.0083506,-19.9871333],[-44.0082404,-19.9873077],[-44.0082617,-19.9875706],[-44.0085145,-19.9878241],[-44.0083547,-19.9884004]],[[-44.0007179,-19.98295],[-44.0012262,-19.982082],[-44.0003657,-19.9816177],[-44.0003211,-19.981695],[-44.000248,-19.9816544],[-43.9999729,-19.9821095],[-44.0000753,-19.9821602],[-43.999875,-19.9824959],[-44.0007179,-19.98295]]]}},{"type":"Feature","properties":{"code":"1448","name":"Vila Nova Paraíso"},"geometry":{"type":"Polygon","coordinates":[[[-43.9857298,-19.9788441],[-43.9847686,-19.9778303],[-43.9849069,-19.9778176],[-43.9848655,-19.9774998],[-43.985267,-19.9775662],[-43.9860071,-19.9773672],[-43.9862967,-19.9773592],[-43.9878776,-19.977731],[-43.9873279,-19.9781763],[-43.9857298,-19.9788441]]]}},{"type":"Feature","properties":{"code":"823","name":"Pongelupe"},"geometry":{"type":"Polygon","coordinates":[[[-44.00975,-20.0103819],[-44.0030705,-20.0085442],[-44.003011,-20.0060555],[-44.0030956,-20.0058639],[-44.0117823,-20.008281],[-44.0115313,-20.0087137],[-44.0110761,-20.0090462],[-44.0101949,-20.0095149],[-44.00975,-20.0103819]]]}},{"type":"Feature","properties":{"code":"1251","name":"Vila Ecológica"},"geometry":{"type":"Polygon","coordinates":[[[-44.0211475,-20.0162641],[-44.0163805,-20.0144519],[-44.0174564,-20.0133862],[-44.0172811,-20.0132043],[-44.0183233,-20.0122216],[-44.0185225,-20.0121603],[-44.0187314,-20.0116719],[-44.0187882,-20.0114088],[-44.018694,-20.0104152],[-44.0181976,-20.0090676],[-44.0182102,-20.0088324],[-44.0183847,-20.0086221],[-44.0185635,-20.0081121],[-44.0183797,-20.0081333],[-44.0183274,-20.0072797],[-44.0207481,-20.0071795],[-44.0207876,-20.0074123],[-44.0206731,-20.0076019],[-44.0204328,-20.0075763],[-44.0202958,-20.0076909],[-44.019906,-20.0089245],[-44.0200829,-20.0094585],[-44.0204244,-20.0100912],[-44.0207924,-20.0103846],[-44.0208382,-20.010522],[-44.0205715,-20.0117423],[-44.0205528,-20.0124471],[-44.0203491,-20.0129705],[-44.0202788,-20.0135118],[-44.0204548,-20.0139342],[-44.0208557,-20.014474],[-44.0209855,-20.0147927],[-44.0209162,-20.0148789],[-44.02125,-20.0155901],[-44.0211475,-20.0162641]]]}},{"type":"Feature","properties":{"code":"1270","name":"Águas Claras"},"geometry":{"type":"Polygon","coordinates":[[[-44.0211387,-20.014971],[-44.0202842,-20.0135669],[-44.0203491,-20.0129705],[-44.0205528,-20.0124471],[-44.0206201,-20.0114749],[-44.0207978,-20.0108604],[-44.0221776,-20.0100845],[-44.024489,-20.0125673],[-44.0246185,-20.0124952],[-44.0252656,-20.0131576],[-44.0261327,-20.0134453],[-44.026015,-20.0135879],[-44.0252717,-20.0133534],[-44.0243502,-20.0132004],[-44.0231949,-20.013268],[-44.023247,-20.0136272],[-44.0227065,-20.0140775],[-44.0211387,-20.014971]]]}},{"type":"Feature","properties":{"code":"1164","name":"Mangueiras"},"geometry":{"type":"Polygon","coordinates":[[[-44.0404078,-20.0098801],[-44.0405235,-20.0096345],[-44.0404897,-20.0108562],[-44.0406941,-20.0117626],[-44.0400953,-20.0126227],[-44.0400695,-20.0135342],[-44.0389266,-20.0147288],[-44.0373875,-20.0150844],[-44.0370482,-20.0150465],[-44.0370386,-20.0154331],[-44.0360926,-20.0152074],[-44.0361167,-20.0149364],[-44.0360231,-20.0149286],[-44.0360104,-20.0150741],[-44.0358674,-20.0150652],[-44.0358614,-20.015153],[-44.0355842,-20.0151146],[-44.0354889,-20.0153913],[-44.0355958,-20.0154044],[-44.0353585,-20.0163744],[-44.0350274,-20.0170999],[-44.0348561,-20.0171578],[-44.0317915,-20.0163296],[-44.033327,-20.0110485],[-44.0401875,-20.0118883],[-44.0404078,-20.0098801]]]}},{"type":"Feature","properties":{"code":"1253","name":"Silveira"},"geometry":{"type":"Polygon","coordinates":[[[-43.9276998,-19.8975543],[-43.9273932,-19.8951571],[-43.9281317,-19.8925153],[-43.929229,-19.8891631],[-43.9293365,-19.887755],[-43.9292977,-19.8856219],[-43.9297839,-19.886205],[-43.9306613,-19.887818],[-43.9328741,-19.8885443],[-43.9329345,-19.8892572],[-43.9316505,-19.8899312],[-43.9314191,-19.8901713],[-43.9310655,-19.8911708],[-43.9309369,-19.89162],[-43.9318145,-19.8915415],[-43.9320373,-19.893681],[-43.9314362,-19.8948929],[-43.9305959,-19.8951806],[-43.9305174,-19.8954076],[-43.9307296,-19.896263],[-43.9289693,-19.8958225],[-43.9288182,-19.8957291],[-43.9287338,-19.8957563],[-43.9281198,-19.8963924],[-43.9280776,-19.8969325],[-43.9282416,-19.8973398],[-43.9276998,-19.8975543]]]}},{"type":"Feature","properties":{"code":"726","name":"Monsenhor Messias"},"geometry":{"type":"Polygon","coordinates":[[[-43.9724773,-19.9126672],[-43.9715094,-19.912319],[-43.9716573,-19.9119835],[-43.9719134,-19.9109254],[-43.9732868,-19.9112708],[-43.974321,-19.9112062],[-43.9745198,-19.9105444],[-43.9753298,-19.9105485],[-43.9752455,-19.9080288],[-43.9789642,-19.9079866],[-43.980551,-19.9077136],[-43.9807081,-19.912336],[-43.9803901,-19.9124804],[-43.9724773,-19.9126672]]]}},{"type":"Feature","properties":{"code":"777","name":"Santo André"},"geometry":{"type":"Polygon","coordinates":[[[-43.9587876,-19.9084105],[-43.9573642,-19.9062668],[-43.9571958,-19.90618],[-43.9571294,-19.9059084],[-43.9515267,-19.9058253],[-43.9514973,-19.9070617],[-43.9509973,-19.9070791],[-43.9498011,-19.907682],[-43.9496827,-19.9075186],[-43.9497162,-19.9074742],[-43.9501868,-19.9072197],[-43.9505977,-19.9066463],[-43.9502711,-19.9063843],[-43.9500842,-19.9057376],[-43.950131,-19.9056074],[-43.951013,-19.9053681],[-43.9508497,-19.9047254],[-43.9509757,-19.9047096],[-43.950975,-19.9046083],[-43.9512211,-19.9045024],[-43.9515518,-19.904488],[-43.9515572,-19.9041966],[-43.951611,-19.9041979],[-43.9516705,-19.9014163],[-43.9505378,-19.9013846],[-43.9503486,-19.9002252],[-43.9512446,-19.9002261],[-43.9522296,-19.8993644],[-43.952287,-19.8991671],[-43.9525482,-19.899063],[-43.95313,-19.8984772],[-43.9566883,-19.8991462],[-43.9570608,-19.8991094],[-43.9564094,-19.9014792],[-43.9563826,-19.9036513],[-43.960706,-19.9038686],[-43.9617962,-19.9038291],[-43.9618877,-19.9045313],[-43.9613516,-19.9045931],[-43.9601832,-19.9045538],[-43.9601558,-19.9065591],[-43.9597729,-19.9065393],[-43.960121,-19.9079938],[-43.959593,-19.9080951],[-43.9587876,-19.9084105]]]}},{"type":"Feature","properties":{"code":"693","name":"Inconfidência"},"geometry":{"type":"Polygon","coordinates":[[[-43.9941654,-19.9119403],[-43.99434,-19.9112567],[-43.9943529,-19.9108581],[-43.9942263,-19.910201],[-43.9947111,-19.9100011],[-43.9946949,-19.9095578],[-43.9958742,-19.9087826],[-43.996872,-19.9090539],[-43.9971995,-19.9079571],[-43.9971159,-19.9078755],[-43.9968932,-19.9065201],[-43.9976636,-19.9036418],[-43.9979151,-19.9032893],[-43.9994858,-19.9019782],[-43.9997486,-19.901723],[-43.9997858,-19.9015876],[-44.0023065,-19.9039912],[-44.0020771,-19.9044848],[-44.0007038,-19.9050674],[-44.0001215,-19.9055665],[-43.9997278,-19.9060917],[-43.9984239,-19.9089178],[-43.9983536,-19.9092628],[-43.9984101,-19.9103773],[-43.9982269,-19.9108813],[-43.9980522,-19.9110712],[-43.9973925,-19.9116177],[-43.9971231,-19.9116803],[-43.9941654,-19.9119403]]]}},{"type":"Feature","properties":{"code":"679","name":"Floresta"},"geometry":{"type":"Polygon","coordinates":[[[-43.9319442,-19.9214122],[-43.9314547,-19.9213419],[-43.9304464,-19.9209441],[-43.9296262,-19.9208059],[-43.9263058,-19.9202869],[-43.9247711,-19.9202221],[-43.9274113,-19.9159993],[-43.9272753,-19.916019],[-43.9261821,-19.9154022],[-43.9256326,-19.9152274],[-43.9255472,-19.9145064],[-43.9246822,-19.9146083],[-43.9243932,-19.912392],[-43.9233285,-19.9124356],[-43.9232555,-19.9117909],[-43.924048,-19.911836],[-43.9243603,-19.9117745],[-43.925115,-19.9114866],[-43.9261189,-19.9109388],[-43.9263359,-19.9106882],[-43.9271219,-19.9092337],[-43.9294722,-19.9075309],[-43.9298437,-19.9069852],[-43.9307335,-19.9050224],[-43.9312673,-19.9033608],[-43.9325432,-19.9037997],[-43.93205,-19.9051829],[-43.9322529,-19.9067477],[-43.9324025,-19.9114744],[-43.9329898,-19.9134898],[-43.9327418,-19.913809],[-43.9326224,-19.9141704],[-43.9316132,-19.9136493],[-43.9330079,-19.9189442],[-43.9329189,-19.919163],[-43.9339807,-19.9197633],[-43.9334537,-19.9206605],[-43.9329766,-19.9211297],[-43.9324876,-19.9213473],[-43.9319442,-19.9214122]]]}},{"type":"Feature","properties":{"code":"723","name":"Minas Brasil"},"geometry":{"type":"Polygon","coordinates":[[[-43.9887466,-19.9214172],[-43.9871754,-19.9196932],[-43.9872299,-19.9189254],[-43.9876305,-19.9180805],[-43.9878465,-19.9169962],[-43.9880032,-19.9168],[-43.9883983,-19.916554],[-43.9901286,-19.915951],[-43.9908316,-19.9158497],[-43.9914841,-19.9160173],[-43.9916937,-19.9159084],[-43.991592,-19.9155941],[-43.9914789,-19.9154997],[-43.9895438,-19.9146517],[-43.9893573,-19.9144039],[-43.9892801,-19.9141399],[-43.9926491,-19.9137008],[-43.9936458,-19.9137365],[-43.9937586,-19.9143587],[-43.9939188,-19.9147171],[-43.9947317,-19.9156715],[-43.9941657,-19.9169318],[-43.9933864,-19.9161021],[-43.9934098,-19.9162794],[-43.9928492,-19.91691],[-43.9911534,-19.919249],[-43.9902931,-19.9200894],[-43.9903092,-19.9201994],[-43.9887466,-19.9214172]]]}},{"type":"Feature","properties":{"code":"689","name":"Gutierrez"},"geometry":{"type":"Polygon","coordinates":[[[-43.9614779,-19.9497222],[-43.9612818,-19.9496833],[-43.9609236,-19.9481698],[-43.9606325,-19.947758],[-43.9591564,-19.9464362],[-43.95708,-19.9451526],[-43.9569171,-19.9449626],[-43.9567572,-19.9444277],[-43.9567463,-19.9432858],[-43.9564837,-19.9428523],[-43.9559709,-19.9425475],[-43.9546576,-19.9422794],[-43.9543602,-19.9421386],[-43.9540611,-19.9418592],[-43.9538557,-19.9413917],[-43.9539546,-19.9394896],[-43.9534024,-19.9365687],[-43.9531734,-19.9356876],[-43.9523402,-19.9340518],[-43.9537685,-19.9336744],[-43.9568632,-19.93033],[-43.9571876,-19.9294447],[-43.9615488,-19.9303869],[-43.9612479,-19.9318682],[-43.9634342,-19.9397931],[-43.9624921,-19.9400161],[-43.9623705,-19.940099],[-43.9622826,-19.9400486],[-43.9607258,-19.940438],[-43.9603855,-19.9409897],[-43.9600871,-19.9413094],[-43.9595123,-19.9416786],[-43.9584567,-19.9419379],[-43.9585431,-19.9422488],[-43.9582208,-19.9423215],[-43.9582539,-19.9424324],[-43.9581506,-19.9424067],[-43.9581794,-19.9425204],[-43.9583432,-19.9424915],[-43.9590726,-19.9433996],[-43.959026,-19.9434897],[-43.9594872,-19.9441951],[-43.9593215,-19.9447573],[-43.9594276,-19.9450899],[-43.9609785,-19.9464579],[-43.9611777,-19.9464349],[-43.9612453,-19.9464971],[-43.9613325,-19.9471048],[-43.9614714,-19.9470946],[-43.9615719,-19.9472683],[-43.9612834,-19.9475746],[-43.9616235,-19.9479429],[-43.9615554,-19.9494666],[-43.9614779,-19.9497222]]]}},{"type":"Feature","properties":{"code":"1405","name":"Vila Antena"},"geometry":{"type":"Polygon","coordinates":[[[-43.9627689,-19.9501699],[-43.961737,-19.9500364],[-43.9616582,-19.9498734],[-43.9615739,-19.9498755],[-43.9614947,-19.9497691],[-43.9616235,-19.9479429],[-43.9612834,-19.9475746],[-43.9615719,-19.9472683],[-43.9614714,-19.9470946],[-43.9613325,-19.9471048],[-43.9612453,-19.9464971],[-43.9618289,-19.9469976],[-43.9629697,-19.9471624],[-43.9637273,-19.9476848],[-43.963353,-19.9480976],[-43.9633235,-19.9482735],[-43.9630304,-19.9482164],[-43.9630815,-19.9488635],[-43.9634506,-19.9490899],[-43.9633747,-19.9493727],[-43.9636243,-19.9497613],[-43.9634613,-19.9497407],[-43.963289,-19.9498545],[-43.9632974,-19.9499133],[-43.9630416,-19.9499643],[-43.9630849,-19.9500581],[-43.9630274,-19.9500986],[-43.9627689,-19.9501699]]]}},{"type":"Feature","properties":{"code":"1323","name":"Estrela"},"geometry":{"type":"Polygon","coordinates":[[[-43.9417243,-19.9513916],[-43.9414493,-19.9512875],[-43.9409893,-19.9509065],[-43.9408346,-19.950921],[-43.9404907,-19.9507381],[-43.940269,-19.9508255],[-43.9400599,-19.9504098],[-43.9400679,-19.9502846],[-43.9402239,-19.9501301],[-43.9400836,-19.9498652],[-43.9391499,-19.9492916],[-43.9390163,-19.9492908],[-43.938836,-19.949413],[-43.9385186,-19.9492208],[-43.9384134,-19.9487791],[-43.938676,-19.9487209],[-43.9386476,-19.9486145],[-43.9383881,-19.9486713],[-43.9383618,-19.9485635],[-43.9388324,-19.9484594],[-43.9391674,-19.9489167],[-43.9396077,-19.948668],[-43.9401308,-19.949229],[-43.9405796,-19.9486871],[-43.940446,-19.9485017],[-43.9407521,-19.9482394],[-43.9414454,-19.9478927],[-43.9414685,-19.9479502],[-43.942082,-19.9476483],[-43.9423036,-19.9476242],[-43.9423455,-19.9478816],[-43.9424647,-19.9478819],[-43.942446,-19.9494414],[-43.9414173,-19.9489408],[-43.9412327,-19.9492288],[-43.941187,-19.9495938],[-43.9413649,-19.9500249],[-43.9418297,-19.9502065],[-43.9419551,-19.9501662],[-43.9425081,-19.9507815],[-43.9422301,-19.9508701],[-43.9421406,-19.9507149],[-43.9415795,-19.9509892],[-43.9417243,-19.9513916]]]}},{"type":"Feature","properties":{"code":"1358","name":"Vila Madre Gertrudes III"},"geometry":{"type":"Polygon","coordinates":[[[-44.0097957,-19.9494121],[-44.0095033,-19.9497216],[-44.0093784,-19.9501755],[-44.0089886,-19.9506268],[-44.0089115,-19.9508648],[-44.0090861,-19.9511561],[-44.0091682,-19.9515365],[-44.0089313,-19.9515759],[-44.0084574,-19.9508431],[-44.0088483,-19.9490775],[-44.0093021,-19.9490658],[-44.0095303,-19.949161],[-44.0094906,-19.9492153],[-44.0097957,-19.9494121]]]}},{"type":"Feature","properties":{"code":"1258","name":"Jonas Veiga"},"geometry":{"type":"Polygon","coordinates":[[[-43.8979201,-19.9233136],[-43.8960374,-19.9222874],[-43.8945344,-19.9227768],[-43.8939127,-19.922439],[-43.8937385,-19.9224196],[-43.8926037,-19.9228197],[-43.8923475,-19.9227998],[-43.8912064,-19.920763],[-43.8908014,-19.9206653],[-43.888037,-19.9194171],[-43.8885515,-19.9173992],[-43.8894792,-19.9170182],[-43.8898512,-19.9169759],[-43.8902043,-19.9170588],[-43.8910617,-19.9174513],[-43.8913577,-19.9170241],[-43.8918967,-19.916923],[-43.8919752,-19.9168472],[-43.8921783,-19.9164501],[-43.892189,-19.9158306],[-43.892366,-19.9154016],[-43.8938112,-19.9157441],[-43.8932443,-19.9181741],[-43.894142,-19.9182571],[-43.8957547,-19.9189616],[-43.8959406,-19.9191205],[-43.897202,-19.9196284],[-43.8975769,-19.9196424],[-43.9007234,-19.9192517],[-43.901458,-19.9186156],[-43.9020496,-19.9179766],[-43.9022337,-19.917964],[-43.9023572,-19.9178575],[-43.9024942,-19.917987],[-43.9024591,-19.9184334],[-43.9022507,-19.9185708],[-43.9020588,-19.9185251],[-43.9019003,-19.9186518],[-43.9018215,-19.918925],[-43.9007012,-19.9198876],[-43.9006251,-19.9202285],[-43.9004036,-19.9202777],[-43.9001729,-19.9207435],[-43.8999499,-19.9208679],[-43.8996361,-19.9208308],[-43.899498,-19.9204914],[-43.8991331,-19.9208831],[-43.8986198,-19.9220431],[-43.8979805,-19.9229423],[-43.8979201,-19.9233136]]]}},{"type":"Feature","properties":{"code":"1325","name":"Fazendinha"},"geometry":{"type":"Polygon","coordinates":[[[-43.9057139,-19.9341707],[-43.9052185,-19.9341993],[-43.9051882,-19.9339794],[-43.9053333,-19.9337212],[-43.9050819,-19.9330627],[-43.9031554,-19.9317179],[-43.9033158,-19.9296981],[-43.9031398,-19.9291869],[-43.9032417,-19.9285286],[-43.9029839,-19.9281103],[-43.9035796,-19.9281677],[-43.9046253,-19.9284841],[-43.9050346,-19.9285134],[-43.9051896,-19.9288639],[-43.9055385,-19.928877],[-43.9055403,-19.9292088],[-43.9058593,-19.9293412],[-43.9066423,-19.9293267],[-43.9081716,-19.9295122],[-43.9080815,-19.9298281],[-43.9081065,-19.9304544],[-43.9080448,-19.9307674],[-43.9073998,-19.9317067],[-43.9068274,-19.9323174],[-43.9066356,-19.9330963],[-43.9058223,-19.9337569],[-43.9057139,-19.9341707]]]}},{"type":"Feature","properties":{"code":"616","name":"Barroca"},"geometry":{"type":"Polygon","coordinates":[[[-43.9657286,-19.9356237],[-43.9620523,-19.9347642],[-43.9612479,-19.9318682],[-43.9615488,-19.9303869],[-43.9651899,-19.9311344],[-43.9669391,-19.9311112],[-43.9657286,-19.9356237]]]}},{"type":"Feature","properties":{"code":"707","name":"João Pinheiro"},"geometry":{"type":"Polygon","coordinates":[[[-43.9970808,-19.9354394],[-43.9964506,-19.9349592],[-43.9957796,-19.9342339],[-43.9927149,-19.9297693],[-43.9937037,-19.9292655],[-43.9955272,-19.9279996],[-43.9966125,-19.9269512],[-43.9975212,-19.9257179],[-43.9994107,-19.9241781],[-43.9999703,-19.9238903],[-44.0007065,-19.9226942],[-44.0009574,-19.9223921],[-44.0010534,-19.9225218],[-44.0015288,-19.9219406],[-44.0016464,-19.9220418],[-44.0018634,-19.9215876],[-44.0035373,-19.9228067],[-44.0030748,-19.9232604],[-44.0031626,-19.9233944],[-44.0029941,-19.9238444],[-44.0030512,-19.9239261],[-44.0027767,-19.9240831],[-44.0027999,-19.9241805],[-44.0024113,-19.9243583],[-44.0027915,-19.9248778],[-44.0032023,-19.9245252],[-44.003629,-19.9244435],[-44.0038679,-19.9244895],[-44.0041347,-19.924607],[-44.004454,-19.9249006],[-44.0046613,-19.9255797],[-44.0049563,-19.9257172],[-44.0053679,-19.925565],[-44.0056809,-19.9252597],[-44.0060757,-19.9263526],[-44.0051339,-19.9263783],[-44.0047687,-19.9262184],[-44.0049265,-19.9264946],[-44.0042793,-19.9269265],[-44.0050393,-19.9279572],[-43.9977817,-19.9327682],[-43.9970808,-19.9354394]]]}},{"type":"Feature","properties":{"code":"814","name":"Vila Oeste"},"geometry":{"type":"Polygon","coordinates":[[[-44.0021362,-19.9374576],[-44.0019873,-19.9372659],[-44.0017924,-19.9372789],[-44.0013655,-19.9369378],[-44.0005268,-19.9367449],[-44.0004932,-19.9363759],[-44.0015867,-19.9362328],[-44.0021491,-19.9360664],[-44.0033418,-19.9354607],[-44.0035553,-19.9356327],[-44.0042257,-19.9358469],[-44.0044282,-19.9359922],[-44.0049918,-19.9361554],[-44.0050491,-19.9360992],[-44.0058643,-19.9368327],[-44.005785,-19.9369092],[-44.0061759,-19.9371574],[-44.0055316,-19.9373599],[-44.0054175,-19.9369208],[-44.0051437,-19.9370078],[-44.0050811,-19.9368449],[-44.0052174,-19.9367211],[-44.0048343,-19.936279],[-44.0020433,-19.9371235],[-44.0021362,-19.9374576]]]}},{"type":"Feature","properties":{"code":"731","name":"Nova Gameleira"},"geometry":{"type":"Polygon","coordinates":[[[-43.9960576,-19.9477459],[-43.9939126,-19.947737],[-43.9935832,-19.9475855],[-43.9918317,-19.9463202],[-43.9920449,-19.9460358],[-43.9927972,-19.9465203],[-43.9930378,-19.9461439],[-43.9920001,-19.9455426],[-43.993236,-19.9437391],[-43.9930691,-19.9436592],[-43.9928268,-19.9429802],[-43.991072,-19.9446137],[-43.9904386,-19.9453111],[-43.9899172,-19.9450131],[-43.9887664,-19.9457688],[-43.988245,-19.9451068],[-43.9879758,-19.9458431],[-43.9872278,-19.9460127],[-43.9869065,-19.944981],[-43.9869355,-19.9444887],[-43.9872003,-19.944067],[-43.9877951,-19.9435278],[-43.9881561,-19.9430133],[-43.9882108,-19.9426709],[-43.9881677,-19.9423358],[-43.9877672,-19.9418098],[-43.9856624,-19.9401251],[-43.9862109,-19.9396929],[-43.9867213,-19.9401606],[-43.986882,-19.9399757],[-43.9865845,-19.9396718],[-43.9863733,-19.9391852],[-43.9881046,-19.9385649],[-43.9877247,-19.9380564],[-43.9877437,-19.9377348],[-43.9878561,-19.9374431],[-43.9883267,-19.9369007],[-43.9886375,-19.936696],[-43.9891604,-19.9365382],[-43.9895305,-19.9365231],[-43.9902031,-19.9366762],[-43.9907283,-19.9370865],[-43.9909472,-19.9374433],[-43.9946435,-19.9358577],[-43.9949807,-19.9364427],[-43.9954563,-19.936938],[-43.9959636,-19.9372497],[-43.9966036,-19.9374767],[-43.9975891,-19.937552],[-44.000026,-19.9370485],[-44.0008552,-19.9371176],[-44.0015737,-19.9373763],[-44.0014003,-19.9376927],[-44.00139,-19.9380091],[-44.0017066,-19.9392165],[-44.0012217,-19.9393683],[-44.000642,-19.9386227],[-44.0004712,-19.9388972],[-44.0008812,-19.9401075],[-43.9996752,-19.9408379],[-43.9991006,-19.9410423],[-43.9990291,-19.9413409],[-43.9988942,-19.9414819],[-43.9985237,-19.9416066],[-43.9975612,-19.9414053],[-43.9976744,-19.9411891],[-43.9975659,-19.9408717],[-43.9976848,-19.9407902],[-43.9977514,-19.9408211],[-43.9979008,-19.9405583],[-43.99846,-19.9402756],[-43.9980348,-19.9400185],[-43.9981378,-19.9393991],[-43.9980036,-19.9393282],[-43.9979235,-19.9393508],[-43.9976448,-19.9392045],[-43.9974114,-19.9398348],[-43.9978914,-19.9400615],[-43.997859,-19.9403648],[-43.9974912,-19.9406262],[-43.9969421,-19.940416],[-43.99655,-19.9403475],[-43.9964285,-19.9412892],[-43.9984855,-19.9421693],[-43.9988661,-19.9426301],[-43.9981057,-19.943207],[-43.9967494,-19.9430245],[-43.9970196,-19.9435555],[-43.9966761,-19.9437636],[-43.9958873,-19.9437823],[-43.9958222,-19.9441137],[-43.9961936,-19.9442568],[-43.9970407,-19.9453002],[-43.9976293,-19.9459022],[-43.9976766,-19.9460437],[-43.9965379,-19.9462861],[-43.9968945,-19.9468897],[-43.9963121,-19.9470262],[-43.9964339,-19.9476696],[-43.9960576,-19.9477459]],[[-43.9922565,-19.9413117],[-43.9936737,-19.9393895],[-43.9930436,-19.938892],[-43.9924347,-19.9382286],[-43.9920256,-19.9385451],[-43.9916855,-19.9385307],[-43.9903882,-19.9396068],[-43.9903256,-19.939837],[-43.9905403,-19.9398556],[-43.9906032,-19.9398007],[-43.9906756,-19.9398912],[-43.9911591,-19.9399536],[-43.9912569,-19.9400201],[-43.9912648,-19.9401238],[-43.9914823,-19.9401006],[-43.9918637,-19.9405245],[-43.9922565,-19.9413117]]]}},{"type":"Feature","properties":{"code":"732","name":"Nova Granada"},"geometry":{"type":"Polygon","coordinates":[[[-43.9691951,-19.9491325],[-43.9683809,-19.9487019],[-43.9684566,-19.9484309],[-43.9680626,-19.948338],[-43.9681348,-19.9479832],[-43.9677692,-19.9478931],[-43.9677339,-19.9478101],[-43.9678629,-19.9472578],[-43.9672513,-19.9469319],[-43.9671563,-19.9472749],[-43.9670381,-19.9471897],[-43.9666165,-19.9468165],[-43.9666544,-19.9466173],[-43.9661355,-19.946343],[-43.9654803,-19.9457352],[-43.9653649,-19.9456069],[-43.9654126,-19.9455504],[-43.9646044,-19.9448581],[-43.96471,-19.9447141],[-43.9639434,-19.944005],[-43.9637181,-19.9430294],[-43.9648067,-19.9423775],[-43.9672887,-19.9402626],[-43.9687236,-19.9380158],[-43.9691803,-19.9374958],[-43.9701306,-19.9366625],[-43.9705396,-19.9361184],[-43.9711514,-19.9352227],[-43.9717983,-19.9338406],[-43.9726865,-19.9380323],[-43.9726287,-19.9392198],[-43.9724192,-19.939877],[-43.9721262,-19.940423],[-43.9705147,-19.9425838],[-43.9700944,-19.9432696],[-43.9697693,-19.9428603],[-43.9693263,-19.9431842],[-43.9692458,-19.9434641],[-43.9695366,-19.9435371],[-43.9695806,-19.9433266],[-43.9696668,-19.9433481],[-43.9696688,-19.9432225],[-43.9698484,-19.9430141],[-43.9700848,-19.9432903],[-43.969704,-19.9442187],[-43.9695291,-19.9450138],[-43.969403,-19.948395],[-43.9691951,-19.9491325]]]}},{"type":"Feature","properties":{"code":"681","name":"Funcionários"},"geometry":{"type":"Polygon","coordinates":[[[-43.9263147,-19.9389608],[-43.9261151,-19.9388383],[-43.9259707,-19.938595],[-43.9241565,-19.9318724],[-43.9222288,-19.9297321],[-43.922433,-19.9296179],[-43.9235133,-19.9293358],[-43.932552,-19.9271345],[-43.933572,-19.9269053],[-43.9337685,-19.9269344],[-43.932829,-19.9284658],[-43.9330373,-19.9288864],[-43.9335568,-19.9308098],[-43.9319208,-19.9299052],[-43.9263147,-19.9389608]]]}},{"type":"Feature","properties":{"code":"792","name":"São Pedro"},"geometry":{"type":"Polygon","coordinates":[[[-43.9404461,-19.9555621],[-43.9353946,-19.9480722],[-43.9350903,-19.9472636],[-43.9330826,-19.9398749],[-43.9375435,-19.9402998],[-43.9393971,-19.9470658],[-43.9405796,-19.9486871],[-43.9401308,-19.949229],[-43.9396077,-19.948668],[-43.9391674,-19.9489167],[-43.9388324,-19.9484594],[-43.9383618,-19.9485635],[-43.9383881,-19.9486713],[-43.9386476,-19.9486145],[-43.938676,-19.9487209],[-43.9384134,-19.9487791],[-43.9385186,-19.9492208],[-43.938836,-19.949413],[-43.9390163,-19.9492908],[-43.9391499,-19.9492916],[-43.9400836,-19.9498652],[-43.9402105,-19.9500322],[-43.9402239,-19.9501301],[-43.9394986,-19.950779],[-43.9401169,-19.9518298],[-43.9400831,-19.9521478],[-43.9398138,-19.9526377],[-43.9397694,-19.9528834],[-43.93989,-19.9532483],[-43.9404682,-19.9541913],[-43.9404461,-19.9555621]]]}},{"type":"Feature","properties":{"code":"815","name":"Vila Paris"},"geometry":{"type":"Polygon","coordinates":[[[-43.9518932,-19.953885],[-43.9500188,-19.9538659],[-43.9498204,-19.9537676],[-43.9488048,-19.9530601],[-43.9477539,-19.9515219],[-43.9476745,-19.9511955],[-43.9475881,-19.9488049],[-43.9485749,-19.9473281],[-43.9496315,-19.9479808],[-43.9492164,-19.948672],[-43.9501596,-19.9498114],[-43.9508691,-19.948469],[-43.9520602,-19.9484829],[-43.952416,-19.9487096],[-43.9525059,-19.9489781],[-43.9526018,-19.9488085],[-43.9526223,-19.9478166],[-43.9531373,-19.9474228],[-43.9534244,-19.9477582],[-43.9534182,-19.9487103],[-43.9528092,-19.9496165],[-43.9527237,-19.9500493],[-43.9528993,-19.950749],[-43.9537117,-19.9517383],[-43.9534655,-19.9519467],[-43.9528143,-19.9519607],[-43.952463,-19.9520792],[-43.951861,-19.952841],[-43.9514798,-19.9530611],[-43.9522018,-19.9535184],[-43.9518932,-19.953885]]]}},{"type":"Feature","properties":{"code":"1378","name":"Santa Isabel"},"geometry":{"type":"Polygon","coordinates":[[[-43.9237363,-19.9430844],[-43.9233717,-19.9430305],[-43.9232558,-19.9429484],[-43.9233958,-19.9427331],[-43.9233472,-19.9426602],[-43.923439,-19.9425399],[-43.9235393,-19.942605],[-43.9239169,-19.9419912],[-43.9242922,-19.9421891],[-43.9237363,-19.9430844]]]}},{"type":"Feature","properties":{"code":"1380","name":"Santa Sofia"},"geometry":{"type":"Polygon","coordinates":[[[-43.9654056,-19.9520978],[-43.9649817,-19.9519373],[-43.9646056,-19.9516516],[-43.9643461,-19.9515663],[-43.9638495,-19.95155],[-43.9646019,-19.9511931],[-43.9645865,-19.950749],[-43.9644166,-19.9504798],[-43.9648426,-19.9503503],[-43.9652048,-19.9499992],[-43.9657542,-19.9490119],[-43.9659811,-19.9488747],[-43.9665003,-19.948771],[-43.9683385,-19.9487771],[-43.9683809,-19.9487019],[-43.9691951,-19.9491325],[-43.9680232,-19.9509365],[-43.967703,-19.9518522],[-43.9669379,-19.9520869],[-43.9665581,-19.9520209],[-43.9660755,-19.9520537],[-43.9659476,-19.9518817],[-43.9655707,-19.9520849],[-43.9654056,-19.9520978]]]}},{"type":"Feature","properties":{"code":"1342","name":"Mala e Cuia"},"geometry":{"type":"Polygon","coordinates":[[[-43.9352208,-19.9492289],[-43.9351882,-19.9491243],[-43.9351286,-19.9491409],[-43.9350378,-19.9488054],[-43.9347716,-19.9488735],[-43.9347956,-19.9486553],[-43.9348867,-19.9485895],[-43.9348177,-19.9484541],[-43.934888,-19.9482882],[-43.9348496,-19.9480801],[-43.9349065,-19.9483702],[-43.9350555,-19.9483916],[-43.9352768,-19.9492152],[-43.9352208,-19.9492289]]]}},{"type":"Feature","properties":{"code":"1318","name":"Custodinha"},"geometry":{"type":"Polygon","coordinates":[[[-44.0072835,-19.9490879],[-44.0069984,-19.9486698],[-44.0066716,-19.9484523],[-44.0071475,-19.9477922],[-44.0071286,-19.947667],[-44.0069431,-19.9475467],[-44.0071056,-19.9472995],[-44.0074552,-19.9474781],[-44.0075199,-19.947775],[-44.0075422,-19.9480442],[-44.0072748,-19.94811],[-44.0075312,-19.9489427],[-44.0072835,-19.9490879]]]}},{"type":"Feature","properties":{"code":"1156","name":"Boa Viagem"},"geometry":{"type":"Polygon","coordinates":[[[-43.9338917,-19.9320287],[-43.9330373,-19.9288864],[-43.932829,-19.9284658],[-43.9338555,-19.926805],[-43.935126,-19.9265081],[-43.9360962,-19.9249612],[-43.9377573,-19.9311026],[-43.9338917,-19.9320287]]]}},{"type":"Feature","properties":{"code":"822","name":"Alto Barroca"},"geometry":{"type":"Polygon","coordinates":[[[-43.9701306,-19.9366625],[-43.9657286,-19.9356237],[-43.9669391,-19.9311112],[-43.9704498,-19.9309172],[-43.9718522,-19.9305203],[-43.9717129,-19.9307075],[-43.9716988,-19.9308686],[-43.9717983,-19.9338406],[-43.9711514,-19.9352227],[-43.9701306,-19.9366625]]]}},{"type":"Feature","properties":{"code":"1330","name":"Guaratã"},"geometry":{"type":"MultiPolygon","coordinates":[[[[-43.9867213,-19.9401606],[-43.9862109,-19.9396929],[-43.9856624,-19.9401251],[-43.9854523,-19.9396799],[-43.985304,-19.9385007],[-43.9851307,-19.9378336],[-43.9846697,-19.9371887],[-43.9839507,-19.9365103],[-43.9834992,-19.935943],[-43.9831361,-19.935264],[-43.9829366,-19.9347032],[-43.9826884,-19.9336486],[-43.9827412,-19.932833],[-43.9837481,-19.9328742],[-43.9837987,-19.9328229],[-43.9839734,-19.9318693],[-43.9832628,-19.9318068],[-43.9838018,-19.9314746],[-43.9839096,-19.9315172],[-43.9840279,-19.9317062],[-43.9839953,-19.9320051],[-43.9842282,-19.9320377],[-43.9839482,-19.9334127],[-43.9844613,-19.9359055],[-43.9848144,-19.9361536],[-43.9860127,-19.9376379],[-43.9862851,-19.9386746],[-43.9859775,-19.9387713],[-43.9860983,-19.9392285],[-43.9863563,-19.9391206],[-43.9865845,-19.9396718],[-43.986882,-19.9399757],[-43.9867213,-19.9401606]]],[[[-43.9825536,-19.9317605],[-43.9823847,-19.9317284],[-43.9824905,-19.9312177],[-43.9826363,-19.9311939],[-43.9826208,-19.9308773],[-43.9827099,-19.9307559],[-43.9831665,-19.9308661],[-43.9830516,-19.931382],[-43.9825536,-19.9317605]]]]}},{"type":"Feature","properties":{"code":"715","name":"Lourdes"},"geometry":{"type":"Polygon","coordinates":[[[-43.9414329,-19.939346],[-43.9390681,-19.9307738],[-43.9377573,-19.9311026],[-43.9364232,-19.9262016],[-43.9438538,-19.9243456],[-43.9441605,-19.9243275],[-43.9447132,-19.9234514],[-43.9451586,-19.9235578],[-43.9454127,-19.9235094],[-43.9484761,-19.9349395],[-43.9458863,-19.9355853],[-43.9439764,-19.9387274],[-43.9414329,-19.939346]]]}},{"type":"Feature","properties":{"code":"1369","name":"Oeste"},"geometry":{"type":"Polygon","coordinates":[[[-44.0078768,-19.9428787],[-44.0073928,-19.9427467],[-44.0069103,-19.9424988],[-44.0041952,-19.9405988],[-44.0035884,-19.93992],[-44.0029091,-19.9386805],[-44.0024516,-19.9380231],[-44.0019795,-19.9376213],[-44.0014618,-19.9373212],[-44.0008552,-19.9371176],[-44.000026,-19.9370485],[-43.9993454,-19.9371464],[-43.9977795,-19.9375276],[-43.997122,-19.937555],[-43.9962984,-19.9373884],[-43.9954563,-19.936938],[-43.9949807,-19.9364427],[-43.9946755,-19.9359595],[-43.9941824,-19.9341722],[-43.9937318,-19.9332741],[-43.9913236,-19.9301796],[-43.991526,-19.9300971],[-43.9917945,-19.9303176],[-43.9930257,-19.930811],[-43.9935138,-19.931241],[-43.9936496,-19.9311437],[-43.9959716,-19.9344755],[-43.9964506,-19.9349592],[-43.9970808,-19.9354394],[-43.9977817,-19.9327682],[-44.0003805,-19.933327],[-44.0004578,-19.9334924],[-44.0003487,-19.9339722],[-44.0017365,-19.9342631],[-44.0019037,-19.9335639],[-44.0033635,-19.9330941],[-44.0046204,-19.9335676],[-44.0046038,-19.9343914],[-44.0055865,-19.9334588],[-44.0060137,-19.9331759],[-44.0069178,-19.9328294],[-44.0074411,-19.932767],[-44.0078768,-19.9428787]],[[-44.0021362,-19.9374576],[-44.0020433,-19.9371235],[-44.0048343,-19.936279],[-44.0052174,-19.9367211],[-44.0050811,-19.9368449],[-44.0051437,-19.9370078],[-44.0054175,-19.9369208],[-44.0055316,-19.9373599],[-44.0061759,-19.9371574],[-44.005785,-19.9369092],[-44.0058643,-19.9368327],[-44.0050491,-19.9360992],[-44.0049918,-19.9361554],[-44.0044282,-19.9359922],[-44.0042257,-19.9358469],[-44.0035553,-19.9356327],[-44.0033418,-19.9354607],[-44.0021491,-19.9360664],[-44.0015867,-19.9362328],[-44.0004932,-19.9363759],[-44.0005268,-19.9367449],[-44.0013655,-19.9369378],[-44.0017924,-19.9372789],[-44.0019873,-19.9372659],[-44.0021362,-19.9374576]]]}},{"type":"Feature","properties":{"code":"1364","name":"Nossa Senhora do Rosário"},"geometry":{"type":"Polygon","coordinates":[[[-43.9112008,-19.9358363],[-43.9111568,-19.9353673],[-43.9112681,-19.935024],[-43.9114489,-19.9334912],[-43.9114627,-19.9330627],[-43.9113816,-19.9329727],[-43.91152,-19.9326303],[-43.9110589,-19.9318463],[-43.9118728,-19.9317968],[-43.9122916,-19.9316991],[-43.9123027,-19.9317959],[-43.9126641,-19.9317356],[-43.912733,-19.9322112],[-43.9128511,-19.9324337],[-43.9134982,-19.9324198],[-43.913663,-19.9322972],[-43.9141831,-19.9321456],[-43.9141589,-19.932014],[-43.9142426,-19.9320146],[-43.91432,-19.9321355],[-43.9147631,-19.9321394],[-43.9148893,-19.9322783],[-43.9152413,-19.9322399],[-43.9154548,-19.9319324],[-43.9157366,-19.9320456],[-43.9158195,-19.9322028],[-43.9159256,-19.9327865],[-43.9158394,-19.9329663],[-43.9160535,-19.9331032],[-43.9166365,-19.9331842],[-43.9171641,-19.9339911],[-43.9160152,-19.9343872],[-43.9154142,-19.9337909],[-43.9153157,-19.9337397],[-43.9149765,-19.9337723],[-43.9148764,-19.9342494],[-43.9145146,-19.9351239],[-43.9135052,-19.9357928],[-43.912523,-19.9356248],[-43.911704,-19.935695],[-43.9112008,-19.9358363]]]}},{"type":"Feature","properties":{"code":"1363","name":"Nossa Senhora de Fátima"},"geometry":{"type":"Polygon","coordinates":[[[-43.9062361,-19.9417838],[-43.9042787,-19.9408194],[-43.9031077,-19.9398656],[-43.9013607,-19.9398733],[-43.9017181,-19.9385838],[-43.9012913,-19.9386422],[-43.9016701,-19.9379731],[-43.9017576,-19.9376495],[-43.9016827,-19.9376013],[-43.9016711,-19.9372728],[-43.901762,-19.9369606],[-43.9021496,-19.936465],[-43.9018378,-19.9350828],[-43.9024753,-19.9336632],[-43.9026724,-19.9326042],[-43.9028035,-19.9323605],[-43.9028158,-19.9320792],[-43.9026988,-19.9317385],[-43.9028474,-19.9314311],[-43.9031764,-19.9314345],[-43.9031554,-19.9317179],[-43.9050819,-19.9330627],[-43.9053333,-19.9337212],[-43.9051882,-19.9339794],[-43.9052185,-19.9341993],[-43.9057139,-19.9341707],[-43.9058245,-19.9346432],[-43.9061162,-19.9349194],[-43.9064388,-19.935454],[-43.9068808,-19.9356153],[-43.9074757,-19.9360889],[-43.907836,-19.936072],[-43.9079543,-19.9362875],[-43.9081873,-19.936226],[-43.9083813,-19.9364432],[-43.9089479,-19.936628],[-43.9095634,-19.9367224],[-43.9100208,-19.9366469],[-43.9105433,-19.9368069],[-43.9105682,-19.9365854],[-43.9108109,-19.9365512],[-43.9113137,-19.9369853],[-43.9113661,-19.9371999],[-43.9114815,-19.9372013],[-43.9114057,-19.9375602],[-43.9110496,-19.9378301],[-43.9107458,-19.9386659],[-43.9102755,-19.9392698],[-43.9098988,-19.9393245],[-43.9092703,-19.9396583],[-43.9096461,-19.9395805],[-43.9100029,-19.9396161],[-43.9101604,-19.9396745],[-43.910181,-19.9398078],[-43.9094032,-19.9402144],[-43.9087964,-19.9409092],[-43.9085129,-19.9410256],[-43.9078015,-19.9410294],[-43.9070612,-19.9415627],[-43.9068978,-19.9415335],[-43.9068074,-19.9413637],[-43.9068975,-19.9408401],[-43.9064982,-19.9407966],[-43.9063817,-19.9409266],[-43.9062585,-19.9409458],[-43.9064726,-19.9417455],[-43.9062361,-19.9417838]]]}},{"type":"Feature","properties":{"code":"1319","name":"Delta"},"geometry":{"type":"Polygon","coordinates":[[[-44.0049563,-19.9257172],[-44.0046613,-19.9255797],[-44.004454,-19.9249006],[-44.0041347,-19.924607],[-44.0037845,-19.9244694],[-44.0034345,-19.924455],[-44.0030595,-19.924606],[-44.0027915,-19.9248778],[-44.0024113,-19.9243583],[-44.0027999,-19.9241805],[-44.0027767,-19.9240831],[-44.0030512,-19.9239261],[-44.0029941,-19.9238444],[-44.0031626,-19.9233944],[-44.0030748,-19.9232604],[-44.0035373,-19.9228067],[-44.0045292,-19.923558],[-44.0049748,-19.9240171],[-44.0055707,-19.9249675],[-44.0056809,-19.9252597],[-44.0053679,-19.925565],[-44.0049563,-19.9257172]]]}},{"type":"Feature","properties":{"code":"629","name":"Calafate"},"geometry":{"type":"Polygon","coordinates":[[[-43.9833316,-19.9300468],[-43.9831154,-19.9295793],[-43.9828771,-19.9295804],[-43.9825084,-19.9297617],[-43.9821564,-19.929197],[-43.9811974,-19.9285953],[-43.9800042,-19.9280556],[-43.9770822,-19.9273712],[-43.9761103,-19.9273645],[-43.9729328,-19.9279806],[-43.9726581,-19.9272773],[-43.9724167,-19.9273615],[-43.9722411,-19.9279645],[-43.9717167,-19.9285842],[-43.971785,-19.927014],[-43.9708687,-19.9267967],[-43.9696035,-19.9273812],[-43.9693414,-19.9273783],[-43.9691489,-19.9280617],[-43.9677139,-19.9276435],[-43.9676456,-19.9277806],[-43.9677207,-19.9282337],[-43.9664166,-19.927932],[-43.9665537,-19.9274668],[-43.9670916,-19.9267717],[-43.9660978,-19.9265612],[-43.9668929,-19.9237184],[-43.9666996,-19.9230773],[-43.9671516,-19.9229725],[-43.9672406,-19.9225733],[-43.9669004,-19.9214294],[-43.9671279,-19.9213999],[-43.9673584,-19.9214833],[-43.9676136,-19.9210375],[-43.9682186,-19.9186539],[-43.9689055,-19.9192056],[-43.9697929,-19.9207783],[-43.9701866,-19.9212494],[-43.9725147,-19.9224228],[-43.9741254,-19.9229247],[-43.9757413,-19.9232875],[-43.9780638,-19.9234843],[-43.9789492,-19.9233268],[-43.9824282,-19.9223599],[-43.9830857,-19.9223051],[-43.9836902,-19.9223808],[-43.9831525,-19.9226044],[-43.9829412,-19.9227678],[-43.9827799,-19.9230549],[-43.9827126,-19.9233767],[-43.9827967,-19.9237677],[-43.9831946,-19.9242402],[-43.9842411,-19.9245228],[-43.9844013,-19.9251095],[-43.9843668,-19.9255183],[-43.9841084,-19.9259029],[-43.9832039,-19.9264102],[-43.9829215,-19.9267671],[-43.9828426,-19.9269948],[-43.9833254,-19.9290315],[-43.9833316,-19.9300468]],[[-43.9830444,-19.92521],[-43.9831486,-19.9250484],[-43.9830535,-19.9248545],[-43.9826824,-19.9247672],[-43.9826328,-19.9248111],[-43.982715,-19.9244877],[-43.9822856,-19.9244079],[-43.9823735,-19.9240153],[-43.9816739,-19.9239489],[-43.978419,-19.9239897],[-43.9784617,-19.9245634],[-43.979237,-19.9242649],[-43.9805334,-19.9242434],[-43.9812749,-19.9244793],[-43.9815933,-19.9244811],[-43.981917,-19.9246142],[-43.9821954,-19.9248282],[-43.9827458,-19.9249375],[-43.9830444,-19.92521]],[[-43.9750025,-19.9255574],[-43.9752017,-19.9255274],[-43.9752067,-19.9250804],[-43.975679,-19.9247852],[-43.975721,-19.9242046],[-43.9743846,-19.9244827],[-43.9740377,-19.9244924],[-43.9736067,-19.9244141],[-43.9736955,-19.9242224],[-43.9735196,-19.9241679],[-43.9733356,-19.924462],[-43.9734686,-19.9247747],[-43.9742734,-19.9252516],[-43.9742529,-19.9253116],[-43.9750025,-19.9255574]]]}},{"type":"Feature","properties":{"code":"1676","name":"Vila Calafate"},"geometry":{"type":"Polygon","coordinates":[[[-43.9750025,-19.9255574],[-43.9742529,-19.9253116],[-43.9742734,-19.9252516],[-43.9734686,-19.9247747],[-43.9733356,-19.924462],[-43.9735196,-19.9241679],[-43.9736955,-19.9242224],[-43.9736067,-19.9244141],[-43.9740377,-19.9244924],[-43.9743846,-19.9244827],[-43.975721,-19.9242046],[-43.975679,-19.9247852],[-43.9752067,-19.9250804],[-43.9752017,-19.9255274],[-43.9750025,-19.9255574]]]}},{"type":"Feature","properties":{"code":"612","name":"Baleia"},"geometry":{"type":"Polygon","coordinates":[[[-43.8945721,-19.9474866],[-43.8939247,-19.9471164],[-43.8936543,-19.9472764],[-43.8934164,-19.9472933],[-43.8930121,-19.9466956],[-43.8921697,-19.9464522],[-43.8914893,-19.946047],[-43.8909744,-19.9460106],[-43.8907699,-19.9460883],[-43.8903743,-19.9464091],[-43.8899356,-19.9464902],[-43.8896379,-19.9464505],[-43.8895039,-19.9462783],[-43.8895248,-19.9456456],[-43.8892217,-19.9449978],[-43.8891608,-19.9439482],[-43.889012,-19.9436579],[-43.8886975,-19.9434717],[-43.888472,-19.9422386],[-43.8880015,-19.9414511],[-43.8877272,-19.9413259],[-43.8870984,-19.9413813],[-43.8862617,-19.9418832],[-43.8858422,-19.9417125],[-43.8855284,-19.9416717],[-43.8852099,-19.9412723],[-43.8850072,-19.9411724],[-43.8849091,-19.9408579],[-43.8847849,-19.9407211],[-43.8849947,-19.9404958],[-43.8850334,-19.940093],[-43.8848851,-19.9397481],[-43.8845836,-19.9395011],[-43.8847763,-19.9391322],[-43.8847413,-19.9388878],[-43.8841667,-19.9385454],[-43.8833907,-19.938314],[-43.8827798,-19.9375688],[-43.8822047,-19.9371772],[-43.8825053,-19.9335359],[-43.8845172,-19.9335318],[-43.8845673,-19.933496],[-43.8844603,-19.9331855],[-43.8844868,-19.9328643],[-43.8848474,-19.9321455],[-43.8850965,-19.9319741],[-43.8856465,-19.9319491],[-43.8860457,-19.931738],[-43.8864112,-19.9309733],[-43.886593,-19.9289835],[-43.8867495,-19.9283445],[-43.8867484,-19.9278436],[-43.8891681,-19.9267358],[-43.8916753,-19.9258524],[-43.891156,-19.924452],[-43.8914729,-19.9235955],[-43.891944,-19.9228047],[-43.891778,-19.9225823],[-43.8916913,-19.9221726],[-43.890988,-19.9207118],[-43.8912064,-19.920763],[-43.8912988,-19.9208759],[-43.8923475,-19.9227998],[-43.8926037,-19.9228197],[-43.8937385,-19.9224196],[-43.8939127,-19.922439],[-43.8945344,-19.9227768],[-43.8960374,-19.9222874],[-43.8979201,-19.9233136],[-43.8979364,-19.9241073],[-43.8983163,-19.9245375],[-43.9016707,-19.9268958],[-43.9024684,-19.9277284],[-43.9030946,-19.9282231],[-43.9032417,-19.9285286],[-43.9031398,-19.9291869],[-43.9033158,-19.9296981],[-43.9031764,-19.9314345],[-43.9028474,-19.9314311],[-43.9026988,-19.9317385],[-43.9028158,-19.9320792],[-43.9028035,-19.9323605],[-43.9026724,-19.9326042],[-43.9024753,-19.9336632],[-43.9018378,-19.9350828],[-43.9021496,-19.936465],[-43.901762,-19.9369606],[-43.9016711,-19.9372728],[-43.9016827,-19.9376013],[-43.9017576,-19.9376495],[-43.9016701,-19.9379731],[-43.9012913,-19.9386422],[-43.9017181,-19.9385838],[-43.9013607,-19.9398733],[-43.9031077,-19.9398656],[-43.9042787,-19.9408194],[-43.9062361,-19.9417838],[-43.9054497,-19.9423638],[-43.9048233,-19.9417663],[-43.9043051,-19.9416743],[-43.9038973,-19.9414358],[-43.903417,-19.9409714],[-43.9032377,-19.9408843],[-43.9027351,-19.9409803],[-43.9017625,-19.9406933],[-43.8999157,-19.9406208],[-43.8987795,-19.9400068],[-43.8978576,-19.9397653],[-43.8975904,-19.9397689],[-43.8968994,-19.940548],[-43.8969048,-19.9406741],[-43.8971675,-19.9408803],[-43.897223,-19.9410122],[-43.8970519,-19.9418892],[-43.8965996,-19.942417],[-43.8956819,-19.9426529],[-43.8950786,-19.9426375],[-43.8944531,-19.9424736],[-43.894294,-19.9425599],[-43.8942203,-19.9427545],[-43.8940811,-19.942841],[-43.8928961,-19.9429782],[-43.8927849,-19.9430745],[-43.8927569,-19.9432516],[-43.893141,-19.9437177],[-43.8931368,-19.9439491],[-43.8928331,-19.9442744],[-43.8927084,-19.9443115],[-43.8921391,-19.944108],[-43.891736,-19.9441234],[-43.8913891,-19.9438796],[-43.8909776,-19.9437111],[-43.89044,-19.9438092],[-43.8902049,-19.9441445],[-43.890237,-19.9442432],[-43.8912748,-19.9448108],[-43.8915098,-19.9451007],[-43.8921345,-19.9453326],[-43.8922855,-19.9455479],[-43.8927044,-19.9457473],[-43.8929766,-19.946014],[-43.893424,-19.9459057],[-43.893784,-19.9457228],[-43.8940664,-19.9457421],[-43.8941275,-19.945836],[-43.8941186,-19.9465432],[-43.8942037,-19.9467347],[-43.8946179,-19.9470276],[-43.8947355,-19.9472518],[-43.8945721,-19.9474866]]]}},{"type":"Feature","properties":{"code":"1412","name":"Vila Califórnia"},"geometry":{"type":"Polygon","coordinates":[[[-44.0099133,-19.9224762],[-44.0097932,-19.9220042],[-44.0093384,-19.9214081],[-44.0091715,-19.9213636],[-44.0086513,-19.921576],[-44.0084178,-19.9210156],[-44.0080657,-19.9206565],[-44.0081264,-19.9202481],[-44.0080727,-19.9200518],[-44.007933,-19.9198922],[-44.0074951,-19.9197394],[-44.0075108,-19.9195208],[-44.0073226,-19.9192309],[-44.0073105,-19.9190189],[-44.0071198,-19.9189249],[-44.0070161,-19.9190981],[-44.006811,-19.918961],[-44.00615,-19.9201289],[-44.0058439,-19.9200567],[-44.0058878,-19.9198801],[-44.0055559,-19.9197584],[-44.0055359,-19.9191858],[-44.0056699,-19.9191365],[-44.005676,-19.9188102],[-44.0053263,-19.9177219],[-44.0052758,-19.9173234],[-44.0050004,-19.9170276],[-44.0051554,-19.9168694],[-44.0055692,-19.9173087],[-44.0058425,-19.9170642],[-44.0060032,-19.9171771],[-44.0062837,-19.9175912],[-44.0062764,-19.9177413],[-44.0064783,-19.9179507],[-44.0074077,-19.9179366],[-44.0075564,-19.9180086],[-44.0076807,-19.9179439],[-44.0080003,-19.9180663],[-44.0083193,-19.9177199],[-44.0085131,-19.9176931],[-44.0085168,-19.9176366],[-44.0089478,-19.9178359],[-44.009111,-19.9178268],[-44.0090727,-19.9176545],[-44.0092069,-19.917562],[-44.0092621,-19.9176246],[-44.0093549,-19.9175632],[-44.0096062,-19.9171956],[-44.0096702,-19.917179],[-44.0099513,-19.9174115],[-44.0100193,-19.9175897],[-44.0098723,-19.9177232],[-44.0099691,-19.9178615],[-44.0101702,-19.9179283],[-44.0101797,-19.9180154],[-44.0089554,-19.9186856],[-44.0088899,-19.9188227],[-44.0089451,-19.9189158],[-44.0087362,-19.9190027],[-44.0089576,-19.9201423],[-44.0091506,-19.9204439],[-44.0095469,-19.9207681],[-44.0096103,-19.9209892],[-44.0093423,-19.9211236],[-44.009513,-19.9214767],[-44.0098597,-19.9218432],[-44.0100815,-19.9224195],[-44.0099133,-19.9224762]]]}},{"type":"Feature","properties":{"code":"1492","name":"Conjunto Califórnia I"},"geometry":{"type":"Polygon","coordinates":[[[-44.0060757,-19.9263526],[-44.0055707,-19.9249675],[-44.0049748,-19.9240171],[-44.0052097,-19.9236733],[-44.0053742,-19.9223188],[-44.0055005,-19.9217352],[-44.0058345,-19.9209548],[-44.0058158,-19.9207143],[-44.006811,-19.918961],[-44.0070161,-19.9190981],[-44.0071198,-19.9189249],[-44.007336,-19.9190615],[-44.0073226,-19.9192309],[-44.0075108,-19.9195208],[-44.0074951,-19.9197394],[-44.007933,-19.9198922],[-44.0080727,-19.9200518],[-44.0081264,-19.9202481],[-44.0080657,-19.9206565],[-44.0084178,-19.9210156],[-44.0086513,-19.921576],[-44.0091715,-19.9213636],[-44.0093384,-19.9214081],[-44.0097546,-19.9219419],[-44.010427,-19.923727],[-44.0104209,-19.9241099],[-44.0101563,-19.9246304],[-44.0090979,-19.925207],[-44.0090575,-19.9253267],[-44.0094771,-19.925484],[-44.0096848,-19.9258515],[-44.008078,-19.9262789],[-44.0060757,-19.9263526]]]}},{"type":"Feature","properties":{"code":"1307","name":"Cônego Pinheiro"},"geometry":{"type":"Polygon","coordinates":[[[-43.9095495,-19.9199266],[-43.9092007,-19.9198817],[-43.9092099,-19.9197429],[-43.9090154,-19.9197762],[-43.9091056,-19.9183765],[-43.9095137,-19.9183275],[-43.910039,-19.9180991],[-43.9096791,-19.9189171],[-43.9097653,-19.9191832],[-43.9101358,-19.9191273],[-43.9101442,-19.9194361],[-43.9095907,-19.919789],[-43.9095495,-19.9199266]]]}},{"type":"Feature","properties":{"code":"1308","name":"Cônego Pinheiro A"},"geometry":{"type":"Polygon","coordinates":[[[-43.9076233,-19.920114],[-43.906958,-19.9200917],[-43.9070611,-19.9191941],[-43.9075963,-19.9192732],[-43.9075721,-19.919327],[-43.9078528,-19.9194186],[-43.9078164,-19.9196509],[-43.9079844,-19.9196695],[-43.9079839,-19.9197485],[-43.9078336,-19.9197687],[-43.9076233,-19.920114]]]}},{"type":"Feature","properties":{"code":"1354","name":"Marmiteiros"},"geometry":{"type":"Polygon","coordinates":[[[-43.9853578,-19.9210495],[-43.9846185,-19.9209605],[-43.984613,-19.9207917],[-43.9832557,-19.9207777],[-43.9832864,-19.9198484],[-43.9833819,-19.919846],[-43.9836495,-19.9194756],[-43.9838466,-19.9194253],[-43.9849775,-19.9199394],[-43.9852055,-19.9200941],[-43.9853895,-19.9204114],[-43.9853578,-19.9210495]]]}},{"type":"Feature","properties":{"code":"734","name":"Nova Suissa"},"geometry":{"type":"Polygon","coordinates":[[[-43.9778225,-19.9401793],[-43.974112,-19.9382304],[-43.9733401,-19.938327],[-43.9726865,-19.9380323],[-43.9717983,-19.9338406],[-43.9716991,-19.9313006],[-43.9717129,-19.9307075],[-43.971949,-19.9303725],[-43.9720338,-19.9300241],[-43.9717599,-19.9292031],[-43.9716711,-19.9291622],[-43.9717167,-19.9285842],[-43.9722411,-19.9279645],[-43.9724167,-19.9273615],[-43.9726581,-19.9272773],[-43.9729328,-19.9279806],[-43.9744781,-19.9276429],[-43.976371,-19.9273363],[-43.9770822,-19.9273712],[-43.9778466,-19.9275313],[-43.9800042,-19.9280556],[-43.9808241,-19.9284082],[-43.9821564,-19.929197],[-43.9825084,-19.9297617],[-43.982999,-19.9295514],[-43.9832103,-19.9296789],[-43.9833316,-19.9300468],[-43.9831665,-19.9308661],[-43.9827099,-19.9307559],[-43.9826208,-19.9308773],[-43.9826363,-19.9311939],[-43.9824905,-19.9312177],[-43.9823847,-19.9317284],[-43.982696,-19.9317075],[-43.9830516,-19.931382],[-43.9827657,-19.932607],[-43.9826884,-19.9336486],[-43.9829935,-19.9348565],[-43.9823747,-19.9347457],[-43.9823185,-19.9349764],[-43.9819998,-19.9349131],[-43.9819101,-19.9352639],[-43.9821111,-19.9353105],[-43.9819484,-19.9356755],[-43.9808321,-19.9354327],[-43.9806488,-19.9361775],[-43.9801893,-19.9358861],[-43.9796333,-19.9375172],[-43.9795125,-19.9382532],[-43.9788349,-19.9385043],[-43.9778225,-19.9401793]]]}},{"type":"Feature","properties":{"code":"736","name":"Novo São Lucas"},"geometry":{"type":"Polygon","coordinates":[[[-43.9118728,-19.9317968],[-43.9110589,-19.9318463],[-43.9110203,-19.9317827],[-43.910758,-19.931978],[-43.9103943,-19.9320673],[-43.9100308,-19.9315095],[-43.9098519,-19.9315799],[-43.909654,-19.9317956],[-43.9092926,-19.9315128],[-43.9090136,-19.9311138],[-43.9094615,-19.9305592],[-43.9093505,-19.930269],[-43.9093653,-19.929603],[-43.9106158,-19.9297735],[-43.9110643,-19.9297151],[-43.9116293,-19.9294896],[-43.9115152,-19.9291903],[-43.9115051,-19.9287269],[-43.9118211,-19.9289418],[-43.9119371,-19.9291375],[-43.9121974,-19.9293425],[-43.9136678,-19.9285072],[-43.9173837,-19.9275844],[-43.9180616,-19.9300605],[-43.917692,-19.9304727],[-43.9172365,-19.9306781],[-43.9165964,-19.9305632],[-43.9161585,-19.9311494],[-43.9139307,-19.9317708],[-43.9126753,-19.9319174],[-43.9126641,-19.9317356],[-43.9123027,-19.9317959],[-43.9122916,-19.9316991],[-43.9118728,-19.9317968]]]}},{"type":"Feature","properties":{"code":"1361","name":"Nossa Senhora da Aparecida"},"geometry":{"type":"Polygon","coordinates":[[[-43.9179185,-19.9342193],[-43.9176914,-19.9342144],[-43.917136,-19.9340197],[-43.9166365,-19.9331842],[-43.9160535,-19.9331032],[-43.9158394,-19.9329663],[-43.9159256,-19.9327865],[-43.9157366,-19.9320456],[-43.9154548,-19.9319324],[-43.9152413,-19.9322399],[-43.9148893,-19.9322783],[-43.9147631,-19.9321394],[-43.91432,-19.9321355],[-43.9142426,-19.9320146],[-43.9141589,-19.932014],[-43.9141831,-19.9321456],[-43.913663,-19.9322972],[-43.9134982,-19.9324198],[-43.9128511,-19.9324337],[-43.9126753,-19.9319174],[-43.9139307,-19.9317708],[-43.9161585,-19.9311494],[-43.9165964,-19.9305632],[-43.9171371,-19.9306828],[-43.9174925,-19.9306105],[-43.9180616,-19.9300605],[-43.9179073,-19.9294681],[-43.9182847,-19.9293682],[-43.918597,-19.9291934],[-43.9185918,-19.9290238],[-43.9189883,-19.9286561],[-43.9191276,-19.9286332],[-43.9194978,-19.9281716],[-43.919735,-19.9284689],[-43.9197131,-19.9287034],[-43.919928,-19.9290958],[-43.9193118,-19.9300394],[-43.9194533,-19.9302987],[-43.9190401,-19.9304302],[-43.9193028,-19.9308554],[-43.9189104,-19.9310318],[-43.9190561,-19.9313019],[-43.9183966,-19.9316075],[-43.9179813,-19.9319497],[-43.9178736,-19.9322274],[-43.9180869,-19.9326746],[-43.9176939,-19.9328219],[-43.9179296,-19.9333098],[-43.9173266,-19.9335935],[-43.9174465,-19.9336089],[-43.918071,-19.9341288],[-43.9179185,-19.9342193]]]}},{"type":"Feature","properties":{"code":"776","name":"Santo Agostinho"},"geometry":{"type":"Polygon","coordinates":[[[-43.9484761,-19.9349395],[-43.9454127,-19.9235094],[-43.9459255,-19.9231907],[-43.9571876,-19.9294447],[-43.9568632,-19.93033],[-43.9537685,-19.9336744],[-43.9484761,-19.9349395]]]}},{"type":"Feature","properties":{"code":"1449","name":"Vila Novo São Lucas"},"geometry":{"type":"Polygon","coordinates":[[[-43.9112681,-19.935024],[-43.9107958,-19.9346332],[-43.910264,-19.9339979],[-43.9098569,-19.934071],[-43.9088118,-19.9340103],[-43.9082419,-19.9337626],[-43.9078599,-19.9337714],[-43.907828,-19.9333537],[-43.9074874,-19.932757],[-43.9072284,-19.9328982],[-43.9067131,-19.9328423],[-43.9068274,-19.9323174],[-43.9073998,-19.9317067],[-43.9080448,-19.9307674],[-43.9080961,-19.9297659],[-43.9089776,-19.9299571],[-43.9089907,-19.9295645],[-43.9093653,-19.929603],[-43.9093505,-19.930269],[-43.9094615,-19.9305592],[-43.9090283,-19.9310511],[-43.9091047,-19.9313089],[-43.909654,-19.9317956],[-43.9098519,-19.9315799],[-43.9100308,-19.9315095],[-43.9103943,-19.9320673],[-43.910758,-19.931978],[-43.9110203,-19.9317827],[-43.9110589,-19.9318463],[-43.91152,-19.9326303],[-43.9113816,-19.9329727],[-43.9114627,-19.9330627],[-43.9114489,-19.9334912],[-43.9112681,-19.935024]]]}},{"type":"Feature","properties":{"code":"741","name":"Palmeiras"},"geometry":{"type":"Polygon","coordinates":[[[-43.9815105,-19.983873],[-43.9811082,-19.9831247],[-43.9808659,-19.982854],[-43.9806618,-19.9821785],[-43.9802762,-19.9820592],[-43.9802036,-19.9818283],[-43.9801344,-19.9815083],[-43.9801794,-19.9814476],[-43.9793546,-19.9777385],[-43.9792688,-19.9769837],[-43.9788517,-19.9752858],[-43.9737465,-19.9670428],[-43.9744608,-19.9672011],[-43.9758216,-19.9670441],[-43.9771133,-19.9673146],[-43.9771062,-19.9669418],[-43.9820421,-19.9672462],[-43.9843044,-19.9676801],[-43.9841465,-19.9693625],[-43.9842922,-19.9696995],[-43.9862584,-19.9692293],[-43.9865623,-19.9703533],[-43.9865219,-19.9706111],[-43.9864483,-19.9709415],[-43.9859325,-19.971069],[-43.9870262,-19.9729631],[-43.9882905,-19.9738344],[-43.9888363,-19.9739544],[-43.9888517,-19.9742911],[-43.9889924,-19.9743354],[-43.98878,-19.9752419],[-43.9882781,-19.9771157],[-43.987964,-19.9776468],[-43.9878776,-19.977731],[-43.9861536,-19.9773519],[-43.985267,-19.9775662],[-43.9848655,-19.9774998],[-43.9849069,-19.9778176],[-43.9847686,-19.9778303],[-43.9857298,-19.9788441],[-43.9850548,-19.9790659],[-43.9843978,-19.9794156],[-43.9840566,-19.9797191],[-43.9835935,-19.9804741],[-43.9825776,-19.9829421],[-43.9821204,-19.9834752],[-43.9815105,-19.983873]]]}},{"type":"Feature","properties":{"code":"1138","name":"Bairro Novo das Indústrias"},"geometry":{"type":"MultiPolygon","coordinates":[[[[-43.9931669,-19.9785891],[-43.9932168,-19.9784951],[-43.9930468,-19.9782179],[-43.9931083,-19.9781903],[-43.9928888,-19.977936],[-43.9928754,-19.9777362],[-43.9925891,-19.9775767],[-43.9923868,-19.9773342],[-43.9919179,-19.976527],[-43.991834,-19.9765005],[-43.9914239,-19.9766688],[-43.9911323,-19.9764816],[-43.9910053,-19.9759607],[-43.9907911,-19.9755694],[-43.9908922,-19.9752029],[-43.9912146,-19.9749516],[-43.9913272,-19.9747673],[-43.9914349,-19.973921],[-43.9915533,-19.9738105],[-43.9918617,-19.9737472],[-43.9919063,-19.9735639],[-43.9921285,-19.9734442],[-43.9926524,-19.9735456],[-43.9927052,-19.9730413],[-43.9938218,-19.9724903],[-43.994395,-19.9732329],[-43.9946466,-19.9730638],[-43.9948642,-19.973336],[-43.9952411,-19.9730552],[-43.9952672,-19.9729482],[-43.9947549,-19.9720161],[-43.9962742,-19.9712361],[-43.9965061,-19.971485],[-43.9968115,-19.9716393],[-43.9987058,-19.9713994],[-43.998811,-19.9711148],[-43.9988625,-19.9711333],[-43.9989559,-19.9707353],[-43.999631,-19.9711474],[-43.999931,-19.9714539],[-44.0047813,-19.9771779],[-44.0044021,-19.9773879],[-44.0039754,-19.9774978],[-44.0038123,-19.9777202],[-43.9983433,-19.9748145],[-43.9981119,-19.9749595],[-43.9978526,-19.9747617],[-43.9974574,-19.9746078],[-43.9972353,-19.9749037],[-43.9940709,-19.9771679],[-43.9945005,-19.9778608],[-43.9941801,-19.9780659],[-43.9936747,-19.9780283],[-43.9936114,-19.9783385],[-43.9931669,-19.9785891]]],[[[-43.9912514,-19.9732428],[-43.9911552,-19.9732338],[-43.9911071,-19.97302],[-43.9913417,-19.9728071],[-43.9913538,-19.9726787],[-43.9906276,-19.9717727],[-43.9910361,-19.971156],[-43.9917947,-19.9702777],[-43.9927739,-19.9693768],[-43.9963319,-19.9666392],[-43.9967692,-19.9678426],[-43.9964572,-19.9684727],[-43.9964665,-19.9693133],[-43.9963766,-19.9701137],[-43.9962688,-19.9700996],[-43.9962037,-19.9703453],[-43.9955997,-19.9710566],[-43.9936338,-19.9720192],[-43.993412,-19.9718695],[-43.9931587,-19.9719059],[-43.992183,-19.9726451],[-43.9921394,-19.9728592],[-43.9917773,-19.9727034],[-43.9912514,-19.9732428]]]]}},{"type":"Feature","properties":{"code":"607","name":"Anchieta"},"geometry":{"type":"Polygon","coordinates":[[[-43.926837,-19.9541618],[-43.9262479,-19.9540188],[-43.9239651,-19.9526523],[-43.9230716,-19.9524924],[-43.922646,-19.9522733],[-43.9224197,-19.9519921],[-43.9222644,-19.951624],[-43.9222759,-19.9508408],[-43.9221698,-19.950364],[-43.9218325,-19.9499889],[-43.9210535,-19.9495803],[-43.9212115,-19.9492862],[-43.9216419,-19.949119],[-43.9222827,-19.9491229],[-43.922615,-19.9494479],[-43.922634,-19.9484845],[-43.923059,-19.948939],[-43.9246863,-19.947509],[-43.9248922,-19.9471738],[-43.9256188,-19.9465226],[-43.9268208,-19.9459496],[-43.9272078,-19.945468],[-43.9283938,-19.9449335],[-43.9284647,-19.9447912],[-43.9289383,-19.9445219],[-43.9299804,-19.9443416],[-43.9302599,-19.9439352],[-43.9314315,-19.9481433],[-43.9291437,-19.9538564],[-43.9289501,-19.9538215],[-43.926837,-19.9541618]]]}},{"type":"Feature","properties":{"code":"1381","name":"Santana do Cafezal"},"geometry":{"type":"Polygon","coordinates":[[[-43.911985,-19.9368805],[-43.9113661,-19.9371999],[-43.9113137,-19.9369853],[-43.9108109,-19.9365512],[-43.9105682,-19.9365854],[-43.9105433,-19.9368069],[-43.9100208,-19.9366469],[-43.9095634,-19.9367224],[-43.9089479,-19.936628],[-43.9083813,-19.9364432],[-43.9081873,-19.936226],[-43.9079543,-19.9362875],[-43.907836,-19.936072],[-43.9074757,-19.9360889],[-43.9068808,-19.9356153],[-43.9064388,-19.935454],[-43.9061162,-19.9349194],[-43.9057653,-19.9345309],[-43.905719,-19.9339738],[-43.9058223,-19.9337569],[-43.9065431,-19.9332062],[-43.9067131,-19.9328423],[-43.9072284,-19.9328982],[-43.9074874,-19.932757],[-43.907828,-19.9333537],[-43.9078599,-19.9337714],[-43.9082419,-19.9337626],[-43.9088118,-19.9340103],[-43.9098569,-19.934071],[-43.910264,-19.9339979],[-43.9107958,-19.9346332],[-43.9112681,-19.935024],[-43.9111568,-19.9353673],[-43.9112008,-19.9358363],[-43.911704,-19.935695],[-43.912523,-19.9356248],[-43.9135052,-19.9357928],[-43.9119453,-19.9365343],[-43.9122172,-19.9368206],[-43.911985,-19.9368805]]]}},{"type":"Feature","properties":{"code":"1362","name":"Nossa Senhora da Conceição"},"geometry":{"type":"Polygon","coordinates":[[[-43.9146794,-19.9382756],[-43.9119394,-19.9379882],[-43.9114057,-19.9375602],[-43.9114815,-19.9372013],[-43.911985,-19.9368805],[-43.9122172,-19.9368206],[-43.9119453,-19.9365343],[-43.9126096,-19.9362646],[-43.9143944,-19.9352465],[-43.9145146,-19.9351239],[-43.9148764,-19.9342494],[-43.9149765,-19.9337723],[-43.9153157,-19.9337397],[-43.9154142,-19.9337909],[-43.9160152,-19.9343872],[-43.917136,-19.9340197],[-43.9178082,-19.934233],[-43.918071,-19.9341288],[-43.917795,-19.9344399],[-43.9174234,-19.9345532],[-43.9176592,-19.9351237],[-43.9179531,-19.9362769],[-43.9175483,-19.9363917],[-43.9176738,-19.9369189],[-43.9175203,-19.9369597],[-43.9173675,-19.9371646],[-43.9170061,-19.9373908],[-43.9170902,-19.9376378],[-43.9161185,-19.9379506],[-43.9158674,-19.9378896],[-43.9152356,-19.9379822],[-43.9146794,-19.9382756]]]}},{"type":"Feature","properties":{"code":"686","name":"Grajaú"},"geometry":{"type":"Polygon","coordinates":[[[-43.9631588,-19.9433115],[-43.9626561,-19.9413461],[-43.9620898,-19.9414877],[-43.9618011,-19.9412911],[-43.9618557,-19.9410858],[-43.9615923,-19.9410847],[-43.961467,-19.940605],[-43.9613429,-19.9406386],[-43.9612424,-19.9403217],[-43.9622826,-19.9400486],[-43.9623705,-19.940099],[-43.9624921,-19.9400161],[-43.9634342,-19.9397931],[-43.9620523,-19.9347642],[-43.9701306,-19.9366625],[-43.9691803,-19.9374958],[-43.9687236,-19.9380158],[-43.9672887,-19.9402626],[-43.9648067,-19.9423775],[-43.9631588,-19.9433115]]]}},{"type":"Feature","properties":{"code":"644","name":"Cidade Jardim"},"geometry":{"type":"Polygon","coordinates":[[[-43.9524453,-19.9424447],[-43.9515385,-19.9421065],[-43.9514705,-19.9419095],[-43.9491092,-19.9420271],[-43.9490194,-19.9417253],[-43.9488695,-19.9416269],[-43.9479751,-19.940449],[-43.9476776,-19.9388233],[-43.9465484,-19.9354125],[-43.9523402,-19.9340518],[-43.9527971,-19.9348704],[-43.9533189,-19.9361688],[-43.9539546,-19.9394896],[-43.9539678,-19.9399906],[-43.9538619,-19.9410008],[-43.953656,-19.9410316],[-43.953507,-19.941484],[-43.9531908,-19.9413901],[-43.9529456,-19.9415812],[-43.9527668,-19.9419104],[-43.9528272,-19.9419728],[-43.9525803,-19.9421841],[-43.9527553,-19.9424225],[-43.9524453,-19.9424447]]]}},{"type":"Feature","properties":{"code":"1447","name":"Vila Nova Gameleira III"},"geometry":{"type":"Polygon","coordinates":[[[-43.9939684,-19.9356662],[-43.9932277,-19.9340166],[-43.9939807,-19.9337315],[-43.9941824,-19.9341722],[-43.9945307,-19.9354067],[-43.9939684,-19.9356662]]]}},{"type":"Feature","properties":{"code":"1346","name":"Maravilha"},"geometry":{"type":"Polygon","coordinates":[[[-44.0169405,-19.9368405],[-44.0167043,-19.9366738],[-44.0170393,-19.9362031],[-44.0168661,-19.9360605],[-44.0172418,-19.9355327],[-44.0170532,-19.9354068],[-44.0171067,-19.9353332],[-44.0174302,-19.9355435],[-44.0169405,-19.9368405]]]}},{"type":"Feature","properties":{"code":"770","name":"Santa Maria"},"geometry":{"type":"Polygon","coordinates":[[[-44.0156169,-19.9394232],[-44.0148702,-19.9389418],[-44.0148903,-19.9391062],[-44.0148334,-19.9391101],[-44.0146838,-19.9389234],[-44.0141831,-19.9388251],[-44.0140646,-19.9387152],[-44.0130785,-19.938839],[-44.0130535,-19.9387234],[-44.0128653,-19.9387398],[-44.0128742,-19.9387984],[-44.0124446,-19.9388633],[-44.0119417,-19.9386757],[-44.0114419,-19.9385905],[-44.0113572,-19.9384871],[-44.0109657,-19.9383445],[-44.0107262,-19.9383879],[-44.01059,-19.9385691],[-44.0104938,-19.9385812],[-44.0097593,-19.9384697],[-44.0093548,-19.9385062],[-44.0087839,-19.9386708],[-44.0086818,-19.9387578],[-44.0077096,-19.9389959],[-44.0074411,-19.932767],[-44.0081516,-19.9328053],[-44.0104391,-19.9331511],[-44.0116884,-19.9331303],[-44.0127411,-19.9327383],[-44.0147099,-19.9314733],[-44.0152954,-19.9312458],[-44.0159207,-19.9311339],[-44.0165122,-19.9311301],[-44.0171511,-19.9312316],[-44.0176895,-19.9314268],[-44.0185053,-19.9319042],[-44.0179616,-19.9326784],[-44.017879,-19.9329108],[-44.0177451,-19.9347024],[-44.0174302,-19.9355435],[-44.0171067,-19.9353332],[-44.0170532,-19.9354068],[-44.0172418,-19.9355327],[-44.0168661,-19.9360605],[-44.0170393,-19.9362031],[-44.0167043,-19.9366738],[-44.0169405,-19.9368405],[-44.0165541,-19.9378416],[-44.0161141,-19.9386265],[-44.0163015,-19.9387356],[-44.015883,-19.9394189],[-44.0156169,-19.9394232]]]}},{"type":"Feature","properties":{"code":"796","name":"Saudade"},"geometry":{"type":"Polygon","coordinates":[[[-43.8973362,-19.919646],[-43.8970642,-19.919594],[-43.8959406,-19.9191205],[-43.8957547,-19.9189616],[-43.894142,-19.9182571],[-43.8932443,-19.9181741],[-43.8938112,-19.9157441],[-43.8956823,-19.9161198],[-43.8965657,-19.9124301],[-43.8969256,-19.912214],[-43.896689,-19.9118685],[-43.8969569,-19.9108417],[-43.897519,-19.9109583],[-43.8974421,-19.9112885],[-43.897792,-19.9113614],[-43.8978728,-19.9110283],[-43.8997677,-19.911432],[-43.8998318,-19.9113337],[-43.9000747,-19.9115115],[-43.9009503,-19.9123833],[-43.9010296,-19.9133126],[-43.9006086,-19.9132253],[-43.9005978,-19.9135437],[-43.901048,-19.9136387],[-43.9020828,-19.9149206],[-43.9028397,-19.9155302],[-43.9029939,-19.9159967],[-43.9022195,-19.9171488],[-43.9021748,-19.9174272],[-43.9023346,-19.9176357],[-43.9023572,-19.9178575],[-43.9022337,-19.917964],[-43.9020496,-19.9179766],[-43.901458,-19.9186156],[-43.9007234,-19.9192517],[-43.8973362,-19.919646]]]}},{"type":"Feature","properties":{"code":"1415","name":"Vila Coqueiral"},"geometry":{"type":"Polygon","coordinates":[[[-44.0249371,-19.9179677],[-44.0243811,-19.9179247],[-44.0244168,-19.9174524],[-44.0243018,-19.9170278],[-44.0245885,-19.9169048],[-44.0244315,-19.9168465],[-44.0244078,-19.9164755],[-44.0240905,-19.916393],[-44.0237344,-19.9153171],[-44.0238857,-19.9153342],[-44.0237799,-19.9150996],[-44.0238657,-19.9150799],[-44.0239079,-19.9149331],[-44.0242066,-19.9148185],[-44.0241673,-19.9147325],[-44.0246307,-19.9145365],[-44.0247007,-19.9143989],[-44.0250458,-19.914227],[-44.0251235,-19.9143934],[-44.0253595,-19.9143547],[-44.0254334,-19.9148493],[-44.0255291,-19.9149539],[-44.025449,-19.9152434],[-44.0256762,-19.9153893],[-44.0258366,-19.9158043],[-44.0259272,-19.9158272],[-44.0257973,-19.91615],[-44.0262965,-19.9164257],[-44.0261376,-19.916756],[-44.0261063,-19.9171149],[-44.0255449,-19.917274],[-44.025434,-19.9176412],[-44.0249728,-19.917575],[-44.0249371,-19.9179677]]]}},{"type":"Feature","properties":{"code":"1651","name":"Belém"},"geometry":{"type":"Polygon","coordinates":[[[-43.901048,-19.9136387],[-43.9005978,-19.9135437],[-43.9006086,-19.9132253],[-43.9010296,-19.9133126],[-43.901048,-19.9136387]]]}},{"type":"Feature","properties":{"code":"1065","name":"Jardim Guanabara"},"geometry":{"type":"Polygon","coordinates":[[[-43.9346857,-19.8343009],[-43.9311574,-19.8326556],[-43.9314524,-19.8320605],[-43.9322409,-19.8289626],[-43.9307829,-19.8288294],[-43.9293245,-19.8277317],[-43.9299702,-19.8274528],[-43.9302451,-19.8271837],[-43.9303441,-19.8272299],[-43.9304433,-19.826953],[-43.9310312,-19.8261978],[-43.9316206,-19.8260243],[-43.93128,-19.8258352],[-43.9317646,-19.8251141],[-43.9318839,-19.8250873],[-43.9323101,-19.8243884],[-43.9324037,-19.8237382],[-43.9324105,-19.8219818],[-43.9324855,-19.8216817],[-43.9324212,-19.8215247],[-43.9329588,-19.8213614],[-43.9336462,-19.8210287],[-43.9340313,-19.8209514],[-43.934911,-19.8210843],[-43.9359609,-19.8216772],[-43.9364266,-19.821746],[-43.9368404,-19.8220379],[-43.9371492,-19.8220964],[-43.9377495,-19.8225454],[-43.9381228,-19.8230227],[-43.9399416,-19.824616],[-43.9400856,-19.8248126],[-43.9410486,-19.8253334],[-43.9417092,-19.8253841],[-43.9424921,-19.8256635],[-43.9426302,-19.8260458],[-43.9421298,-19.8270674],[-43.9421397,-19.8275198],[-43.9420477,-19.8278788],[-43.9423042,-19.8284874],[-43.9409324,-19.8312757],[-43.9382166,-19.8305278],[-43.9366367,-19.8308168],[-43.9365009,-19.8310556],[-43.9365371,-19.8323131],[-43.9356972,-19.8338874],[-43.9346857,-19.8343009]]]}},{"type":"Feature","properties":{"code":"787","name":"Jardim São José"},"geometry":{"type":"Polygon","coordinates":[[[-43.9942263,-19.910201],[-43.9939021,-19.9095174],[-43.9932923,-19.9088654],[-43.9873756,-19.9047877],[-43.9891155,-19.9036404],[-43.9917661,-19.9004858],[-43.992316,-19.8993793],[-43.992558,-19.8994048],[-43.9927408,-19.8995388],[-43.9928055,-19.8999558],[-43.9926048,-19.9005784],[-43.9927185,-19.9007968],[-43.9929186,-19.9009398],[-43.9934322,-19.9010294],[-43.9937586,-19.9010137],[-43.9957244,-19.9005921],[-44.0000746,-19.8994807],[-43.9997486,-19.901723],[-43.9979151,-19.9032893],[-43.9976636,-19.9036418],[-43.9968932,-19.9065201],[-43.9971159,-19.9078755],[-43.9971995,-19.9079571],[-43.996872,-19.9090539],[-43.9958742,-19.9087826],[-43.9946949,-19.9095578],[-43.9947111,-19.9100011],[-43.9942263,-19.910201]]]}},{"type":"Feature","properties":{"code":"746","name":"Pedreira Prado Lopes"},"geometry":{"type":"Polygon","coordinates":[[[-43.9497614,-19.9045695],[-43.9496747,-19.9043274],[-43.9493054,-19.9044211],[-43.9492376,-19.904297],[-43.94869,-19.9045573],[-43.9486729,-19.9040501],[-43.9485343,-19.9040868],[-43.9482427,-19.9039792],[-43.9484468,-19.9035433],[-43.9473616,-19.9030919],[-43.947749,-19.9026465],[-43.9482646,-19.9017006],[-43.9483031,-19.9014308],[-43.9482305,-19.9012711],[-43.9483492,-19.9009819],[-43.9479622,-19.9008226],[-43.9480025,-19.9007298],[-43.9477416,-19.9006249],[-43.947632,-19.9007837],[-43.9472963,-19.9006505],[-43.9473344,-19.9005695],[-43.9472645,-19.9005424],[-43.9474282,-19.9000915],[-43.9471009,-19.8999947],[-43.9474064,-19.8995034],[-43.9504952,-19.9013742],[-43.9516705,-19.9014163],[-43.951611,-19.9041979],[-43.9508773,-19.9042407],[-43.9497614,-19.9045695]]]}},{"type":"Feature","properties":{"code":"1327","name":"Grota"},"geometry":{"type":"Polygon","coordinates":[[[-43.8997636,-19.9009808],[-43.8996941,-19.9007723],[-43.8994104,-19.9004856],[-43.8998999,-19.8999158],[-43.9002959,-19.9001868],[-43.90026,-19.9002904],[-43.9004368,-19.9004516],[-43.900136,-19.9006879],[-43.9002394,-19.9008165],[-43.8997636,-19.9009808]]]}},{"type":"Feature","properties":{"code":"666","name":"Esplanada"},"geometry":{"type":"Polygon","coordinates":[[[-43.9051818,-19.9092204],[-43.9046281,-19.9094427],[-43.8989638,-19.9085217],[-43.8982768,-19.905147],[-43.8988165,-19.9047579],[-43.8995016,-19.9038485],[-43.8999005,-19.9034599],[-43.9004759,-19.9032156],[-43.9038882,-19.9024233],[-43.9052783,-19.9017152],[-43.9058523,-19.9015991],[-43.9064322,-19.9017839],[-43.9067426,-19.9020024],[-43.9078758,-19.9031819],[-43.9088657,-19.9038861],[-43.909794,-19.9048321],[-43.9103225,-19.9057584],[-43.9104869,-19.9063599],[-43.9105393,-19.9067172],[-43.9105031,-19.907623],[-43.9103197,-19.9082472],[-43.9099421,-19.9090319],[-43.9070586,-19.9094696],[-43.9067248,-19.9093634],[-43.9066777,-19.9090678],[-43.9061297,-19.9091476],[-43.9061537,-19.9092017],[-43.9056625,-19.909351],[-43.9053254,-19.9093747],[-43.9051818,-19.9092204]]]}},{"type":"Feature","properties":{"code":"1470","name":"Vila São Rafael"},"geometry":{"type":"Polygon","coordinates":[[[-43.9072432,-19.9141882],[-43.9070605,-19.9139405],[-43.9068716,-19.9133167],[-43.9054468,-19.9127151],[-43.9054343,-19.9127786],[-43.9050777,-19.9128028],[-43.9049602,-19.9129816],[-43.904871,-19.9129635],[-43.9051257,-19.9136345],[-43.9053482,-19.9138099],[-43.9052908,-19.913951],[-43.9051338,-19.9138547],[-43.9048683,-19.9133118],[-43.9045419,-19.9132662],[-43.9047512,-19.9124106],[-43.9065011,-19.9125965],[-43.9072995,-19.9125955],[-43.9075234,-19.9125723],[-43.907345,-19.9123145],[-43.9078821,-19.912164],[-43.9077572,-19.9127811],[-43.907737,-19.9139269],[-43.9072432,-19.9141882]]]}},{"type":"Feature","properties":{"code":"1317","name":"Conjunto Taquaril"},"geometry":{"type":"Polygon","coordinates":[[[-43.8695697,-19.9239084],[-43.870052,-19.9235063],[-43.8701556,-19.9232789],[-43.8701719,-19.9227452],[-43.8703122,-19.9225385],[-43.870315,-19.922319],[-43.8704768,-19.9219116],[-43.8703107,-19.9214881],[-43.870441,-19.9211915],[-43.8704036,-19.9209961],[-43.8704996,-19.9207857],[-43.8704578,-19.9203101],[-43.8708239,-19.9194878],[-43.8707911,-19.9192555],[-43.8709951,-19.919156],[-43.871485,-19.9186637],[-43.8719584,-19.9183303],[-43.8720679,-19.9183053],[-43.8725789,-19.9184767],[-43.8729982,-19.9178945],[-43.8732642,-19.917756],[-43.873647,-19.917716],[-43.8736579,-19.9175158],[-43.873868,-19.917279],[-43.8742834,-19.9171301],[-43.8744923,-19.9169786],[-43.8745644,-19.9164991],[-43.8750055,-19.9158735],[-43.8752067,-19.9157077],[-43.875331,-19.915139],[-43.8755668,-19.9149666],[-43.8756622,-19.9146198],[-43.8761409,-19.9143212],[-43.8765674,-19.9144416],[-43.8767831,-19.9143449],[-43.8767118,-19.9141216],[-43.876858,-19.9139961],[-43.876864,-19.9134241],[-43.8767686,-19.9132635],[-43.8765076,-19.9130934],[-43.8767099,-19.9127583],[-43.8769389,-19.9119987],[-43.8765237,-19.9113722],[-43.8764682,-19.9111463],[-43.8779466,-19.9097918],[-43.8786367,-19.909434],[-43.8789056,-19.9095769],[-43.8787246,-19.9103557],[-43.878949,-19.9111326],[-43.8795207,-19.9113721],[-43.8803973,-19.9110796],[-43.8806622,-19.9111077],[-43.8812806,-19.9116203],[-43.881462,-19.9116374],[-43.8815748,-19.911569],[-43.8816292,-19.9119934],[-43.8820726,-19.9122369],[-43.8825041,-19.91237],[-43.8825776,-19.9122744],[-43.8828554,-19.9124763],[-43.8829052,-19.912648],[-43.8841471,-19.9133187],[-43.8842494,-19.9141923],[-43.8833276,-19.9137805],[-43.8832743,-19.9142871],[-43.8829844,-19.9147301],[-43.8828203,-19.9152459],[-43.8830393,-19.9168003],[-43.8835558,-19.9170084],[-43.8833674,-19.9177361],[-43.8830253,-19.917704],[-43.8821526,-19.9178534],[-43.881668,-19.9181928],[-43.8817192,-19.9182551],[-43.8809448,-19.9217205],[-43.8788741,-19.9217171],[-43.8781906,-19.9214138],[-43.8777693,-19.9216291],[-43.8749302,-19.9215515],[-43.8744012,-19.9228203],[-43.8738362,-19.9233417],[-43.8735343,-19.923281],[-43.8730342,-19.9223174],[-43.8728143,-19.9221492],[-43.8726336,-19.9221316],[-43.8723999,-19.9222689],[-43.872133,-19.9226518],[-43.8720034,-19.9226839],[-43.8712345,-19.9225147],[-43.8707391,-19.9229406],[-43.8704501,-19.9234083],[-43.8699159,-19.9238041],[-43.8695697,-19.9239084]]]}},{"type":"Feature","properties":{"code":"803","name":"Taquaril"},"geometry":{"type":"Polygon","coordinates":[[[-43.882196,-19.9216491],[-43.8809681,-19.9216314],[-43.8817192,-19.9182551],[-43.881668,-19.9181928],[-43.8821526,-19.9178534],[-43.8830253,-19.917704],[-43.8833674,-19.9177361],[-43.8835558,-19.9170084],[-43.8830393,-19.9168003],[-43.8828203,-19.9152459],[-43.8829844,-19.9147301],[-43.8832743,-19.9142871],[-43.8833276,-19.9137805],[-43.8842494,-19.9141923],[-43.8841471,-19.9133187],[-43.8847165,-19.9135908],[-43.8852101,-19.9137287],[-43.8867908,-19.914558],[-43.8875852,-19.9158529],[-43.8877308,-19.9162752],[-43.8876894,-19.9166839],[-43.8878868,-19.9166925],[-43.8886068,-19.9171656],[-43.8880465,-19.9193791],[-43.8871424,-19.9191271],[-43.8871155,-19.919179],[-43.8868331,-19.9190455],[-43.8845732,-19.9212047],[-43.882196,-19.9216491]]]}},{"type":"Feature","properties":{"code":"1340","name":"Lorena"},"geometry":{"type":"Polygon","coordinates":[[[-43.9847369,-19.9170115],[-43.9845357,-19.9160899],[-43.9848292,-19.9159827],[-43.9849231,-19.9160634],[-43.985013,-19.9163716],[-43.9849561,-19.9163683],[-43.9848584,-19.9167436],[-43.9849126,-19.9169842],[-43.9847369,-19.9170115]]]}},{"type":"Feature","properties":{"code":"1365","name":"Conjunto Novo Dom Bosco"},"geometry":{"type":"Polygon","coordinates":[[[-44.0096702,-19.917179],[-44.0093549,-19.9175632],[-44.0092621,-19.9176246],[-44.0092069,-19.917562],[-44.0090727,-19.9176545],[-44.009111,-19.9178268],[-44.0089478,-19.9178359],[-44.0085168,-19.9176366],[-44.0085131,-19.9176931],[-44.0083193,-19.9177199],[-44.0080003,-19.9180663],[-44.0076807,-19.9179439],[-44.0075564,-19.9180086],[-44.0074077,-19.9179366],[-44.0073939,-19.917757],[-44.0072487,-19.9177918],[-44.0072231,-19.9176304],[-44.0075188,-19.9175709],[-44.0081015,-19.9169568],[-44.0081473,-19.9170044],[-44.0087272,-19.9167133],[-44.0088729,-19.9163805],[-44.009043,-19.9162464],[-44.0096702,-19.917179]]]}},{"type":"Feature","properties":{"code":"758","name":"Renascença"},"geometry":{"type":"Polygon","coordinates":[[[-43.9387925,-19.8960512],[-43.9382801,-19.8957552],[-43.9384782,-19.8947629],[-43.9363169,-19.8938293],[-43.9362752,-19.8917424],[-43.9359448,-19.8886387],[-43.9361839,-19.8884724],[-43.9362916,-19.8881945],[-43.9362982,-19.8870098],[-43.9364548,-19.8867143],[-43.9368985,-19.8863519],[-43.9370911,-19.8857558],[-43.9374063,-19.8851911],[-43.9374759,-19.8843806],[-43.9374238,-19.8839475],[-43.9369667,-19.8830967],[-43.9370133,-19.8828535],[-43.9375531,-19.8830659],[-43.9400047,-19.883296],[-43.9399693,-19.8854129],[-43.9411645,-19.8855876],[-43.941618,-19.8857801],[-43.942211,-19.8861375],[-43.9436738,-19.8874739],[-43.9427875,-19.8894576],[-43.9430171,-19.889682],[-43.9432491,-19.8897026],[-43.943454,-19.8917509],[-43.9438476,-19.8927485],[-43.9437196,-19.8938635],[-43.9434025,-19.894278],[-43.9430153,-19.8943289],[-43.9431223,-19.8954477],[-43.9427957,-19.895651],[-43.9387925,-19.8960512]]]}},{"type":"Feature","properties":{"code":"1440","name":"Vila Nova Cachoeirinha I"},"geometry":{"type":"Polygon","coordinates":[[[-43.9543644,-19.8855506],[-43.9541642,-19.8853311],[-43.9538853,-19.8848546],[-43.9538877,-19.8847451],[-43.9535636,-19.8847268],[-43.9529804,-19.885141],[-43.9527023,-19.8855358],[-43.9521803,-19.8847537],[-43.951922,-19.8845717],[-43.9517852,-19.8846172],[-43.951841,-19.8838462],[-43.9513272,-19.8837725],[-43.9516872,-19.8835254],[-43.9518804,-19.883287],[-43.9514962,-19.8823963],[-43.9513612,-19.8823004],[-43.9514285,-19.8821245],[-43.9512964,-19.8820819],[-43.9513671,-19.8819028],[-43.9517273,-19.8820265],[-43.9516169,-19.8823335],[-43.9526226,-19.8827094],[-43.9533775,-19.8836583],[-43.9534957,-19.8834088],[-43.953607,-19.8833387],[-43.9537155,-19.8835638],[-43.9537109,-19.8836842],[-43.953628,-19.8837043],[-43.953826,-19.8841108],[-43.9541826,-19.8839668],[-43.9546917,-19.8848678],[-43.9543644,-19.8855506]]]}},{"type":"Feature","properties":{"code":"1473","name":"Vila Sumaré"},"geometry":{"type":"MultiPolygon","coordinates":[[[[-43.9650994,-19.8899186],[-43.9647384,-19.8895735],[-43.9649795,-19.8893587],[-43.9648279,-19.8891914],[-43.964519,-19.8889028],[-43.9642518,-19.8891041],[-43.9634527,-19.8882106],[-43.9638505,-19.8878812],[-43.9637189,-19.88775],[-43.9635649,-19.887877],[-43.9632033,-19.8875522],[-43.9633944,-19.887393],[-43.9631859,-19.8872012],[-43.9635179,-19.8868939],[-43.9628859,-19.8862903],[-43.9629735,-19.8862132],[-43.9631744,-19.8864212],[-43.963714,-19.886749],[-43.9636756,-19.8868195],[-43.9642256,-19.8872738],[-43.9644654,-19.8877063],[-43.9650457,-19.8878042],[-43.9652851,-19.8877376],[-43.9656698,-19.8879751],[-43.966506,-19.8874774],[-43.967579,-19.8887589],[-43.9673024,-19.8891651],[-43.9671061,-19.8890483],[-43.966814,-19.8893134],[-43.9666167,-19.8890797],[-43.9664522,-19.8892077],[-43.9663103,-19.8890455],[-43.9659847,-19.8892494],[-43.9656075,-19.8888768],[-43.9649865,-19.889325],[-43.9651863,-19.8895276],[-43.965119,-19.8895899],[-43.9650994,-19.8899186]]],[[[-43.9656391,-19.8909339],[-43.9652674,-19.8908491],[-43.9651796,-19.8907745],[-43.9651467,-19.890544],[-43.965668,-19.8902111],[-43.9657114,-19.8903384],[-43.9652769,-19.89074],[-43.9657249,-19.8908537],[-43.9656391,-19.8909339]]]]}},{"type":"Feature","properties":{"code":"1437","name":"Vila Minaslândia"},"geometry":{"type":"Polygon","coordinates":[[[-43.9280046,-19.860272],[-43.928003,-19.8600387],[-43.9265176,-19.8599027],[-43.9265693,-19.8592736],[-43.9278032,-19.8593467],[-43.9278507,-19.8587268],[-43.9282788,-19.8587324],[-43.9282867,-19.8584284],[-43.9287849,-19.858443],[-43.9287999,-19.8581433],[-43.9281912,-19.8581083],[-43.9281996,-19.8578385],[-43.9283714,-19.8578443],[-43.9283404,-19.8576434],[-43.9294136,-19.858537],[-43.9295163,-19.8590646],[-43.9293785,-19.8591134],[-43.9293976,-19.859337],[-43.9292452,-19.8593463],[-43.9292646,-19.8594216],[-43.9291226,-19.8594138],[-43.9291493,-19.8596589],[-43.9290549,-19.8596448],[-43.9290155,-19.8598157],[-43.9287266,-19.8600778],[-43.9287366,-19.8601404],[-43.9282914,-19.8600986],[-43.9280046,-19.860272]]]}},{"type":"Feature","properties":{"code":"713","name":"Liberdade"},"geometry":{"type":"Polygon","coordinates":[[[-43.9568447,-19.8661976],[-43.9553391,-19.8656648],[-43.9556661,-19.8654096],[-43.9558807,-19.8646434],[-43.9541589,-19.8637516],[-43.9505684,-19.8609406],[-43.950312,-19.8609663],[-43.9503533,-19.8603491],[-43.9541708,-19.8587037],[-43.9543045,-19.8588721],[-43.9573185,-19.8576924],[-43.9573812,-19.858374],[-43.9586384,-19.8578823],[-43.9595644,-19.8589679],[-43.958446,-19.8618991],[-43.9582697,-19.8613939],[-43.9580462,-19.8613563],[-43.9577323,-19.8615757],[-43.957894,-19.8616623],[-43.9577035,-19.8620808],[-43.9579927,-19.8623357],[-43.9582486,-19.8624324],[-43.9568447,-19.8661976]]]}},{"type":"Feature","properties":{"code":"671","name":"Eymard"},"geometry":{"type":"Polygon","coordinates":[[[-43.9211926,-19.8671804],[-43.9211932,-19.866984],[-43.9205879,-19.8666883],[-43.9208576,-19.866012],[-43.9208841,-19.865304],[-43.9211026,-19.8646057],[-43.916024,-19.864253],[-43.912086,-19.8615803],[-43.9121109,-19.8615034],[-43.9124176,-19.8615172],[-43.9127637,-19.8612624],[-43.911421,-19.8603301],[-43.9116875,-19.859802],[-43.9113037,-19.8594737],[-43.9112181,-19.85839],[-43.9142838,-19.8586886],[-43.9161688,-19.859231],[-43.9223382,-19.8620587],[-43.9251466,-19.8637518],[-43.9250451,-19.8640126],[-43.9227385,-19.8657951],[-43.9223401,-19.8662917],[-43.9214319,-19.8669921],[-43.9214737,-19.867098],[-43.9211926,-19.8671804]]]}},{"type":"Feature","properties":{"code":"1486","name":"Vila São Dimas"},"geometry":{"type":"Polygon","coordinates":[[[-43.9212993,-19.8613815],[-43.920642,-19.861249],[-43.9197826,-19.8608453],[-43.9202155,-19.8601523],[-43.9205315,-19.8603058],[-43.9208705,-19.8596844],[-43.9212934,-19.8595157],[-43.921137,-19.8598796],[-43.92102,-19.859825],[-43.920523,-19.860821],[-43.920557,-19.860907],[-43.9212993,-19.8613815]]]}},{"type":"Feature","properties":{"code":"1458","name":"Vila Real I"},"geometry":{"type":"Polygon","coordinates":[[[-43.9540865,-19.8789803],[-43.9537183,-19.8785916],[-43.9540012,-19.8783473],[-43.9541712,-19.8784402],[-43.9543462,-19.8787248],[-43.9540865,-19.8789803]]]}},{"type":"Feature","properties":{"code":"771","name":"Maria Goretti"},"geometry":{"type":"Polygon","coordinates":[[[-43.9121105,-19.8673833],[-43.9103164,-19.866827],[-43.9096576,-19.8671614],[-43.9095141,-19.8671681],[-43.9094351,-19.8671261],[-43.9097204,-19.8668049],[-43.9098266,-19.8665685],[-43.9078033,-19.8663768],[-43.9076306,-19.8662301],[-43.9062306,-19.8661288],[-43.9067037,-19.8649034],[-43.9059489,-19.8654261],[-43.9057121,-19.8646264],[-43.9054783,-19.8644005],[-43.9055761,-19.8641503],[-43.904616,-19.8637266],[-43.9057656,-19.8578752],[-43.9112181,-19.85839],[-43.9113037,-19.8594737],[-43.9116875,-19.859802],[-43.911421,-19.8603301],[-43.9127637,-19.8612624],[-43.9124176,-19.8615172],[-43.9121109,-19.8615034],[-43.912086,-19.8615803],[-43.9139817,-19.8628599],[-43.914053,-19.8632816],[-43.9150256,-19.8661802],[-43.9149487,-19.8669781],[-43.9144361,-19.8669242],[-43.9121105,-19.8673833]]]}},{"type":"Feature","properties":{"code":"773","name":"Santa Rosa"},"geometry":{"type":"Polygon","coordinates":[[[-43.9495502,-19.8695729],[-43.9486312,-19.8693374],[-43.9481348,-19.8682674],[-43.9473169,-19.8681979],[-43.9457628,-19.8673421],[-43.9451673,-19.8673071],[-43.9446299,-19.8674457],[-43.9421783,-19.8659589],[-43.9418141,-19.8658603],[-43.9425167,-19.8632224],[-43.9428734,-19.8633101],[-43.9433852,-19.8613654],[-43.9440225,-19.8613691],[-43.9473971,-19.8601106],[-43.9487786,-19.858991],[-43.949398,-19.8580352],[-43.9499329,-19.8576378],[-43.950279,-19.8586945],[-43.9503576,-19.8605305],[-43.9501521,-19.8622],[-43.9501891,-19.8647538],[-43.9500364,-19.8659997],[-43.950076,-19.8664302],[-43.9505561,-19.8680463],[-43.9504203,-19.8683836],[-43.9500039,-19.8690186],[-43.9495502,-19.8695729]]]}},{"type":"Feature","properties":{"code":"639","name":"Castelo"},"geometry":{"type":"Polygon","coordinates":[[[-43.9930465,-19.893911],[-43.9931803,-19.8934554],[-43.9932264,-19.8928356],[-43.9932544,-19.8897166],[-43.9939325,-19.8872647],[-43.9939558,-19.8866188],[-43.9927159,-19.880476],[-43.9925663,-19.8792071],[-43.9925493,-19.8780702],[-43.992309,-19.8767949],[-43.9923849,-19.8755947],[-43.992657,-19.8749364],[-43.9933637,-19.8738306],[-43.9944775,-19.8722532],[-43.9948805,-19.8718252],[-43.9953038,-19.8715835],[-43.9967142,-19.8725339],[-43.9985262,-19.8718684],[-43.9991194,-19.8709559],[-43.9988746,-19.8725543],[-43.9988896,-19.8730535],[-43.9990482,-19.8736804],[-43.9994732,-19.8743163],[-44.0000094,-19.8747232],[-44.0006151,-19.8750054],[-44.0038656,-19.8763161],[-44.004348,-19.8767611],[-44.0055943,-19.8787442],[-44.0058743,-19.879549],[-44.0059338,-19.8829523],[-44.0064205,-19.8853653],[-43.9997701,-19.891047],[-43.9987469,-19.8915087],[-43.9949733,-19.8928726],[-43.9930465,-19.893911]]]}},{"type":"Feature","properties":{"code":"767","name":"Santa Inês"},"geometry":{"type":"Polygon","coordinates":[[[-43.9059697,-19.8856533],[-43.9062167,-19.8851716],[-43.9062893,-19.8847867],[-43.9065454,-19.8842249],[-43.9078428,-19.8833479],[-43.9081735,-19.8832159],[-43.90785,-19.8827012],[-43.90775,-19.8823478],[-43.9084658,-19.8806096],[-43.9084569,-19.8802776],[-43.9081493,-19.8795129],[-43.9081593,-19.8791187],[-43.9088001,-19.8777343],[-43.9098308,-19.876359],[-43.9130806,-19.8798847],[-43.9148557,-19.8824686],[-43.9142273,-19.8825421],[-43.9139768,-19.8826327],[-43.9138143,-19.8828053],[-43.9136497,-19.8830616],[-43.9135802,-19.8834876],[-43.9131678,-19.8845444],[-43.9126589,-19.8881418],[-43.9126884,-19.8884974],[-43.9132632,-19.8903616],[-43.9133314,-19.8910157],[-43.9121799,-19.8955235],[-43.9113586,-19.8946909],[-43.908966,-19.8929715],[-43.9076207,-19.8918655],[-43.9072273,-19.8915023],[-43.9061059,-19.8901514],[-43.9057564,-19.888939],[-43.9056528,-19.8877865],[-43.9056746,-19.8873108],[-43.905771,-19.8871437],[-43.9060052,-19.8860939],[-43.9059697,-19.8856533]]]}},{"type":"Feature","properties":{"code":"802","name":"Solimões"},"geometry":{"type":"Polygon","coordinates":[[[-43.9243233,-19.8255897],[-43.924165,-19.8252853],[-43.9235287,-19.8248597],[-43.9234162,-19.8246884],[-43.9233808,-19.8244973],[-43.9236453,-19.823814],[-43.9235176,-19.8232899],[-43.9235965,-19.8227004],[-43.9235508,-19.8225359],[-43.92427,-19.8219184],[-43.9241089,-19.8215525],[-43.9239054,-19.8215516],[-43.9238936,-19.8211008],[-43.9251371,-19.8210561],[-43.9250871,-19.8198104],[-43.9253672,-19.8198162],[-43.925616,-19.8194615],[-43.9256086,-19.8182581],[-43.9256987,-19.818138],[-43.9259759,-19.8181162],[-43.9264519,-19.8182728],[-43.9268361,-19.8185647],[-43.9276135,-19.819927],[-43.928174,-19.8206851],[-43.9289361,-19.82122],[-43.9291023,-19.821465],[-43.9291857,-19.8218692],[-43.9287347,-19.8228383],[-43.9282777,-19.8234171],[-43.9281701,-19.8237265],[-43.9274301,-19.8246035],[-43.9267527,-19.8248042],[-43.9254047,-19.8249411],[-43.9250121,-19.8250783],[-43.9246775,-19.8253973],[-43.9243233,-19.8255897]]]}},{"type":"Feature","properties":{"code":"750","name":"Planalto"},"geometry":{"type":"Polygon","coordinates":[[[-43.9427145,-19.8449923],[-43.94221,-19.8438678],[-43.9414678,-19.8425217],[-43.9415349,-19.8424936],[-43.9414902,-19.842399],[-43.9418395,-19.8422499],[-43.9417662,-19.8421252],[-43.9421958,-19.8419229],[-43.9422667,-19.8420378],[-43.9424825,-19.8419281],[-43.9426858,-19.8420444],[-43.9427344,-19.8419983],[-43.9426112,-19.8418028],[-43.941763,-19.8413375],[-43.9418039,-19.8412188],[-43.9417251,-19.8411857],[-43.941738,-19.8407803],[-43.9420512,-19.8396918],[-43.94226,-19.839685],[-43.9422665,-19.8395938],[-43.9421378,-19.8394447],[-43.941721,-19.8394074],[-43.941745,-19.8389088],[-43.9416962,-19.8388208],[-43.9415321,-19.8388576],[-43.9413745,-19.8382506],[-43.9408288,-19.8370261],[-43.9408187,-19.8367405],[-43.9410303,-19.83635],[-43.9404503,-19.8362887],[-43.9402548,-19.8367274],[-43.9398757,-19.8365503],[-43.9400388,-19.8361701],[-43.9403206,-19.8347566],[-43.940538,-19.8325902],[-43.9409324,-19.8312757],[-43.943312,-19.8265706],[-43.9452274,-19.8273014],[-43.9449713,-19.8281969],[-43.9448808,-19.8292431],[-43.9456575,-19.8323445],[-43.9463106,-19.8338758],[-43.9471553,-19.8335172],[-43.9486319,-19.8331726],[-43.9489681,-19.8329995],[-43.9493236,-19.832399],[-43.9493614,-19.83188],[-43.9491967,-19.8307696],[-43.94893,-19.830182],[-43.9503127,-19.8283363],[-43.9514639,-19.8280083],[-43.9513623,-19.8277696],[-43.9512589,-19.8267579],[-43.9519669,-19.8236598],[-43.9527358,-19.8215288],[-43.9561642,-19.8257809],[-43.9587219,-19.8270655],[-43.9600489,-19.8278816],[-43.960776,-19.8284873],[-43.9603933,-19.8291068],[-43.9587523,-19.8312131],[-43.9541186,-19.8370117],[-43.9519268,-19.8392358],[-43.9509765,-19.8401137],[-43.9500829,-19.8408187],[-43.9481739,-19.8428438],[-43.9477973,-19.843157],[-43.9473608,-19.8426706],[-43.9468204,-19.8431084],[-43.9455593,-19.8435639],[-43.9427145,-19.8449923]],[[-43.9436021,-19.8434718],[-43.9442381,-19.8431657],[-43.9439217,-19.8428096],[-43.9427665,-19.8421664],[-43.9424025,-19.8423208],[-43.9425709,-19.8425894],[-43.9429668,-19.8423873],[-43.9431309,-19.842662],[-43.9429262,-19.8427685],[-43.9430799,-19.8430497],[-43.9432565,-19.8433225],[-43.9434445,-19.8431978],[-43.9436021,-19.8434718]]]}},{"type":"Feature","properties":{"code":"1456","name":"Vila Primeiro de Maio"},"geometry":{"type":"Polygon","coordinates":[[[-43.9299616,-19.8640191],[-43.9289936,-19.8639741],[-43.9289063,-19.8636868],[-43.9287482,-19.8634815],[-43.9283281,-19.8632487],[-43.9285593,-19.8629876],[-43.9305904,-19.8613704],[-43.9298373,-19.8589804],[-43.9304602,-19.8587248],[-43.9306283,-19.8589617],[-43.9308176,-19.8590297],[-43.9316411,-19.8589247],[-43.9321521,-19.8587623],[-43.932061,-19.8591497],[-43.9330609,-19.8600364],[-43.932804,-19.8603027],[-43.9326563,-19.8607044],[-43.9325325,-19.8606731],[-43.9327772,-19.861144],[-43.9330409,-19.8613566],[-43.9327403,-19.8621786],[-43.9324452,-19.8628069],[-43.932055,-19.863339],[-43.9316174,-19.8636942],[-43.9309151,-19.8639526],[-43.9299616,-19.8640191]]]}},{"type":"Feature","properties":{"code":"827","name":"Trevo"},"geometry":{"type":"Polygon","coordinates":[[[-44.010501,-19.8258937],[-44.0118003,-19.8257772],[-44.0123324,-19.8258715],[-44.0124594,-19.8260062],[-44.0132794,-19.8282275],[-44.0130064,-19.8287608],[-44.012914,-19.8291746],[-44.0130199,-19.8298563],[-44.0140421,-19.8308318],[-44.0145056,-19.8309643],[-44.0152194,-19.8309397],[-44.015586,-19.8318535],[-44.0170292,-19.8336532],[-44.0174966,-19.834363],[-44.01737,-19.8345379],[-44.0173177,-19.8348341],[-44.0171237,-19.8351487],[-44.0163441,-19.8371977],[-44.0163769,-19.8377172],[-44.0161869,-19.8386578],[-44.0155862,-19.8395722],[-44.0153153,-19.8405395],[-44.0151276,-19.8406434],[-44.0150785,-19.8408122],[-44.0146539,-19.8406624],[-44.0136234,-19.8400419],[-44.0135035,-19.8400396],[-44.0134887,-19.8399383],[-44.0133827,-19.8398802],[-44.0136766,-19.8394802],[-44.0127369,-19.8389226],[-44.0111273,-19.8411336],[-44.0110375,-19.8411501],[-44.0104953,-19.8408071],[-44.0102258,-19.8412148],[-44.0100003,-19.8414144],[-44.0097223,-19.8414859],[-44.0030927,-19.8425994],[-44.0029094,-19.8425767],[-44.0026328,-19.8424373],[-44.0016024,-19.8409953],[-44.0019053,-19.8400769],[-44.0022682,-19.8397179],[-44.0025022,-19.8396333],[-44.0029505,-19.8396313],[-44.0034718,-19.8398169],[-44.0031011,-19.8390777],[-44.0033666,-19.838607],[-44.0024777,-19.8383715],[-44.0019834,-19.8380652],[-44.0016818,-19.8380647],[-44.0003889,-19.8396305],[-44.0000863,-19.8404866],[-43.9999771,-19.8405712],[-43.9995991,-19.838907],[-44.0017831,-19.8363111],[-44.0020155,-19.8363357],[-44.0023543,-19.8369455],[-44.0029327,-19.8374294],[-44.0035746,-19.8375925],[-44.0040654,-19.8375084],[-44.0049038,-19.8376932],[-44.0047512,-19.8372822],[-44.0048714,-19.8370496],[-44.0049187,-19.8363336],[-44.0047848,-19.8328659],[-44.0054042,-19.8296363],[-44.005677,-19.82877],[-44.0064446,-19.8270638],[-44.0086677,-19.8263871],[-44.010412,-19.8259754],[-44.010501,-19.8258937]],[[-44.0119762,-19.8307917],[-44.011985,-19.8304082],[-44.0123355,-19.8297944],[-44.0112842,-19.8264213],[-44.0100401,-19.8264618],[-44.0099357,-19.8264869],[-44.0099928,-19.8267133],[-44.0093711,-19.8268518],[-44.009316,-19.8266381],[-44.0078624,-19.8270435],[-44.0074028,-19.8272519],[-44.00749,-19.8273991],[-44.0067699,-19.8279364],[-44.0062488,-19.8287314],[-44.0063643,-19.8292735],[-44.0066343,-19.8296921],[-44.0065251,-19.8297729],[-44.0065942,-19.8298506],[-44.0081515,-19.8309875],[-44.0082695,-19.8311818],[-44.009385,-19.8315574],[-44.0093643,-19.8316217],[-44.0104345,-19.8316194],[-44.0106423,-19.8315649],[-44.0106927,-19.8317224],[-44.0116519,-19.8319738],[-44.0119762,-19.8307917]],[[-44.0095782,-19.8337339],[-44.0098252,-19.8332937],[-44.0104362,-19.8336044],[-44.0100079,-19.8321611],[-44.0090928,-19.8323938],[-44.009259,-19.8329827],[-44.0094618,-19.8330818],[-44.0091956,-19.833537],[-44.0095782,-19.8337339]]]}},{"type":"Feature","properties":{"code":"1360","name":"Vila Nossa Senhora Aparecida"},"geometry":{"type":"Polygon","coordinates":[[[-43.9674288,-19.8261883],[-43.9672313,-19.8257811],[-43.9666976,-19.8255221],[-43.9666714,-19.825431],[-43.9669362,-19.8253626],[-43.9669661,-19.8252197],[-43.9669061,-19.8249762],[-43.9670016,-19.8248139],[-43.9667935,-19.8245624],[-43.9670864,-19.8233876],[-43.9671361,-19.8224577],[-43.9672634,-19.8223358],[-43.9676812,-19.8222477],[-43.9687774,-19.8224206],[-43.9691206,-19.8229171],[-43.9696647,-19.823018],[-43.9697259,-19.8229581],[-43.9698875,-19.8230482],[-43.9697482,-19.8232478],[-43.9699225,-19.8233369],[-43.9698572,-19.8234307],[-43.9695688,-19.8232604],[-43.969464,-19.8234303],[-43.9691313,-19.8232313],[-43.9687771,-19.823752],[-43.9677524,-19.8260939],[-43.9674288,-19.8261883]]]}},{"type":"Feature","properties":{"code":"1278","name":"Bacurau"},"geometry":{"type":"Polygon","coordinates":[[[-43.9455264,-19.8266921],[-43.9446353,-19.8260576],[-43.9447083,-19.8258085],[-43.9452906,-19.8260184],[-43.9453438,-19.8263155],[-43.9457247,-19.8265266],[-43.9455264,-19.8266921]]]}},{"type":"Feature","properties":{"code":"1417","name":"Vila da Paz"},"geometry":{"type":"Polygon","coordinates":[[[-43.9444758,-19.8818437],[-43.9444912,-19.8815758],[-43.9441794,-19.8814916],[-43.9443346,-19.8812452],[-43.9445655,-19.8811398],[-43.9460101,-19.8809421],[-43.946399,-19.8806648],[-43.94622,-19.8802411],[-43.9470655,-19.880088],[-43.947117,-19.8800603],[-43.9470392,-19.8797632],[-43.9473798,-19.8797034],[-43.9474308,-19.8799835],[-43.9474964,-19.8799651],[-43.9475655,-19.8800575],[-43.9472275,-19.8801831],[-43.9472451,-19.8802492],[-43.9471156,-19.8802352],[-43.9468659,-19.8805298],[-43.9467595,-19.880497],[-43.946578,-19.8808116],[-43.9461434,-19.8812308],[-43.9444758,-19.8818437]]]}},{"type":"Feature","properties":{"code":"1429","name":"Vila Ipiranga"},"geometry":{"type":"Polygon","coordinates":[[[-43.9334451,-19.8875438],[-43.9333731,-19.8873135],[-43.9331207,-19.8871684],[-43.9332519,-19.8867798],[-43.9335518,-19.8866845],[-43.9337734,-19.8872173],[-43.9341767,-19.8870614],[-43.9342537,-19.8871965],[-43.9342239,-19.8872521],[-43.9341154,-19.8871672],[-43.9339079,-19.8872469],[-43.9339375,-19.8873831],[-43.9337531,-19.887404],[-43.9337685,-19.8875107],[-43.9334451,-19.8875438]]]}},{"type":"Feature","properties":{"code":"650","name":"Conjunto Celso Machado"},"geometry":{"type":"Polygon","coordinates":[[[-44.0075487,-19.8905073],[-44.0060035,-19.8833393],[-44.0102528,-19.882489],[-44.0104685,-19.8824661],[-44.0107658,-19.8825502],[-44.0112277,-19.8828691],[-44.0118395,-19.885511],[-44.0107236,-19.8854436],[-44.0100958,-19.8874173],[-44.010195,-19.8893625],[-44.0083253,-19.8897688],[-44.008447,-19.8903229],[-44.0075487,-19.8905073]]]}},{"type":"Feature","properties":{"code":"1261","name":"Indaiá"},"geometry":{"type":"Polygon","coordinates":[[[-43.9552145,-19.8705402],[-43.9534481,-19.8687444],[-43.9531884,-19.8683313],[-43.9517068,-19.8686835],[-43.9513218,-19.8689836],[-43.9496816,-19.869872],[-43.9494826,-19.8700589],[-43.9495502,-19.8695729],[-43.9500039,-19.8690186],[-43.9504203,-19.8683836],[-43.9505561,-19.8680463],[-43.950076,-19.8664302],[-43.9500364,-19.8659997],[-43.9501891,-19.8647538],[-43.9501521,-19.8622],[-43.950312,-19.8609663],[-43.9505684,-19.8609406],[-43.9541589,-19.8637516],[-43.9558807,-19.8646434],[-43.9556661,-19.8654096],[-43.9553391,-19.8656648],[-43.9568447,-19.8661976],[-43.9552145,-19.8705402]]]}},{"type":"Feature","properties":{"code":"782","name":"São Francisco"},"geometry":{"type":"Polygon","coordinates":[[[-43.9652672,-19.8842662],[-43.9644014,-19.8839037],[-43.9546993,-19.8807322],[-43.9541021,-19.8804622],[-43.9537451,-19.880206],[-43.9533327,-19.8797923],[-43.9506485,-19.8764663],[-43.9517735,-19.8764816],[-43.9520646,-19.8762249],[-43.9520022,-19.8761006],[-43.9518792,-19.8759867],[-43.9514972,-19.8758893],[-43.9512982,-19.8760213],[-43.9503357,-19.8750161],[-43.9501023,-19.8750951],[-43.949813,-19.8746782],[-43.9496693,-19.8747098],[-43.9493416,-19.8736229],[-43.9485372,-19.8722012],[-43.9488244,-19.8720259],[-43.9495734,-19.8710464],[-43.9494826,-19.8700589],[-43.9496816,-19.869872],[-43.9513218,-19.8689836],[-43.9517068,-19.8686835],[-43.9531884,-19.8683313],[-43.9534481,-19.8687444],[-43.9552145,-19.8705402],[-43.9548044,-19.8716273],[-43.9557475,-19.871734],[-43.9561361,-19.871699],[-43.9578862,-19.8706422],[-43.9582165,-19.87116],[-43.9586637,-19.8715871],[-43.9576995,-19.8723942],[-43.9579007,-19.8726634],[-43.9577902,-19.8727608],[-43.962411,-19.8775949],[-43.9638509,-19.8765081],[-43.9641371,-19.8766347],[-43.9645461,-19.8771649],[-43.9647014,-19.877533],[-43.9648807,-19.8785031],[-43.9647156,-19.8790824],[-43.9643714,-19.8795863],[-43.9640491,-19.8798732],[-43.96418,-19.8799395],[-43.9642192,-19.8814889],[-43.9644128,-19.8816466],[-43.9643113,-19.882883],[-43.9643783,-19.883028],[-43.9650698,-19.8834115],[-43.9654923,-19.8838924],[-43.9655504,-19.8840203],[-43.9652672,-19.8842662]],[[-43.9500958,-19.8740555],[-43.9504268,-19.8738103],[-43.9501721,-19.8735301],[-43.950486,-19.8731227],[-43.9507954,-19.8728213],[-43.9508433,-19.8728584],[-43.9512271,-19.8725426],[-43.9513837,-19.8726707],[-43.9515041,-19.8725943],[-43.9511033,-19.872111],[-43.9514371,-19.8718301],[-43.9507595,-19.8710838],[-43.951193,-19.8707346],[-43.9513028,-19.8708599],[-43.9514872,-19.8707132],[-43.9513813,-19.8705943],[-43.9519533,-19.8701277],[-43.951866,-19.8700352],[-43.9503518,-19.8713387],[-43.9500406,-19.8711339],[-43.9499983,-19.8717898],[-43.9498891,-19.8720559],[-43.9501894,-19.8720587],[-43.9502403,-19.8732368],[-43.94979,-19.8735711],[-43.9497841,-19.8734888],[-43.9497132,-19.8735284],[-43.9496767,-19.8736509],[-43.9500958,-19.8740555]],[[-43.9625565,-19.8812445],[-43.963328,-19.8805646],[-43.9630685,-19.8802961],[-43.9625407,-19.8808463],[-43.9626696,-19.880981],[-43.962461,-19.8811439],[-43.9625565,-19.8812445]],[[-43.9540865,-19.8789803],[-43.9543462,-19.8787248],[-43.9541712,-19.8784402],[-43.9540012,-19.8783473],[-43.9537183,-19.8785916],[-43.9540865,-19.8789803]]]}},{"type":"Feature","properties":{"code":"740","name":"Palmares"},"geometry":{"type":"Polygon","coordinates":[[[-43.9315187,-19.8765406],[-43.9283705,-19.8753253],[-43.9277528,-19.8734039],[-43.9275295,-19.8721111],[-43.9276668,-19.8710562],[-43.9281642,-19.8698875],[-43.9282937,-19.8693773],[-43.9318111,-19.8705443],[-43.9323067,-19.870195],[-43.9327079,-19.8700655],[-43.9343651,-19.8705515],[-43.9349011,-19.8708529],[-43.9351469,-19.8711603],[-43.9353848,-19.8718227],[-43.9354326,-19.8720666],[-43.9353075,-19.8721926],[-43.9353878,-19.8723171],[-43.9357454,-19.8722159],[-43.9360745,-19.8719824],[-43.9363396,-19.8719423],[-43.9368597,-19.8724749],[-43.9376646,-19.8727716],[-43.9379009,-19.8700121],[-43.9415367,-19.8707151],[-43.9423869,-19.8707956],[-43.9427036,-19.871656],[-43.9373266,-19.8745705],[-43.9363086,-19.875081],[-43.9354344,-19.8753036],[-43.9333949,-19.8753446],[-43.9327373,-19.8756775],[-43.9315187,-19.8765406]]]}},{"type":"Feature","properties":{"code":"1479","name":"São Sebastião"},"geometry":{"type":"Polygon","coordinates":[[[-43.9433381,-19.871096],[-43.9428621,-19.8708939],[-43.9423996,-19.8708331],[-43.9423591,-19.8707241],[-43.9427057,-19.8707146],[-43.9429384,-19.8706081],[-43.9426846,-19.8699217],[-43.9427032,-19.8697275],[-43.943775,-19.8700137],[-43.9445988,-19.8701186],[-43.944648,-19.8703879],[-43.9439404,-19.8707335],[-43.9436869,-19.8710319],[-43.9433381,-19.871096]]]}},{"type":"Feature","properties":{"code":"1462","name":"Vila Santa Rosa"},"geometry":{"type":"Polygon","coordinates":[[[-43.9500958,-19.8740555],[-43.9496767,-19.8736509],[-43.9497132,-19.8735284],[-43.9497841,-19.8734888],[-43.94979,-19.8735711],[-43.9502403,-19.8732368],[-43.9501894,-19.8720587],[-43.9498891,-19.8720559],[-43.9499983,-19.8717898],[-43.9500406,-19.8711339],[-43.9503518,-19.8713387],[-43.951866,-19.8700352],[-43.9519533,-19.8701277],[-43.9513813,-19.8705943],[-43.9514872,-19.8707132],[-43.9513028,-19.8708599],[-43.951193,-19.8707346],[-43.9507595,-19.8710838],[-43.9514371,-19.8718301],[-43.9511033,-19.872111],[-43.9515041,-19.8725943],[-43.9513837,-19.8726707],[-43.9512271,-19.8725426],[-43.9508433,-19.8728584],[-43.9507954,-19.8728213],[-43.950486,-19.8731227],[-43.9501721,-19.8735301],[-43.9504268,-19.8738103],[-43.9500958,-19.8740555]]]}},{"type":"Feature","properties":{"code":"808","name":"União"},"geometry":{"type":"Polygon","coordinates":[[[-43.9194533,-19.8895138],[-43.9189327,-19.888618],[-43.9176711,-19.885756],[-43.9152299,-19.8830318],[-43.9144456,-19.8818474],[-43.9156121,-19.8810865],[-43.9165627,-19.8802553],[-43.9175421,-19.8791444],[-43.9188638,-19.877957],[-43.9193096,-19.8773717],[-43.9216605,-19.8753193],[-43.9238714,-19.8737971],[-43.9246458,-19.8731805],[-43.9255403,-19.8725582],[-43.9261076,-19.8729132],[-43.9266293,-19.8724243],[-43.9275546,-19.87247],[-43.9277528,-19.8734039],[-43.9283705,-19.8753253],[-43.9292011,-19.878468],[-43.9297528,-19.8801044],[-43.9301741,-19.8822056],[-43.929984,-19.8832199],[-43.9294133,-19.8847067],[-43.9291833,-19.8844368],[-43.9289582,-19.8834446],[-43.9284486,-19.8836283],[-43.927811,-19.8836387],[-43.9274063,-19.883521],[-43.9268504,-19.8830634],[-43.926726,-19.8834174],[-43.9258519,-19.8840906],[-43.9252975,-19.88434],[-43.9244578,-19.8844071],[-43.9239927,-19.8846099],[-43.9233687,-19.8850584],[-43.9227511,-19.8858332],[-43.9192211,-19.8878893],[-43.919283,-19.8884578],[-43.9195775,-19.8893199],[-43.9194533,-19.8895138]],[[-43.9208275,-19.8765908],[-43.9209182,-19.8767934],[-43.9210476,-19.8767591],[-43.9221962,-19.8761722],[-43.9222819,-19.8761716],[-43.922421,-19.8764418],[-43.9228446,-19.8762746],[-43.9231705,-19.8764051],[-43.9232639,-19.876352],[-43.9233404,-19.8764404],[-43.9234825,-19.8762706],[-43.9235395,-19.8763453],[-43.9236736,-19.876211],[-43.9238227,-19.8763041],[-43.9239247,-19.8761773],[-43.9232815,-19.8759044],[-43.9225747,-19.8758085],[-43.9222876,-19.8758563],[-43.9218595,-19.8760493],[-43.921868,-19.8761461],[-43.9217234,-19.8761503],[-43.9211795,-19.8764173],[-43.9210309,-19.8763758],[-43.9209738,-19.876407],[-43.9210128,-19.876472],[-43.9208275,-19.8765908]],[[-43.9189643,-19.8785483],[-43.9192353,-19.8786837],[-43.9196233,-19.8780559],[-43.9196534,-19.8778956],[-43.9194971,-19.8778348],[-43.9193797,-19.8778914],[-43.9191172,-19.878209],[-43.9189643,-19.8785483]]]}},{"type":"Feature","properties":{"code":"1372","name":"Penha"},"geometry":{"type":"Polygon","coordinates":[[[-43.9098371,-19.8763669],[-43.9109862,-19.8747483],[-43.9111335,-19.8744207],[-43.9123641,-19.8728728],[-43.9140194,-19.8739707],[-43.9144859,-19.8734179],[-43.9145082,-19.8738327],[-43.9146583,-19.8742678],[-43.9157313,-19.8760036],[-43.9153091,-19.8762907],[-43.9146437,-19.8763449],[-43.9140521,-19.8770985],[-43.9142691,-19.8774676],[-43.913523,-19.8779183],[-43.9131427,-19.8780853],[-43.9116836,-19.8783876],[-43.9098371,-19.8763669]]]}},{"type":"Feature","properties":{"code":"1428","name":"Vila Inestan"},"geometry":{"type":"Polygon","coordinates":[[[-43.9493176,-19.876327],[-43.9489296,-19.8760702],[-43.9492638,-19.8747546],[-43.9491961,-19.874545],[-43.948999,-19.8744448],[-43.9490939,-19.874059],[-43.9486711,-19.872981],[-43.9483191,-19.8723165],[-43.9485372,-19.8722012],[-43.9493416,-19.8736229],[-43.9499063,-19.8753738],[-43.9494196,-19.8758936],[-43.9496322,-19.8760778],[-43.9493176,-19.876327]]]}},{"type":"Feature","properties":{"code":"798","name":"Serrano"},"geometry":{"type":"MultiPolygon","coordinates":[[[[-44.0182142,-19.8736061],[-44.0153742,-19.8771],[-44.015311,-19.8772379],[-44.0157507,-19.8776876],[-44.0156238,-19.8778092],[-44.0156289,-19.8780476],[-44.0152157,-19.8790677],[-44.0149953,-19.8794208],[-44.0140353,-19.8791886],[-44.0138875,-19.8799169],[-44.013098,-19.8821552],[-44.0139943,-19.8834052],[-44.0141776,-19.8838123],[-44.0143419,-19.8860037],[-44.0145363,-19.8869203],[-44.0145189,-19.8873104],[-44.0147301,-19.88786],[-44.0143782,-19.8882591],[-44.0120014,-19.8899],[-44.0118066,-19.889586],[-44.0119632,-19.8894717],[-44.0118954,-19.8893036],[-44.0120708,-19.8891837],[-44.01216,-19.8893124],[-44.0122504,-19.8892565],[-44.0118997,-19.8887528],[-44.0118327,-19.8887972],[-44.0116821,-19.8885954],[-44.0116086,-19.8886471],[-44.0113271,-19.8882844],[-44.0112585,-19.8883295],[-44.0111774,-19.8882121],[-44.0113464,-19.8881039],[-44.0111142,-19.8878802],[-44.010461,-19.8883387],[-44.0105044,-19.8886164],[-44.0101225,-19.8886165],[-44.0101177,-19.8872939],[-44.0107236,-19.8854436],[-44.0118395,-19.885511],[-44.0112277,-19.8828691],[-44.0108961,-19.8826055],[-44.0104685,-19.8824661],[-44.0060035,-19.8833393],[-44.0059131,-19.8825903],[-44.0058743,-19.879549],[-44.0055943,-19.8787442],[-44.0053318,-19.8783253],[-44.006797,-19.8773965],[-44.0083743,-19.8762766],[-44.0087629,-19.8765911],[-44.0093171,-19.8767815],[-44.0123094,-19.8776108],[-44.0123812,-19.874617],[-44.0126463,-19.8740654],[-44.0136235,-19.8728706],[-44.0145387,-19.8735292],[-44.0150345,-19.8737604],[-44.0154519,-19.8738418],[-44.0182142,-19.8736061]]],[[[-44.008899,-19.8937168],[-44.0083872,-19.8932816],[-44.0080273,-19.8928488],[-44.0078358,-19.8924328],[-44.0075487,-19.8905073],[-44.008447,-19.8903229],[-44.0083253,-19.8897688],[-44.0101427,-19.8893955],[-44.010195,-19.8893625],[-44.0101363,-19.8888044],[-44.0105365,-19.8889187],[-44.0107461,-19.8887874],[-44.0108976,-19.8891114],[-44.0110858,-19.8889754],[-44.0112459,-19.8891731],[-44.0113331,-19.8891127],[-44.0114853,-19.8893256],[-44.0103557,-19.8901693],[-44.0103813,-19.8912651],[-44.0096823,-19.8918932],[-44.0094411,-19.8922591],[-44.008899,-19.8937168]]]]}},{"type":"Feature","properties":{"code":"2028","name":"Vila São Tomáz"},"geometry":{"type":"MultiPolygon","coordinates":[[[[-43.9505174,-19.847256],[-43.9495275,-19.846636],[-43.9490014,-19.846514],[-43.948588,-19.8465222],[-43.9485765,-19.8460624],[-43.9484601,-19.845552],[-43.9483401,-19.845208],[-43.9481251,-19.844913],[-43.9464485,-19.8445624],[-43.9459462,-19.8441854],[-43.9466736,-19.8438886],[-43.9479855,-19.8438674],[-43.9484853,-19.8437151],[-43.9487645,-19.8437656],[-43.9485335,-19.8450459],[-43.9491868,-19.8451666],[-43.9493711,-19.8441323],[-43.9497033,-19.8441712],[-43.9496701,-19.844361],[-43.9499981,-19.8443794],[-43.9499761,-19.8445156],[-43.9506278,-19.8446224],[-43.9504921,-19.8453508],[-43.9518214,-19.845554],[-43.9520847,-19.8440635],[-43.9527339,-19.8441619],[-43.9528317,-19.8437092],[-43.9530151,-19.8440924],[-43.9534712,-19.8444331],[-43.9556187,-19.844785],[-43.9556952,-19.8448532],[-43.9556688,-19.8450772],[-43.9558497,-19.8452051],[-43.9557636,-19.845275],[-43.9555298,-19.8461098],[-43.9553734,-19.8461928],[-43.9509383,-19.8472103],[-43.9505174,-19.847256]]],[[[-43.9516123,-19.8428803],[-43.9509753,-19.842775],[-43.9511121,-19.842],[-43.9507929,-19.8419563],[-43.9506858,-19.842504],[-43.9503498,-19.8424529],[-43.9505117,-19.8415992],[-43.9498461,-19.8414797],[-43.9499045,-19.8411627],[-43.9509117,-19.8413166],[-43.9514836,-19.8421098],[-43.9524921,-19.8423806],[-43.9524178,-19.8424193],[-43.9523398,-19.8427695],[-43.9516521,-19.8426616],[-43.9516123,-19.8428803]]]]}},{"type":"Feature","properties":{"code":"809","name":"Universitário"},"geometry":{"type":"Polygon","coordinates":[[[-43.9485372,-19.8722012],[-43.9475901,-19.8708983],[-43.9470446,-19.8704978],[-43.9466944,-19.8703415],[-43.9458525,-19.8701837],[-43.943775,-19.8700137],[-43.9385843,-19.8685661],[-43.9386847,-19.8626236],[-43.9412194,-19.8628955],[-43.9425167,-19.8632224],[-43.9418141,-19.8658603],[-43.9421783,-19.8659589],[-43.9446299,-19.8674457],[-43.9451673,-19.8673071],[-43.9457628,-19.8673421],[-43.9473169,-19.8681979],[-43.9481348,-19.8682674],[-43.9486312,-19.8693374],[-43.9495502,-19.8695729],[-43.9494796,-19.8701764],[-43.9495734,-19.8710464],[-43.9488244,-19.8720259],[-43.9485372,-19.8722012]]]}},{"type":"Feature","properties":{"code":"1463","name":"Vila Santo Antônio"},"geometry":{"type":"Polygon","coordinates":[[[-43.9582486,-19.8624324],[-43.9579927,-19.8623357],[-43.9577035,-19.8620808],[-43.957894,-19.8616623],[-43.9577323,-19.8615757],[-43.9580462,-19.8613563],[-43.9582697,-19.8613939],[-43.958446,-19.8618991],[-43.9582486,-19.8624324]]]}},{"type":"Feature","properties":{"code":"1451","name":"Vila Paquetá"},"geometry":{"type":"Polygon","coordinates":[[[-43.9935859,-19.8673692],[-43.9932814,-19.8665758],[-43.9927223,-19.8666015],[-43.992492,-19.8663194],[-43.9930139,-19.8660817],[-43.9929984,-19.8658987],[-43.994221,-19.866155],[-43.9943749,-19.8661024],[-43.994619,-19.866228],[-43.9945754,-19.8663663],[-43.994469,-19.8664174],[-43.9933828,-19.8665625],[-43.9937015,-19.8673256],[-43.9935859,-19.8673692]]]}},{"type":"Feature","properties":{"code":"1475","name":"Vila Suzana II"},"geometry":{"type":"Polygon","coordinates":[[[-43.9335354,-19.8666125],[-43.9333599,-19.8663464],[-43.9332552,-19.8663921],[-43.9332389,-19.8662868],[-43.9328877,-19.8658679],[-43.9331753,-19.8656875],[-43.9333365,-19.8659105],[-43.9335381,-19.8657799],[-43.9336437,-19.865933],[-43.933436,-19.8660642],[-43.9335476,-19.8662255],[-43.933455,-19.8662828],[-43.9336237,-19.8665509],[-43.9335354,-19.8666125]]]}},{"type":"Feature","properties":{"code":"1333","name":"Itatiaia"},"geometry":{"type":"Polygon","coordinates":[[[-44.0145389,-19.8709216],[-44.0117506,-19.8696341],[-44.0114479,-19.8689026],[-44.0111063,-19.8685386],[-44.0090018,-19.8669222],[-44.0099762,-19.8656194],[-44.0110161,-19.8664993],[-44.0115497,-19.8667535],[-44.0121916,-19.8668555],[-44.0137319,-19.8668735],[-44.0149474,-19.8666717],[-44.0153024,-19.86701],[-44.0154562,-19.8674047],[-44.0154186,-19.8680347],[-44.0145389,-19.8709216]]]}},{"type":"Feature","properties":{"code":"1287","name":"Bela Vitória"},"geometry":{"type":"Polygon","coordinates":[[[-43.8874882,-19.8575402],[-43.887212,-19.8567389],[-43.8890819,-19.8561994],[-43.8886225,-19.855734],[-43.889911,-19.8552621],[-43.891245,-19.8561955],[-43.8915407,-19.8565753],[-43.8923306,-19.8565553],[-43.8925268,-19.8573386],[-43.8920334,-19.8572253],[-43.8903621,-19.8572091],[-43.8898254,-19.8570585],[-43.8886957,-19.8572684],[-43.8883269,-19.8572518],[-43.8879418,-19.8574661],[-43.8874882,-19.8575402]]]}},{"type":"Feature","properties":{"code":"1292","name":"Boa União II"},"geometry":{"type":"MultiPolygon","coordinates":[[[[-43.925259,-19.8593121],[-43.9245608,-19.8580278],[-43.9241306,-19.8572237],[-43.9245122,-19.8571625],[-43.9247372,-19.8578485],[-43.924814,-19.8578913],[-43.9249068,-19.8581767],[-43.9250024,-19.8581832],[-43.9250675,-19.8585341],[-43.9255817,-19.85856],[-43.9255494,-19.8588802],[-43.9256827,-19.8588943],[-43.9256562,-19.8592125],[-43.925403,-19.8592263],[-43.925259,-19.8593121]]],[[[-43.9264041,-19.8612282],[-43.9257215,-19.8601658],[-43.9259471,-19.8600669],[-43.9261839,-19.8601461],[-43.9263674,-19.8601207],[-43.9263998,-19.8598931],[-43.9265176,-19.8599027],[-43.926485,-19.8602177],[-43.9269441,-19.8602641],[-43.9269169,-19.8605976],[-43.926637,-19.860567],[-43.9266141,-19.8611492],[-43.9264041,-19.8612282]]]]}},{"type":"Feature","properties":{"code":"754","name":"Primeiro de Maio"},"geometry":{"type":"Polygon","coordinates":[[[-43.927443,-19.8633821],[-43.9272028,-19.8630442],[-43.927556,-19.8628763],[-43.9277945,-19.8631007],[-43.9280894,-19.8629626],[-43.9277566,-19.8625647],[-43.9274708,-19.8627547],[-43.9275605,-19.8612885],[-43.9277609,-19.8609371],[-43.9278672,-19.8603735],[-43.9282184,-19.8601144],[-43.9287366,-19.8601404],[-43.9287266,-19.8600778],[-43.9290155,-19.8598157],[-43.9290549,-19.8596448],[-43.9291493,-19.8596589],[-43.9291226,-19.8594138],[-43.9292646,-19.8594216],[-43.9292452,-19.8593463],[-43.9293976,-19.859337],[-43.9293785,-19.8591134],[-43.9298211,-19.8589546],[-43.9299206,-19.85857],[-43.9324004,-19.8575141],[-43.9347038,-19.8574314],[-43.9330409,-19.8613566],[-43.9327772,-19.861144],[-43.9325325,-19.8606731],[-43.9326563,-19.8607044],[-43.932804,-19.8603027],[-43.9330609,-19.8600364],[-43.932061,-19.8591497],[-43.9321957,-19.8587822],[-43.9308176,-19.8590297],[-43.9306283,-19.8589617],[-43.9304602,-19.8587248],[-43.9298373,-19.8589804],[-43.9305904,-19.8613704],[-43.9285593,-19.8629876],[-43.9283281,-19.8632487],[-43.9279771,-19.8633305],[-43.9278718,-19.8636193],[-43.927443,-19.8633821]]]}},{"type":"Feature","properties":{"code":"1359","name":"Morro dos Macacos"},"geometry":{"type":"MultiPolygon","coordinates":[[[[-43.9005454,-19.8769483],[-43.9005937,-19.8769268],[-43.9004565,-19.8769714],[-43.9005454,-19.8769483]]],[[[-43.9008826,-19.8767765],[-43.900856,-19.8767892],[-43.9009456,-19.8767446],[-43.9008826,-19.8767765]]],[[[-43.9009705,-19.8767294],[-43.9009706,-19.8767294],[-43.9009983,-19.8767131],[-43.9009705,-19.8767294]]],[[[-43.9009983,-19.8767131],[-43.9012485,-19.8765649],[-43.9014656,-19.8764714],[-43.9009983,-19.8767131]]],[[[-43.9016126,-19.8764206],[-43.9016584,-19.8764037],[-43.9017658,-19.8763585],[-43.9016583,-19.8764037],[-43.9016126,-19.8764206]]],[[[-43.9017658,-19.8763585],[-43.9037616,-19.8758153],[-43.90421,-19.875583],[-43.9040376,-19.875237],[-43.9034243,-19.8752822],[-43.9031209,-19.8750618],[-43.9030504,-19.8751146],[-43.9032119,-19.8752754],[-43.9031093,-19.8753222],[-43.9032219,-19.8755163],[-43.9027925,-19.8756207],[-43.9027411,-19.8755163],[-43.9024359,-19.8754251],[-43.9025029,-19.8756773],[-43.9023762,-19.875741],[-43.9021783,-19.8757739],[-43.9018693,-19.8756762],[-43.9016522,-19.8759766],[-43.9017658,-19.8763585]]]]}},{"type":"Feature","properties":{"code":"620","name":"Boa Vista"},"geometry":{"type":"Polygon","coordinates":[[[-43.8907239,-19.8889068],[-43.8905524,-19.8885577],[-43.9005416,-19.8906311],[-43.9012282,-19.8907369],[-43.9015532,-19.8906911],[-43.9039646,-19.8911669],[-43.9039883,-19.8910426],[-43.9038093,-19.8904597],[-43.9059845,-19.8898439],[-43.9061632,-19.8902287],[-43.9072273,-19.8915023],[-43.9083027,-19.8924362],[-43.9106554,-19.8942731],[-43.9102585,-19.8952576],[-43.910048,-19.8955224],[-43.9097014,-19.8958034],[-43.9073967,-19.8971191],[-43.9069377,-19.8976772],[-43.9066948,-19.898319],[-43.9052434,-19.8991515],[-43.9050042,-19.8994999],[-43.9049554,-19.8998286],[-43.9046733,-19.8995587],[-43.9012784,-19.8950928],[-43.8976727,-19.8942919],[-43.8944077,-19.8933553],[-43.894257,-19.8934064],[-43.894045,-19.8938372],[-43.8938315,-19.8939089],[-43.8939141,-19.8941638],[-43.8937493,-19.8942318],[-43.8937951,-19.8943226],[-43.893504,-19.894776],[-43.8934713,-19.8950072],[-43.8932931,-19.895108],[-43.893352,-19.8952735],[-43.8932364,-19.8955249],[-43.8929767,-19.8955611],[-43.8930605,-19.8957731],[-43.8926669,-19.8960048],[-43.8925279,-19.8960338],[-43.8924345,-19.8958685],[-43.8922255,-19.8958331],[-43.8918832,-19.8948861],[-43.8910278,-19.8951604],[-43.8907498,-19.8946568],[-43.8908063,-19.8945351],[-43.8903598,-19.8933233],[-43.8902778,-19.8931492],[-43.8900915,-19.8930753],[-43.8899779,-19.8927577],[-43.8898571,-19.8917468],[-43.8899187,-19.8913226],[-43.890205,-19.8909647],[-43.8904014,-19.8904673],[-43.8905635,-19.8892944],[-43.8907239,-19.8889068]]]}},{"type":"Feature","properties":{"code":"625","name":"Cachoeirinha"},"geometry":{"type":"Polygon","coordinates":[[[-43.9502483,-19.8759804],[-43.9522445,-19.8784453],[-43.9507327,-19.8827101],[-43.9506406,-19.8831994],[-43.9507091,-19.8839123],[-43.9513461,-19.886061],[-43.95136,-19.8867339],[-43.9509871,-19.8875494],[-43.949971,-19.8891982],[-43.9497636,-19.889966],[-43.9497528,-19.890635],[-43.9501145,-19.8921796],[-43.9501165,-19.893157],[-43.9500307,-19.8936473],[-43.9491263,-19.8962778],[-43.9473342,-19.8983939],[-43.9473913,-19.8974516],[-43.9465476,-19.8974831],[-43.9465102,-19.8968837],[-43.9465702,-19.8965786],[-43.9454663,-19.8948799],[-43.9451,-19.8958523],[-43.9445313,-19.8948269],[-43.944477,-19.8949405],[-43.9432148,-19.896031],[-43.9430385,-19.8949665],[-43.9430153,-19.8943289],[-43.9434025,-19.894278],[-43.9437196,-19.8938635],[-43.9438476,-19.8927485],[-43.943454,-19.8917509],[-43.9432491,-19.8897026],[-43.9430171,-19.889682],[-43.9427875,-19.8894576],[-43.9436738,-19.8874739],[-43.942211,-19.8861375],[-43.941618,-19.8857801],[-43.9411645,-19.8855876],[-43.9399693,-19.8854129],[-43.9400047,-19.883296],[-43.9419632,-19.884343],[-43.944527,-19.886819],[-43.945142,-19.8868781],[-43.9454238,-19.8868301],[-43.9459071,-19.8860426],[-43.9460633,-19.8854938],[-43.9460411,-19.8847587],[-43.9465432,-19.8837691],[-43.9469846,-19.8838897],[-43.9469629,-19.8842237],[-43.9474353,-19.8842634],[-43.9474876,-19.88391],[-43.9478783,-19.8839621],[-43.9479057,-19.883789],[-43.947728,-19.8837624],[-43.9477358,-19.8836929],[-43.9483118,-19.8836958],[-43.9482736,-19.8830297],[-43.9481749,-19.8830418],[-43.9481856,-19.8831884],[-43.9478782,-19.8833144],[-43.9475255,-19.8833576],[-43.9474222,-19.8829943],[-43.9468823,-19.8829778],[-43.9474473,-19.8817718],[-43.9476445,-19.8808492],[-43.9476789,-19.8802071],[-43.9479276,-19.8794291],[-43.9480492,-19.879182],[-43.9485295,-19.8787157],[-43.9486513,-19.8785014],[-43.948453,-19.8782037],[-43.9479777,-19.878043],[-43.9478561,-19.8777398],[-43.9482018,-19.8762627],[-43.9483931,-19.8757537],[-43.9493176,-19.876327],[-43.9496322,-19.8760778],[-43.9494196,-19.8758936],[-43.9499063,-19.8753738],[-43.9502483,-19.8759804]]]}},{"type":"Feature","properties":{"code":"674","name":"Sumaré"},"geometry":{"type":"Polygon","coordinates":[[[-43.967579,-19.8887589],[-43.966506,-19.8874774],[-43.9656698,-19.8879751],[-43.9652851,-19.8877376],[-43.9650457,-19.8878042],[-43.9644654,-19.8877063],[-43.9642256,-19.8872738],[-43.9636756,-19.8868195],[-43.963714,-19.886749],[-43.9631744,-19.8864212],[-43.9629735,-19.8862132],[-43.9652672,-19.8842662],[-43.9656978,-19.8844948],[-43.9691421,-19.8870978],[-43.967579,-19.8887589]]]}},{"type":"Feature","properties":{"code":"1366","name":"Novo Ouro Preto"},"geometry":{"type":"Polygon","coordinates":[[[-43.9844377,-19.885664],[-43.9842737,-19.8855419],[-43.9842368,-19.885402],[-43.9843354,-19.8852458],[-43.9842426,-19.8850641],[-43.983714,-19.8841368],[-43.9835604,-19.8840583],[-43.9834099,-19.8835543],[-43.9833971,-19.8829252],[-43.9842531,-19.8829987],[-43.9843059,-19.8828798],[-43.984736,-19.8831324],[-43.9845921,-19.8833399],[-43.9847719,-19.8834356],[-43.9847587,-19.8838103],[-43.9849918,-19.8837911],[-43.9852237,-19.883915],[-43.9847625,-19.8849648],[-43.9848323,-19.8849843],[-43.9847509,-19.8853262],[-43.9847812,-19.8855109],[-43.9845758,-19.8856595],[-43.9844377,-19.885664]]]}},{"type":"Feature","properties":{"code":"786","name":"Vila São João Batista"},"geometry":{"type":"Polygon","coordinates":[[[-43.9624897,-19.8233675],[-43.9619801,-19.8227583],[-43.9615559,-19.822501],[-43.9614467,-19.8218721],[-43.9613254,-19.8215927],[-43.9608972,-19.8216783],[-43.9608832,-19.8216223],[-43.960743,-19.821635],[-43.9607428,-19.8216897],[-43.9604773,-19.8217818],[-43.9601513,-19.8217889],[-43.9599396,-19.8214751],[-43.9596684,-19.821552],[-43.9594656,-19.8209341],[-43.9594736,-19.8207319],[-43.9600501,-19.8207559],[-43.9603087,-19.8206943],[-43.9606459,-19.8208812],[-43.9609677,-19.8208209],[-43.9610406,-19.8204461],[-43.9608504,-19.820066],[-43.9609109,-19.820006],[-43.9607442,-19.8198436],[-43.9609729,-19.8196674],[-43.96126,-19.8199602],[-43.961152,-19.820077],[-43.9616161,-19.8210062],[-43.9618787,-19.8210639],[-43.961954,-19.8205675],[-43.9626342,-19.8199595],[-43.9630073,-19.8203649],[-43.962657,-19.8207613],[-43.9625262,-19.8213335],[-43.9621174,-19.8219638],[-43.9621081,-19.8222497],[-43.9640611,-19.8213138],[-43.9646921,-19.8207691],[-43.9651651,-19.821152],[-43.9660861,-19.8215402],[-43.9652477,-19.8221687],[-43.965162,-19.8215107],[-43.9649303,-19.8215606],[-43.9624897,-19.8233675]]]}},{"type":"Feature","properties":{"code":"1398","name":"Várzea da Palma"},"geometry":{"type":"Polygon","coordinates":[[[-43.986373,-19.8250705],[-43.9860907,-19.8250019],[-43.9861067,-19.8248729],[-43.9854989,-19.8247668],[-43.9855293,-19.8245485],[-43.9856812,-19.8245606],[-43.9857851,-19.8241982],[-43.9864151,-19.8244261],[-43.986373,-19.8250705]]]}},{"type":"Feature","properties":{"code":"1430","name":"Vila Jardim Leblon"},"geometry":{"type":"MultiPolygon","coordinates":[[[[-43.9906284,-19.8224247],[-43.9893707,-19.8222954],[-43.9893997,-19.8220302],[-43.9891745,-19.8220083],[-43.9892353,-19.8219038],[-43.9902869,-19.8220674],[-43.9903209,-19.8217226],[-43.9906511,-19.8217523],[-43.9906343,-19.8218533],[-43.9907774,-19.8218753],[-43.9907509,-19.8220693],[-43.9909434,-19.822085],[-43.9909221,-19.8223154],[-43.990643,-19.8222893],[-43.9906284,-19.8224247]]],[[[-43.9871599,-19.8224],[-43.9868534,-19.8223763],[-43.9871186,-19.8218636],[-43.9881713,-19.8217673],[-43.988466,-19.8218614],[-43.9884615,-19.8219296],[-43.9881573,-19.8219849],[-43.9881539,-19.8222822],[-43.9871734,-19.8221784],[-43.9871599,-19.8224]]]]}},{"type":"Feature","properties":{"code":"834","name":"Jardim Felicidade"},"geometry":{"type":"Polygon","coordinates":[[[-43.9309898,-19.8329797],[-43.9299798,-19.8328082],[-43.9239579,-19.8321354],[-43.9223873,-19.8321186],[-43.9222384,-19.8318583],[-43.9221343,-19.8309029],[-43.9223725,-19.8307368],[-43.9226322,-19.829512],[-43.9230155,-19.8290723],[-43.9232147,-19.8283047],[-43.9241187,-19.8265563],[-43.9243233,-19.8255897],[-43.9246775,-19.8253973],[-43.9250121,-19.8250783],[-43.9254047,-19.8249411],[-43.9267527,-19.8248042],[-43.9274301,-19.8246035],[-43.9281701,-19.8237265],[-43.9282777,-19.8234171],[-43.9287347,-19.8228383],[-43.9291857,-19.8218692],[-43.9294891,-19.8221739],[-43.9302194,-19.8224988],[-43.9307891,-19.8223237],[-43.9317697,-19.8218696],[-43.9320107,-19.8218357],[-43.9321859,-19.8216297],[-43.9324212,-19.8215247],[-43.9324855,-19.8216817],[-43.9324105,-19.8219818],[-43.9324037,-19.8237382],[-43.9323101,-19.8243884],[-43.9318839,-19.8250873],[-43.9317646,-19.8251141],[-43.93128,-19.8258352],[-43.9316206,-19.8260243],[-43.9310312,-19.8261978],[-43.9304433,-19.826953],[-43.9303441,-19.8272299],[-43.9302451,-19.8271837],[-43.9299702,-19.8274528],[-43.9293245,-19.8277317],[-43.930546,-19.8286873],[-43.9307829,-19.8288294],[-43.931116,-19.8289045],[-43.9304433,-19.8296449],[-43.9315491,-19.8307752],[-43.9317878,-19.8308362],[-43.9314201,-19.832152],[-43.9309898,-19.8329797]]]}},{"type":"Feature","properties":{"code":"1468","name":"Vila São Paulo"},"geometry":{"type":"Polygon","coordinates":[[[-43.9221818,-19.8684212],[-43.9218077,-19.868411],[-43.9217882,-19.8684696],[-43.9216291,-19.8681361],[-43.9210167,-19.8676923],[-43.9209087,-19.8673837],[-43.9205227,-19.8673004],[-43.9205741,-19.8671997],[-43.9203884,-19.8671555],[-43.9205879,-19.8666883],[-43.9211932,-19.866984],[-43.9211926,-19.8671804],[-43.9214737,-19.867098],[-43.9214319,-19.8669921],[-43.9223401,-19.8662917],[-43.9227385,-19.8657951],[-43.9250451,-19.8640126],[-43.9251466,-19.8637518],[-43.925585,-19.8639838],[-43.9253297,-19.8648567],[-43.9246626,-19.8650305],[-43.9241183,-19.8669641],[-43.9227902,-19.8666502],[-43.9223645,-19.868158],[-43.9221818,-19.8684212]]]}},{"type":"Feature","properties":{"code":"1404","name":"Vila Jardim Alvorada"},"geometry":{"type":"Polygon","coordinates":[[[-43.9867954,-19.8902984],[-43.9876977,-19.8902096],[-43.9879812,-19.890393],[-43.9882872,-19.8909105],[-43.9885239,-19.8908516],[-43.9886826,-19.8912959],[-43.9887902,-19.8912353],[-43.9894112,-19.8912612],[-43.9894976,-19.891585],[-43.9895979,-19.8917419],[-43.989754,-19.891806],[-43.9896346,-19.8921525],[-43.9897113,-19.8923699],[-43.9891844,-19.8928394],[-43.9881606,-19.8922828],[-43.9878324,-19.8929043],[-43.9879813,-19.8929907],[-43.9878542,-19.8932895],[-43.9880348,-19.8933829],[-43.9878474,-19.8936092],[-43.9879075,-19.8939098],[-43.9876774,-19.893961],[-43.9872808,-19.8942574],[-43.9882929,-19.8944095],[-43.9874525,-19.8950989],[-43.9875344,-19.8951848],[-43.9878449,-19.8951334],[-43.9878304,-19.8956976],[-43.9872608,-19.8957838],[-43.9868849,-19.8956624],[-43.9858366,-19.8955877],[-43.9848933,-19.8968265],[-43.9841378,-19.8962499],[-43.9843451,-19.8960395],[-43.9848812,-19.8951936],[-43.9846571,-19.8950301],[-43.9848215,-19.8948381],[-43.9846478,-19.8946944],[-43.9846313,-19.8945201],[-43.9840273,-19.8938286],[-43.9840234,-19.8935855],[-43.9846321,-19.892195],[-43.984771,-19.8920432],[-43.9847294,-19.89166],[-43.9851908,-19.891323],[-43.9865162,-19.8908309],[-43.9867971,-19.8905473],[-43.986726,-19.8904004],[-43.9868265,-19.8903604],[-43.9867954,-19.8902984]]]}},{"type":"Feature","properties":{"code":"2026","name":"Vila Viveiro"},"geometry":{"type":"Polygon","coordinates":[[[-43.9487374,-19.7767952],[-43.949138,-19.7767852],[-43.949636,-19.77691],[-43.950046,-19.7772128],[-43.9502233,-19.7775521],[-43.9504641,-19.7769257],[-43.9506537,-19.7767548],[-43.9511717,-19.7768636],[-43.9515965,-19.7768661],[-43.9520198,-19.7771663],[-43.9516305,-19.7778566],[-43.9512702,-19.7782887],[-43.9486156,-19.779649],[-43.9487374,-19.7767952]]]}},{"type":"Feature","properties":{"code":"2027","name":"Vila Alto dos Pinheiros"},"geometry":{"type":"Polygon","coordinates":[[[-44.0059628,-19.9271581],[-44.0064021,-19.9273495],[-44.0068545,-19.9286833],[-44.006124,-19.9285306],[-44.0061944,-19.9282155],[-44.0059752,-19.928171],[-44.006009,-19.9280562],[-44.0057368,-19.9279401],[-44.0057987,-19.9278022],[-44.0055653,-19.9274417],[-44.0058679,-19.9272892],[-44.0059628,-19.9271581]]]}},{"type":"Feature","properties":{"code":"1350","name":"Mariano de Abreu"},"geometry":{"type":"Polygon","coordinates":[[[-43.8883099,-19.8929806],[-43.8886716,-19.8931144],[-43.8894619,-19.8930133],[-43.8898066,-19.8926695],[-43.8898977,-19.8922707],[-43.8900915,-19.8930753],[-43.8902778,-19.8931492],[-43.8903598,-19.8933233],[-43.8908063,-19.8945351],[-43.8907498,-19.8946568],[-43.8910278,-19.8951604],[-43.8918832,-19.8948861],[-43.8922255,-19.8958331],[-43.8924345,-19.8958685],[-43.8925742,-19.8960425],[-43.8930605,-19.8957731],[-43.8932273,-19.8961303],[-43.8931711,-19.8964047],[-43.8936245,-19.896545],[-43.8936234,-19.8966063],[-43.8929487,-19.8986349],[-43.8916562,-19.8982724],[-43.8908688,-19.8977019],[-43.8898508,-19.897303],[-43.8896457,-19.8971428],[-43.8891186,-19.8957076],[-43.8883099,-19.8929806]]]}},{"type":"Feature","properties":{"code":"1343","name":"Manacás"},"geometry":{"type":"Polygon","coordinates":[[[-43.9934322,-19.9010294],[-43.9929186,-19.9009398],[-43.9927185,-19.9007968],[-43.9926048,-19.9005784],[-43.9928055,-19.8999558],[-43.9927408,-19.8995388],[-43.992558,-19.8994048],[-43.992316,-19.8993793],[-43.992407,-19.8990468],[-43.9923502,-19.898644],[-43.9922462,-19.8985148],[-43.9918111,-19.8963839],[-43.992108,-19.8955193],[-43.9930465,-19.893911],[-43.9949733,-19.8928726],[-43.9987469,-19.8915087],[-43.9996335,-19.8932682],[-44.0008799,-19.8973828],[-44.0012899,-19.8977868],[-44.0020745,-19.8981425],[-44.0016214,-19.8990587],[-43.9979076,-19.9000678],[-43.994771,-19.9007979],[-43.9934322,-19.9010294]]]}},{"type":"Feature","properties":{"code":"1406","name":"Vila Antena Montanhês"},"geometry":{"type":"Polygon","coordinates":[[[-43.9854194,-19.8976684],[-43.9852946,-19.8971317],[-43.9848933,-19.8968265],[-43.9858366,-19.8955877],[-43.9868849,-19.8956624],[-43.9872608,-19.8957838],[-43.9878635,-19.8957],[-43.987692,-19.8961142],[-43.9873485,-19.8959821],[-43.9871393,-19.89636],[-43.98686,-19.8962547],[-43.986692,-19.896472],[-43.9864251,-19.8963696],[-43.9859085,-19.8967389],[-43.9854194,-19.8976684]]]}},{"type":"Feature","properties":{"code":"791","name":"São Paulo"},"geometry":{"type":"Polygon","coordinates":[[[-43.9246458,-19.8731805],[-43.9243027,-19.8728666],[-43.9247752,-19.8724092],[-43.9243456,-19.872229],[-43.9241144,-19.8718992],[-43.9237436,-19.8723103],[-43.9226189,-19.8725268],[-43.922008,-19.8727576],[-43.9231515,-19.8708011],[-43.9207862,-19.8697314],[-43.9199706,-19.8689521],[-43.9195944,-19.8691953],[-43.9193771,-19.8677636],[-43.9206302,-19.8652785],[-43.9203369,-19.8645676],[-43.9211026,-19.8646057],[-43.9208841,-19.865304],[-43.9208576,-19.866012],[-43.9203884,-19.8671555],[-43.9205741,-19.8671997],[-43.9205227,-19.8673004],[-43.9209087,-19.8673837],[-43.9210167,-19.8676923],[-43.9216291,-19.8681361],[-43.9217882,-19.8684696],[-43.9218077,-19.868411],[-43.9221818,-19.8684212],[-43.9223645,-19.868158],[-43.9227902,-19.8666502],[-43.9241183,-19.8669641],[-43.9246626,-19.8650305],[-43.9253297,-19.8648567],[-43.9255282,-19.8655419],[-43.9259665,-19.8654272],[-43.9264561,-19.8670047],[-43.9272422,-19.8667977],[-43.9270128,-19.8661293],[-43.9260834,-19.8642229],[-43.925585,-19.8639838],[-43.9263109,-19.8643308],[-43.9273501,-19.8648512],[-43.9272905,-19.8655825],[-43.9274027,-19.8659692],[-43.9280427,-19.8673563],[-43.9283479,-19.8685555],[-43.9283316,-19.8691507],[-43.9281642,-19.8698875],[-43.9276668,-19.8710562],[-43.9275704,-19.8715614],[-43.9275546,-19.87247],[-43.9266293,-19.8724243],[-43.9261076,-19.8729132],[-43.9255403,-19.8725582],[-43.9246458,-19.8731805]]]}},{"type":"Feature","properties":{"code":"738","name":"Ouro Preto"},"geometry":{"type":"Polygon","coordinates":[[[-43.9861949,-19.8905828],[-43.9858159,-19.8897068],[-43.985235,-19.8892984],[-43.9851341,-19.8891422],[-43.9845045,-19.8891237],[-43.9845062,-19.8888605],[-43.9842338,-19.8888844],[-43.9840823,-19.8887419],[-43.9839265,-19.888757],[-43.9837091,-19.8884667],[-43.9833151,-19.8883291],[-43.9815643,-19.888002],[-43.9814521,-19.8871939],[-43.9821445,-19.8873879],[-43.9820869,-19.8854143],[-43.9820264,-19.8852141],[-43.9817648,-19.8850074],[-43.9820883,-19.8848663],[-43.9827559,-19.8844073],[-43.9827428,-19.8835435],[-43.9827245,-19.882608],[-43.9823184,-19.881814],[-43.982035,-19.880229],[-43.9816603,-19.878908],[-43.9815913,-19.8776954],[-43.981395,-19.8771954],[-43.980136,-19.8754964],[-43.9783361,-19.8752316],[-43.9783121,-19.8760056],[-43.9769036,-19.8757866],[-43.9769094,-19.8736969],[-43.9770639,-19.8737877],[-43.9774194,-19.8738125],[-43.9777902,-19.8732591],[-43.9793799,-19.8716714],[-43.9795989,-19.8707146],[-43.9792492,-19.869961],[-43.9791533,-19.8695482],[-43.9796939,-19.8684207],[-43.9796871,-19.867377],[-43.980688,-19.8673688],[-43.98075,-19.8673021],[-43.9807342,-19.8645312],[-43.9818369,-19.8636297],[-43.9821002,-19.8629589],[-43.9825539,-19.8638023],[-43.9828564,-19.8641479],[-43.984065,-19.8651966],[-43.9846484,-19.8658607],[-43.9853599,-19.8677133],[-43.9859788,-19.8675506],[-43.9883526,-19.8665701],[-43.9890718,-19.8656872],[-43.9910754,-19.8667672],[-43.9914122,-19.8667155],[-43.9916394,-19.8673184],[-43.9903456,-19.8676285],[-43.9916538,-19.8707223],[-43.9904391,-19.8711902],[-43.9917311,-19.8749612],[-43.9907746,-19.8753857],[-43.9913051,-19.8760035],[-43.9916772,-19.876636],[-43.9905699,-19.876665],[-43.9901478,-19.8767732],[-43.9903237,-19.8773181],[-43.9888152,-19.8810064],[-43.988062,-19.8814215],[-43.9879307,-19.8821645],[-43.9880082,-19.8821891],[-43.988113,-19.8824168],[-43.9877991,-19.8849508],[-43.9870061,-19.8860539],[-43.9869084,-19.8863132],[-43.9870937,-19.8868443],[-43.9871055,-19.8871453],[-43.9868794,-19.8880927],[-43.9868815,-19.8902597],[-43.9861949,-19.8905828]],[[-43.9844377,-19.885664],[-43.9845758,-19.8856595],[-43.9847812,-19.8855109],[-43.9847509,-19.8853262],[-43.9848323,-19.8849843],[-43.9847625,-19.8849648],[-43.9852237,-19.883915],[-43.9849918,-19.8837911],[-43.9847587,-19.8838103],[-43.9847719,-19.8834356],[-43.9845921,-19.8833399],[-43.984736,-19.8831324],[-43.9843059,-19.8828798],[-43.9842531,-19.8829987],[-43.9833971,-19.8829252],[-43.9834099,-19.8835543],[-43.9835604,-19.8840583],[-43.983714,-19.8841368],[-43.9842426,-19.8850641],[-43.9843354,-19.8852458],[-43.9842368,-19.885402],[-43.9842737,-19.8855419],[-43.9844377,-19.885664]]]}},{"type":"Feature","properties":{"code":"1459","name":"Vila Real II"},"geometry":{"type":"Polygon","coordinates":[[[-43.9517871,-19.8764664],[-43.9506485,-19.8764663],[-43.9500684,-19.8756905],[-43.9496693,-19.8747098],[-43.949813,-19.8746782],[-43.9501023,-19.8750951],[-43.9503357,-19.8750161],[-43.9512982,-19.8760213],[-43.9514972,-19.8758893],[-43.9519212,-19.8760182],[-43.9520696,-19.8762162],[-43.9517871,-19.8764664]]]}},{"type":"Feature","properties":{"code":"698","name":"Ipiranga"},"geometry":{"type":"Polygon","coordinates":[[[-43.9360448,-19.8895099],[-43.9306613,-19.887818],[-43.9297839,-19.886205],[-43.9292977,-19.8856219],[-43.9293925,-19.8847867],[-43.929984,-19.8832199],[-43.9301741,-19.8822056],[-43.9297528,-19.8801044],[-43.9292011,-19.878468],[-43.9283705,-19.8753253],[-43.9336681,-19.8773899],[-43.9343343,-19.8778399],[-43.9347092,-19.8784239],[-43.93667,-19.8824726],[-43.9370133,-19.8828535],[-43.9369667,-19.8830967],[-43.9374238,-19.8839475],[-43.9374759,-19.8843806],[-43.9374063,-19.8851911],[-43.9370911,-19.8857558],[-43.9368985,-19.8863519],[-43.9364548,-19.8867143],[-43.9362982,-19.8870098],[-43.9362916,-19.8881945],[-43.9361839,-19.8884724],[-43.9359448,-19.8886387],[-43.9360448,-19.8895099]],[[-43.9334451,-19.8875438],[-43.9337685,-19.8875107],[-43.9337531,-19.887404],[-43.9339375,-19.8873831],[-43.9339079,-19.8872469],[-43.9341154,-19.8871672],[-43.9342239,-19.8872521],[-43.9342537,-19.8871965],[-43.9341767,-19.8870614],[-43.9337734,-19.8872173],[-43.9335518,-19.8866845],[-43.9332519,-19.8867798],[-43.9331207,-19.8871684],[-43.9333731,-19.8873135],[-43.9334451,-19.8875438]]]}},{"type":"Feature","properties":{"code":"684","name":"Glória"},"geometry":{"type":"Polygon","coordinates":[[[-44.0046994,-19.9149351],[-44.0038233,-19.9146502],[-44.002123,-19.9118302],[-44.0019177,-19.911259],[-44.0018571,-19.9106074],[-44.0025184,-19.9084132],[-44.0023363,-19.9084175],[-44.0019528,-19.9079867],[-44.0016586,-19.9078868],[-43.9986923,-19.908257],[-43.9997278,-19.9060917],[-44.0003914,-19.9052953],[-44.0010518,-19.9048824],[-44.0028317,-19.9041727],[-44.0032467,-19.9037691],[-44.0059572,-19.8982158],[-44.0065373,-19.8977092],[-44.0077321,-19.8972346],[-44.0081179,-19.8968809],[-44.008899,-19.8937168],[-44.00992,-19.8946259],[-44.0101361,-19.8950203],[-44.0121341,-19.8953425],[-44.0128975,-19.8955534],[-44.0163673,-19.8975618],[-44.0178338,-19.8993436],[-44.0183706,-19.9007833],[-44.0158916,-19.9018835],[-44.015152,-19.9010876],[-44.0151667,-19.901178],[-44.0149874,-19.9011736],[-44.0098347,-19.9008854],[-44.0104997,-19.9022335],[-44.0114393,-19.9029297],[-44.0105629,-19.9028931],[-44.0102775,-19.9029964],[-44.0090795,-19.9075899],[-44.0085338,-19.9086602],[-44.0080438,-19.9091659],[-44.0074579,-19.9094377],[-44.0066365,-19.9104639],[-44.0057271,-19.9117836],[-44.005877,-19.9121706],[-44.0061708,-19.9123382],[-44.0060781,-19.9125245],[-44.0060734,-19.91284],[-44.0044199,-19.9142893],[-44.0052644,-19.9144467],[-44.0046994,-19.9149351]]]}},{"type":"Feature","properties":{"code":"1172","name":"Jardim Alvorada"},"geometry":{"type":"MultiPolygon","coordinates":[[[[-43.9853561,-19.8976952],[-43.9859085,-19.8967389],[-43.9862203,-19.8965078],[-43.9864251,-19.8963696],[-43.986692,-19.896472],[-43.98686,-19.8962547],[-43.9871393,-19.89636],[-43.9873485,-19.8959821],[-43.987692,-19.8961142],[-43.9878635,-19.8957],[-43.9878449,-19.8951334],[-43.9875344,-19.8951848],[-43.9874525,-19.8950989],[-43.9882929,-19.8944095],[-43.9872808,-19.8942574],[-43.9876774,-19.893961],[-43.9879075,-19.8939098],[-43.9878474,-19.8936092],[-43.9880348,-19.8933829],[-43.9878542,-19.8932895],[-43.9879813,-19.8929907],[-43.9878324,-19.8929043],[-43.9881606,-19.8922828],[-43.9891844,-19.8928394],[-43.9897113,-19.8923699],[-43.9896714,-19.8920968],[-43.9901005,-19.8921272],[-43.9895372,-19.8933307],[-43.9905418,-19.8934633],[-43.9907712,-19.892188],[-43.9909081,-19.8918227],[-43.9922438,-19.8923443],[-43.9932264,-19.8928356],[-43.9931803,-19.8934554],[-43.9930465,-19.893911],[-43.992108,-19.8955193],[-43.9918111,-19.8963839],[-43.9920482,-19.8976674],[-43.992407,-19.8990468],[-43.9920874,-19.8998791],[-43.9917661,-19.9004858],[-43.9891155,-19.9036404],[-43.9873756,-19.9047877],[-43.9842121,-19.9026137],[-43.9837691,-19.9022382],[-43.9831677,-19.9015885],[-43.9818869,-19.8993541],[-43.9832806,-19.8988851],[-43.9833928,-19.8993335],[-43.9832172,-19.8994696],[-43.9835566,-19.9001344],[-43.9836236,-19.9002579],[-43.9839945,-19.9002631],[-43.9844612,-19.899056],[-43.9845731,-19.8990028],[-43.9847297,-19.8991007],[-43.9852112,-19.8980072],[-43.9854376,-19.8979109],[-43.9853561,-19.8976952]]],[[[-43.9841378,-19.8962499],[-43.9838746,-19.8958321],[-43.9834799,-19.8958519],[-43.9833386,-19.8945708],[-43.9837576,-19.8943922],[-43.9837549,-19.8935799],[-43.9845519,-19.8915202],[-43.984756,-19.8912489],[-43.9849953,-19.8910923],[-43.9867954,-19.8902984],[-43.9868265,-19.8903604],[-43.986726,-19.8904004],[-43.9867971,-19.8905473],[-43.9865162,-19.8908309],[-43.9851908,-19.891323],[-43.9847294,-19.89166],[-43.984771,-19.8920432],[-43.9846321,-19.892195],[-43.9840826,-19.8934171],[-43.9840273,-19.8938286],[-43.9846313,-19.8945201],[-43.9846478,-19.8946944],[-43.9848215,-19.8948381],[-43.9846571,-19.8950301],[-43.9848812,-19.8951936],[-43.9843451,-19.8960395],[-43.9841378,-19.8962499]]]]}},{"type":"Feature","properties":{"code":"735","name":"Nova Vista"},"geometry":{"type":"Polygon","coordinates":[[[-43.8903892,-19.8877386],[-43.8904751,-19.8868483],[-43.8907061,-19.8864417],[-43.8911095,-19.8861289],[-43.8921813,-19.8863557],[-43.8924189,-19.8866118],[-43.8925463,-19.8869417],[-43.8928473,-19.8872164],[-43.893023,-19.8875711],[-43.8939046,-19.8876805],[-43.8945505,-19.8873779],[-43.8954972,-19.887307],[-43.8956234,-19.8870525],[-43.8956285,-19.8864133],[-43.8958208,-19.8859111],[-43.8959739,-19.8856617],[-43.8961607,-19.8855771],[-43.8968526,-19.8856131],[-43.897223,-19.8854948],[-43.8978745,-19.8858583],[-43.8986098,-19.8857678],[-43.8993241,-19.885383],[-43.899556,-19.8853751],[-43.8998634,-19.8852259],[-43.9002907,-19.8852643],[-43.9010781,-19.8851473],[-43.9015318,-19.8852469],[-43.9017905,-19.8851136],[-43.9020636,-19.8852165],[-43.9023469,-19.8850703],[-43.9030498,-19.8849963],[-43.9032263,-19.8853223],[-43.9036765,-19.8857579],[-43.9039368,-19.886387],[-43.9040866,-19.8863732],[-43.9044863,-19.8861202],[-43.9048803,-19.8860397],[-43.9050889,-19.886076],[-43.9054626,-19.8863199],[-43.9057419,-19.8863616],[-43.9060052,-19.8860939],[-43.905771,-19.8871437],[-43.9056746,-19.8873108],[-43.9056528,-19.8877865],[-43.9057356,-19.8888206],[-43.9059845,-19.8898439],[-43.9038093,-19.8904597],[-43.9039883,-19.8910426],[-43.9039646,-19.8911669],[-43.9015532,-19.8906911],[-43.9012282,-19.8907369],[-43.9005416,-19.8906311],[-43.8905524,-19.8885577],[-43.8903892,-19.8877386]]]}},{"type":"Feature","properties":{"code":"602","name":"Alípio de Melo"},"geometry":{"type":"Polygon","coordinates":[[[-44.0020771,-19.9044848],[-44.0023065,-19.9039912],[-43.9997858,-19.9015876],[-44.0000746,-19.8994807],[-44.0016214,-19.8990587],[-44.0020745,-19.8981425],[-44.0012899,-19.8977868],[-44.0008799,-19.8973828],[-43.9996335,-19.8932682],[-43.9987469,-19.8915087],[-43.9998675,-19.8909837],[-44.0064205,-19.8853653],[-44.0075487,-19.8905073],[-44.0078358,-19.8924328],[-44.0080273,-19.8928488],[-44.0083872,-19.8932816],[-44.008899,-19.8937168],[-44.0083435,-19.8961629],[-44.0081179,-19.8968809],[-44.0077321,-19.8972346],[-44.0065373,-19.8977092],[-44.0059572,-19.8982158],[-44.0032467,-19.9037691],[-44.0028317,-19.9041727],[-44.0020771,-19.9044848]]]}},{"type":"Feature","properties":{"code":"730","name":"Nova Floresta"},"geometry":{"type":"Polygon","coordinates":[[[-43.9333692,-19.8973963],[-43.9322806,-19.8971427],[-43.9321743,-19.8970103],[-43.9307296,-19.896263],[-43.9305174,-19.8954076],[-43.9305959,-19.8951806],[-43.9314362,-19.8948929],[-43.9320373,-19.893681],[-43.9318145,-19.8915415],[-43.9309369,-19.89162],[-43.9314191,-19.8901713],[-43.9316505,-19.8899312],[-43.9329345,-19.8892572],[-43.9328741,-19.8885443],[-43.9360448,-19.8895099],[-43.9362752,-19.8917424],[-43.9363334,-19.8947099],[-43.9362691,-19.8952671],[-43.9360852,-19.8955282],[-43.9354042,-19.8960743],[-43.9348013,-19.8973926],[-43.9333692,-19.8973963]]]}},{"type":"Feature","properties":{"code":"603","name":"Alto Caiçaras"},"geometry":{"type":"Polygon","coordinates":[[[-43.9719636,-19.9040035],[-43.9718306,-19.9039347],[-43.970113,-19.9014366],[-43.9682308,-19.9000653],[-43.9688182,-19.8996725],[-43.9687546,-19.8995665],[-43.9690455,-19.8982103],[-43.9705973,-19.8969038],[-43.9715891,-19.8956327],[-43.9716267,-19.8954303],[-43.9713896,-19.8944131],[-43.9713216,-19.8931207],[-43.9716942,-19.8922549],[-43.9724225,-19.8912096],[-43.9736542,-19.8917178],[-43.974445,-19.8918906],[-43.9755142,-19.8919246],[-43.9759014,-19.8918175],[-43.9772252,-19.892525],[-43.9783097,-19.8933565],[-43.9788171,-19.8939267],[-43.9792412,-19.8945469],[-43.9818869,-19.8993541],[-43.9816376,-19.8995047],[-43.9815916,-19.8997691],[-43.981387,-19.8999041],[-43.9803764,-19.8999878],[-43.9801822,-19.8991231],[-43.9799649,-19.8989508],[-43.9786227,-19.8997971],[-43.9788301,-19.9002467],[-43.9788134,-19.9003647],[-43.9767382,-19.9014089],[-43.9754945,-19.9023341],[-43.9753517,-19.9023333],[-43.9749883,-19.9018409],[-43.9746863,-19.9020006],[-43.9720076,-19.9017921],[-43.9719636,-19.9040035]]]}},{"type":"Feature","properties":{"code":"789","name":"São Marcos"},"geometry":{"type":"Polygon","coordinates":[[[-43.9124553,-19.8727543],[-43.911039,-19.8745538],[-43.9109854,-19.8744474],[-43.9107912,-19.8746136],[-43.9103901,-19.8747508],[-43.9096741,-19.8748011],[-43.9083415,-19.8752714],[-43.9073636,-19.8754444],[-43.907961,-19.8747972],[-43.908082,-19.8743308],[-43.908029,-19.8738928],[-43.9072213,-19.8715272],[-43.9071081,-19.8709484],[-43.9075482,-19.8685673],[-43.9083916,-19.8679457],[-43.9092192,-19.8671925],[-43.9094351,-19.8671261],[-43.9096576,-19.8671614],[-43.9103164,-19.866827],[-43.9109516,-19.866983],[-43.9119979,-19.8673781],[-43.9144361,-19.8669242],[-43.9169031,-19.8674009],[-43.9170111,-19.8681111],[-43.9163114,-19.8689053],[-43.9162502,-19.8695085],[-43.915457,-19.8699293],[-43.9134416,-19.8713323],[-43.9129723,-19.8718865],[-43.9124553,-19.8727543]]]}},{"type":"Feature","properties":{"code":"1397","name":"Urca"},"geometry":{"type":"Polygon","coordinates":[[[-44.0183903,-19.8693563],[-44.0183403,-19.8704502],[-44.0184516,-19.8709237],[-44.0188641,-19.8713574],[-44.0189807,-19.8719519],[-44.0183511,-19.8733417],[-44.0182142,-19.8736061],[-44.0160949,-19.8738214],[-44.0154519,-19.8738418],[-44.0150345,-19.8737604],[-44.0145387,-19.8735292],[-44.0129041,-19.8722809],[-44.0126129,-19.8719917],[-44.0122413,-19.8711446],[-44.0117506,-19.8696341],[-44.0145389,-19.8709216],[-44.0154283,-19.8679775],[-44.0183903,-19.8693563]]]}},{"type":"Feature","properties":{"code":"660","name":"Dom Joaquim"},"geometry":{"type":"Polygon","coordinates":[[[-43.9144456,-19.8818474],[-43.9130806,-19.8798847],[-43.9116836,-19.8783876],[-43.9132825,-19.878049],[-43.9142691,-19.8774676],[-43.9140521,-19.8770985],[-43.9144632,-19.876517],[-43.9146437,-19.8763449],[-43.9154117,-19.8762578],[-43.9156803,-19.8760684],[-43.9167131,-19.8750124],[-43.9183448,-19.8745668],[-43.9194318,-19.8745318],[-43.9208223,-19.8738703],[-43.9217551,-19.872897],[-43.9224383,-19.8725745],[-43.9237436,-19.8723103],[-43.9241144,-19.8718992],[-43.9243456,-19.872229],[-43.9247752,-19.8724092],[-43.9243027,-19.8728666],[-43.9246458,-19.8731805],[-43.9238714,-19.8737971],[-43.9216605,-19.8753193],[-43.9193096,-19.8773717],[-43.9188638,-19.877957],[-43.9175421,-19.8791444],[-43.9165627,-19.8802553],[-43.9156121,-19.8810865],[-43.9144456,-19.8818474]]]}},{"type":"Feature","properties":{"code":"788","name":"São Lucas"},"geometry":{"type":"Polygon","coordinates":[[[-43.9176592,-19.9351237],[-43.9174234,-19.9345532],[-43.917795,-19.9344399],[-43.918071,-19.9341288],[-43.9174465,-19.9336089],[-43.9173266,-19.9335935],[-43.9179296,-19.9333098],[-43.9176939,-19.9328219],[-43.9180869,-19.9326746],[-43.9178736,-19.9322274],[-43.9179813,-19.9319497],[-43.9183966,-19.9316075],[-43.9190561,-19.9313019],[-43.9189104,-19.9310318],[-43.9193028,-19.9308554],[-43.9190401,-19.9304302],[-43.9194533,-19.9302987],[-43.9193118,-19.9300394],[-43.919928,-19.9290958],[-43.9197131,-19.9287034],[-43.919735,-19.9284689],[-43.9194978,-19.9281716],[-43.9191276,-19.9286332],[-43.9189883,-19.9286561],[-43.9185918,-19.9290238],[-43.918597,-19.9291934],[-43.9182847,-19.9293682],[-43.9179073,-19.9294681],[-43.9173837,-19.9275844],[-43.9200289,-19.9269474],[-43.920349,-19.9277111],[-43.9241041,-19.9317954],[-43.9235925,-19.9317831],[-43.9177257,-19.9351448],[-43.9176592,-19.9351237]]]}},{"type":"Feature","properties":{"code":"1281","name":"Barão Homem de Melo III"},"geometry":{"type":"Polygon","coordinates":[[[-43.9717325,-19.9429718],[-43.9710347,-19.9426007],[-43.9712249,-19.9423963],[-43.9713256,-19.942121],[-43.9716586,-19.9418533],[-43.9718276,-19.9422444],[-43.9720638,-19.9424258],[-43.9717325,-19.9429718]]]}},{"type":"Feature","properties":{"code":"1480","name":"Vila Vista Alegre"},"geometry":{"type":"Polygon","coordinates":[[[-43.9974875,-19.9580722],[-43.9968721,-19.9580356],[-43.9963307,-19.9578931],[-43.9957369,-19.9576078],[-43.9942717,-19.9563776],[-43.9932641,-19.9556495],[-43.9929281,-19.9554829],[-43.992218,-19.9552554],[-43.9896288,-19.9550716],[-43.9887235,-19.9548981],[-43.9880349,-19.9545706],[-43.9877176,-19.9543204],[-43.9889673,-19.9527457],[-43.9886989,-19.9504068],[-43.9901014,-19.9513371],[-43.9909079,-19.9504109],[-43.9911125,-19.9504323],[-43.9942832,-19.953718],[-43.9969056,-19.9549614],[-43.9974856,-19.9549896],[-43.9975731,-19.9552859],[-43.997473,-19.9553715],[-43.9973275,-19.9553679],[-43.9972935,-19.9554828],[-43.9971617,-19.9570889],[-43.9981754,-19.9570162],[-43.9983688,-19.9575888],[-43.9981856,-19.957908],[-43.9974875,-19.9580722]]]}},{"type":"Feature","properties":{"code":"1271","name":"Alpes"},"geometry":{"type":"Polygon","coordinates":[[[-43.9652161,-19.9564286],[-43.9640698,-19.9556708],[-43.964117,-19.9554756],[-43.9636949,-19.9553836],[-43.9636554,-19.9555022],[-43.9630716,-19.9554165],[-43.9605312,-19.9548266],[-43.9607852,-19.9539139],[-43.96069,-19.9535226],[-43.9601871,-19.9546828],[-43.9598402,-19.9552833],[-43.9598002,-19.9558114],[-43.9585374,-19.9552754],[-43.9595959,-19.9537622],[-43.960472,-19.9521368],[-43.960855,-19.9522099],[-43.9607579,-19.9525856],[-43.9610072,-19.9526308],[-43.9609444,-19.9528346],[-43.961565,-19.9529869],[-43.9612777,-19.9540864],[-43.9617947,-19.9542338],[-43.9618784,-19.9539508],[-43.9623369,-19.954078],[-43.9624031,-19.9537962],[-43.9629214,-19.9539098],[-43.9629681,-19.9537303],[-43.9634722,-19.953856],[-43.9635772,-19.9534498],[-43.9655918,-19.9539403],[-43.9657837,-19.9532004],[-43.9653159,-19.9530993],[-43.9655157,-19.9520899],[-43.9659476,-19.9518817],[-43.9660755,-19.9520537],[-43.9665581,-19.9520209],[-43.9669379,-19.9520869],[-43.967703,-19.9518522],[-43.9669185,-19.9545801],[-43.9663139,-19.9563477],[-43.9655309,-19.955903],[-43.9653186,-19.9561649],[-43.9652161,-19.9564286]]]}},{"type":"Feature","properties":{"code":"1345","name":"Vila Madre Gertrudes V"},"geometry":{"type":"Polygon","coordinates":[[[-44.0072832,-19.9533947],[-44.0068638,-19.9536095],[-44.0059451,-19.9545434],[-44.006101,-19.9550698],[-44.0055393,-19.9550618],[-44.0053075,-19.9548955],[-44.0056112,-19.9546326],[-44.0053708,-19.9546343],[-44.0051694,-19.9545336],[-44.0050571,-19.9542643],[-44.0051594,-19.9540517],[-44.0063422,-19.9534093],[-44.0070348,-19.9529181],[-44.0072832,-19.9533947]]]}},{"type":"Feature","properties":{"code":"667","name":"Estoril"},"geometry":{"type":"Polygon","coordinates":[[[-43.9590903,-19.971411],[-43.958316,-19.97095],[-43.9566213,-19.9708131],[-43.9562777,-19.9703064],[-43.95615,-19.9705772],[-43.9558756,-19.9706237],[-43.955393,-19.970179],[-43.9549777,-19.9696717],[-43.9548203,-19.9690043],[-43.954584,-19.9689227],[-43.9542978,-19.9689529],[-43.9542563,-19.9688219],[-43.9543635,-19.9681576],[-43.9541678,-19.9662657],[-43.9543572,-19.9654292],[-43.9546111,-19.9650363],[-43.9569138,-19.9622835],[-43.9572821,-19.9616119],[-43.9575069,-19.9598196],[-43.957043,-19.9580824],[-43.9571002,-19.9575669],[-43.9572112,-19.9572185],[-43.9585374,-19.9552754],[-43.9598002,-19.9558114],[-43.959508,-19.9563657],[-43.9599574,-19.9565502],[-43.9602052,-19.9569417],[-43.9607235,-19.9567347],[-43.9609082,-19.9563308],[-43.9612722,-19.9564887],[-43.9620392,-19.9566085],[-43.9622441,-19.956725],[-43.9626216,-19.9564532],[-43.9632982,-19.9561162],[-43.9636636,-19.9560392],[-43.9639683,-19.9560892],[-43.9640698,-19.9556708],[-43.9652161,-19.9564286],[-43.9653186,-19.9561649],[-43.9655309,-19.955903],[-43.9663139,-19.9563477],[-43.9669185,-19.9545801],[-43.9704505,-19.9558959],[-43.9703447,-19.9559797],[-43.9705124,-19.9565408],[-43.9700789,-19.9575261],[-43.9679847,-19.9593214],[-43.9671107,-19.9603625],[-43.9678431,-19.9611689],[-43.9675535,-19.9613598],[-43.9672344,-19.9618483],[-43.966766,-19.9622863],[-43.966571,-19.9626962],[-43.9662593,-19.962698],[-43.9660725,-19.9629937],[-43.9659565,-19.9633752],[-43.9659882,-19.9639588],[-43.9662788,-19.9643025],[-43.9654161,-19.9655272],[-43.9655193,-19.965774],[-43.9656584,-19.9658037],[-43.9656873,-19.9661475],[-43.9653179,-19.9669995],[-43.9652267,-19.967102],[-43.9649709,-19.9671906],[-43.9641642,-19.9671877],[-43.9638238,-19.9672832],[-43.9634985,-19.9675248],[-43.9632778,-19.9678604],[-43.9615626,-19.9670926],[-43.9604424,-19.9693254],[-43.9590903,-19.971411]]]}},{"type":"Feature","properties":{"code":"1304","name":"Chácara Leonina"},"geometry":{"type":"Polygon","coordinates":[[[-43.959508,-19.9563657],[-43.9597775,-19.9559176],[-43.9598402,-19.9552833],[-43.9601871,-19.9546828],[-43.96069,-19.9535226],[-43.9607852,-19.9539139],[-43.9605312,-19.9548266],[-43.9610331,-19.9549422],[-43.9607588,-19.9552003],[-43.9604684,-19.9558526],[-43.9604658,-19.9560343],[-43.9605437,-19.9561539],[-43.9609082,-19.9563308],[-43.9608831,-19.9564919],[-43.9606162,-19.9568131],[-43.9602052,-19.9569417],[-43.9599574,-19.9565502],[-43.959508,-19.9563657]]]}},{"type":"Feature","properties":{"code":"1321","name":"Esperança"},"geometry":{"type":"Polygon","coordinates":[[[-43.9881517,-19.9934465],[-43.9881917,-19.9937002],[-43.9883675,-19.9940284],[-43.9883337,-19.9941283],[-43.9878013,-19.9937288],[-43.987624,-19.9933235],[-43.9873472,-19.9930645],[-43.9872693,-19.9925919],[-43.9875623,-19.9923181],[-43.9877125,-19.9919757],[-43.9879299,-19.9919536],[-43.9880075,-19.9918792],[-43.9882661,-19.9920038],[-43.9887212,-19.9915853],[-43.9894332,-19.9915901],[-43.9905913,-19.9919809],[-43.9904499,-19.9922181],[-43.991018,-19.992514],[-43.9912074,-19.9927828],[-43.9912041,-19.9931005],[-43.9908666,-19.9929225],[-43.9904121,-19.9935753],[-43.9908611,-19.9939007],[-43.990614,-19.9943578],[-43.9895125,-19.9938737],[-43.98945,-19.9940221],[-43.9886867,-19.9939337],[-43.9881517,-19.9934465]]]}},{"type":"Feature","properties":{"code":"1455","name":"Vila Piratininga"},"geometry":{"type":"Polygon","coordinates":[[[-44.0516352,-19.9966074],[-44.0515676,-19.996183],[-44.0519394,-19.9941643],[-44.0517213,-19.9941187],[-44.0518319,-19.9934529],[-44.0520752,-19.9934977],[-44.0522161,-19.9932807],[-44.0528258,-19.9897598],[-44.0523612,-19.9896936],[-44.0524203,-19.9894278],[-44.0522078,-19.9893994],[-44.0522813,-19.9890071],[-44.0519782,-19.9889495],[-44.0519976,-19.9888472],[-44.051641,-19.9887817],[-44.0516174,-19.9888986],[-44.0512984,-19.9888394],[-44.0513212,-19.9887333],[-44.050717,-19.9886705],[-44.0505623,-19.9889281],[-44.0502239,-19.9887066],[-44.0506491,-19.9883054],[-44.0506031,-19.9879717],[-44.0507749,-19.9879274],[-44.0515913,-19.9869763],[-44.0524218,-19.9877763],[-44.0525315,-19.9881521],[-44.0531935,-19.9878817],[-44.0533211,-19.9887103],[-44.0532207,-19.9895031],[-44.0518639,-19.9962106],[-44.0518539,-19.996333],[-44.0521009,-19.996332],[-44.0519448,-19.9965776],[-44.0516352,-19.9966074]]]}},{"type":"Feature","properties":{"code":"716","name":"Luxemburgo"},"geometry":{"type":"Polygon","coordinates":[[[-43.9559014,-19.9523576],[-43.9539705,-19.9518749],[-43.9537117,-19.9517383],[-43.953032,-19.950954],[-43.9527527,-19.9503126],[-43.9527378,-19.9498174],[-43.9534182,-19.9487103],[-43.9534647,-19.948066],[-43.9534244,-19.9477582],[-43.9528158,-19.9470633],[-43.9534291,-19.9465848],[-43.953051,-19.946078],[-43.9530352,-19.9451293],[-43.9531263,-19.9450471],[-43.9526516,-19.9447648],[-43.9526109,-19.9434621],[-43.9531088,-19.9432763],[-43.9537891,-19.942795],[-43.9536849,-19.9426703],[-43.9540697,-19.9422961],[-43.953563,-19.941788],[-43.953507,-19.941484],[-43.953656,-19.9410316],[-43.9538619,-19.9410008],[-43.9538557,-19.9413917],[-43.9539356,-19.9416476],[-43.9543602,-19.9421386],[-43.9546576,-19.9422794],[-43.9559709,-19.9425475],[-43.9564837,-19.9428523],[-43.9567463,-19.9432858],[-43.9567572,-19.9444277],[-43.9569171,-19.9449626],[-43.95708,-19.9451526],[-43.9591564,-19.9464362],[-43.9606325,-19.947758],[-43.9609236,-19.9481698],[-43.9611887,-19.9491057],[-43.9612536,-19.9495087],[-43.9602732,-19.949244],[-43.9598202,-19.9499152],[-43.9594522,-19.9499118],[-43.9594681,-19.950232],[-43.9591503,-19.9513093],[-43.9573493,-19.9512682],[-43.9569541,-19.9513597],[-43.9559014,-19.9523576]]]}},{"type":"Feature","properties":{"code":"655","name":"Coração de Jesus"},"geometry":{"type":"Polygon","coordinates":[[[-43.9501596,-19.9498114],[-43.9492164,-19.948672],[-43.9496315,-19.9479808],[-43.9485749,-19.9473281],[-43.9490933,-19.9465483],[-43.9492452,-19.9462202],[-43.9493312,-19.9457103],[-43.9492718,-19.9450196],[-43.9491046,-19.9447135],[-43.9485489,-19.9441324],[-43.9484358,-19.9438147],[-43.9484577,-19.9434363],[-43.9486018,-19.9430984],[-43.9490055,-19.9426188],[-43.9491092,-19.9420271],[-43.9514705,-19.9419095],[-43.9514602,-19.943262],[-43.9519151,-19.9432826],[-43.9521193,-19.9435169],[-43.9526109,-19.9434621],[-43.9526516,-19.9447648],[-43.9531263,-19.9450471],[-43.9530352,-19.9451293],[-43.953051,-19.946078],[-43.9534291,-19.9465848],[-43.9528158,-19.9470633],[-43.9531373,-19.9474228],[-43.9526223,-19.9478166],[-43.9526018,-19.9488085],[-43.9525059,-19.9489781],[-43.952416,-19.9487096],[-43.9520602,-19.9484829],[-43.9508691,-19.948469],[-43.9501596,-19.9498114]]]}},{"type":"Feature","properties":{"code":"1351","name":"Marieta I"},"geometry":{"type":"Polygon","coordinates":[[[-44.0348038,-19.9926217],[-44.0343321,-19.9926616],[-44.0339908,-19.9928533],[-44.0338543,-19.9928084],[-44.0335573,-19.9925141],[-44.0332047,-19.9923682],[-44.0331008,-19.9922166],[-44.0330989,-19.9920135],[-44.0333626,-19.9918835],[-44.0335163,-19.9915774],[-44.0336298,-19.9904367],[-44.0339814,-19.9903807],[-44.0343972,-19.990566],[-44.0345105,-19.9911049],[-44.0352853,-19.9912584],[-44.0361986,-19.9916086],[-44.0353065,-19.9925716],[-44.0348143,-19.9924972],[-44.0348038,-19.9926217]]]}},{"type":"Feature","properties":{"code":"1348","name":"Marçola"},"geometry":{"type":"Polygon","coordinates":[[[-43.909826,-19.9443068],[-43.9092458,-19.9442694],[-43.908215,-19.9436808],[-43.9076808,-19.9431778],[-43.9071541,-19.9430527],[-43.9066422,-19.9430957],[-43.9059295,-19.9427513],[-43.9054497,-19.9423638],[-43.9062361,-19.9417838],[-43.9064726,-19.9417455],[-43.9062585,-19.9409458],[-43.9063817,-19.9409266],[-43.9064982,-19.9407966],[-43.9068975,-19.9408401],[-43.9068074,-19.9413637],[-43.9068978,-19.9415335],[-43.9070612,-19.9415627],[-43.9078015,-19.9410294],[-43.9085129,-19.9410256],[-43.9087964,-19.9409092],[-43.9094032,-19.9402144],[-43.910181,-19.9398078],[-43.9101604,-19.9396745],[-43.9100029,-19.9396161],[-43.9096461,-19.9395805],[-43.9092703,-19.9396583],[-43.9098988,-19.9393245],[-43.9102755,-19.9392698],[-43.9107458,-19.9386659],[-43.9110496,-19.9378301],[-43.9114057,-19.9375602],[-43.9119394,-19.9379882],[-43.9114097,-19.9379429],[-43.9112384,-19.9396958],[-43.9115459,-19.9397598],[-43.9115143,-19.9399851],[-43.9117063,-19.9400128],[-43.9116902,-19.9403254],[-43.9121663,-19.9403907],[-43.9120976,-19.9407576],[-43.9121331,-19.9410472],[-43.9120604,-19.9410515],[-43.9120335,-19.9407495],[-43.9117259,-19.9406867],[-43.9113943,-19.9406704],[-43.911126,-19.9408803],[-43.9113044,-19.9412364],[-43.9110768,-19.9413671],[-43.9112415,-19.9417401],[-43.9114124,-19.9417228],[-43.9114117,-19.9416587],[-43.9121026,-19.9419732],[-43.9124293,-19.9420263],[-43.9124819,-19.9421408],[-43.9143907,-19.9432083],[-43.9140469,-19.94349],[-43.9132568,-19.9432949],[-43.9107346,-19.9437048],[-43.909826,-19.9443068]]]}},{"type":"Feature","properties":{"code":"778","name":"Santo Antônio"},"geometry":{"type":"Polygon","coordinates":[[[-43.9476745,-19.9511955],[-43.9468094,-19.9506073],[-43.9465739,-19.9509728],[-43.9464154,-19.951085],[-43.9455319,-19.9510273],[-43.9455213,-19.9508732],[-43.9433751,-19.950883],[-43.9427157,-19.950994],[-43.9419551,-19.9501662],[-43.9418297,-19.9502065],[-43.9413649,-19.9500249],[-43.941187,-19.9495938],[-43.9412327,-19.9492288],[-43.9414173,-19.9489408],[-43.942446,-19.9494414],[-43.9424647,-19.9478819],[-43.9423455,-19.9478816],[-43.9423036,-19.9476242],[-43.942082,-19.9476483],[-43.9410246,-19.948089],[-43.940446,-19.9485017],[-43.9393971,-19.9470658],[-43.9375435,-19.9402998],[-43.9439764,-19.9387274],[-43.9458863,-19.9355853],[-43.9465484,-19.9354125],[-43.9476776,-19.9388233],[-43.9479751,-19.940449],[-43.9488695,-19.9416269],[-43.9490194,-19.9417253],[-43.9491092,-19.9420271],[-43.9490055,-19.9426188],[-43.9485197,-19.9432302],[-43.9484358,-19.9438147],[-43.9485489,-19.9441324],[-43.9491046,-19.9447135],[-43.9492718,-19.9450196],[-43.9492973,-19.9459938],[-43.9490933,-19.9465483],[-43.9475881,-19.9488049],[-43.9476745,-19.9511955]]]}},{"type":"Feature","properties":{"code":"702","name":"Jardim América"},"geometry":{"type":"Polygon","coordinates":[[[-43.9695366,-19.944965],[-43.9699963,-19.9451114],[-43.9697575,-19.9457854],[-43.9699837,-19.9458725],[-43.9700968,-19.946655],[-43.9704242,-19.9468105],[-43.9701657,-19.9473913],[-43.9701043,-19.9477267],[-43.9705564,-19.9477627],[-43.9706249,-19.9476416],[-43.9706317,-19.9468097],[-43.9709616,-19.94626],[-43.9705941,-19.9460775],[-43.9702332,-19.9467062],[-43.9701373,-19.9466589],[-43.9703251,-19.9459658],[-43.9701213,-19.9459076],[-43.9703312,-19.9452089],[-43.9709701,-19.9454446],[-43.9708929,-19.9455762],[-43.971165,-19.9456621],[-43.971326,-19.9456212],[-43.9716852,-19.9458185],[-43.9719263,-19.9454131],[-43.9715718,-19.9452329],[-43.9715412,-19.9452911],[-43.9712983,-19.9449444],[-43.9715338,-19.9445008],[-43.9712392,-19.9442812],[-43.9708776,-19.9444118],[-43.970699,-19.9441323],[-43.9708723,-19.943991],[-43.9710677,-19.9440216],[-43.9710844,-19.9439117],[-43.9709658,-19.9438683],[-43.9710929,-19.9436142],[-43.9701237,-19.9432166],[-43.9705147,-19.9425838],[-43.9721262,-19.940423],[-43.9725424,-19.9395242],[-43.9726953,-19.9387474],[-43.9729494,-19.9388273],[-43.9733695,-19.9387946],[-43.9733514,-19.9385474],[-43.9734501,-19.9383991],[-43.9733401,-19.938327],[-43.974112,-19.9382304],[-43.9779133,-19.9402252],[-43.9775013,-19.9416499],[-43.9780234,-19.9439245],[-43.9781976,-19.9440849],[-43.9791844,-19.9446153],[-43.9786627,-19.9449066],[-43.9775102,-19.9448767],[-43.9772778,-19.9451783],[-43.9768412,-19.9453779],[-43.9754451,-19.9452441],[-43.9750972,-19.9454928],[-43.9743881,-19.9466421],[-43.9742491,-19.9470247],[-43.9740963,-19.9469582],[-43.9737808,-19.9475136],[-43.9737533,-19.9478481],[-43.9736824,-19.9478098],[-43.9736397,-19.9478926],[-43.9734883,-19.9479309],[-43.9738776,-19.9484712],[-43.973731,-19.9486252],[-43.9738109,-19.9487154],[-43.9738558,-19.9490459],[-43.973593,-19.9489157],[-43.9735304,-19.9490294],[-43.9738786,-19.9491909],[-43.9738122,-19.9494436],[-43.9737078,-19.94941],[-43.9735982,-19.9495485],[-43.9733322,-19.9496713],[-43.9734025,-19.9500336],[-43.9731331,-19.9499994],[-43.9729234,-19.9507251],[-43.9728024,-19.9509176],[-43.9727386,-19.9508921],[-43.9726149,-19.9511934],[-43.9726995,-19.951261],[-43.9728208,-19.9509261],[-43.9729418,-19.9509305],[-43.9728872,-19.9510364],[-43.9730586,-19.9512003],[-43.9730701,-19.9514281],[-43.9727973,-19.9517762],[-43.9724373,-19.9515983],[-43.9716284,-19.9515592],[-43.9711807,-19.9513647],[-43.9707766,-19.9520682],[-43.9699959,-19.9539082],[-43.9704896,-19.9540976],[-43.9701165,-19.9549851],[-43.9705291,-19.9550252],[-43.9705688,-19.9554942],[-43.9704505,-19.9558959],[-43.9669185,-19.9545801],[-43.9679053,-19.9512201],[-43.9681477,-19.9507175],[-43.9691951,-19.9491325],[-43.9693392,-19.9487437],[-43.9695366,-19.944965]],[[-43.9717325,-19.9429718],[-43.9720638,-19.9424258],[-43.9718276,-19.9422444],[-43.9716586,-19.9418533],[-43.9713256,-19.942121],[-43.9712249,-19.9423963],[-43.9710347,-19.9426007],[-43.9717325,-19.9429718]],[[-43.972721,-19.9480602],[-43.9729769,-19.9476299],[-43.9731985,-19.947751],[-43.9733117,-19.9475225],[-43.9731426,-19.9474641],[-43.9732096,-19.9472233],[-43.9728423,-19.9470484],[-43.9729327,-19.9468904],[-43.9726835,-19.9467544],[-43.9727016,-19.9466714],[-43.9725334,-19.9465453],[-43.9725856,-19.9464552],[-43.9723218,-19.9463258],[-43.9724651,-19.9465487],[-43.9723582,-19.9466835],[-43.9725441,-19.9467823],[-43.9724387,-19.9469274],[-43.9727956,-19.9471277],[-43.9726586,-19.9473564],[-43.9730055,-19.9475422],[-43.972875,-19.9477687],[-43.972776,-19.9477167],[-43.9726198,-19.9480023],[-43.972721,-19.9480602]]]}},{"type":"Feature","properties":{"code":"624","name":"Cabana do Pai Tomás"},"geometry":{"type":"Polygon","coordinates":[[[-43.9953596,-19.953489],[-43.9947171,-19.953201],[-43.9942139,-19.9526201],[-43.9958053,-19.9512579],[-43.996361,-19.9511226],[-43.9966544,-19.950953],[-43.9972797,-19.9508275],[-43.998357,-19.9489748],[-43.9985029,-19.9479008],[-43.9982609,-19.9475054],[-43.9977689,-19.9475451],[-43.9977315,-19.9474045],[-43.9964339,-19.9476696],[-43.9963121,-19.9470262],[-43.9968945,-19.9468897],[-43.9965379,-19.9462861],[-43.9976766,-19.9460437],[-43.9976781,-19.9459829],[-43.9961936,-19.9442568],[-43.9958222,-19.9441137],[-43.9958873,-19.9437823],[-43.9966761,-19.9437636],[-43.9970196,-19.9435555],[-43.9970291,-19.943489],[-43.9975128,-19.9438962],[-43.9986329,-19.9433732],[-43.9993706,-19.9439132],[-43.9994597,-19.9439627],[-43.999523,-19.9439011],[-43.9998868,-19.9442306],[-43.9998268,-19.9442993],[-44.0004165,-19.9447337],[-44.0005367,-19.9444412],[-44.0017976,-19.9433255],[-44.0020565,-19.9430181],[-44.0021214,-19.9426794],[-44.0019893,-19.9421052],[-44.0011469,-19.9410201],[-44.0010282,-19.94077],[-44.0008208,-19.939852],[-44.0004712,-19.9388972],[-44.000642,-19.9386227],[-44.0011698,-19.9392984],[-44.0008704,-19.9394085],[-44.0009719,-19.9397627],[-44.0010222,-19.9397325],[-44.0011161,-19.9398888],[-44.0009598,-19.9399895],[-44.0011501,-19.940421],[-44.0011993,-19.9403973],[-44.0012552,-19.9405328],[-44.0012068,-19.9405494],[-44.0018371,-19.9413535],[-44.0017976,-19.9413871],[-44.0020246,-19.9417133],[-44.0021233,-19.941629],[-44.0023027,-19.9418341],[-44.0022095,-19.9419055],[-44.0023771,-19.9425784],[-44.0023197,-19.9426018],[-44.0023281,-19.942964],[-44.0022095,-19.9432203],[-44.0028714,-19.9432858],[-44.0031193,-19.9429634],[-44.0034463,-19.9433138],[-44.003031,-19.9439073],[-44.0037741,-19.943991],[-44.0038114,-19.9443572],[-44.0043327,-19.9446594],[-44.0039893,-19.9451588],[-44.0038253,-19.9450276],[-44.0038483,-19.9451014],[-44.0030662,-19.9457931],[-44.0035309,-19.9461981],[-44.0032435,-19.9462494],[-44.0032773,-19.9465047],[-44.0015726,-19.9467574],[-44.0014187,-19.947018],[-44.0013522,-19.9473675],[-44.0019522,-19.948748],[-44.002135,-19.9496956],[-44.0022501,-19.9499652],[-44.0018068,-19.9498556],[-44.0011183,-19.9498296],[-44.0005948,-19.9501214],[-44.0004948,-19.9500546],[-43.9998596,-19.9500101],[-43.9996459,-19.9501978],[-43.9992238,-19.9499569],[-43.9993228,-19.950167],[-43.999261,-19.9502309],[-43.9991743,-19.950893],[-43.9987857,-19.9517937],[-43.9985951,-19.9519856],[-43.9983707,-19.9521783],[-43.9971459,-19.9528113],[-43.9961632,-19.9531322],[-43.9958968,-19.9533887],[-43.9955034,-19.9532091],[-43.9953596,-19.953489]]]}},{"type":"Feature","properties":{"code":"1446","name":"Vila Nova Gameleira II"},"geometry":{"type":"Polygon","coordinates":[[[-43.9922565,-19.9413117],[-43.9918637,-19.9405245],[-43.9914823,-19.9401006],[-43.9912648,-19.9401238],[-43.9912569,-19.9400201],[-43.9911591,-19.9399536],[-43.9906756,-19.9398912],[-43.9906032,-19.9398007],[-43.9905403,-19.9398556],[-43.9903256,-19.939837],[-43.9903882,-19.9396068],[-43.9916855,-19.9385307],[-43.9920256,-19.9385451],[-43.9924347,-19.9382286],[-43.9930436,-19.938892],[-43.9936737,-19.9393895],[-43.9922565,-19.9413117]]]}},{"type":"Feature","properties":{"code":"1445","name":"Vila Nova Gameleira I"},"geometry":{"type":"Polygon","coordinates":[[[-43.9976335,-19.9418282],[-43.9973109,-19.9416223],[-43.9964285,-19.9412892],[-43.99655,-19.9403475],[-43.9969421,-19.940416],[-43.9974912,-19.9406262],[-43.997859,-19.9403648],[-43.9978914,-19.9400615],[-43.9974114,-19.9398348],[-43.9976448,-19.9392045],[-43.9981378,-19.9393991],[-43.9980348,-19.9400185],[-43.99846,-19.9402756],[-43.9979008,-19.9405583],[-43.9977514,-19.9408211],[-43.9976848,-19.9407902],[-43.9975659,-19.9408717],[-43.9976744,-19.9411891],[-43.9975646,-19.9414814],[-43.9977802,-19.9415545],[-43.9976335,-19.9418282]]]}},{"type":"Feature","properties":{"code":"1006","name":"Monte São José"},"geometry":{"type":"Polygon","coordinates":[[[-43.9521193,-19.9435169],[-43.9519151,-19.9432826],[-43.9514602,-19.943262],[-43.951437,-19.9420708],[-43.9514864,-19.9420377],[-43.9517285,-19.9421951],[-43.9524453,-19.9424447],[-43.9527553,-19.9424225],[-43.9525803,-19.9421841],[-43.9528272,-19.9419728],[-43.9527668,-19.9419104],[-43.9529456,-19.9415812],[-43.9531908,-19.9413901],[-43.953507,-19.941484],[-43.9536604,-19.9419385],[-43.9540697,-19.9422961],[-43.9536849,-19.9426703],[-43.9537891,-19.942795],[-43.9531088,-19.9432763],[-43.9527637,-19.9434318],[-43.9521193,-19.9435169]]]}},{"type":"Feature","properties":{"code":"718","name":"Mangabeiras"},"geometry":{"type":"MultiPolygon","coordinates":[[[[-43.929562,-19.9707939],[-43.9293573,-19.9708605],[-43.9290114,-19.9707672],[-43.9285286,-19.9704759],[-43.9281766,-19.9704035],[-43.9274899,-19.9700591],[-43.9271745,-19.9696269],[-43.9262983,-19.9692707],[-43.9253611,-19.9690447],[-43.9243975,-19.9682977],[-43.9239768,-19.9681268],[-43.9234505,-19.9675394],[-43.922911,-19.9671512],[-43.9221447,-19.9667521],[-43.9214724,-19.9665516],[-43.9206936,-19.9660071],[-43.9202435,-19.9659958],[-43.9201242,-19.9658561],[-43.9199277,-19.9658009],[-43.9196925,-19.9655067],[-43.9185927,-19.9654023],[-43.9183224,-19.9650275],[-43.9182997,-19.9647998],[-43.9180097,-19.9645153],[-43.9178114,-19.9644066],[-43.9171976,-19.9642953],[-43.9168792,-19.9640595],[-43.915812,-19.9636645],[-43.9154445,-19.963343],[-43.9152566,-19.9629886],[-43.9146957,-19.9624413],[-43.9127564,-19.9618742],[-43.9121027,-19.9613062],[-43.9118148,-19.9613055],[-43.9113363,-19.9611216],[-43.9108992,-19.9610619],[-43.9106246,-19.9608126],[-43.9101925,-19.9606312],[-43.9099329,-19.9601935],[-43.9091266,-19.9598282],[-43.9088047,-19.9595458],[-43.9086368,-19.9591147],[-43.9081699,-19.9587155],[-43.9079822,-19.9581342],[-43.9071038,-19.9571722],[-43.9063751,-19.9567916],[-43.9062082,-19.9564602],[-43.9054945,-19.9564532],[-43.9051899,-19.9563541],[-43.9037823,-19.9556468],[-43.9035716,-19.9554674],[-43.9031108,-19.9545983],[-43.9030139,-19.9545236],[-43.9028709,-19.9545373],[-43.9023926,-19.9541953],[-43.9022897,-19.9539464],[-43.9023145,-19.953666],[-43.9018094,-19.9532541],[-43.9015027,-19.9527925],[-43.9014628,-19.9526209],[-43.9008362,-19.9523884],[-43.9005839,-19.9525204],[-43.9002864,-19.9525432],[-43.8997885,-19.9521709],[-43.8993418,-19.9520816],[-43.8983743,-19.9513905],[-43.8978837,-19.9514484],[-43.8975853,-19.9514044],[-43.8972078,-19.951226],[-43.8970498,-19.95098],[-43.8964758,-19.9504961],[-43.8962996,-19.9501522],[-43.8959605,-19.9500273],[-43.8956119,-19.9496848],[-43.8955184,-19.9492281],[-43.8955853,-19.9488871],[-43.8955308,-19.9487013],[-43.8947539,-19.9482113],[-43.8946882,-19.9476603],[-43.8945721,-19.9474866],[-43.8947355,-19.9472518],[-43.8946179,-19.9470276],[-43.8942037,-19.9467347],[-43.8941186,-19.9465432],[-43.8941275,-19.945836],[-43.8940664,-19.9457421],[-43.893784,-19.9457228],[-43.893424,-19.9459057],[-43.8929766,-19.946014],[-43.8927044,-19.9457473],[-43.8922855,-19.9455479],[-43.8921345,-19.9453326],[-43.8915098,-19.9451007],[-43.8912748,-19.9448108],[-43.890237,-19.9442432],[-43.8902049,-19.9441445],[-43.8903825,-19.943866],[-43.890699,-19.9437196],[-43.8909776,-19.9437111],[-43.8913891,-19.9438796],[-43.891736,-19.9441234],[-43.8921391,-19.944108],[-43.8927084,-19.9443115],[-43.8928331,-19.9442744],[-43.8931368,-19.9439491],[-43.893141,-19.9437177],[-43.8927569,-19.9432516],[-43.8927849,-19.9430745],[-43.8928961,-19.9429782],[-43.8940811,-19.942841],[-43.8942203,-19.9427545],[-43.894294,-19.9425599],[-43.8944531,-19.9424736],[-43.8950786,-19.9426375],[-43.8956819,-19.9426529],[-43.8965996,-19.942417],[-43.8970519,-19.9418892],[-43.897223,-19.9410122],[-43.8971675,-19.9408803],[-43.8969048,-19.9406741],[-43.8968994,-19.940548],[-43.8975021,-19.9398413],[-43.897702,-19.9397365],[-43.8987795,-19.9400068],[-43.8999157,-19.9406208],[-43.9017625,-19.9406933],[-43.9027351,-19.9409803],[-43.9032377,-19.9408843],[-43.903417,-19.9409714],[-43.9038973,-19.9414358],[-43.9043051,-19.9416743],[-43.9048233,-19.9417663],[-43.9059295,-19.9427513],[-43.9066422,-19.9430957],[-43.9071541,-19.9430527],[-43.9076808,-19.9431778],[-43.908215,-19.9436808],[-43.9092458,-19.9442694],[-43.909826,-19.9443068],[-43.9107346,-19.9437048],[-43.9132568,-19.9432949],[-43.9147668,-19.9436529],[-43.915078,-19.9436447],[-43.9161795,-19.9443468],[-43.916756,-19.944625],[-43.9165664,-19.9447701],[-43.9163435,-19.9451946],[-43.9167213,-19.9453796],[-43.9172432,-19.9458077],[-43.9176238,-19.9462764],[-43.9179011,-19.9469905],[-43.9180084,-19.9477177],[-43.9182178,-19.9482983],[-43.9185587,-19.9486984],[-43.9196332,-19.9489676],[-43.9197289,-19.9492712],[-43.9198562,-19.9493794],[-43.9192692,-19.9501922],[-43.9185508,-19.9505673],[-43.9191361,-19.9508971],[-43.9188307,-19.9514755],[-43.9197864,-19.9520149],[-43.9197241,-19.9524021],[-43.9192978,-19.9520813],[-43.9186968,-19.9522028],[-43.9186335,-19.9529712],[-43.9183804,-19.9530839],[-43.9185086,-19.9538688],[-43.9185257,-19.9551061],[-43.9187768,-19.9559097],[-43.9189692,-19.9569256],[-43.919319,-19.9572526],[-43.9208011,-19.9576085],[-43.9212807,-19.9578841],[-43.9270917,-19.9578256],[-43.9273417,-19.959078],[-43.9272411,-19.9593181],[-43.9261708,-19.9603545],[-43.9266156,-19.9603997],[-43.927162,-19.9607052],[-43.9277188,-19.9607355],[-43.9275067,-19.9611201],[-43.9274708,-19.9613812],[-43.9277901,-19.9616472],[-43.9278529,-19.9616228],[-43.9279719,-19.9618419],[-43.928473,-19.9615958],[-43.9288074,-19.9619294],[-43.9291545,-19.9620694],[-43.9295081,-19.9626242],[-43.9301282,-19.962556],[-43.9303308,-19.9628916],[-43.9304885,-19.9628305],[-43.9301474,-19.9621479],[-43.9300903,-19.9615554],[-43.9298625,-19.9608793],[-43.9298855,-19.96072],[-43.9300584,-19.9603288],[-43.9309147,-19.9593973],[-43.9312963,-19.9584017],[-43.9317215,-19.957942],[-43.9318823,-19.9578801],[-43.9319543,-19.9581846],[-43.9321105,-19.9583425],[-43.9324456,-19.9580697],[-43.9323515,-19.9577869],[-43.9338176,-19.9574981],[-43.9344883,-19.9588217],[-43.9357541,-19.9597839],[-43.9360731,-19.959878],[-43.936638,-19.9597356],[-43.9370204,-19.9594566],[-43.9373671,-19.9593382],[-43.9374057,-19.9596369],[-43.9392739,-19.9584935],[-43.9398855,-19.9584358],[-43.9407858,-19.957959],[-43.9410985,-19.9575481],[-43.9411964,-19.9575505],[-43.9412436,-19.9576084],[-43.9407534,-19.9585248],[-43.9406805,-19.9588678],[-43.9407418,-19.9612444],[-43.9406242,-19.9614634],[-43.9401704,-19.9616488],[-43.9381648,-19.9614332],[-43.9370389,-19.9619401],[-43.9354519,-19.9618429],[-43.935299,-19.9617869],[-43.9351415,-19.9615277],[-43.9342467,-19.9620352],[-43.9340249,-19.9623231],[-43.9339515,-19.9625177],[-43.9339336,-19.9632217],[-43.9342488,-19.9632347],[-43.9343388,-19.9633084],[-43.9342857,-19.9651296],[-43.9347172,-19.9674984],[-43.9340999,-19.9673639],[-43.9337028,-19.9674221],[-43.9335841,-19.9675641],[-43.9335373,-19.9677831],[-43.9340654,-19.9688077],[-43.9333604,-19.9687753],[-43.9330122,-19.9691978],[-43.9326563,-19.9698959],[-43.9325796,-19.9708139],[-43.9327091,-19.9713117],[-43.9330379,-19.9718421],[-43.9326703,-19.9718684],[-43.9323469,-19.9720595],[-43.9307525,-19.9723311],[-43.930576,-19.9719249],[-43.9301015,-19.9713022],[-43.9300339,-19.971055],[-43.9298176,-19.9708692],[-43.929562,-19.9707939]]],[[[-43.9308138,-19.9724958],[-43.9308253,-19.9725386],[-43.9308255,-19.9725396],[-43.9308138,-19.9724958]]]]}},{"type":"Feature","properties":{"code":"1146","name":"João Paulo II"},"geometry":{"type":"Polygon","coordinates":[[[-44.0326318,-19.9802097],[-44.0340672,-19.9824167],[-44.0347262,-19.9830844],[-44.0345948,-19.983223],[-44.0347901,-19.9834155],[-44.0350965,-19.9840491],[-44.0350084,-19.984391],[-44.0342929,-19.984157],[-44.0332783,-19.984311],[-44.033019,-19.9842942],[-44.0328009,-19.9841934],[-44.0325827,-19.9840197],[-44.032082,-19.9831925],[-44.0287463,-19.9802542],[-44.0301615,-19.9787009],[-44.0309224,-19.9791885],[-44.0312098,-19.9794986],[-44.0314493,-19.9800409],[-44.0315726,-19.9807267],[-44.0317082,-19.9809331],[-44.0317956,-19.9807941],[-44.0326318,-19.9802097]]]}},{"type":"Feature","properties":{"code":"1385","name":"São João"},"geometry":{"type":"Polygon","coordinates":[[[-43.9724727,-19.9985342],[-43.9724168,-19.9983714],[-43.972885,-19.9982363],[-43.9728665,-19.9980815],[-43.9727417,-19.9979556],[-43.973185,-19.9975135],[-43.9725341,-19.9969351],[-43.9724485,-19.9968149],[-43.9725173,-19.9968111],[-43.972508,-19.9967196],[-43.9721338,-19.996141],[-43.9718223,-19.9958645],[-43.9715467,-19.9954998],[-43.9715107,-19.995302],[-43.9713731,-19.9951935],[-43.9716766,-19.994538],[-43.9717072,-19.9940825],[-43.9721756,-19.9939395],[-43.9725035,-19.9946914],[-43.9728253,-19.994721],[-43.9729992,-19.9955805],[-43.9740647,-19.9970845],[-43.9742267,-19.9974242],[-43.9741814,-19.9976836],[-43.9740836,-19.9977875],[-43.9740918,-19.9980499],[-43.9738538,-19.9981776],[-43.9724727,-19.9985342]]]}},{"type":"Feature","properties":{"code":"1339","name":"Leonina"},"geometry":{"type":"Polygon","coordinates":[[[-43.9617947,-19.9542338],[-43.9612777,-19.9540864],[-43.961565,-19.9529869],[-43.9609444,-19.9528346],[-43.9610072,-19.9526308],[-43.9607579,-19.9525856],[-43.960855,-19.9522099],[-43.960472,-19.9521368],[-43.9611938,-19.9506614],[-43.9612901,-19.9501744],[-43.9612818,-19.9496833],[-43.9614779,-19.9497222],[-43.961737,-19.9500364],[-43.9626831,-19.9501694],[-43.9630274,-19.9500986],[-43.9630849,-19.9500581],[-43.9630416,-19.9499643],[-43.9632974,-19.9499133],[-43.963289,-19.9498545],[-43.9634613,-19.9497407],[-43.9636243,-19.9497613],[-43.9640283,-19.9501393],[-43.9645268,-19.9504169],[-43.9644166,-19.9504798],[-43.9645865,-19.950749],[-43.9646019,-19.9511931],[-43.9638495,-19.95155],[-43.9643461,-19.9515663],[-43.9647514,-19.9517218],[-43.9652473,-19.952066],[-43.9655157,-19.9520899],[-43.9653159,-19.9530993],[-43.9657837,-19.9532004],[-43.9655918,-19.9539403],[-43.9635772,-19.9534498],[-43.9634722,-19.953856],[-43.9629681,-19.9537303],[-43.9629214,-19.9539098],[-43.9624031,-19.9537962],[-43.9623369,-19.954078],[-43.9618784,-19.9539508],[-43.9617947,-19.9542338]]]}},{"type":"Feature","properties":{"code":"1391","name":"Vila Madre Gertrudes I"},"geometry":{"type":"Polygon","coordinates":[[[-44.0036136,-19.9527113],[-44.0035291,-19.9527071],[-44.0034767,-19.9523943],[-44.0031742,-19.9523456],[-44.0030813,-19.9524137],[-44.0034922,-19.9519029],[-44.0035593,-19.9517664],[-44.0035216,-19.9515725],[-44.0032971,-19.9514782],[-44.0032053,-19.9516103],[-44.0029463,-19.9515965],[-44.002711,-19.9507574],[-44.002714,-19.9505297],[-44.0024644,-19.950479],[-44.0021009,-19.9500826],[-44.0032032,-19.9492379],[-44.0032663,-19.9495108],[-44.0034809,-19.9498124],[-44.0041036,-19.9500094],[-44.0039755,-19.9501236],[-44.0041591,-19.9505127],[-44.0047435,-19.9497267],[-44.0053595,-19.9519838],[-44.0044337,-19.9519786],[-44.0045028,-19.9521688],[-44.004433,-19.952178],[-44.0037948,-19.9520381],[-44.0036136,-19.9527113]]]}},{"type":"Feature","properties":{"code":"833","name":"Olaria"},"geometry":{"type":"Polygon","coordinates":[[[-44.0341285,-19.9942689],[-44.0332171,-19.9939902],[-44.0327821,-19.9939373],[-44.0289212,-19.9939931],[-44.0271749,-19.9939237],[-44.0261897,-19.9937691],[-44.0209443,-19.9926253],[-44.0211976,-19.992383],[-44.0222409,-19.9919188],[-44.0220568,-19.991815],[-44.022476,-19.990558],[-44.0236413,-19.9888515],[-44.024811,-19.9892281],[-44.0271844,-19.9885142],[-44.0288513,-19.98898],[-44.0291518,-19.9891804],[-44.0312669,-19.9895585],[-44.0322381,-19.9901991],[-44.0327009,-19.9900734],[-44.0326693,-19.9897628],[-44.0327529,-19.9892246],[-44.0325117,-19.9887577],[-44.0324407,-19.9883213],[-44.0322538,-19.9878345],[-44.0322804,-19.9872636],[-44.0336627,-19.9875017],[-44.0331409,-19.9891797],[-44.0331223,-19.9894924],[-44.0331751,-19.9898838],[-44.0333906,-19.9903462],[-44.0334657,-19.9904856],[-44.0336298,-19.9904367],[-44.0335625,-19.9913755],[-44.0334049,-19.991828],[-44.0330989,-19.9920135],[-44.0330812,-19.9921239],[-44.0332047,-19.9923682],[-44.0335573,-19.9925141],[-44.0338543,-19.9928084],[-44.0339908,-19.9928533],[-44.0343321,-19.9926616],[-44.0348038,-19.9926217],[-44.0346889,-19.993942],[-44.034515,-19.9941792],[-44.0341285,-19.9942689]]]}},{"type":"Feature","properties":{"code":"1306","name":"Comiteco"},"geometry":{"type":"Polygon","coordinates":[[[-43.9198562,-19.9493794],[-43.9200848,-19.9494041],[-43.9203533,-19.9492191],[-43.9219379,-19.950069],[-43.9222176,-19.950479],[-43.9222942,-19.9517159],[-43.9225338,-19.9521707],[-43.9227691,-19.9523643],[-43.9231806,-19.9525218],[-43.9239651,-19.9526523],[-43.9262479,-19.9540188],[-43.9265176,-19.9541027],[-43.926837,-19.9541618],[-43.9273926,-19.954108],[-43.9289501,-19.9538215],[-43.9291437,-19.9538564],[-43.929449,-19.9540796],[-43.9295765,-19.954281],[-43.9296634,-19.954679],[-43.9298055,-19.9563536],[-43.930028,-19.9567258],[-43.9298855,-19.9568498],[-43.9298264,-19.9570958],[-43.9298427,-19.9578957],[-43.9295141,-19.9586672],[-43.9289286,-19.9593865],[-43.9287001,-19.9598806],[-43.9283231,-19.9598817],[-43.9283095,-19.9604025],[-43.92795,-19.9608247],[-43.9278245,-19.9611289],[-43.9275067,-19.9611201],[-43.9277188,-19.9607355],[-43.9276334,-19.9606928],[-43.927162,-19.9607052],[-43.9266156,-19.9603997],[-43.9261708,-19.9603545],[-43.9272411,-19.9593181],[-43.9273417,-19.959078],[-43.9270917,-19.9578256],[-43.9212807,-19.9578841],[-43.9208011,-19.9576085],[-43.919319,-19.9572526],[-43.9189692,-19.9569256],[-43.9187768,-19.9559097],[-43.9185257,-19.9551061],[-43.9185086,-19.9538688],[-43.9183804,-19.9530839],[-43.9186335,-19.9529712],[-43.9186968,-19.9522028],[-43.9192978,-19.9520813],[-43.9197241,-19.9524021],[-43.9197864,-19.9520149],[-43.9188307,-19.9514755],[-43.9191361,-19.9508971],[-43.9185508,-19.9505673],[-43.9192692,-19.9501922],[-43.9198562,-19.9493794]]]}},{"type":"Feature","properties":{"code":"1408","name":"Vila Bandeirantes"},"geometry":{"type":"Polygon","coordinates":[[[-43.9597652,-19.9507404],[-43.9593528,-19.9506216],[-43.9594681,-19.950232],[-43.9594522,-19.9499118],[-43.9598202,-19.9499152],[-43.9602732,-19.949244],[-43.9612536,-19.9495087],[-43.9612618,-19.9503486],[-43.9605918,-19.9502291],[-43.9605678,-19.9503902],[-43.9604696,-19.9503759],[-43.9603466,-19.9506219],[-43.9602742,-19.9505247],[-43.9601576,-19.9505431],[-43.9597652,-19.9507404]]]}},{"type":"Feature","properties":{"code":"1414","name":"Vila COPASA"},"geometry":{"type":"Polygon","coordinates":[[[-44.0066651,-19.9823032],[-44.0060243,-19.9819743],[-44.0060112,-19.980501],[-44.0059149,-19.9803483],[-44.0063147,-19.980347],[-44.0066651,-19.9823032]]]}},{"type":"Feature","properties":{"code":"1444","name":"Vila Nova dos Milionários"},"geometry":{"type":"Polygon","coordinates":[[[-44.0007179,-19.98295],[-43.999875,-19.9824959],[-44.0000753,-19.9821602],[-43.9999729,-19.9821095],[-44.000248,-19.9816544],[-44.0003211,-19.981695],[-44.0003657,-19.9816177],[-44.0012262,-19.982082],[-44.0007179,-19.98295]]]}},{"type":"Feature","properties":{"code":"1476","name":"Vila Tirol"},"geometry":{"type":"Polygon","coordinates":[[[-44.034717,-19.983095],[-44.0352995,-19.9834412],[-44.0360319,-19.9836909],[-44.0358922,-19.9844131],[-44.0355708,-19.9843092],[-44.035096,-19.9843155],[-44.035383,-19.9840174],[-44.0354393,-19.9837623],[-44.0350945,-19.9835704],[-44.0349889,-19.9837674],[-44.0345948,-19.983223],[-44.034717,-19.983095]]]}},{"type":"Feature","properties":{"code":"766","name":"Santa Helena"},"geometry":{"type":"Polygon","coordinates":[[[-44.0129664,-19.992236],[-44.0081454,-19.9891207],[-44.0085145,-19.9878241],[-44.0082617,-19.9875706],[-44.0082404,-19.9873077],[-44.0083506,-19.9871333],[-44.0087397,-19.9870306],[-44.0104307,-19.9812441],[-44.012427,-19.9817373],[-44.015177,-19.9826129],[-44.0152931,-19.9822846],[-44.0158593,-19.9824132],[-44.0156068,-19.98344],[-44.0139139,-19.9881751],[-44.0145776,-19.9884074],[-44.0129664,-19.992236]]]}},{"type":"Feature","properties":{"code":"714","name":"Lindéia"},"geometry":{"type":"Polygon","coordinates":[[[-44.0384464,-19.9827605],[-44.0387359,-19.9823521],[-44.0451313,-19.9753438],[-44.0451928,-19.9747694],[-44.0450413,-19.9745859],[-44.0447439,-19.974525],[-44.0447339,-19.9742296],[-44.047183,-19.9737648],[-44.0488868,-19.9729747],[-44.0502725,-19.9727125],[-44.0507202,-19.9727288],[-44.0520348,-19.9730525],[-44.0536369,-19.9730577],[-44.0542371,-19.9736656],[-44.0551688,-19.9742788],[-44.0555077,-19.9744522],[-44.0562615,-19.9745228],[-44.0568516,-19.9747247],[-44.0610856,-19.9738374],[-44.0626713,-19.9736384],[-44.0632745,-19.975415],[-44.0626447,-19.9756007],[-44.0630695,-19.9768849],[-44.0629105,-19.9766371],[-44.062575,-19.9763454],[-44.0611047,-19.976046],[-44.0604547,-19.9762911],[-44.05978,-19.9769736],[-44.0595914,-19.9773209],[-44.0594625,-19.9777763],[-44.0588972,-19.9788069],[-44.0575799,-19.9802976],[-44.0574338,-19.9809992],[-44.0575537,-19.9814429],[-44.0573106,-19.9817354],[-44.057177,-19.9824237],[-44.0574133,-19.9831722],[-44.0573066,-19.9833223],[-44.0569017,-19.9835574],[-44.0567587,-19.9839949],[-44.0566747,-19.9846322],[-44.0564041,-19.9850607],[-44.0561553,-19.9851641],[-44.0560123,-19.9853872],[-44.0559731,-19.9858346],[-44.0557475,-19.9864164],[-44.0556725,-19.986833],[-44.0557098,-19.9870075],[-44.0550809,-19.9878409],[-44.0546928,-19.9871715],[-44.0542787,-19.9859481],[-44.0536732,-19.9861258],[-44.053571,-19.9857085],[-44.052812,-19.9869712],[-44.0508495,-19.9837804],[-44.0501624,-19.9832062],[-44.0491823,-19.9828483],[-44.0490851,-19.9826172],[-44.0481156,-19.9826661],[-44.0465087,-19.9831787],[-44.0455579,-19.9831731],[-44.0446824,-19.9828484],[-44.0436733,-19.9820218],[-44.0430778,-19.9816659],[-44.0423327,-19.9815152],[-44.0417873,-19.981491],[-44.0412165,-19.9815689],[-44.0406347,-19.9817775],[-44.038587,-19.983105],[-44.0384464,-19.9827605]]]}},{"type":"Feature","properties":{"code":"805","name":"Tirol"},"geometry":{"type":"Polygon","coordinates":[[[-44.0386461,-19.983224],[-44.038587,-19.983105],[-44.0404476,-19.9818749],[-44.041034,-19.981619],[-44.0417873,-19.981491],[-44.0423327,-19.9815152],[-44.0430778,-19.9816659],[-44.0436733,-19.9820218],[-44.0446824,-19.9828484],[-44.0452612,-19.9830931],[-44.0457615,-19.9831971],[-44.0465087,-19.9831787],[-44.0458636,-19.9854131],[-44.0451113,-19.987602],[-44.0465898,-19.9892664],[-44.0468594,-19.989743],[-44.0469352,-19.9901265],[-44.0469069,-19.9905815],[-44.0468078,-19.9908355],[-44.0465357,-19.9911868],[-44.0459959,-19.9916471],[-44.0458425,-19.9920342],[-44.0458967,-19.993445],[-44.046042,-19.9939313],[-44.046486,-19.9947935],[-44.045663,-19.9955249],[-44.0466788,-19.9960081],[-44.045759,-19.9996888],[-44.046105,-19.9999021],[-44.0461138,-20.000026],[-44.0430319,-19.9993072],[-44.0441509,-19.9972222],[-44.0445391,-19.9965755],[-44.0447537,-19.99639],[-44.0426148,-19.9943191],[-44.0406915,-19.9936864],[-44.0393719,-19.9937057],[-44.0387078,-19.9946581],[-44.0385419,-19.9946599],[-44.0371145,-19.9961563],[-44.0353283,-19.9949317],[-44.0347287,-19.9941547],[-44.0346889,-19.993942],[-44.0348143,-19.9924972],[-44.0353065,-19.9925716],[-44.0361986,-19.9916086],[-44.0352853,-19.9912584],[-44.0345105,-19.9911049],[-44.0343972,-19.990566],[-44.0339814,-19.9903807],[-44.0334657,-19.9904856],[-44.0331751,-19.9898838],[-44.0331409,-19.9891797],[-44.0336627,-19.9875017],[-44.0337189,-19.9873508],[-44.0340389,-19.9870238],[-44.0342359,-19.9865473],[-44.03416,-19.9862777],[-44.0335457,-19.9853109],[-44.033534,-19.9846427],[-44.0336277,-19.984501],[-44.03377,-19.9844514],[-44.0337327,-19.9842292],[-44.0339896,-19.984174],[-44.0342929,-19.984157],[-44.0350084,-19.984391],[-44.0351018,-19.9841582],[-44.0349889,-19.9837674],[-44.0350945,-19.9835704],[-44.0354393,-19.9837623],[-44.0354517,-19.9838694],[-44.035096,-19.9843155],[-44.0355708,-19.9843092],[-44.0358922,-19.9844131],[-44.0360319,-19.9836909],[-44.0367121,-19.9837736],[-44.0373445,-19.9837302],[-44.0380318,-19.9835386],[-44.0386461,-19.983224]],[[-44.039557,-19.9926499],[-44.039595,-19.9925555],[-44.0389958,-19.9923507],[-44.0382963,-19.991941],[-44.0382332,-19.9923204],[-44.039557,-19.9926499]],[[-44.037363,-19.9917649],[-44.0377566,-19.9913958],[-44.0370773,-19.9907287],[-44.0369616,-19.9915748],[-44.037363,-19.9917649]]]}},{"type":"Feature","properties":{"code":"1155","name":"Túnel de Ibirité"},"geometry":{"type":"Polygon","coordinates":[[[-44.0468594,-19.989743],[-44.0465898,-19.9892664],[-44.0451191,-19.9875561],[-44.0458636,-19.9854131],[-44.0465087,-19.9831787],[-44.0481156,-19.9826661],[-44.0490851,-19.9826172],[-44.0491823,-19.9828483],[-44.0501624,-19.9832062],[-44.0491945,-19.9843713],[-44.0488681,-19.98455],[-44.0481097,-19.9869179],[-44.0468594,-19.989743]]]}},{"type":"Feature","properties":{"code":"804","name":"Teixeira Dias"},"geometry":{"type":"Polygon","coordinates":[[[-44.0166973,-19.9945672],[-44.0158393,-19.9941095],[-44.0129664,-19.992236],[-44.0145776,-19.9884074],[-44.0139139,-19.9881751],[-44.0156068,-19.98344],[-44.0158593,-19.9824132],[-44.0172363,-19.9826603],[-44.017375,-19.9827368],[-44.0195334,-19.9814845],[-44.01955,-19.9814126],[-44.0225784,-19.9822215],[-44.0223779,-19.9828495],[-44.0222486,-19.9830556],[-44.0219482,-19.9832532],[-44.0222114,-19.9837563],[-44.0222206,-19.9841247],[-44.0212943,-19.9869872],[-44.0205961,-19.9870039],[-44.0203922,-19.9869446],[-44.0198571,-19.9885254],[-44.0195001,-19.9885304],[-44.0193983,-19.9887408],[-44.0184213,-19.9884852],[-44.0183529,-19.9889394],[-44.0166973,-19.9945672]]]}},{"type":"Feature","properties":{"code":"1148","name":"Diamante"},"geometry":{"type":"Polygon","coordinates":[[[-44.0213116,-20.0042314],[-44.0176091,-20.0027634],[-44.0187742,-20.0022107],[-44.0189938,-20.0020568],[-44.0191101,-20.0018416],[-44.0192577,-20.0010509],[-44.0190256,-19.9999191],[-44.0190542,-19.999703],[-44.0193306,-19.9988343],[-44.0199191,-19.997755],[-44.0179525,-19.9972492],[-44.0176444,-19.9941429],[-44.017587,-19.9941039],[-44.0169761,-19.9945291],[-44.0166973,-19.9945672],[-44.0183529,-19.9889394],[-44.0184213,-19.9884852],[-44.0193983,-19.9887408],[-44.0195001,-19.9885304],[-44.0198571,-19.9885254],[-44.0203922,-19.9869446],[-44.0205961,-19.9870039],[-44.0212943,-19.9869872],[-44.0222206,-19.9841247],[-44.0222114,-19.9837563],[-44.0220158,-19.983373],[-44.0263068,-19.9842327],[-44.028807,-19.9840009],[-44.0286377,-19.9825554],[-44.0291194,-19.9805991],[-44.032082,-19.9831925],[-44.0325827,-19.9840197],[-44.0328009,-19.9841934],[-44.033019,-19.9842942],[-44.0332783,-19.984311],[-44.0337327,-19.9842292],[-44.03377,-19.9844514],[-44.0336277,-19.984501],[-44.033534,-19.9846427],[-44.0334991,-19.9851837],[-44.03416,-19.9862777],[-44.0342359,-19.9865473],[-44.0340389,-19.9870238],[-44.0337189,-19.9873508],[-44.0336627,-19.9875017],[-44.0322804,-19.9872636],[-44.0322538,-19.9878345],[-44.0324407,-19.9883213],[-44.0325117,-19.9887577],[-44.032757,-19.9893042],[-44.0326693,-19.9897628],[-44.0327009,-19.9900734],[-44.0323133,-19.9902151],[-44.0312669,-19.9895585],[-44.0291518,-19.9891804],[-44.0288513,-19.98898],[-44.0271844,-19.9885142],[-44.024811,-19.9892281],[-44.0236413,-19.9888515],[-44.022476,-19.990558],[-44.0220568,-19.991815],[-44.0222409,-19.9919188],[-44.0211976,-19.992383],[-44.0209443,-19.9926253],[-44.0262487,-19.9937814],[-44.027728,-19.993971],[-44.026487,-19.9950408],[-44.0269499,-19.9953515],[-44.0262694,-19.9957504],[-44.0262684,-19.9960833],[-44.0263711,-19.9963803],[-44.0260002,-19.997392],[-44.0255124,-19.997486],[-44.0250142,-19.9979546],[-44.0248867,-19.9987249],[-44.0245835,-19.9990862],[-44.0245351,-19.9993855],[-44.0243452,-19.9997061],[-44.0243382,-19.9999901],[-44.0236805,-20.0004783],[-44.023314,-20.001252],[-44.0227624,-20.0014977],[-44.0227273,-20.0016905],[-44.0232349,-20.0022218],[-44.0232128,-20.0025101],[-44.0228421,-20.0026314],[-44.0225579,-20.002953],[-44.0225009,-20.0031879],[-44.0226453,-20.0033366],[-44.0225697,-20.0034635],[-44.0218119,-20.0040117],[-44.0213116,-20.0042314]]]}},{"type":"Feature","properties":{"code":"926","name":"Fernão Dias"},"geometry":{"type":"Polygon","coordinates":[[[-43.9157313,-19.8760036],[-43.9146583,-19.8742678],[-43.9145082,-19.8738327],[-43.9144859,-19.8734179],[-43.9140194,-19.8739707],[-43.9123641,-19.8728728],[-43.9129723,-19.8718865],[-43.9134416,-19.8713323],[-43.915457,-19.8699293],[-43.9162502,-19.8695085],[-43.9163114,-19.8689053],[-43.9164023,-19.868793],[-43.9168996,-19.8693729],[-43.917453,-19.8687903],[-43.91796,-19.8690979],[-43.9182205,-19.8691568],[-43.9190274,-19.8689476],[-43.9191264,-19.8693968],[-43.9199706,-19.8689521],[-43.9207862,-19.8697314],[-43.9231515,-19.8708011],[-43.922008,-19.8727576],[-43.9215479,-19.8730589],[-43.9208223,-19.8738703],[-43.9194318,-19.8745318],[-43.9183448,-19.8745668],[-43.9167131,-19.8750124],[-43.9157313,-19.8760036]]]}},{"type":"Feature","properties":{"code":"1173","name":"Pousada Santo Antônio"},"geometry":{"type":"Polygon","coordinates":[[[-43.8887228,-19.8617056],[-43.8883508,-19.8613939],[-43.8880978,-19.8613051],[-43.886326,-19.8610136],[-43.8853517,-19.8607249],[-43.8839739,-19.8601885],[-43.883735,-19.8599363],[-43.8816984,-19.8590622],[-43.8825526,-19.8573071],[-43.8831169,-19.8575378],[-43.8848824,-19.8577865],[-43.8850994,-19.8572354],[-43.8857514,-19.8572822],[-43.8862421,-19.8574652],[-43.8864221,-19.8574173],[-43.8873746,-19.8575475],[-43.8879418,-19.8574661],[-43.8883269,-19.8572518],[-43.8886957,-19.8572684],[-43.8898254,-19.8570585],[-43.8903621,-19.8572091],[-43.8920334,-19.8572253],[-43.8925268,-19.8573386],[-43.8927926,-19.858488],[-43.8929666,-19.8588229],[-43.8927698,-19.8591405],[-43.8922979,-19.8592624],[-43.891774,-19.8591801],[-43.8914335,-19.8593803],[-43.8910828,-19.8608102],[-43.8905454,-19.8616593],[-43.8893829,-19.8611044],[-43.8891123,-19.861187],[-43.8887228,-19.8617056]]]}},{"type":"Feature","properties":{"code":"1158","name":"Marilândia"},"geometry":{"type":"Polygon","coordinates":[[[-44.0509768,-19.9975075],[-44.05043,-19.9971919],[-44.0500329,-19.9971941],[-44.0497276,-19.9970642],[-44.0494693,-19.9970575],[-44.0484151,-19.9976015],[-44.0479371,-19.998104],[-44.0479065,-19.9986446],[-44.0480228,-19.998984],[-44.0479927,-19.9992482],[-44.0472552,-20.0003722],[-44.0468633,-20.0005462],[-44.0461564,-20.0005814],[-44.046105,-19.9999021],[-44.045759,-19.9996888],[-44.0466788,-19.9960081],[-44.045663,-19.9955249],[-44.0464048,-19.9948407],[-44.046486,-19.9947935],[-44.0469733,-19.9950862],[-44.0476416,-19.9953512],[-44.0490744,-19.9955361],[-44.0495085,-19.9956921],[-44.0498618,-19.9959821],[-44.0504121,-19.9967912],[-44.0508442,-19.9971414],[-44.0513968,-19.9972358],[-44.0519068,-19.9970639],[-44.0521091,-19.997056],[-44.0522662,-19.9971466],[-44.0516107,-19.9975109],[-44.0509768,-19.9975075]]]}},{"type":"Feature","properties":{"code":"1141","name":"Araguaia"},"geometry":{"type":"Polygon","coordinates":[[[-44.0061999,-19.9959232],[-44.0012752,-19.994014],[-44.0013042,-19.9938547],[-44.0011947,-19.9934006],[-44.0008845,-19.992799],[-43.999455,-19.9911663],[-43.9976451,-19.9893209],[-43.9957476,-19.9889804],[-43.9954115,-19.9889811],[-43.9943017,-19.9896296],[-43.9938423,-19.989677],[-43.9932236,-19.9896304],[-43.9927499,-19.9894514],[-43.9896224,-19.9874828],[-43.9912269,-19.9861345],[-43.9909917,-19.9859926],[-43.9904143,-19.9859358],[-43.9932714,-19.9831054],[-43.9948395,-19.9834249],[-43.9951314,-19.982213],[-43.9958103,-19.9823365],[-43.9964097,-19.9825828],[-43.9967965,-19.9828637],[-43.9980248,-19.9834913],[-43.998571,-19.984219],[-43.9986151,-19.9839207],[-44.0062079,-19.9878803],[-44.006468,-19.9873901],[-44.0083547,-19.9884004],[-44.0061999,-19.9959232]]]}},{"type":"Feature","properties":{"code":"1144","name":"Santa Margarida"},"geometry":{"type":"Polygon","coordinates":[[[-44.0152387,-19.9700884],[-44.0159763,-19.9703572],[-44.0176118,-19.9702628],[-44.0183128,-19.9703346],[-44.0212283,-19.9716538],[-44.0237741,-19.9721338],[-44.0244266,-19.9726569],[-44.0251176,-19.9728667],[-44.0254208,-19.9730701],[-44.0260355,-19.9741062],[-44.0263617,-19.9744318],[-44.0267629,-19.9746142],[-44.0276283,-19.974812],[-44.0280806,-19.9750554],[-44.0283432,-19.9753741],[-44.0283478,-19.9757342],[-44.0267174,-19.9759468],[-44.0258864,-19.9758419],[-44.0253799,-19.9756346],[-44.0249238,-19.9753151],[-44.0232149,-19.9736924],[-44.0223738,-19.9732976],[-44.0198896,-19.9726859],[-44.0161583,-19.9719568],[-44.0158381,-19.9718417],[-44.0153777,-19.9715188],[-44.0154573,-19.9708285],[-44.0152387,-19.9700884]]]}},{"type":"Feature","properties":{"code":"737","name":"Olhos d'Água"},"geometry":{"type":"Polygon","coordinates":[[[-43.9674793,-19.9986122],[-43.9656616,-19.9982458],[-43.9648895,-19.9979525],[-43.9645029,-19.997691],[-43.9626428,-19.9958526],[-43.9611306,-19.9936857],[-43.9610758,-19.9942552],[-43.9611821,-19.99557],[-43.9615897,-19.9968451],[-43.9584862,-19.9919842],[-43.9580089,-19.9913646],[-43.949771,-19.9821909],[-43.9491167,-19.9812427],[-43.9486658,-19.9803801],[-43.9468627,-19.9756583],[-43.9473263,-19.9755396],[-43.9474098,-19.9757532],[-43.9476557,-19.9758399],[-43.9480788,-19.9757362],[-43.9509008,-19.9739963],[-43.9510109,-19.973997],[-43.952901,-19.9728769],[-43.9536994,-19.9722029],[-43.9551888,-19.970741],[-43.958316,-19.97095],[-43.9590903,-19.971411],[-43.9595026,-19.9717857],[-43.9593619,-19.9725176],[-43.9592396,-19.9725899],[-43.9595347,-19.9750598],[-43.9594153,-19.9752559],[-43.9592355,-19.9759126],[-43.95853,-19.9788433],[-43.9587611,-19.9792165],[-43.9588659,-19.9796978],[-43.9587289,-19.9802029],[-43.9588973,-19.981075],[-43.959134,-19.9816484],[-43.9594667,-19.9819207],[-43.9605994,-19.9822814],[-43.9608981,-19.9822802],[-43.9613059,-19.9818611],[-43.9614685,-19.9815509],[-43.9618371,-19.9816149],[-43.9620357,-19.9818794],[-43.9665736,-19.9842576],[-43.9697598,-19.9853236],[-43.9724241,-19.9856983],[-43.9733348,-19.9857865],[-43.9738759,-19.9857335],[-43.9745586,-19.9858826],[-43.976425,-19.9855872],[-43.9767684,-19.9856732],[-43.9772313,-19.9859396],[-43.9725589,-19.9882328],[-43.9720793,-19.9885509],[-43.9716099,-19.9890811],[-43.9709041,-19.9901823],[-43.9713535,-19.9906556],[-43.9715669,-19.9910078],[-43.9718803,-19.991135],[-43.9720147,-19.9913107],[-43.972173,-19.9913119],[-43.9719055,-19.991639],[-43.9718748,-19.9920352],[-43.971965,-19.9923822],[-43.9718942,-19.9925597],[-43.971592,-19.9929766],[-43.9709927,-19.9930783],[-43.9702861,-19.9936109],[-43.970096,-19.9936658],[-43.9693501,-19.993622],[-43.9692473,-19.9937069],[-43.9693708,-19.9940687],[-43.9690876,-19.9946623],[-43.969025,-19.9949676],[-43.968593,-19.9953262],[-43.9683932,-19.9957916],[-43.9682272,-19.997098],[-43.9683001,-19.9979631],[-43.9681118,-19.9984602],[-43.9673899,-19.9984316],[-43.9674793,-19.9986122]]]}},{"type":"Feature","properties":{"code":"1272","name":"Alta Tensão I"},"geometry":{"type":"Polygon","coordinates":[[[-43.9926524,-19.9735456],[-43.9921285,-19.9734442],[-43.9923044,-19.9731543],[-43.9921466,-19.9728919],[-43.992183,-19.9726451],[-43.9931587,-19.9719059],[-43.993412,-19.9718695],[-43.9936338,-19.9720192],[-43.9955997,-19.9710566],[-43.9962037,-19.9703453],[-43.9962688,-19.9700996],[-43.9989559,-19.9707353],[-43.9988625,-19.9711333],[-43.998811,-19.9711148],[-43.9987058,-19.9713994],[-43.9968115,-19.9716393],[-43.9965061,-19.971485],[-43.9962742,-19.9712361],[-43.9947549,-19.9720161],[-43.9952672,-19.9729482],[-43.9952411,-19.9730552],[-43.9948642,-19.973336],[-43.9946466,-19.9730638],[-43.994395,-19.9732329],[-43.9938218,-19.9724903],[-43.9927052,-19.9730413],[-43.9926524,-19.9735456]]]}},{"type":"Feature","properties":{"code":"1140","name":"Bonsucesso"},"geometry":{"type":"Polygon","coordinates":[[[-43.9840872,-19.9986272],[-43.9828561,-19.9979242],[-43.9826019,-19.9986999],[-43.9822049,-19.9983891],[-43.982179,-19.9981427],[-43.9818413,-19.9975551],[-43.9814757,-19.9971964],[-43.9804232,-19.9964637],[-43.9805715,-19.9963478],[-43.9800783,-19.9960691],[-43.9798778,-19.9961292],[-43.979768,-19.9959252],[-43.9797045,-19.9960317],[-43.9791525,-19.9956602],[-43.9795358,-19.9953302],[-43.9799575,-19.9946329],[-43.9801458,-19.9941679],[-43.9803724,-19.9930299],[-43.9807264,-19.9928656],[-43.9808571,-19.9928902],[-43.9809509,-19.993053],[-43.9816037,-19.9929357],[-43.981544,-19.992382],[-43.9819058,-19.992393],[-43.9825135,-19.9926096],[-43.9827999,-19.9925194],[-43.9830478,-19.9909457],[-43.9855458,-19.9901866],[-43.9862943,-19.9901139],[-43.9861739,-19.990533],[-43.9862717,-19.990901],[-43.9864352,-19.9911272],[-43.986981,-19.9915864],[-43.987576,-19.9916974],[-43.9880075,-19.9918792],[-43.9881333,-19.9916578],[-43.9881092,-19.9915009],[-43.9882073,-19.991223],[-43.9883292,-19.9910279],[-43.9884841,-19.990948],[-43.9885662,-19.9906021],[-43.9885337,-19.9904468],[-43.9881749,-19.9900702],[-43.9879177,-19.9894069],[-43.9876557,-19.9893159],[-43.9876098,-19.9892142],[-43.9881934,-19.9887308],[-43.9886768,-19.988096],[-43.9890863,-19.9870477],[-43.9896224,-19.9874828],[-43.9912269,-19.9861345],[-43.9909917,-19.9859926],[-43.9904143,-19.9859358],[-43.9932714,-19.9831054],[-43.9948395,-19.9834249],[-43.9952408,-19.9817545],[-43.9953894,-19.9816923],[-43.9954652,-19.9815511],[-43.9947861,-19.9814768],[-43.9943163,-19.9812785],[-43.9942564,-19.9811405],[-43.994306,-19.9809973],[-43.9947878,-19.9806271],[-43.9948083,-19.980351],[-43.9934409,-19.9797888],[-43.9931669,-19.9785891],[-43.9927241,-19.9788325],[-43.9926402,-19.9786834],[-43.992362,-19.9788324],[-43.9919288,-19.9789208],[-43.9914774,-19.978797],[-43.9909975,-19.978415],[-43.9905572,-19.9785555],[-43.9904137,-19.9787297],[-43.9903218,-19.9784252],[-43.9904491,-19.9781079],[-43.990852,-19.9778378],[-43.9911293,-19.9779004],[-43.9912535,-19.9778423],[-43.9908787,-19.977429],[-43.9907432,-19.9770939],[-43.9908714,-19.9768485],[-43.9910781,-19.9769834],[-43.991042,-19.9767948],[-43.9913,-19.9765718],[-43.9911323,-19.9764816],[-43.9910053,-19.9759607],[-43.9907911,-19.9755694],[-43.9908134,-19.9753822],[-43.9908922,-19.9752029],[-43.9912146,-19.9749516],[-43.9913272,-19.9747673],[-43.9914349,-19.973921],[-43.9915533,-19.9738105],[-43.9918617,-19.9737472],[-43.9919063,-19.9735639],[-43.9921285,-19.9734442],[-43.9923044,-19.9731543],[-43.9921394,-19.9728592],[-43.9917773,-19.9727034],[-43.9912514,-19.9732428],[-43.9911552,-19.9732338],[-43.9911071,-19.97302],[-43.9913417,-19.9728071],[-43.9913538,-19.9726787],[-43.9906276,-19.9717727],[-43.9891201,-19.974008],[-43.9889094,-19.9746074],[-43.9884658,-19.9765403],[-43.9882781,-19.9771157],[-43.987964,-19.9776468],[-43.9873279,-19.9781763],[-43.9850548,-19.9790659],[-43.9843978,-19.9794156],[-43.9840566,-19.9797191],[-43.9835935,-19.9804741],[-43.9826804,-19.9827569],[-43.9829724,-19.9828846],[-43.9831719,-19.9832193],[-43.9835531,-19.9830515],[-43.9839932,-19.9835983],[-43.9847097,-19.9829592],[-43.9848094,-19.9833664],[-43.9846033,-19.9835652],[-43.9843882,-19.9844914],[-43.9845213,-19.9847797],[-43.98482,-19.9850871],[-43.9860661,-19.9854037],[-43.9864512,-19.9855689],[-43.9859489,-19.9860803],[-43.9858882,-19.9861985],[-43.9858947,-19.986606],[-43.9857443,-19.9868213],[-43.9852629,-19.9870101],[-43.9851115,-19.9868284],[-43.985199,-19.9866761],[-43.984978,-19.986349],[-43.9848908,-19.9863023],[-43.9847616,-19.9863833],[-43.9846792,-19.9862903],[-43.9845909,-19.9864038],[-43.9845399,-19.9863637],[-43.9848391,-19.9860137],[-43.9848554,-19.9857316],[-43.9847785,-19.9855408],[-43.9846519,-19.9855813],[-43.9846171,-19.9855015],[-43.9843959,-19.9855862],[-43.9843232,-19.9851976],[-43.9840915,-19.9853145],[-43.9840329,-19.985094],[-43.9838455,-19.9851471],[-43.9834021,-19.9850391],[-43.982858,-19.9844586],[-43.9826837,-19.9846579],[-43.9824621,-19.9846082],[-43.9823575,-19.9844333],[-43.9822291,-19.9843971],[-43.9814041,-19.9844127],[-43.9808745,-19.9846636],[-43.9806523,-19.9842842],[-43.9723683,-19.9883403],[-43.9720793,-19.9885509],[-43.9716099,-19.9890811],[-43.9709041,-19.9901823],[-43.9713535,-19.9906556],[-43.9715669,-19.9910078],[-43.9718803,-19.991135],[-43.9720147,-19.9913107],[-43.972173,-19.9913119],[-43.9719055,-19.991639],[-43.9718748,-19.9920352],[-43.971965,-19.9923822],[-43.9717515,-19.9927995],[-43.9715067,-19.9930191],[-43.9715323,-19.9932354],[-43.9716444,-19.9934053],[-43.9718274,-19.9934578],[-43.9721398,-19.9937565],[-43.9725035,-19.9946914],[-43.9728253,-19.994721],[-43.9729298,-19.9954213],[-43.973071,-19.9957164],[-43.9742008,-19.9972911],[-43.974219,-19.9975731],[-43.9740836,-19.9977875],[-43.9741251,-19.9983269],[-43.9782392,-19.9975933],[-43.9791222,-19.9976071],[-43.9796676,-19.9977884],[-43.98393,-20.0001487],[-43.9878518,-20.0015327],[-43.9882911,-20.0017493],[-43.9892253,-20.0012461],[-43.9897264,-20.0003405],[-43.9897045,-20.0001283],[-43.989295,-19.9993982],[-43.989028,-19.9993012],[-43.9885948,-19.9990045],[-43.9884216,-19.9987006],[-43.9878099,-19.9981187],[-43.9872281,-19.997941],[-43.9870877,-19.9978162],[-43.9870796,-19.9975406],[-43.9872845,-19.9971543],[-43.9869604,-19.9968942],[-43.9870123,-19.9964789],[-43.98692,-19.9962543],[-43.9870698,-19.9959796],[-43.9870815,-19.9957088],[-43.9873442,-19.9955329],[-43.9873762,-19.9951483],[-43.9873038,-19.9949098],[-43.9871366,-19.9949372],[-43.9864771,-19.9953706],[-43.9862997,-19.9958208],[-43.9862336,-19.9963254],[-43.9858676,-19.9971238],[-43.986122,-19.9972662],[-43.9862249,-19.9972406],[-43.9864017,-19.9978193],[-43.986471,-19.9986974],[-43.9861579,-19.9992691],[-43.9857673,-19.9995083],[-43.9852868,-19.9992691],[-43.9849217,-19.99941],[-43.9847933,-19.9993516],[-43.9845483,-19.9988348],[-43.9844114,-19.9988646],[-43.9841975,-19.9985845],[-43.9840872,-19.9986272]],[[-43.9867929,-19.9892981],[-43.9868582,-19.9893727],[-43.9867218,-19.9894308],[-43.9865471,-19.9892858],[-43.9862245,-19.9892426],[-43.9861172,-19.9891405],[-43.9857809,-19.9891401],[-43.9851647,-19.9893975],[-43.9849434,-19.9889813],[-43.9850021,-19.9889502],[-43.9843434,-19.9877421],[-43.9840713,-19.9867651],[-43.984361,-19.9865986],[-43.9843727,-19.986848],[-43.984586,-19.9869783],[-43.9846995,-19.9872142],[-43.9849155,-19.987419],[-43.9852821,-19.9876337],[-43.9851205,-19.9879535],[-43.9852941,-19.9881551],[-43.9860216,-19.988469],[-43.9859887,-19.9885373],[-43.9866609,-19.9883664],[-43.9871932,-19.9884547],[-43.9867929,-19.9892981]]]}},{"type":"Feature","properties":{"code":"1159","name":"Santa Cecília"},"geometry":{"type":"Polygon","coordinates":[[[-44.0305389,-20.0061525],[-44.0301751,-20.0060471],[-44.0302737,-20.005802],[-44.0303189,-20.0044095],[-44.0313757,-20.0030359],[-44.0315277,-20.000331],[-44.0320947,-20.0002214],[-44.0321911,-20.0002791],[-44.0324,-19.9980067],[-44.0355837,-19.9982835],[-44.0359576,-19.9982579],[-44.0360884,-19.9987723],[-44.0357548,-20.0023002],[-44.0353018,-20.0037431],[-44.0347801,-20.0060047],[-44.0328823,-20.0058334],[-44.0329107,-20.0054601],[-44.0333498,-20.0053392],[-44.0333087,-20.0052773],[-44.0326699,-20.0052053],[-44.0327671,-20.0043303],[-44.0313615,-20.0041955],[-44.0312483,-20.004037],[-44.0311379,-20.0041597],[-44.0309498,-20.0050249],[-44.0308152,-20.0050953],[-44.0307731,-20.0053429],[-44.0308825,-20.0054503],[-44.0305389,-20.0061525]]]}},{"type":"Feature","properties":{"code":"1485","name":"CDI Jatobá"},"geometry":{"type":"Polygon","coordinates":[[[-44.0461138,-20.000026],[-44.0462033,-20.0008745],[-44.0461362,-20.0012372],[-44.0452005,-20.0033211],[-44.0449875,-20.0043791],[-44.0447874,-20.0046604],[-44.0444436,-20.0048758],[-44.0444819,-20.0048089],[-44.0432565,-20.0015712],[-44.0428532,-20.0008943],[-44.0419789,-20.0000277],[-44.0403285,-20.0012069],[-44.0404044,-20.0013333],[-44.0414157,-20.000789],[-44.042016,-20.0006411],[-44.0421932,-20.0007259],[-44.0423208,-20.0008903],[-44.0424907,-20.0014453],[-44.0427187,-20.001441],[-44.0426806,-20.0022335],[-44.0417949,-20.0034435],[-44.0414145,-20.0037064],[-44.0408984,-20.0037559],[-44.0394983,-20.0031782],[-44.0356582,-20.0027191],[-44.0359062,-20.0008312],[-44.0360591,-19.9985603],[-44.0348402,-19.9950731],[-44.0341285,-19.9942689],[-44.034515,-19.9941792],[-44.0346889,-19.993942],[-44.0347287,-19.9941547],[-44.0349009,-19.9944346],[-44.0353283,-19.9949317],[-44.0371145,-19.9961563],[-44.0385419,-19.9946599],[-44.0387078,-19.9946581],[-44.0393719,-19.9937057],[-44.0406915,-19.9936864],[-44.0426148,-19.9943191],[-44.0447537,-19.99639],[-44.0445391,-19.9965755],[-44.0441509,-19.9972222],[-44.0430319,-19.9993072],[-44.0461138,-20.000026]]]}},{"type":"Feature","properties":{"code":"1154","name":"Castanheira"},"geometry":{"type":"Polygon","coordinates":[[[-44.0321911,-20.0002791],[-44.0320947,-20.0002214],[-44.0318697,-20.0002547],[-44.0319424,-19.9995189],[-44.0305056,-19.9989034],[-44.0295386,-19.9981629],[-44.0295914,-19.9980919],[-44.0294625,-19.9980265],[-44.0295016,-19.9977205],[-44.0298347,-19.9972966],[-44.0294188,-19.9970042],[-44.029332,-19.9969607],[-44.0285155,-19.9981301],[-44.0278464,-19.997789],[-44.0281049,-19.9972916],[-44.0280154,-19.9970026],[-44.0263698,-19.995663],[-44.0269499,-19.9953515],[-44.026487,-19.9950408],[-44.027728,-19.993971],[-44.0327821,-19.9939373],[-44.0332171,-19.9939902],[-44.0341285,-19.9942689],[-44.0348402,-19.9950731],[-44.0359576,-19.9982579],[-44.0355837,-19.9982835],[-44.0324,-19.9980067],[-44.0321911,-20.0002791]]]}},{"type":"Feature","properties":{"code":"673","name":"Vila CEMIG"},"geometry":{"type":"Polygon","coordinates":[[[-43.9925311,-19.9986445],[-43.9915309,-19.9983912],[-43.9912011,-19.9982088],[-43.9907098,-19.9982368],[-43.990365,-19.9981423],[-43.9900518,-19.9981569],[-43.989968,-19.998006],[-43.9900701,-19.9974933],[-43.9902282,-19.9972484],[-43.9899295,-19.9966718],[-43.9898818,-19.9962747],[-43.9897339,-19.9959304],[-43.9897427,-19.9955175],[-43.9896296,-19.9951052],[-43.9894574,-19.9948406],[-43.9888754,-19.9946019],[-43.9884556,-19.9942803],[-43.9883337,-19.9941283],[-43.9883675,-19.9940284],[-43.9881463,-19.993571],[-43.9881517,-19.9934465],[-43.9887464,-19.9939554],[-43.98945,-19.9940221],[-43.9895125,-19.9938737],[-43.990614,-19.9943578],[-43.9908611,-19.9939007],[-43.9904121,-19.9935753],[-43.9908666,-19.9929225],[-43.9912041,-19.9931005],[-43.9912328,-19.9929049],[-43.9911506,-19.9926491],[-43.991018,-19.992514],[-43.9904499,-19.9922181],[-43.9905913,-19.9919809],[-43.9911272,-19.9921218],[-43.9916486,-19.9923995],[-43.9927,-19.9925428],[-43.9933855,-19.9930277],[-43.9936768,-19.9928294],[-43.9939877,-19.993013],[-43.9942288,-19.9929506],[-43.9947947,-19.9932508],[-43.996883,-19.994658],[-43.9955824,-19.9951084],[-43.9956109,-19.9952104],[-43.9954315,-19.9952637],[-43.9955434,-19.9954715],[-43.9953437,-19.9955847],[-43.9951783,-19.9953202],[-43.9934564,-19.9963051],[-43.9927454,-19.9974257],[-43.992385,-19.9982043],[-43.992609,-19.9983742],[-43.9925311,-19.9986445]]]}},{"type":"Feature","properties":{"code":"1490","name":"Bairro das Indústrias I"},"geometry":{"type":"Polygon","coordinates":[[[-44.0061377,-19.9551983],[-44.0072321,-19.9551032],[-44.0093236,-19.9554111],[-44.0117488,-19.9551111],[-44.0124931,-19.95515],[-44.0131513,-19.9553836],[-44.0136912,-19.9557823],[-44.014123,-19.9563827],[-44.0143229,-19.9570415],[-44.014326,-19.9577898],[-44.0140326,-19.9584593],[-44.0137547,-19.9587912],[-44.0123091,-19.9600599],[-44.0127186,-19.9604332],[-44.0131984,-19.9607196],[-44.0132124,-19.9608003],[-44.0120889,-19.9620765],[-44.0119827,-19.962282],[-44.0119488,-19.9626071],[-44.0120784,-19.9630471],[-44.0130602,-19.9640235],[-44.0131564,-19.9643196],[-44.0131372,-19.9645568],[-44.0126097,-19.9659496],[-44.0124214,-19.9666319],[-44.0124521,-19.9668157],[-44.0127933,-19.9675694],[-44.0135624,-19.9687655],[-44.0143488,-19.9695864],[-44.0146171,-19.9696979],[-44.0149126,-19.9699837],[-44.0152387,-19.9700884],[-44.0154335,-19.9706402],[-44.0154214,-19.9713586],[-44.015222,-19.9718823],[-44.0150154,-19.9721806],[-44.0134706,-19.9735617],[-44.0128388,-19.9745549],[-44.0113785,-19.9785995],[-44.0108542,-19.9798311],[-44.0097284,-19.9836131],[-44.0087598,-19.9832119],[-44.008592,-19.9833779],[-44.0066651,-19.9823032],[-44.0063147,-19.980347],[-44.0060689,-19.9795012],[-44.0054752,-19.9780355],[-44.0044598,-19.9767268],[-43.999631,-19.9711474],[-43.9992695,-19.9708854],[-43.9986604,-19.9706254],[-43.9963766,-19.9701137],[-43.9964665,-19.9693133],[-43.9964572,-19.9684727],[-43.9967692,-19.9678426],[-43.9963319,-19.9666392],[-43.9973443,-19.9656773],[-43.9977888,-19.9651439],[-43.9984603,-19.964121],[-44.0019739,-19.9580697],[-44.0029716,-19.9561835],[-44.0061377,-19.9551983]],[[-44.0004254,-19.9681077],[-44.0013924,-19.9649099],[-44.00144,-19.9641496],[-44.0018713,-19.9640299],[-44.0018401,-19.9639004],[-44.0012782,-19.9639466],[-44.0010813,-19.9647286],[-44.001068,-19.9649835],[-44.0011408,-19.965001],[-44.0008216,-19.9658173],[-44.0009391,-19.9659003],[-44.0006867,-19.9662571],[-44.0005195,-19.9666602],[-44.000524,-19.9670029],[-44.0003262,-19.9673952],[-44.0002005,-19.9674265],[-44.0001647,-19.9678661],[-44.0002381,-19.9680007],[-44.0004254,-19.9681077]]]}},{"type":"Feature","properties":{"code":"1370","name":"Pantanal"},"geometry":{"type":"Polygon","coordinates":[[[-43.9604938,-19.9560985],[-43.9604684,-19.9558526],[-43.9605958,-19.9555447],[-43.9607588,-19.9552003],[-43.9610331,-19.9549422],[-43.9630716,-19.9554165],[-43.9636554,-19.9555022],[-43.9636949,-19.9553836],[-43.964117,-19.9554756],[-43.9639683,-19.9560892],[-43.9636636,-19.9560392],[-43.9632982,-19.9561162],[-43.9626216,-19.9564532],[-43.9622441,-19.956725],[-43.9620392,-19.9566085],[-43.9612722,-19.9564887],[-43.9604938,-19.9560985]]]}},{"type":"Feature","properties":{"code":"1279","name":"Bairro das Indústrias II"},"geometry":{"type":"Polygon","coordinates":[[[-43.9976869,-19.9628077],[-43.9978402,-19.9625066],[-43.9978253,-19.9622015],[-43.9975203,-19.9615387],[-43.9974852,-19.9612335],[-43.9979646,-19.9597741],[-43.9972366,-19.9595871],[-43.9968051,-19.9593624],[-43.9966649,-19.9586138],[-43.9985433,-19.9586247],[-43.9981856,-19.957908],[-44.0018912,-19.9567293],[-44.002944,-19.9562427],[-44.0019739,-19.9580697],[-43.999636,-19.9620538],[-43.999372,-19.9620367],[-43.9982978,-19.9623595],[-43.9976869,-19.9628077]]]}},{"type":"Feature","properties":{"code":"720","name":"Marajó"},"geometry":{"type":"Polygon","coordinates":[[[-43.9792972,-19.9616722],[-43.9761083,-19.9599959],[-43.9764269,-19.9587146],[-43.9763311,-19.9583348],[-43.9764811,-19.958211],[-43.9767152,-19.9581488],[-43.9769264,-19.9581666],[-43.9771789,-19.9583256],[-43.9773233,-19.9583006],[-43.9775008,-19.9581463],[-43.9776926,-19.9581192],[-43.9778948,-19.9579816],[-43.9781574,-19.957702],[-43.9779683,-19.9576304],[-43.9778909,-19.9571631],[-43.9780063,-19.9568131],[-43.9790387,-19.9560402],[-43.9796616,-19.9550568],[-43.982557,-19.9582449],[-43.9817323,-19.9593218],[-43.9812872,-19.9603749],[-43.9805996,-19.9616533],[-43.9796148,-19.9611262],[-43.9792972,-19.9616722]]]}},{"type":"Feature","properties":{"code":"618","name":"Belvedere"},"geometry":{"type":"Polygon","coordinates":[[[-43.9650427,-20.0026048],[-43.9649484,-20.0033995],[-43.9646657,-20.003318],[-43.9643284,-20.003088],[-43.9637602,-20.0029285],[-43.9634259,-20.0025213],[-43.9625758,-20.0018505],[-43.9620745,-20.0008931],[-43.9610362,-20.0001681],[-43.9599361,-19.9987171],[-43.9595302,-19.9983765],[-43.9593817,-19.9976398],[-43.9591002,-19.9973022],[-43.9590894,-19.9968086],[-43.9588108,-19.9963333],[-43.9585402,-19.9961484],[-43.9581335,-19.9960524],[-43.957166,-19.9962203],[-43.9570299,-19.9961762],[-43.9569824,-19.9956524],[-43.9571333,-19.9950089],[-43.9571074,-19.9945183],[-43.9572921,-19.9939771],[-43.9568927,-19.9931541],[-43.9567664,-19.9930686],[-43.9560108,-19.9928959],[-43.9557833,-19.9927566],[-43.954934,-19.9917383],[-43.9547448,-19.9912777],[-43.9544711,-19.9910134],[-43.9535544,-19.9906556],[-43.9528553,-19.9905789],[-43.9519962,-19.9898502],[-43.9511933,-19.9896392],[-43.9507792,-19.989333],[-43.9504939,-19.9888515],[-43.950261,-19.9886513],[-43.9501834,-19.987902],[-43.9499658,-19.9873514],[-43.9495251,-19.9871223],[-43.9488829,-19.9869806],[-43.9485771,-19.9866867],[-43.9485278,-19.9865362],[-43.9485929,-19.9863132],[-43.9488963,-19.9859081],[-43.949072,-19.9854652],[-43.9490134,-19.9852587],[-43.9487776,-19.9851132],[-43.948515,-19.9850889],[-43.947602,-19.9852578],[-43.9474484,-19.9851906],[-43.9474063,-19.9849827],[-43.9476068,-19.9844347],[-43.9475475,-19.98406],[-43.9468107,-19.9828982],[-43.9466548,-19.9823079],[-43.9459899,-19.981672],[-43.9457126,-19.9816551],[-43.9452332,-19.9813021],[-43.9447127,-19.9807405],[-43.9446703,-19.9803188],[-43.9443459,-19.9799279],[-43.9443128,-19.9797118],[-43.9437474,-19.9791699],[-43.9435805,-19.9788492],[-43.943423,-19.9787107],[-43.9428893,-19.9785485],[-43.942609,-19.9779656],[-43.9409437,-19.9764217],[-43.9403437,-19.9759274],[-43.9398058,-19.9756262],[-43.9388053,-19.9751284],[-43.9383669,-19.9750841],[-43.9380553,-19.9746547],[-43.9375238,-19.974404],[-43.9371559,-19.9743279],[-43.9364341,-19.9742909],[-43.936033,-19.9743781],[-43.9358356,-19.9745092],[-43.9355192,-19.9749412],[-43.9350121,-19.9752521],[-43.9346485,-19.9753404],[-43.9342462,-19.9755779],[-43.9339419,-19.9755846],[-43.9337581,-19.9753572],[-43.9336083,-19.9748646],[-43.93336,-19.9745125],[-43.9333172,-19.9737538],[-43.9329822,-19.9731436],[-43.9327245,-19.9730546],[-43.9324662,-19.9727761],[-43.9322728,-19.9727142],[-43.931502,-19.9727329],[-43.9311087,-19.9729214],[-43.9308986,-19.9728505],[-43.9307525,-19.9723311],[-43.9323469,-19.9720595],[-43.9326703,-19.9718684],[-43.9330379,-19.9718421],[-43.9327091,-19.9713117],[-43.9325796,-19.9708139],[-43.9326563,-19.9698959],[-43.9330122,-19.9691978],[-43.9333604,-19.9687753],[-43.9340654,-19.9688077],[-43.9335373,-19.9677831],[-43.9335841,-19.9675641],[-43.9337028,-19.9674221],[-43.9340999,-19.9673639],[-43.9347172,-19.9674984],[-43.9342857,-19.9651296],[-43.9343388,-19.9633084],[-43.9342488,-19.9632347],[-43.9339336,-19.9632217],[-43.9339515,-19.9625177],[-43.9340249,-19.9623231],[-43.9342467,-19.9620352],[-43.9351415,-19.9615277],[-43.935299,-19.9617869],[-43.9354519,-19.9618429],[-43.9370389,-19.9619401],[-43.9381648,-19.9614332],[-43.9401704,-19.9616488],[-43.9406242,-19.9614634],[-43.9407418,-19.9612444],[-43.9406805,-19.9588678],[-43.9407534,-19.9585248],[-43.9412436,-19.9576084],[-43.9422349,-19.9583161],[-43.942365,-19.9583306],[-43.9425759,-19.958212],[-43.9440906,-19.959901],[-43.9446574,-19.960755],[-43.9447177,-19.9611278],[-43.944669,-19.961526],[-43.9445337,-19.9618477],[-43.9442193,-19.9622037],[-43.9438225,-19.962453],[-43.9435443,-19.9625458],[-43.9404178,-19.9629434],[-43.9401098,-19.9630202],[-43.9396845,-19.9632454],[-43.9393331,-19.9636283],[-43.93913,-19.9641691],[-43.9392003,-19.964845],[-43.9395459,-19.9653577],[-43.939736,-19.9655002],[-43.9406722,-19.9658908],[-43.9428714,-19.966593],[-43.943221,-19.9667721],[-43.9434399,-19.9669912],[-43.9439355,-19.967999],[-43.9482003,-19.9792257],[-43.9486658,-19.9803801],[-43.9491167,-19.9812427],[-43.949771,-19.9821909],[-43.9580089,-19.9913646],[-43.9584862,-19.9919842],[-43.9623836,-19.9980899],[-43.9646885,-20.0011878],[-43.9649567,-20.0018758],[-43.9650427,-20.0026048]]]}},{"type":"Feature","properties":{"code":"1653","name":"Vila Vera Cruz II"},"geometry":{"type":"Polygon","coordinates":[[[-43.897792,-19.9113614],[-43.8974421,-19.9112885],[-43.897519,-19.9109583],[-43.8978728,-19.9110283],[-43.897792,-19.9113614]]]}},{"type":"Feature","properties":{"code":"1652","name":"Vila Vera Cruz I"},"geometry":{"type":"Polygon","coordinates":[[[-43.8987545,-19.9074184],[-43.8982672,-19.9073063],[-43.8983565,-19.9069706],[-43.8973194,-19.9067639],[-43.897276,-19.9072804],[-43.8968275,-19.9071836],[-43.8968495,-19.9070955],[-43.8963435,-19.9069904],[-43.896363,-19.906899],[-43.8965153,-19.9069339],[-43.8965954,-19.9065921],[-43.8976283,-19.9068022],[-43.8976841,-19.9064958],[-43.8975567,-19.9064393],[-43.8975558,-19.9063299],[-43.8977176,-19.9063237],[-43.8977195,-19.9064029],[-43.8979854,-19.9064549],[-43.8978931,-19.9068534],[-43.8986769,-19.9070168],[-43.8987545,-19.9074184]]]}},{"type":"Feature","properties":{"code":"1142","name":"Parque São José"},"geometry":{"type":"Polygon","coordinates":[[[-43.9843044,-19.9676801],[-43.9820421,-19.9672462],[-43.9771062,-19.9669418],[-43.9769983,-19.9652791],[-43.9766463,-19.9642639],[-43.9764824,-19.9634213],[-43.9761083,-19.9599959],[-43.9792972,-19.9616722],[-43.9796148,-19.9611262],[-43.9805996,-19.9616533],[-43.9802444,-19.9623383],[-43.9802154,-19.9628647],[-43.980283,-19.9636365],[-43.9805259,-19.9642105],[-43.9818035,-19.9653384],[-43.981807,-19.9655623],[-43.9819634,-19.9655928],[-43.9820717,-19.9655169],[-43.9842007,-19.9668151],[-43.9843504,-19.96703],[-43.9843044,-19.9676801]]]}},{"type":"Feature","properties":{"code":"1424","name":"Vila Havaí"},"geometry":{"type":"Polygon","coordinates":[[[-43.9707747,-19.9624362],[-43.9708332,-19.9623228],[-43.9704384,-19.9616871],[-43.9705117,-19.9615299],[-43.9707447,-19.9614111],[-43.9716066,-19.9612076],[-43.972022,-19.9615261],[-43.971888,-19.961688],[-43.9716436,-19.9615022],[-43.9715796,-19.9615925],[-43.9713771,-19.9614688],[-43.9711165,-19.9617033],[-43.9713704,-19.9618866],[-43.9709519,-19.9623998],[-43.9707747,-19.9624362]]]}},{"type":"Feature","properties":{"code":"1483","name":"Acaba Mundo"},"geometry":{"type":"Polygon","coordinates":[[[-43.9303308,-19.9628916],[-43.9301282,-19.962556],[-43.9295081,-19.9626242],[-43.9291545,-19.9620694],[-43.9288074,-19.9619294],[-43.928473,-19.9615958],[-43.9279719,-19.9618419],[-43.9278529,-19.9616228],[-43.9277901,-19.9616472],[-43.9274708,-19.9613812],[-43.9275067,-19.9611201],[-43.9278245,-19.9611289],[-43.92795,-19.9608247],[-43.9283095,-19.9604025],[-43.9283231,-19.9598817],[-43.9287001,-19.9598806],[-43.9287452,-19.9604703],[-43.928845,-19.9604542],[-43.9289208,-19.9600453],[-43.9291286,-19.9600921],[-43.9290516,-19.9604628],[-43.9292265,-19.9606259],[-43.9290459,-19.9607542],[-43.9293421,-19.9612722],[-43.9294207,-19.9613231],[-43.9297659,-19.9611638],[-43.9299723,-19.9612053],[-43.9302114,-19.9623647],[-43.9304885,-19.9628305],[-43.9303308,-19.9628916]]]}},{"type":"Feature","properties":{"code":"1324","name":"Estrela do Oriente"},"geometry":{"type":"Polygon","coordinates":[[[-43.9889924,-19.9743354],[-43.9888517,-19.9742911],[-43.9888363,-19.9739544],[-43.9882905,-19.9738344],[-43.9870262,-19.9729631],[-43.9859325,-19.971069],[-43.9864483,-19.9709415],[-43.9865219,-19.9706111],[-43.9865623,-19.9703533],[-43.9862584,-19.9692293],[-43.9842922,-19.9696995],[-43.9841465,-19.9693625],[-43.9843504,-19.96703],[-43.9841368,-19.9667742],[-43.9847001,-19.9646824],[-43.9849164,-19.9643471],[-43.9855225,-19.963732],[-43.9833856,-19.9617168],[-43.9867205,-19.9581766],[-43.9878777,-19.9586694],[-43.9888356,-19.9592979],[-43.989048,-19.9594806],[-43.9893927,-19.9599836],[-43.9906656,-19.9625992],[-43.9911289,-19.9639341],[-43.99173,-19.9652927],[-43.9919102,-19.9660143],[-43.9921514,-19.9679272],[-43.9921492,-19.9689768],[-43.9922511,-19.9691306],[-43.9927739,-19.9693768],[-43.9917947,-19.9702777],[-43.9910361,-19.971156],[-43.9892547,-19.9737575],[-43.9889924,-19.9743354]]]}},{"type":"Feature","properties":{"code":"706","name":"Jatobá"},"geometry":{"type":"Polygon","coordinates":[[[-44.056875,-19.9901755],[-44.0563248,-19.9902451],[-44.0560054,-19.9905028],[-44.0557866,-19.9913943],[-44.0559015,-19.9920281],[-44.0551344,-19.9933417],[-44.0551595,-19.9938858],[-44.0552866,-19.9942618],[-44.0550379,-19.9952947],[-44.0552211,-19.9957821],[-44.0551989,-19.9959797],[-44.0543083,-19.9962429],[-44.0540308,-19.996556],[-44.0537709,-19.9971667],[-44.0538603,-19.9977971],[-44.0531627,-19.9972685],[-44.0525514,-19.9971161],[-44.0522662,-19.9971466],[-44.0521091,-19.997056],[-44.0519068,-19.9970639],[-44.0519084,-19.996683],[-44.0521009,-19.996332],[-44.0518539,-19.996333],[-44.0518639,-19.9962106],[-44.0533028,-19.9890337],[-44.0532258,-19.9878466],[-44.0531237,-19.9875179],[-44.052812,-19.9869712],[-44.053571,-19.9857085],[-44.0536732,-19.9861258],[-44.0542787,-19.9859481],[-44.0546928,-19.9871715],[-44.0550809,-19.9878409],[-44.0557098,-19.9870075],[-44.056178,-19.9874349],[-44.0564272,-19.9883091],[-44.0562852,-19.9887957],[-44.0562927,-19.9893281],[-44.0566632,-19.9898063],[-44.0570143,-19.9900991],[-44.056875,-19.9901755]]]}},{"type":"Feature","properties":{"code":"677","name":"Flávio Marques Lisboa"},"geometry":{"type":"Polygon","coordinates":[[[-43.9918379,-20.0023783],[-43.9892253,-20.0012461],[-43.9907254,-19.9984239],[-43.9906379,-19.9982781],[-43.9912011,-19.9982088],[-43.9915309,-19.9983912],[-43.9925311,-19.9986445],[-43.992609,-19.9983742],[-43.992385,-19.9982043],[-43.9927454,-19.9974257],[-43.9934564,-19.9963051],[-43.9951783,-19.9953202],[-43.9953437,-19.9955847],[-43.9955434,-19.9954715],[-43.9954315,-19.9952637],[-43.9956109,-19.9952104],[-43.9955824,-19.9951084],[-43.996883,-19.994658],[-43.9947947,-19.9932508],[-43.9942288,-19.9929506],[-43.9939877,-19.993013],[-43.9936768,-19.9928294],[-43.9933855,-19.9930277],[-43.9927,-19.9925428],[-43.9916486,-19.9923995],[-43.9911272,-19.9921218],[-43.9908054,-19.9920698],[-43.9894332,-19.9915901],[-43.9886272,-19.9916132],[-43.9882661,-19.9920038],[-43.9880075,-19.9918792],[-43.9881333,-19.9916578],[-43.9881092,-19.9915009],[-43.9882073,-19.991223],[-43.9883292,-19.9910279],[-43.9884841,-19.990948],[-43.9885662,-19.9906021],[-43.9885337,-19.9904468],[-43.9881749,-19.9900702],[-43.9879177,-19.9894069],[-43.9876557,-19.9893159],[-43.9876098,-19.9892142],[-43.9881934,-19.9887308],[-43.9886768,-19.988096],[-43.9890863,-19.9870477],[-43.9896224,-19.9874828],[-43.9924731,-19.9892847],[-43.9932236,-19.9896304],[-43.9938423,-19.989677],[-43.9943017,-19.9896296],[-43.9954115,-19.9889811],[-43.9957476,-19.9889804],[-43.9976451,-19.9893209],[-43.999455,-19.9911663],[-44.0008845,-19.992799],[-44.0011947,-19.9934006],[-44.0013042,-19.9938547],[-44.0012752,-19.994014],[-44.0048576,-19.995359],[-44.0060465,-19.9958828],[-44.006903,-19.99614],[-44.0069561,-19.9963146],[-44.0067188,-19.9963486],[-44.0063875,-19.9962649],[-44.006144,-19.9963439],[-44.0059568,-19.9970134],[-44.0058044,-19.9972253],[-44.0064156,-19.9972574],[-44.0064997,-19.9973138],[-44.0063831,-19.9976191],[-44.0061335,-19.9978702],[-44.0057384,-19.9981109],[-44.0054789,-19.9984907],[-44.0053793,-19.9984931],[-44.005259,-19.9982045],[-44.00493,-19.9981449],[-44.0049427,-19.9979768],[-44.0048097,-19.997989],[-44.0044599,-19.9982824],[-44.0040411,-19.9981812],[-44.0039102,-19.998018],[-44.0036235,-19.9981787],[-44.0036359,-19.9983281],[-44.003774,-19.9983135],[-44.0038701,-19.9985026],[-44.0036987,-19.9986445],[-44.0035911,-19.9989203],[-44.0033405,-19.9990418],[-44.0034299,-19.9992432],[-44.0026972,-19.9994486],[-44.0025367,-19.9998718],[-44.0014458,-19.9995326],[-44.0009212,-19.9987224],[-44.0006684,-19.9988762],[-43.9997465,-19.9975328],[-43.9995108,-19.9969224],[-43.9987222,-19.996614],[-43.998233,-19.9966705],[-43.9963994,-19.9975745],[-43.9958249,-19.9979769],[-43.9951245,-19.9986201],[-43.9945828,-19.9994986],[-43.9940331,-19.9993512],[-43.9928237,-20.0019013],[-43.9918379,-20.0023783]]]}},{"type":"Feature","properties":{"code":"1149","name":"Miramar"},"geometry":{"type":"Polygon","coordinates":[[[-44.0131294,-19.9982402],[-44.0069561,-19.9963146],[-44.006903,-19.99614],[-44.0061999,-19.9959232],[-44.0081454,-19.9891207],[-44.0163909,-19.994424],[-44.0168369,-19.9945766],[-44.017587,-19.9941039],[-44.0176444,-19.9941429],[-44.0179525,-19.9972492],[-44.0137724,-19.9961421],[-44.0131294,-19.9982402]]]}},{"type":"Feature","properties":{"code":"1374","name":"Pindura Saia"},"geometry":{"type":"Polygon","coordinates":[[[-43.9267462,-19.9442611],[-43.9266832,-19.9440148],[-43.926421,-19.943895],[-43.9267822,-19.9430928],[-43.9270352,-19.9431854],[-43.9268767,-19.9437582],[-43.9270143,-19.9441917],[-43.9267462,-19.9442611]]]}},{"type":"Feature","properties":{"code":"1423","name":"Vila FUMEC"},"geometry":{"type":"Polygon","coordinates":[[[-43.9248171,-19.9442755],[-43.9244134,-19.9442362],[-43.9242117,-19.9435572],[-43.924597,-19.9434687],[-43.9248171,-19.9442755]]]}},{"type":"Feature","properties":{"code":"1332","name":"Imbaúbas"},"geometry":{"type":"Polygon","coordinates":[[[-43.9927972,-19.9465203],[-43.9920449,-19.9460358],[-43.9918317,-19.9463202],[-43.9904386,-19.9453111],[-43.991072,-19.9446137],[-43.9928268,-19.9429802],[-43.9930691,-19.9436592],[-43.993236,-19.9437391],[-43.9920001,-19.9455426],[-43.9930378,-19.9461439],[-43.9927972,-19.9465203]]]}},{"type":"Feature","properties":{"code":"728","name":"Nova Cintra"},"geometry":{"type":"Polygon","coordinates":[[[-43.9877176,-19.9543204],[-43.9856408,-19.9525934],[-43.985232,-19.9520041],[-43.9851074,-19.9516971],[-43.9850254,-19.9509519],[-43.985202,-19.9502525],[-43.9854156,-19.9498781],[-43.9860602,-19.9492733],[-43.9872747,-19.9484354],[-43.9871374,-19.9478671],[-43.9873851,-19.9475727],[-43.9875206,-19.9472385],[-43.9875396,-19.9468957],[-43.9872278,-19.9460127],[-43.9879758,-19.9458431],[-43.988245,-19.9451068],[-43.9887664,-19.9457688],[-43.9899172,-19.9450131],[-43.9904386,-19.9453111],[-43.9935832,-19.9475855],[-43.9939126,-19.947737],[-43.9960576,-19.9477459],[-43.9977315,-19.9474045],[-43.9977689,-19.9475451],[-43.9982609,-19.9475054],[-43.9985029,-19.9479008],[-43.998357,-19.9489748],[-43.9972797,-19.9508275],[-43.9966544,-19.950953],[-43.996361,-19.9511226],[-43.9958053,-19.9512579],[-43.9936715,-19.9530828],[-43.9911125,-19.9504323],[-43.9909079,-19.9504109],[-43.9901014,-19.9513371],[-43.9888789,-19.9505539],[-43.9887267,-19.9503871],[-43.9889673,-19.9527457],[-43.9877176,-19.9543204]],[[-43.9879937,-19.9475213],[-43.9887421,-19.9470643],[-43.9886925,-19.9468976],[-43.9888149,-19.9468014],[-43.9886642,-19.9466204],[-43.9887967,-19.9465683],[-43.9887044,-19.9464364],[-43.9881437,-19.9467998],[-43.9881378,-19.9464567],[-43.9880304,-19.9464165],[-43.9879937,-19.9475213]]]}},{"type":"Feature","properties":{"code":"1670","name":"São Jorge I"},"geometry":{"type":"Polygon","coordinates":[[[-43.9654089,-19.9476861],[-43.965023,-19.9473785],[-43.9640268,-19.9468835],[-43.9636209,-19.9468887],[-43.9636926,-19.9460252],[-43.963634,-19.9456397],[-43.9633612,-19.9454846],[-43.9631507,-19.9444965],[-43.9631527,-19.9443701],[-43.9635294,-19.9442859],[-43.9631588,-19.9433115],[-43.9637181,-19.9430294],[-43.9639434,-19.944005],[-43.96471,-19.9447141],[-43.9646044,-19.9448581],[-43.9654126,-19.9455504],[-43.9653649,-19.9456069],[-43.9654803,-19.9457352],[-43.9661355,-19.946343],[-43.9666544,-19.9466173],[-43.9665068,-19.9469807],[-43.9654089,-19.9476861]]]}},{"type":"Feature","properties":{"code":"717","name":"Madre Gertrudes"},"geometry":{"type":"Polygon","coordinates":[[[-44.0093971,-19.9526273],[-44.0087294,-19.9531048],[-44.0081083,-19.9531035],[-44.0072832,-19.9533947],[-44.0070348,-19.9529181],[-44.0063422,-19.9534093],[-44.0050797,-19.9541502],[-44.0050641,-19.9543258],[-44.0051694,-19.9545336],[-44.0053708,-19.9546343],[-44.0056112,-19.9546326],[-44.0053075,-19.9548955],[-44.0055393,-19.9550618],[-44.006101,-19.9550698],[-44.0061377,-19.9551983],[-44.0029716,-19.9561835],[-44.003444,-19.9552984],[-44.0038114,-19.9548612],[-44.0043505,-19.9544355],[-44.0055707,-19.9537135],[-44.0053851,-19.9535285],[-44.0040592,-19.9535004],[-44.0032976,-19.9533075],[-44.0030539,-19.9530473],[-44.0029878,-19.9526807],[-44.0030329,-19.9525309],[-44.0019694,-19.9525994],[-44.0007708,-19.9509127],[-44.0012472,-19.9505515],[-44.0022501,-19.9499652],[-44.002135,-19.9496956],[-44.0019522,-19.948748],[-44.0013522,-19.9473675],[-44.0014187,-19.947018],[-44.0015726,-19.9467574],[-44.0032773,-19.9465047],[-44.0032435,-19.9462494],[-44.0035309,-19.9461981],[-44.0030662,-19.9457931],[-44.0038483,-19.9451014],[-44.0038253,-19.9450276],[-44.0039893,-19.9451588],[-44.0043327,-19.9446594],[-44.0039745,-19.9444947],[-44.0037587,-19.9442127],[-44.0038,-19.9440341],[-44.0037252,-19.9439855],[-44.0041713,-19.9437015],[-44.0054975,-19.9456727],[-44.006189,-19.9464787],[-44.0070251,-19.9471064],[-44.0091931,-19.9481483],[-44.0089876,-19.9483598],[-44.0085818,-19.9504974],[-44.0084574,-19.9508431],[-44.0088604,-19.9515102],[-44.0089313,-19.9515759],[-44.0091682,-19.9515365],[-44.0093971,-19.9526273]],[[-44.0072835,-19.9490879],[-44.0075312,-19.9489427],[-44.0072748,-19.94811],[-44.0075422,-19.9480442],[-44.0075199,-19.947775],[-44.0074552,-19.9474781],[-44.0071056,-19.9472995],[-44.0069431,-19.9475467],[-44.0071286,-19.947667],[-44.0071475,-19.9477922],[-44.0066716,-19.9484523],[-44.0069984,-19.9486698],[-44.0072835,-19.9490879]],[[-44.0036136,-19.9527113],[-44.0037948,-19.9520381],[-44.004433,-19.952178],[-44.0045028,-19.9521688],[-44.0044337,-19.9519786],[-44.0053595,-19.9519838],[-44.0051135,-19.9510501],[-44.0053007,-19.9508648],[-44.0062727,-19.9510641],[-44.0060598,-19.9507773],[-44.0066517,-19.9499813],[-44.0065752,-19.9499304],[-44.0062044,-19.9504242],[-44.0055448,-19.949989],[-44.0049984,-19.9507104],[-44.0047435,-19.9497267],[-44.0041591,-19.9505127],[-44.0039755,-19.9501236],[-44.0041036,-19.9500094],[-44.0034809,-19.9498124],[-44.0032663,-19.9495108],[-44.0032032,-19.9492379],[-44.0021009,-19.9500826],[-44.0024644,-19.950479],[-44.002714,-19.9505297],[-44.002711,-19.9507574],[-44.0029463,-19.9515965],[-44.0032053,-19.9516103],[-44.0032971,-19.9514782],[-44.0035216,-19.9515725],[-44.0035593,-19.9517664],[-44.0034922,-19.9519029],[-44.0030813,-19.9524137],[-44.0031742,-19.9523456],[-44.0034767,-19.9523943],[-44.0035291,-19.9527071],[-44.0036136,-19.9527113]]]}},{"type":"Feature","properties":{"code":"817","name":"Virgínia"},"geometry":{"type":"Polygon","coordinates":[[[-44.0166782,-19.9464929],[-44.0166244,-19.9464023],[-44.0166905,-19.9461664],[-44.0168972,-19.9459657],[-44.0169142,-19.9456106],[-44.0187181,-19.9453901],[-44.0233891,-19.9436126],[-44.0229198,-19.9441421],[-44.0228698,-19.9446403],[-44.0221387,-19.9447544],[-44.0215382,-19.9449737],[-44.0207043,-19.9457466],[-44.0204239,-19.9457728],[-44.0199573,-19.9455842],[-44.0196946,-19.9458484],[-44.0194753,-19.945931],[-44.018939,-19.9460233],[-44.0182445,-19.9462569],[-44.017149,-19.9463438],[-44.0166782,-19.9464929]]]}},{"type":"Feature","properties":{"code":"1392","name":"Sport Club"},"geometry":{"type":"Polygon","coordinates":[[[-44.0108163,-19.9482869],[-44.0104008,-19.9481094],[-44.0105503,-19.9478319],[-44.0101183,-19.9477346],[-44.0108249,-19.9464201],[-44.0110937,-19.9457693],[-44.0110286,-19.9456705],[-44.0107338,-19.9456912],[-44.0109201,-19.9454165],[-44.0114338,-19.9451312],[-44.0115538,-19.9448548],[-44.0115789,-19.944743],[-44.0112623,-19.9447455],[-44.0112837,-19.944219],[-44.0116458,-19.9442233],[-44.0127674,-19.945223],[-44.0136841,-19.9456422],[-44.0135491,-19.9459935],[-44.0129401,-19.9460203],[-44.0130273,-19.9462755],[-44.0127859,-19.9463315],[-44.0126382,-19.9464696],[-44.0116892,-19.9469229],[-44.0108163,-19.9482869]]]}},{"type":"Feature","properties":{"code":"637","name":"Carmo"},"geometry":{"type":"Polygon","coordinates":[[[-43.931129,-19.9469819],[-43.9302599,-19.9439352],[-43.9290108,-19.9394389],[-43.9330826,-19.9398749],[-43.9347899,-19.9461472],[-43.931129,-19.9469819]]]}},{"type":"Feature","properties":{"code":"801","name":"Sion"},"geometry":{"type":"Polygon","coordinates":[[[-43.9294207,-19.9613231],[-43.9290459,-19.9607542],[-43.9292265,-19.9606259],[-43.9290516,-19.9604628],[-43.9291286,-19.9600921],[-43.9289208,-19.9600453],[-43.928845,-19.9604542],[-43.9287452,-19.9604703],[-43.9287001,-19.9598806],[-43.9289286,-19.9593865],[-43.9295141,-19.9586672],[-43.9297994,-19.9580589],[-43.9298264,-19.9570958],[-43.9298855,-19.9568498],[-43.930028,-19.9567258],[-43.9298055,-19.9563536],[-43.9296872,-19.9548346],[-43.9295765,-19.954281],[-43.929449,-19.9540796],[-43.9291437,-19.9538564],[-43.9314315,-19.9481433],[-43.931129,-19.9469819],[-43.9347899,-19.9461472],[-43.9351729,-19.9475461],[-43.9353946,-19.9480722],[-43.9404461,-19.9555621],[-43.9416394,-19.9571307],[-43.9425759,-19.958212],[-43.942365,-19.9583306],[-43.9422349,-19.9583161],[-43.9411411,-19.9575344],[-43.9407858,-19.957959],[-43.9398855,-19.9584358],[-43.9392739,-19.9584935],[-43.9374057,-19.9596369],[-43.9373671,-19.9593382],[-43.9370204,-19.9594566],[-43.936638,-19.9597356],[-43.9360731,-19.959878],[-43.9357541,-19.9597839],[-43.9344883,-19.9588217],[-43.9338176,-19.9574981],[-43.9323515,-19.9577869],[-43.9324456,-19.9580697],[-43.9321105,-19.9583425],[-43.9319543,-19.9581846],[-43.9318823,-19.9578801],[-43.9315671,-19.958043],[-43.9313942,-19.9582438],[-43.9309147,-19.9593973],[-43.9300584,-19.9603288],[-43.9298625,-19.9608793],[-43.9299723,-19.9612053],[-43.9296478,-19.9611882],[-43.9294207,-19.9613231]],[[-43.9352208,-19.9492289],[-43.9352768,-19.9492152],[-43.9350555,-19.9483916],[-43.9349065,-19.9483702],[-43.9348496,-19.9480801],[-43.934888,-19.9482882],[-43.9348177,-19.9484541],[-43.9348867,-19.9485895],[-43.9347956,-19.9486553],[-43.9347716,-19.9488735],[-43.9350378,-19.9488054],[-43.9351286,-19.9491409],[-43.9351882,-19.9491243],[-43.9352208,-19.9492289]]]}},{"type":"Feature","properties":{"code":"682","name":"Gameleira"},"geometry":{"type":"Polygon","coordinates":[[[-43.9860983,-19.9392285],[-43.9859775,-19.9387713],[-43.9862851,-19.9386746],[-43.9860127,-19.9376379],[-43.9848144,-19.9361536],[-43.9844613,-19.9359055],[-43.9843887,-19.9356763],[-43.9839482,-19.9334127],[-43.9842282,-19.9320377],[-43.9839953,-19.9320051],[-43.9840279,-19.9317062],[-43.9838926,-19.9315037],[-43.9838018,-19.9314746],[-43.9832628,-19.9318068],[-43.9839734,-19.9318693],[-43.9837987,-19.9328229],[-43.9837481,-19.9328742],[-43.9827412,-19.932833],[-43.9833725,-19.9297624],[-43.9833254,-19.9290315],[-43.9828426,-19.9269948],[-43.9829215,-19.9267671],[-43.9832039,-19.9264102],[-43.9841084,-19.9259029],[-43.9861161,-19.926719],[-43.9871799,-19.9272749],[-43.990321,-19.9291752],[-43.9907625,-19.9295368],[-43.9937318,-19.9332741],[-43.9939807,-19.9337315],[-43.9932277,-19.9340166],[-43.9939684,-19.9356662],[-43.9945307,-19.9354067],[-43.9946435,-19.9358577],[-43.9909472,-19.9374433],[-43.9907283,-19.9370865],[-43.9902031,-19.9366762],[-43.9895305,-19.9365231],[-43.9891604,-19.9365382],[-43.9886375,-19.936696],[-43.9880767,-19.9371231],[-43.9877437,-19.9377348],[-43.9877247,-19.9380564],[-43.9881046,-19.9385649],[-43.9860983,-19.9392285]]]}},{"type":"Feature","properties":{"code":"1427","name":"Vila Independência IV"},"geometry":{"type":"MultiPolygon","coordinates":[[[[-44.030002,-20.0194551],[-44.0289078,-20.0195511],[-44.0306041,-20.0179663],[-44.0313564,-20.0175975],[-44.0317915,-20.0163296],[-44.0320985,-20.016429],[-44.0319409,-20.0166312],[-44.0320139,-20.016831],[-44.0321306,-20.0169204],[-44.0321645,-20.0171274],[-44.0319716,-20.0173553],[-44.0319903,-20.0181347],[-44.0318247,-20.0183629],[-44.03184,-20.0186],[-44.0319467,-20.0187409],[-44.030002,-20.0194551]]],[[[-44.0324475,-20.0183317],[-44.0321034,-20.0184892],[-44.031863,-20.0185912],[-44.0321113,-20.0184832],[-44.0324475,-20.0183317]]]]}},{"type":"Feature","properties":{"code":"760","name":"Sagrada Família"},"geometry":{"type":"Polygon","coordinates":[[[-43.924048,-19.911836],[-43.9201776,-19.9116115],[-43.9194895,-19.907603],[-43.9150342,-19.9082698],[-43.9149755,-19.9077921],[-43.9157132,-19.9064281],[-43.9146135,-19.9057692],[-43.9150691,-19.9048603],[-43.9156071,-19.9026909],[-43.9153479,-19.9014917],[-43.915335,-19.9007113],[-43.9150173,-19.8990955],[-43.9151713,-19.8990234],[-43.9149489,-19.8982427],[-43.9165616,-19.8974387],[-43.9178715,-19.8971276],[-43.9191394,-19.8969703],[-43.9214106,-19.8963679],[-43.9214937,-19.896165],[-43.9218566,-19.8960204],[-43.9217266,-19.8957139],[-43.9218236,-19.8956305],[-43.9212961,-19.8944525],[-43.9212739,-19.8942983],[-43.9213521,-19.8942111],[-43.9212285,-19.8941144],[-43.9209533,-19.8935034],[-43.9207197,-19.892467],[-43.92083,-19.8921318],[-43.9210613,-19.8925822],[-43.9215472,-19.8931505],[-43.9219438,-19.8934278],[-43.9223413,-19.8935714],[-43.9239859,-19.8936889],[-43.9275407,-19.8946415],[-43.9273932,-19.8951571],[-43.9274904,-19.8962617],[-43.9284169,-19.9016729],[-43.9287016,-19.9021926],[-43.9291189,-19.9025474],[-43.9294631,-19.9027501],[-43.9312673,-19.9033608],[-43.9307335,-19.9050224],[-43.9296036,-19.90739],[-43.9271219,-19.9092337],[-43.9263359,-19.9106882],[-43.9261189,-19.9109388],[-43.9248831,-19.91159],[-43.924048,-19.911836]]]}},{"type":"Feature","properties":{"code":"2041","name":"Irmã Dorothy"},"geometry":{"type":"Polygon","coordinates":[[[-44.027634,-20.0079791],[-44.0274343,-20.0078313],[-44.0272007,-20.0078314],[-44.0268777,-20.0076663],[-44.0268445,-20.0078777],[-44.0265342,-20.0078288],[-44.0264112,-20.0079235],[-44.0268058,-20.0067226],[-44.0281865,-20.0070634],[-44.0285382,-20.0072936],[-44.0280894,-20.0079977],[-44.0280258,-20.0082529],[-44.0278905,-20.0083442],[-44.027634,-20.0079791]]]}},{"type":"Feature","properties":{"code":"2042","name":"Camilo Torres"},"geometry":{"type":"Polygon","coordinates":[[[-44.0294832,-20.0076255],[-44.0289072,-20.008886],[-44.0278905,-20.0083442],[-44.0280258,-20.0082529],[-44.0280894,-20.0079977],[-44.0285382,-20.0072936],[-44.0294832,-20.0076255]]]}},{"type":"Feature","properties":{"code":"2043","name":"Dandara"},"geometry":{"type":"Polygon","coordinates":[[[-44.0081515,-19.8309875],[-44.0065251,-19.8297729],[-44.0066343,-19.8296921],[-44.0063643,-19.8292735],[-44.0062488,-19.8287314],[-44.0067699,-19.8279364],[-44.00749,-19.8273991],[-44.0074028,-19.8272519],[-44.0078624,-19.8270435],[-44.009316,-19.8266381],[-44.0093711,-19.8268518],[-44.0099928,-19.8267133],[-44.0099357,-19.8264869],[-44.0100401,-19.8264618],[-44.0112842,-19.8264213],[-44.0123355,-19.8297944],[-44.011985,-19.8304082],[-44.0119314,-19.8305576],[-44.0119762,-19.8307917],[-44.0104572,-19.8309526],[-44.0106423,-19.8315649],[-44.0104345,-19.8316194],[-44.0093643,-19.8316217],[-44.009385,-19.8315574],[-44.0082695,-19.8311818],[-44.0081515,-19.8309875]]]}},{"type":"Feature","properties":{"code":"621","name":"Bom Jesus"},"geometry":{"type":"Polygon","coordinates":[[[-43.9566883,-19.8991462],[-43.95313,-19.8984772],[-43.9531793,-19.8976623],[-43.9509694,-19.8975316],[-43.9509111,-19.8966511],[-43.9516721,-19.8932327],[-43.9534369,-19.8940096],[-43.9533669,-19.8949853],[-43.9540444,-19.8950027],[-43.957778,-19.895709],[-43.9570608,-19.8991094],[-43.9566883,-19.8991462]]]}},{"type":"Feature","properties":{"code":"1143","name":"Flávio de Oliveira"},"geometry":{"type":"Polygon","coordinates":[[[-44.0025534,-20.0033273],[-44.0015866,-20.0031734],[-44.0014503,-20.0030775],[-44.0013897,-20.0024485],[-44.0004544,-20.0015115],[-44.0006861,-20.0006942],[-44.0008784,-20.00056],[-44.0011734,-20.0006383],[-44.0015294,-19.9995695],[-44.0025367,-19.9998718],[-44.0027673,-19.9994001],[-44.0034299,-19.9992432],[-44.0037161,-19.9990986],[-44.0053266,-19.9993205],[-44.0051609,-20.0000586],[-44.0049956,-20.000031],[-44.004862,-20.0005652],[-44.0034837,-20.0001472],[-44.0025534,-20.0033273]]]}},{"type":"Feature","properties":{"code":"1171","name":"Distrito Industrial do Jatobá"},"geometry":{"type":"MultiPolygon","coordinates":[[[[-44.0261327,-20.0134453],[-44.0252656,-20.0131576],[-44.0246185,-20.0124952],[-44.024489,-20.0125673],[-44.0221776,-20.0100845],[-44.0207978,-20.0108604],[-44.0208166,-20.0104166],[-44.0204244,-20.0100912],[-44.0200829,-20.0094585],[-44.019906,-20.0089245],[-44.0202958,-20.0076909],[-44.0204328,-20.0075763],[-44.0206731,-20.0076019],[-44.0207876,-20.0074123],[-44.0207481,-20.0071795],[-44.0208314,-20.0070428],[-44.0210861,-20.0069351],[-44.0212645,-20.0069432],[-44.0214543,-20.0071176],[-44.0218568,-20.0070239],[-44.0224194,-20.0067324],[-44.0227839,-20.0063918],[-44.0285155,-19.9981301],[-44.0308273,-20.0002882],[-44.031087,-20.0003796],[-44.0315277,-20.000331],[-44.0313757,-20.0030359],[-44.0303189,-20.0044095],[-44.0302737,-20.005802],[-44.0294832,-20.0076255],[-44.0285382,-20.0072936],[-44.0281865,-20.0070634],[-44.0268058,-20.0067226],[-44.0264112,-20.0079235],[-44.0265342,-20.0078288],[-44.0268445,-20.0078777],[-44.0268777,-20.0076663],[-44.0272007,-20.0078314],[-44.0274343,-20.0078313],[-44.0275706,-20.0079001],[-44.0279485,-20.0083858],[-44.0289072,-20.008886],[-44.0284086,-20.0099809],[-44.0279486,-20.0097907],[-44.0278288,-20.0098936],[-44.0276303,-20.0097108],[-44.0274383,-20.0098034],[-44.0272725,-20.0096243],[-44.0268684,-20.0099503],[-44.0269106,-20.0101543],[-44.0266976,-20.0104138],[-44.0266984,-20.0109923],[-44.0265192,-20.0110985],[-44.0264652,-20.0121335],[-44.0262545,-20.0120875],[-44.02619,-20.0121465],[-44.0261263,-20.0128992],[-44.0263155,-20.0132223],[-44.0261327,-20.0134453]]],[[[-44.0280258,-20.0082529],[-44.0280389,-20.0081773],[-44.0280475,-20.0081477],[-44.0280393,-20.0081774],[-44.0280258,-20.0082529]]],[[[-44.0282437,-20.0077451],[-44.0282665,-20.0077003],[-44.0282743,-20.0076856],[-44.0282437,-20.0077451]]]]}},{"type":"Feature","properties":{"code":"1285","name":"Vila Batik"},"geometry":{"type":"Polygon","coordinates":[[[-44.0424907,-20.0014453],[-44.0423208,-20.0008903],[-44.0421932,-20.0007259],[-44.042016,-20.0006411],[-44.0414157,-20.000789],[-44.0404044,-20.0013333],[-44.0403285,-20.0012069],[-44.0419789,-20.0000277],[-44.0426534,-20.0006764],[-44.0427187,-20.001441],[-44.0424907,-20.0014453]]]}},{"type":"Feature","properties":{"code":"1160","name":"Conjunto Jatobá"},"geometry":{"type":"Polygon","coordinates":[[[-44.0410425,-20.0053115],[-44.0376494,-20.004955],[-44.0378946,-20.0030019],[-44.0394983,-20.0031782],[-44.0408984,-20.0037559],[-44.0412748,-20.0037457],[-44.041527,-20.0036544],[-44.0417949,-20.0034435],[-44.0426806,-20.0022335],[-44.0427404,-20.0019241],[-44.0426534,-20.0006764],[-44.0432565,-20.0015712],[-44.0443226,-20.004406],[-44.0440775,-20.0044929],[-44.0437444,-20.0048375],[-44.0437196,-20.0047431],[-44.041264,-20.0045081],[-44.0410425,-20.0053115]]]}},{"type":"Feature","properties":{"code":"628","name":"Caiçaras"},"geometry":{"type":"Polygon","coordinates":[[[-43.9715094,-19.912319],[-43.9673231,-19.9108575],[-43.9643364,-19.9090809],[-43.9635844,-19.9087026],[-43.9616077,-19.9080663],[-43.960789,-19.9079591],[-43.960121,-19.9079938],[-43.9597729,-19.9065393],[-43.9601558,-19.9065591],[-43.9601832,-19.9045538],[-43.9613516,-19.9045931],[-43.9618877,-19.9045313],[-43.9615254,-19.9016706],[-43.9628693,-19.9017233],[-43.9629053,-19.9006457],[-43.9622965,-19.9002777],[-43.9616792,-19.8996098],[-43.9621281,-19.8987649],[-43.9621238,-19.8983331],[-43.9620397,-19.8981034],[-43.9617834,-19.8977363],[-43.9611332,-19.8971402],[-43.9609696,-19.8962915],[-43.9604698,-19.8952639],[-43.9625256,-19.8941298],[-43.9645348,-19.8938291],[-43.9645231,-19.893194],[-43.9648454,-19.8921115],[-43.9649741,-19.8918886],[-43.9663939,-19.8908992],[-43.9666862,-19.8904599],[-43.9671123,-19.8894968],[-43.967501,-19.8888485],[-43.9691421,-19.8870978],[-43.9733927,-19.8903763],[-43.9745329,-19.8911411],[-43.9759014,-19.8918175],[-43.9755142,-19.8919246],[-43.974445,-19.8918906],[-43.9736542,-19.8917178],[-43.9724225,-19.8912096],[-43.9716942,-19.8922549],[-43.9713216,-19.8931207],[-43.9713896,-19.8944131],[-43.9716267,-19.8954303],[-43.9715891,-19.8956327],[-43.9705973,-19.8969038],[-43.9690455,-19.8982103],[-43.9687546,-19.8995665],[-43.9688182,-19.8996725],[-43.9682308,-19.9000653],[-43.970113,-19.9014366],[-43.9718306,-19.9039347],[-43.9719636,-19.9040035],[-43.97194,-19.9047299],[-43.9711038,-19.9078333],[-43.9727007,-19.9082224],[-43.9717778,-19.9113544],[-43.9716573,-19.9119835],[-43.9715094,-19.912319]]]}},{"type":"Feature","properties":{"code":"763","name":"Santa Cruz"},"geometry":{"type":"Polygon","coordinates":[[[-43.945142,-19.8868781],[-43.944527,-19.886819],[-43.9419632,-19.884343],[-43.9401533,-19.8833673],[-43.9396327,-19.8832166],[-43.9375531,-19.8830659],[-43.9370133,-19.8828535],[-43.93667,-19.8824726],[-43.9347092,-19.8784239],[-43.9343343,-19.8778399],[-43.9336681,-19.8773899],[-43.9315187,-19.8765406],[-43.9327373,-19.8756775],[-43.9333949,-19.8753446],[-43.9354344,-19.8753036],[-43.9363086,-19.875081],[-43.9430456,-19.8714601],[-43.9437176,-19.8712035],[-43.9439378,-19.8711871],[-43.945661,-19.871491],[-43.9479095,-19.871901],[-43.9481137,-19.8720049],[-43.9486711,-19.872981],[-43.9490939,-19.874059],[-43.948999,-19.8744448],[-43.9491961,-19.874545],[-43.9492638,-19.8747546],[-43.9489296,-19.8760702],[-43.9483931,-19.8757537],[-43.9478903,-19.8775223],[-43.9478561,-19.8777398],[-43.9479201,-19.8779705],[-43.948453,-19.8782037],[-43.9486513,-19.8785014],[-43.9485295,-19.8787157],[-43.9480492,-19.879182],[-43.9478437,-19.8796503],[-43.9476789,-19.8802071],[-43.9476445,-19.8808492],[-43.9474473,-19.8817718],[-43.946375,-19.8841774],[-43.9460411,-19.8847587],[-43.9460633,-19.8854938],[-43.9459071,-19.8860426],[-43.9454238,-19.8868301],[-43.945142,-19.8868781]],[[-43.9444758,-19.8818437],[-43.9461434,-19.8812308],[-43.946578,-19.8808116],[-43.9467595,-19.880497],[-43.9468659,-19.8805298],[-43.9471156,-19.8802352],[-43.9472451,-19.8802492],[-43.9472275,-19.8801831],[-43.9475655,-19.8800575],[-43.9474964,-19.8799651],[-43.9474308,-19.8799835],[-43.9473798,-19.8797034],[-43.9470392,-19.8797632],[-43.947117,-19.8800603],[-43.9470655,-19.880088],[-43.94622,-19.8802411],[-43.946399,-19.8806648],[-43.9460101,-19.8809421],[-43.9445655,-19.8811398],[-43.9443346,-19.8812452],[-43.9441794,-19.8814916],[-43.9444912,-19.8815758],[-43.9444758,-19.8818437]]]}},{"type":"Feature","properties":{"code":"1677","name":"Vila Mangueiras"},"geometry":{"type":"Polygon","coordinates":[[[-44.0388397,-20.0155801],[-44.0392229,-20.0161252],[-44.0390492,-20.0162425],[-44.0387273,-20.0161954],[-44.0368584,-20.0163662],[-44.0369202,-20.0164884],[-44.0361552,-20.016651],[-44.031863,-20.0185912],[-44.0318247,-20.0183629],[-44.0319903,-20.0181347],[-44.0319716,-20.0173553],[-44.0321645,-20.0171274],[-44.0321306,-20.0169204],[-44.0320139,-20.016831],[-44.0319409,-20.0166312],[-44.0320985,-20.016429],[-44.0348561,-20.0171578],[-44.0350274,-20.0170999],[-44.0353585,-20.0163744],[-44.0355958,-20.0154044],[-44.0354889,-20.0153913],[-44.0355842,-20.0151146],[-44.0358614,-20.015153],[-44.0358674,-20.0150652],[-44.0360104,-20.0150741],[-44.0360231,-20.0149286],[-44.0361167,-20.0149364],[-44.0360926,-20.0152074],[-44.0370386,-20.0154331],[-44.0370482,-20.0150465],[-44.0373875,-20.0150844],[-44.0389266,-20.0147288],[-44.0387487,-20.0150749],[-44.0388397,-20.0155801]]]}},{"type":"Feature","properties":{"code":"1166","name":"Mineirão"},"geometry":{"type":"Polygon","coordinates":[[[-44.0312476,-20.0240621],[-44.0310123,-20.0245888],[-44.0306151,-20.0247955],[-44.0302739,-20.0252514],[-44.0298556,-20.0254466],[-44.0295873,-20.0254469],[-44.0294716,-20.0255157],[-44.0291379,-20.0258877],[-44.0288942,-20.0263908],[-44.0284425,-20.0269386],[-44.0282491,-20.0273353],[-44.0275675,-20.0281377],[-44.0271928,-20.0284823],[-44.0268272,-20.0285683],[-44.0263661,-20.0285114],[-44.0229396,-20.0241334],[-44.0243639,-20.0231311],[-44.0246719,-20.0227933],[-44.0240773,-20.0219988],[-44.0257171,-20.0211293],[-44.0254168,-20.0207264],[-44.0264391,-20.0209304],[-44.0273859,-20.0216909],[-44.02741,-20.0214583],[-44.0284899,-20.0223584],[-44.0283848,-20.0224253],[-44.0289396,-20.0229609],[-44.0294313,-20.0225834],[-44.0312476,-20.0240621]]]}},{"type":"Feature","properties":{"code":"768","name":"Santa Lúcia"},"geometry":{"type":"Polygon","coordinates":[[[-43.9477753,-19.9758457],[-43.9474098,-19.9757532],[-43.9473263,-19.9755396],[-43.9468627,-19.9756583],[-43.9439355,-19.967999],[-43.9434399,-19.9669912],[-43.943221,-19.9667721],[-43.9428714,-19.966593],[-43.9406722,-19.9658908],[-43.939736,-19.9655002],[-43.9393976,-19.9651761],[-43.9392003,-19.964845],[-43.9391276,-19.9645383],[-43.93913,-19.9641691],[-43.9393331,-19.9636283],[-43.9396845,-19.9632454],[-43.9399014,-19.963121],[-43.9404178,-19.9629434],[-43.9435443,-19.9625458],[-43.9440604,-19.9623326],[-43.9445337,-19.9618477],[-43.9447134,-19.9613097],[-43.944592,-19.9605832],[-43.9434838,-19.9592337],[-43.9437533,-19.9589703],[-43.943922,-19.9585765],[-43.9444513,-19.9586716],[-43.9444969,-19.9586151],[-43.944955,-19.9585796],[-43.9450672,-19.9585],[-43.9447262,-19.9582561],[-43.9449698,-19.9574951],[-43.9452758,-19.9573211],[-43.945268,-19.9572586],[-43.9457294,-19.9571265],[-43.9460456,-19.9568339],[-43.9462672,-19.956836],[-43.9460025,-19.9565848],[-43.9461266,-19.9564362],[-43.9459707,-19.9561539],[-43.9464795,-19.9558501],[-43.9462918,-19.9555346],[-43.9465822,-19.955402],[-43.9465189,-19.955282],[-43.9463832,-19.9553299],[-43.9462482,-19.955046],[-43.9459805,-19.9552245],[-43.9457368,-19.9552535],[-43.9455042,-19.9551428],[-43.9453986,-19.9549628],[-43.9455251,-19.9530237],[-43.945242,-19.9520185],[-43.9453615,-19.9515412],[-43.9454901,-19.951346],[-43.9458814,-19.9510931],[-43.9464154,-19.951085],[-43.9465286,-19.9510234],[-43.9468094,-19.9506073],[-43.9476745,-19.9511955],[-43.9477539,-19.9515219],[-43.9488048,-19.9530601],[-43.9484295,-19.9539045],[-43.9476164,-19.9539144],[-43.9476702,-19.95485],[-43.9480506,-19.9546308],[-43.9502378,-19.9546398],[-43.9502161,-19.9553279],[-43.9494697,-19.955342],[-43.9494119,-19.9583044],[-43.9501886,-19.9583265],[-43.9498932,-19.9596601],[-43.9500963,-19.9619094],[-43.9507311,-19.9622524],[-43.9504159,-19.9636],[-43.9511876,-19.9633143],[-43.9510178,-19.9640641],[-43.9531078,-19.9632136],[-43.9532005,-19.9630331],[-43.95327,-19.96237],[-43.9534247,-19.9619554],[-43.9542744,-19.9608157],[-43.9554336,-19.9616485],[-43.9548308,-19.9623277],[-43.9546383,-19.9628082],[-43.9546513,-19.9630696],[-43.954796,-19.9634717],[-43.9554339,-19.9640191],[-43.954475,-19.9652462],[-43.9541985,-19.9659353],[-43.9541947,-19.9667602],[-43.9543635,-19.9681576],[-43.9542563,-19.9688219],[-43.9542978,-19.9689529],[-43.954584,-19.9689227],[-43.9548203,-19.9690043],[-43.9549777,-19.9696717],[-43.9556221,-19.9704157],[-43.9558756,-19.9706237],[-43.9559875,-19.9706245],[-43.9562291,-19.9704972],[-43.9562777,-19.9703064],[-43.9566213,-19.9708131],[-43.9551888,-19.970741],[-43.9536994,-19.9722029],[-43.952901,-19.9728769],[-43.9510109,-19.973997],[-43.9509008,-19.9739963],[-43.9480788,-19.9757362],[-43.9477753,-19.9758457]]]}},{"type":"Feature","properties":{"code":"742","name":"Bandeirantes"},"geometry":{"type":"Polygon","coordinates":[[[-44.0112914,-19.85758],[-44.0118524,-19.8577014],[-44.0125739,-19.8581007],[-44.0130318,-19.8586667],[-44.013378,-19.8592627],[-44.0145855,-19.8606144],[-44.0148902,-19.8608577],[-44.0158642,-19.860133],[-44.016035,-19.8592015],[-44.016485,-19.8586467],[-44.0181477,-19.859722],[-44.0190932,-19.8600591],[-44.0192,-19.8601992],[-44.0190443,-19.8629108],[-44.0188819,-19.8632832],[-44.016848,-19.8652221],[-44.0154991,-19.8663397],[-44.0149474,-19.8666717],[-44.0137319,-19.8668735],[-44.0118016,-19.8668164],[-44.0110161,-19.8664993],[-44.0099762,-19.8656194],[-44.0090018,-19.8669222],[-44.0072659,-19.8657206],[-44.0066474,-19.8654383],[-44.0052899,-19.8650685],[-44.0043387,-19.8668952],[-44.0040462,-19.8667524],[-44.0040183,-19.8666245],[-44.0031572,-19.8661865],[-44.0023325,-19.8677562],[-44.0011059,-19.8671832],[-44.0007798,-19.867753],[-43.9989347,-19.8668548],[-43.9983662,-19.8659444],[-43.9959278,-19.867323],[-43.9958593,-19.8670958],[-43.996046,-19.8666645],[-43.9961102,-19.8661024],[-43.9960335,-19.8657808],[-43.9955951,-19.8655526],[-43.9950458,-19.8664375],[-43.9943749,-19.8661024],[-43.994221,-19.866155],[-43.9929984,-19.8658987],[-43.9930139,-19.8660817],[-43.992492,-19.8663194],[-43.9926262,-19.8664389],[-43.9925723,-19.866466],[-43.9910754,-19.8667672],[-43.9890718,-19.8656872],[-43.9883526,-19.8665701],[-43.9859788,-19.8675506],[-43.9853599,-19.8677133],[-43.9846484,-19.8658607],[-43.9843644,-19.8654865],[-43.9828564,-19.8641479],[-43.9825539,-19.8638023],[-43.982249,-19.8632863],[-43.9806475,-19.8598331],[-43.9806021,-19.8596618],[-43.9810437,-19.8599045],[-43.9815658,-19.8598214],[-43.9818341,-19.8595324],[-43.9818742,-19.8591674],[-43.9815443,-19.8582457],[-43.980125,-19.8556126],[-43.9799417,-19.8552419],[-43.9799139,-19.8550106],[-43.9800441,-19.8545123],[-43.9803199,-19.8541534],[-43.9815761,-19.8532641],[-43.9819086,-19.8531735],[-43.982426,-19.8532319],[-43.9831933,-19.8539295],[-43.9834953,-19.8540606],[-43.9838665,-19.8540627],[-43.984277,-19.8538683],[-43.9844899,-19.8534384],[-43.9845226,-19.8527671],[-43.9847126,-19.8523439],[-43.985611,-19.8516715],[-43.9859982,-19.8514843],[-43.9865038,-19.8514355],[-43.9892421,-19.8519811],[-43.9898071,-19.851908],[-43.990327,-19.8515736],[-43.990498,-19.8513737],[-43.9906267,-19.8511657],[-43.9908193,-19.8502511],[-43.9909308,-19.850051],[-43.9911187,-19.8499068],[-43.9913421,-19.8498704],[-43.9915091,-19.8499018],[-43.9918131,-19.8501283],[-43.9924261,-19.8520791],[-43.9927961,-19.8526153],[-43.9933938,-19.853161],[-43.9946695,-19.854116],[-43.9948978,-19.8571371],[-43.9952105,-19.858176],[-43.9951582,-19.8584166],[-43.9949351,-19.8587849],[-43.9944536,-19.8592402],[-43.9944529,-19.8598463],[-43.9948232,-19.8603584],[-43.9963291,-19.8611054],[-43.9967145,-19.8611528],[-43.9975492,-19.8608496],[-43.9977365,-19.8606467],[-43.9977677,-19.8601441],[-43.9985706,-19.8569789],[-43.9985515,-19.8565705],[-43.9981352,-19.8544756],[-43.9981205,-19.8540301],[-43.9986174,-19.8525164],[-43.999056,-19.8520757],[-43.9993363,-19.8519833],[-43.999807,-19.851986],[-44.0023093,-19.8523705],[-44.0026151,-19.8526022],[-44.0031071,-19.8534369],[-44.0037391,-19.8542093],[-44.0043559,-19.8545188],[-44.0049395,-19.8546884],[-44.0052398,-19.854684],[-44.0056983,-19.8544477],[-44.0061297,-19.8549184],[-44.0062771,-19.8556722],[-44.00669,-19.8560898],[-44.0079522,-19.8568138],[-44.0094911,-19.8574416],[-44.0102708,-19.857577],[-44.0109113,-19.857293],[-44.0112914,-19.85758]]]}},{"type":"Feature","properties":{"code":"769","name":"Conjunto Santa Maria"},"geometry":{"type":"Polygon","coordinates":[[[-43.95523,-19.9531311],[-43.9543164,-19.9528299],[-43.954402,-19.9523381],[-43.9545565,-19.9520276],[-43.9559014,-19.9523576],[-43.9569541,-19.9513597],[-43.9573493,-19.9512682],[-43.9591503,-19.9513093],[-43.9593528,-19.9506216],[-43.9597652,-19.9507404],[-43.9601576,-19.9505431],[-43.9602742,-19.9505247],[-43.9603466,-19.9506219],[-43.9604696,-19.9503759],[-43.9605678,-19.9503902],[-43.9605918,-19.9502291],[-43.9612618,-19.9503486],[-43.9610551,-19.9509877],[-43.9605059,-19.9520731],[-43.9596401,-19.9517957],[-43.9591155,-19.9523162],[-43.958646,-19.9522912],[-43.9586435,-19.9524936],[-43.9581631,-19.9522278],[-43.9575836,-19.9522318],[-43.9562617,-19.9528267],[-43.95523,-19.9531311]]]}},{"type":"Feature","properties":{"code":"1139","name":"Conjunto Bonsucesso"},"geometry":{"type":"Polygon","coordinates":[[[-43.9919288,-19.9789208],[-43.9914774,-19.978797],[-43.9909975,-19.978415],[-43.9905572,-19.9785555],[-43.9904137,-19.9787297],[-43.9903481,-19.9785461],[-43.9903471,-19.9783232],[-43.9904491,-19.9781079],[-43.9906318,-19.977944],[-43.990852,-19.9778378],[-43.9911293,-19.9779004],[-43.9912535,-19.9778423],[-43.9908787,-19.977429],[-43.9907432,-19.9770939],[-43.9908714,-19.9768485],[-43.9910781,-19.9769834],[-43.991042,-19.9767948],[-43.9913,-19.9765718],[-43.9914239,-19.9766688],[-43.991834,-19.9765005],[-43.9919179,-19.976527],[-43.9923868,-19.9773342],[-43.9925891,-19.9775767],[-43.9928754,-19.9777362],[-43.9928888,-19.977936],[-43.9931083,-19.9781903],[-43.9930468,-19.9782179],[-43.9932168,-19.9784951],[-43.9931669,-19.9785891],[-43.9927241,-19.9788325],[-43.9926402,-19.9786834],[-43.992362,-19.9788324],[-43.9919288,-19.9789208]]]}},{"type":"Feature","properties":{"code":"619","name":"Betânia"},"geometry":{"type":"Polygon","coordinates":[[[-43.9927739,-19.9693768],[-43.9922511,-19.9691306],[-43.9921492,-19.9689768],[-43.9921732,-19.968186],[-43.992024,-19.9668436],[-43.9918883,-19.9658941],[-43.9916546,-19.9650835],[-43.9911289,-19.9639341],[-43.9906656,-19.9625992],[-43.9893927,-19.9599836],[-43.9889523,-19.9593817],[-43.9878777,-19.9586694],[-43.9867205,-19.9581766],[-43.9833856,-19.9617168],[-43.982607,-19.960985],[-43.9832184,-19.9598821],[-43.9833476,-19.9597917],[-43.9846539,-19.9595299],[-43.9849772,-19.9592494],[-43.9857046,-19.9581686],[-43.9860953,-19.9569286],[-43.986441,-19.9554264],[-43.9861183,-19.9551143],[-43.9855653,-19.9535992],[-43.9852188,-19.9530257],[-43.9849036,-19.9527794],[-43.9832162,-19.9518631],[-43.982948,-19.9515871],[-43.982755,-19.9510118],[-43.9828324,-19.9505205],[-43.983304,-19.9499543],[-43.9849394,-19.948606],[-43.9852855,-19.9484545],[-43.9865066,-19.948157],[-43.9871374,-19.9478671],[-43.9872747,-19.9484354],[-43.9858753,-19.9494171],[-43.9854156,-19.9498781],[-43.9851265,-19.9504761],[-43.9850254,-19.9509519],[-43.9851074,-19.9516971],[-43.985232,-19.9520041],[-43.9856408,-19.9525934],[-43.9880349,-19.9545706],[-43.9887235,-19.9548981],[-43.9896288,-19.9550716],[-43.992218,-19.9552554],[-43.9932641,-19.9556495],[-43.9942717,-19.9563776],[-43.9956252,-19.9575391],[-43.9959658,-19.957737],[-43.9968721,-19.9580356],[-43.9974875,-19.9580722],[-43.9981856,-19.957908],[-43.9985433,-19.9586247],[-43.9966649,-19.9586138],[-43.9968051,-19.9593624],[-43.9972366,-19.9595871],[-43.9979646,-19.9597741],[-43.9974852,-19.9612335],[-43.9975203,-19.9615387],[-43.9978253,-19.9622015],[-43.9978402,-19.9625066],[-43.9976869,-19.9628077],[-43.9982978,-19.9623595],[-43.999372,-19.9620367],[-43.999636,-19.9620538],[-43.9984603,-19.964121],[-43.9977888,-19.9651439],[-43.9973443,-19.9656773],[-43.9966031,-19.9664238],[-43.9927739,-19.9693768]]]}},{"type":"Feature","properties":{"code":"690","name":"Havaí"},"geometry":{"type":"Polygon","coordinates":[[[-43.9771133,-19.9673146],[-43.9758216,-19.9670441],[-43.9744608,-19.9672011],[-43.9739533,-19.9671238],[-43.9737465,-19.9670428],[-43.9734679,-19.9665533],[-43.9736286,-19.9659828],[-43.9735201,-19.966139],[-43.973369,-19.9662024],[-43.9731641,-19.9666576],[-43.9656873,-19.9661475],[-43.9656584,-19.9658037],[-43.9655193,-19.965774],[-43.9654161,-19.9655272],[-43.9662788,-19.9643025],[-43.9661725,-19.9642479],[-43.9661428,-19.9640834],[-43.965986,-19.9639296],[-43.9659565,-19.9633752],[-43.9661803,-19.9627729],[-43.9663014,-19.9626865],[-43.9664418,-19.9627391],[-43.966571,-19.9626962],[-43.966766,-19.9622863],[-43.9672344,-19.9618483],[-43.9675535,-19.9613598],[-43.9678431,-19.9611689],[-43.9671107,-19.9603625],[-43.9679847,-19.9593214],[-43.9700789,-19.9575261],[-43.9704432,-19.9566981],[-43.9705395,-19.9567628],[-43.9706786,-19.956538],[-43.970661,-19.9563505],[-43.9708837,-19.956005],[-43.970652,-19.9558163],[-43.9706989,-19.9557718],[-43.9705774,-19.9556029],[-43.9706697,-19.9552763],[-43.9712618,-19.9555167],[-43.9711317,-19.9558408],[-43.9716247,-19.9561022],[-43.9717724,-19.9558996],[-43.9715957,-19.9555866],[-43.9716209,-19.9553417],[-43.9715554,-19.9552687],[-43.9718745,-19.9548448],[-43.9718429,-19.9545427],[-43.9722209,-19.9544279],[-43.9720693,-19.954144],[-43.9730926,-19.9537681],[-43.9742823,-19.9527851],[-43.9745013,-19.9514084],[-43.9748962,-19.9514868],[-43.9749201,-19.9513723],[-43.9745435,-19.9512985],[-43.974701,-19.9506598],[-43.9750498,-19.9507255],[-43.9751495,-19.9502261],[-43.9752118,-19.9502036],[-43.9757582,-19.9508133],[-43.9758863,-19.950475],[-43.9776647,-19.9510334],[-43.9778576,-19.9505669],[-43.9802671,-19.9506795],[-43.9814117,-19.950837],[-43.9815021,-19.950996],[-43.981996,-19.9512555],[-43.9819471,-19.9514672],[-43.9814069,-19.9515027],[-43.9813533,-19.9518711],[-43.9805899,-19.9521953],[-43.9803343,-19.9524286],[-43.9803153,-19.9527143],[-43.9804873,-19.9531598],[-43.9798736,-19.9542485],[-43.9795987,-19.9549832],[-43.9796616,-19.9550568],[-43.9790387,-19.9560402],[-43.9780063,-19.9568131],[-43.9779053,-19.9570327],[-43.9779683,-19.9576304],[-43.9781574,-19.957702],[-43.9778197,-19.9580494],[-43.9775408,-19.9581254],[-43.9773233,-19.9583006],[-43.9771789,-19.9583256],[-43.9769264,-19.9581666],[-43.9767152,-19.9581488],[-43.9764811,-19.958211],[-43.9763311,-19.9583348],[-43.9764269,-19.9587146],[-43.9760935,-19.9602271],[-43.9764824,-19.9634213],[-43.9766463,-19.9642639],[-43.9769983,-19.9652791],[-43.9771133,-19.9673146]],[[-43.9707747,-19.9624362],[-43.9709519,-19.9623998],[-43.9713704,-19.9618866],[-43.9711165,-19.9617033],[-43.9713771,-19.9614688],[-43.9715796,-19.9615925],[-43.9716436,-19.9615022],[-43.971888,-19.961688],[-43.972022,-19.9615261],[-43.9716066,-19.9612076],[-43.9707447,-19.9614111],[-43.9705117,-19.9615299],[-43.9704384,-19.9616871],[-43.9708332,-19.9623228],[-43.9707747,-19.9624362]]]}},{"type":"Feature","properties":{"code":"1379","name":"Santa Rita de Cássia"},"geometry":{"type":"Polygon","coordinates":[[[-43.9416394,-19.9571307],[-43.9404461,-19.9555621],[-43.9404682,-19.9541913],[-43.9397859,-19.953005],[-43.9397762,-19.9527677],[-43.9400831,-19.9521478],[-43.9401169,-19.9518298],[-43.9394986,-19.950779],[-43.9400179,-19.9502947],[-43.9400679,-19.9502846],[-43.9400599,-19.9504098],[-43.940269,-19.9508255],[-43.9404907,-19.9507381],[-43.9408346,-19.950921],[-43.9409893,-19.9509065],[-43.9414493,-19.9512875],[-43.9417243,-19.9513916],[-43.9419179,-19.9519362],[-43.9419467,-19.9522699],[-43.9423727,-19.9525729],[-43.943175,-19.9528331],[-43.9434118,-19.9530463],[-43.9434336,-19.954087],[-43.9433368,-19.9542921],[-43.9430245,-19.9542777],[-43.9430326,-19.9545505],[-43.9426436,-19.9544567],[-43.9423394,-19.9546099],[-43.9421494,-19.9549041],[-43.9421818,-19.9550679],[-43.9428099,-19.9561136],[-43.9428041,-19.9564817],[-43.9424636,-19.9567833],[-43.9419507,-19.9567028],[-43.9416394,-19.9571307]]]}},{"type":"Feature","properties":{"code":"1161","name":"Cinquentenário"},"geometry":{"type":"Polygon","coordinates":[[[-43.9841368,-19.9667742],[-43.9820717,-19.9655169],[-43.9819634,-19.9655928],[-43.981807,-19.9655623],[-43.9818035,-19.9653384],[-43.9805259,-19.9642105],[-43.9802304,-19.9633619],[-43.9802444,-19.9623383],[-43.9812872,-19.9603749],[-43.9817323,-19.9593218],[-43.982557,-19.9582449],[-43.9795987,-19.9549832],[-43.9798736,-19.9542485],[-43.9804873,-19.9531598],[-43.9803153,-19.9527143],[-43.9803016,-19.9525387],[-43.9804084,-19.9523064],[-43.9813533,-19.9518711],[-43.9814069,-19.9515027],[-43.9818544,-19.9514858],[-43.9819853,-19.9514112],[-43.981996,-19.9512555],[-43.9815021,-19.950996],[-43.9814187,-19.9508605],[-43.981326,-19.9504475],[-43.9813027,-19.9497593],[-43.9820126,-19.9492457],[-43.9829299,-19.9503344],[-43.9827654,-19.9507598],[-43.982755,-19.9510118],[-43.982948,-19.9515871],[-43.9832162,-19.9518631],[-43.9849036,-19.9527794],[-43.9852188,-19.9530257],[-43.9855653,-19.9535992],[-43.9861183,-19.9551143],[-43.986441,-19.9554264],[-43.9860953,-19.9569286],[-43.9857046,-19.9581686],[-43.9849772,-19.9592494],[-43.9846539,-19.9595299],[-43.9833476,-19.9597917],[-43.9832184,-19.9598821],[-43.982607,-19.960985],[-43.9855225,-19.963732],[-43.9849164,-19.9643471],[-43.9847001,-19.9646824],[-43.9841368,-19.9667742]]]}},{"type":"Feature","properties":{"code":"1320","name":"Vila Madre Gertrudes II"},"geometry":{"type":"Polygon","coordinates":[[[-44.0062727,-19.9510641],[-44.0053007,-19.9508648],[-44.0051135,-19.9510501],[-44.0049984,-19.9507104],[-44.0055448,-19.949989],[-44.0062044,-19.9504242],[-44.0065752,-19.9499304],[-44.0066517,-19.9499813],[-44.0060598,-19.9507773],[-44.0062727,-19.9510641]]]}},{"type":"Feature","properties":{"code":"1409","name":"Vila Barragem Santa Lúcia"},"geometry":{"type":"Polygon","coordinates":[[[-43.9434838,-19.9592337],[-43.9416394,-19.9571307],[-43.9419254,-19.9567176],[-43.9424636,-19.9567833],[-43.9428158,-19.9564311],[-43.9428099,-19.9561136],[-43.9421818,-19.9550679],[-43.9421494,-19.9549041],[-43.9423394,-19.9546099],[-43.9426436,-19.9544567],[-43.9430326,-19.9545505],[-43.9430245,-19.9542777],[-43.9432775,-19.9543215],[-43.9434336,-19.954087],[-43.9434118,-19.9530463],[-43.943175,-19.9528331],[-43.9423727,-19.9525729],[-43.9419173,-19.9522458],[-43.9419179,-19.9519362],[-43.9415795,-19.9509892],[-43.9421406,-19.9507149],[-43.9422301,-19.9508701],[-43.9425081,-19.9507815],[-43.9427157,-19.950994],[-43.9433751,-19.950883],[-43.9455213,-19.9508732],[-43.9455319,-19.9510273],[-43.9458814,-19.9510931],[-43.9454901,-19.951346],[-43.9453615,-19.9515412],[-43.945242,-19.9520185],[-43.9455251,-19.9530237],[-43.9453986,-19.9549628],[-43.9455042,-19.9551428],[-43.9457368,-19.9552535],[-43.9459805,-19.9552245],[-43.9462482,-19.955046],[-43.9463832,-19.9553299],[-43.9465189,-19.955282],[-43.9465822,-19.955402],[-43.9462918,-19.9555346],[-43.9464795,-19.9558501],[-43.9459707,-19.9561539],[-43.9461266,-19.9564362],[-43.9460025,-19.9565848],[-43.9462672,-19.956836],[-43.9460456,-19.9568339],[-43.9457294,-19.9571265],[-43.945268,-19.9572586],[-43.9452758,-19.9573211],[-43.9449963,-19.9574726],[-43.9448949,-19.9576182],[-43.9448988,-19.9577937],[-43.9447262,-19.9582561],[-43.9450672,-19.9585],[-43.944955,-19.9585796],[-43.9444969,-19.9586151],[-43.9444513,-19.9586716],[-43.943922,-19.9585765],[-43.9437533,-19.9589703],[-43.9434838,-19.9592337]]]}},{"type":"Feature","properties":{"code":"779","name":"São Bento"},"geometry":{"type":"Polygon","coordinates":[[[-43.9510178,-19.9640641],[-43.9511876,-19.9633143],[-43.9504159,-19.9636],[-43.9507311,-19.9622524],[-43.9500963,-19.9619094],[-43.9498932,-19.9596601],[-43.9501886,-19.9583265],[-43.9494119,-19.9583044],[-43.9494697,-19.955342],[-43.9502161,-19.9553279],[-43.9502378,-19.9546398],[-43.9480506,-19.9546308],[-43.9476702,-19.95485],[-43.9476164,-19.9539144],[-43.9484295,-19.9539045],[-43.9488048,-19.9530601],[-43.9500188,-19.9538659],[-43.9518932,-19.953885],[-43.9522018,-19.9535184],[-43.9514798,-19.9530611],[-43.951861,-19.952841],[-43.952463,-19.9520792],[-43.9528143,-19.9519607],[-43.9534655,-19.9519467],[-43.9537117,-19.9517383],[-43.9545565,-19.9520276],[-43.954402,-19.9523381],[-43.9543164,-19.9528299],[-43.95523,-19.9531311],[-43.9562617,-19.9528267],[-43.9575836,-19.9522318],[-43.9581631,-19.9522278],[-43.9586435,-19.9524936],[-43.958646,-19.9522912],[-43.9591155,-19.9523162],[-43.9596401,-19.9517957],[-43.9605059,-19.9520731],[-43.9595959,-19.9537622],[-43.9572112,-19.9572185],[-43.957043,-19.9580824],[-43.9575069,-19.9598196],[-43.9572821,-19.9616119],[-43.9569138,-19.9622835],[-43.9554339,-19.9640191],[-43.954796,-19.9634717],[-43.9546513,-19.9630696],[-43.9546383,-19.9628082],[-43.9548308,-19.9623277],[-43.9554336,-19.9616485],[-43.9542744,-19.9608157],[-43.9534247,-19.9619554],[-43.95327,-19.96237],[-43.9532005,-19.9630331],[-43.9531078,-19.9632136],[-43.9510178,-19.9640641]]]}},{"type":"Feature","properties":{"code":"1147","name":"Ademar Maldonado"},"geometry":{"type":"Polygon","coordinates":[[[-44.0263068,-19.9842327],[-44.0239999,-19.9837903],[-44.0246405,-19.9811861],[-44.0271838,-19.9817371],[-44.0277471,-19.979383],[-44.0291194,-19.9805991],[-44.0286377,-19.9825554],[-44.028807,-19.9840009],[-44.0263068,-19.9842327]]]}},{"type":"Feature","properties":{"code":"1165","name":"Petrópolis"},"geometry":{"type":"Polygon","coordinates":[[[-44.0317915,-20.0163296],[-44.0263176,-20.0149334],[-44.0260182,-20.0145397],[-44.0262396,-20.014372],[-44.0261501,-20.0143402],[-44.026271,-20.0138821],[-44.0264009,-20.0137387],[-44.026015,-20.0135879],[-44.0263155,-20.0132223],[-44.0261263,-20.0128992],[-44.02619,-20.0121465],[-44.0262545,-20.0120875],[-44.0268576,-20.0121225],[-44.0271524,-20.0120201],[-44.0274201,-20.0120757],[-44.0275573,-20.012031],[-44.0276365,-20.0118978],[-44.0290247,-20.0120583],[-44.0291882,-20.0116296],[-44.0292874,-20.011655],[-44.0297223,-20.0108449],[-44.0300115,-20.0108917],[-44.030064,-20.0108291],[-44.0332657,-20.0112179],[-44.0317915,-20.0163296]],[[-44.0297091,-20.0141236],[-44.0297655,-20.01386],[-44.0294933,-20.0138047],[-44.0295571,-20.0133396],[-44.0283453,-20.013164],[-44.0282818,-20.0138705],[-44.0297091,-20.0141236]]]}},{"type":"Feature","properties":{"code":"1252","name":"Vitória da Conquista"},"geometry":{"type":"Polygon","coordinates":[[[-44.0231285,-20.0160975],[-44.0215949,-20.0157093],[-44.0211387,-20.014971],[-44.0227065,-20.0140775],[-44.023247,-20.0136272],[-44.0231949,-20.013268],[-44.0245663,-20.0132278],[-44.0257389,-20.0134757],[-44.0264009,-20.0137387],[-44.026271,-20.0138821],[-44.0261501,-20.0143402],[-44.0258435,-20.0142371],[-44.0231285,-20.0160975]]]}},{"type":"Feature","properties":{"code":"1453","name":"Vila Petrópolis"},"geometry":{"type":"Polygon","coordinates":[[[-44.0297091,-20.0141236],[-44.0282818,-20.0138705],[-44.0283453,-20.013164],[-44.0295571,-20.0133396],[-44.0294933,-20.0138047],[-44.0297655,-20.01386],[-44.0297091,-20.0141236]]]}},{"type":"Feature","properties":{"code":"694","name":"Independência"},"geometry":{"type":"MultiPolygon","coordinates":[[[[-44.0379351,-20.0170315],[-44.0375898,-20.0175808],[-44.0368976,-20.0182823],[-44.0366986,-20.0190759],[-44.036761,-20.0210178],[-44.0366361,-20.0213386],[-44.0344219,-20.021591],[-44.0332938,-20.0220472],[-44.0328347,-20.0220516],[-44.0325503,-20.0222569],[-44.0316936,-20.022376],[-44.0314586,-20.0226706],[-44.0314812,-20.0235635],[-44.0312476,-20.0240621],[-44.0294313,-20.0225834],[-44.0289396,-20.0229609],[-44.0283848,-20.0224253],[-44.0284899,-20.0223584],[-44.0279239,-20.0218735],[-44.02741,-20.0214583],[-44.0273859,-20.0216909],[-44.0264391,-20.0209304],[-44.0254168,-20.0207264],[-44.0257171,-20.0211293],[-44.0240773,-20.0219988],[-44.0224717,-20.0198477],[-44.0224116,-20.019615],[-44.0209632,-20.0177197],[-44.0215281,-20.0173501],[-44.0218184,-20.0173488],[-44.0234707,-20.0181329],[-44.0238784,-20.0186602],[-44.0242622,-20.0182781],[-44.0252498,-20.0190674],[-44.0254154,-20.0188571],[-44.0268704,-20.0198008],[-44.0274863,-20.019833],[-44.0275416,-20.0194581],[-44.0267382,-20.0192113],[-44.0245831,-20.0180387],[-44.0248508,-20.0178637],[-44.0245395,-20.0176817],[-44.0245549,-20.0174452],[-44.0264036,-20.0176635],[-44.0269249,-20.0176953],[-44.0270261,-20.0176323],[-44.0274892,-20.0176348],[-44.0278467,-20.0177294],[-44.0306041,-20.0179663],[-44.0289078,-20.0195511],[-44.0289957,-20.0195546],[-44.030002,-20.0194551],[-44.0319467,-20.0187409],[-44.03184,-20.0186],[-44.0361552,-20.016651],[-44.0369202,-20.0164884],[-44.0368584,-20.0163662],[-44.0387273,-20.0161954],[-44.0390492,-20.0162425],[-44.0386054,-20.016496],[-44.0379351,-20.0170315]]],[[[-44.0316697,-20.0166879],[-44.0306442,-20.0168493],[-44.0306868,-20.0166304],[-44.0299915,-20.0166557],[-44.0299441,-20.0167505],[-44.0271537,-20.016496],[-44.0267351,-20.016433],[-44.026787,-20.0160599],[-44.0264754,-20.0159548],[-44.0259634,-20.0162658],[-44.0257484,-20.0162316],[-44.0256814,-20.0163844],[-44.0231285,-20.0160975],[-44.0258435,-20.0142371],[-44.0262396,-20.014372],[-44.0260182,-20.0145397],[-44.0263176,-20.0149334],[-44.0317915,-20.0163296],[-44.0316697,-20.0166879]]]]}},{"type":"Feature","properties":{"code":"1425","name":"Vila Independência I"},"geometry":{"type":"Polygon","coordinates":[[[-44.0245831,-20.0180387],[-44.0211475,-20.0162641],[-44.02125,-20.0155901],[-44.0209162,-20.0148789],[-44.0209855,-20.0147927],[-44.0215949,-20.0157093],[-44.0231285,-20.0160975],[-44.0256814,-20.0163844],[-44.0257484,-20.0162316],[-44.0259634,-20.0162658],[-44.0264754,-20.0159548],[-44.026787,-20.0160599],[-44.0267351,-20.016433],[-44.0271537,-20.016496],[-44.0299441,-20.0167505],[-44.0299915,-20.0166557],[-44.0306868,-20.0166304],[-44.0306442,-20.0168493],[-44.0316697,-20.0166879],[-44.0313564,-20.0175975],[-44.0306041,-20.0179663],[-44.0278467,-20.0177294],[-44.0274892,-20.0176348],[-44.0270261,-20.0176323],[-44.0269249,-20.0176953],[-44.0264036,-20.0176635],[-44.0245549,-20.0174452],[-44.0245395,-20.0176817],[-44.0248508,-20.0178637],[-44.0245831,-20.0180387]]]}},{"type":"Feature","properties":{"code":"1426","name":"Vila Independência II"},"geometry":{"type":"Polygon","coordinates":[[[-44.0274863,-20.019833],[-44.0268704,-20.0198008],[-44.0254154,-20.0188571],[-44.0252498,-20.0190674],[-44.0242622,-20.0182781],[-44.0238784,-20.0186602],[-44.0234707,-20.0181329],[-44.0218184,-20.0173488],[-44.0215281,-20.0173501],[-44.0209632,-20.0177197],[-44.0202614,-20.0173978],[-44.0196585,-20.0166707],[-44.0195114,-20.0163084],[-44.0188219,-20.0161386],[-44.0187956,-20.0153568],[-44.0211475,-20.0162641],[-44.0267382,-20.0192113],[-44.0275416,-20.0194581],[-44.0274863,-20.019833]]]}}]}