{"type":"FeatureCollection","features":[{"type":"Feature","properties":{"code":"32:3229","name":"Vila Paris","cityCode":"32"},"geometry":{"type":"Polygon","coordinates":[[[-44.0220165,-19.9238655],[-44.0220056,-19.9238849],[-44.0219995,-19.9238872],[-44.0219359,-19.923968],[-44.021611,-19.9242043],[-44.0211612,-19.9243482],[-44.0207299,-19.9243635],[-44.0210354,-19.9250891],[-44.0210354,-19.9250891],[-44.0214883,-19.925016],[-44.0221181,-19.9251168],[-44.0226118,-19.9250831],[-44.0233046,-19.9251659],[-44.023511,-19.9252324],[-44.023584,-19.9252445],[-44.0235932,-19.9252589],[-44.023669,-19.9252833],[-44.0270326,-19.9238373],[-44.0272718,-19.9238465],[-44.0276498,-19.9240739],[-44.0276081,-19.9235793],[-44.0277069,-19.9232357],[-44.0275656,-19.9228762],[-44.0272557,-19.9226316],[-44.0271933,-19.9222784],[-44.0258018,-19.9198207],[-44.0231328,-19.9218817],[-44.0221968,-19.9236362],[-44.0220165,-19.9238655]]]}},{"type":"Feature","properties":{"code":"32:3230","name":"Agua Branca","cityCode":"32"},"geometry":{"type":"Polygon","coordinates":[[[-44.0272824,-19.9380928],[-44.0267986,-19.9394599],[-44.0265545,-19.9404612],[-44.0264605,-19.9419036],[-44.027387,-19.9406264],[-44.0278623,-19.9401332],[-44.0301785,-19.9383791],[-44.0299783,-19.938139],[-44.0299833,-19.9380435],[-44.030409,-19.9376534],[-44.0301665,-19.9373824],[-44.0296363,-19.937379],[-44.029264,-19.9372834],[-44.0291839,-19.9368239],[-44.0290643,-19.9365862],[-44.028853,-19.9364043],[-44.0283935,-19.9362095],[-44.0282999,-19.9360058],[-44.0306684,-19.9300571],[-44.030811,-19.929838],[-44.0308856,-19.9298841],[-44.0312476,-19.9321691],[-44.0314196,-19.9327677],[-44.0323063,-19.9345321],[-44.0325257,-19.9351809],[-44.0327067,-19.9360865],[-44.0336124,-19.9356174],[-44.0340779,-19.9352526],[-44.0337499,-19.934697],[-44.0347482,-19.933618],[-44.0358928,-19.9319206],[-44.0355168,-19.9313726],[-44.0353257,-19.9312185],[-44.0321275,-19.9263417],[-44.0338326,-19.9219239],[-44.0336909,-19.921903],[-44.0319723,-19.9261028],[-44.029402,-19.9222287],[-44.0306954,-19.921238],[-44.0291413,-19.9196658],[-44.028468,-19.9186688],[-44.0280096,-19.9187237],[-44.0272884,-19.9189345],[-44.0258563,-19.9198493],[-44.0270265,-19.9220767],[-44.0271933,-19.9222784],[-44.0272557,-19.9226316],[-44.0275656,-19.9228762],[-44.0276902,-19.9231197],[-44.0276081,-19.9235793],[-44.0276498,-19.9240739],[-44.0284121,-19.9244307],[-44.0287901,-19.9247847],[-44.029459,-19.9261941],[-44.0294912,-19.9270136],[-44.0298791,-19.9280831],[-44.0303827,-19.9286198],[-44.0306377,-19.9293295],[-44.0277551,-19.9364217],[-44.0276567,-19.936464],[-44.0275154,-19.9362645],[-44.0274444,-19.9366784],[-44.026989,-19.9366887],[-44.0270562,-19.9372687],[-44.0265765,-19.937244],[-44.0264683,-19.9375112],[-44.0267625,-19.9377953],[-44.0272824,-19.9380928]]]}},{"type":"Feature","properties":{"code":"32:3231","name":"Eldoradinho","cityCode":"32"},"geometry":{"type":"Polygon","coordinates":[[[-44.0338489,-19.9215017],[-44.0316413,-19.9206854],[-44.0312463,-19.9204441],[-44.0302886,-19.9189645],[-44.0291238,-19.9184674],[-44.0284902,-19.9187138],[-44.0291413,-19.9196658],[-44.0306954,-19.921238],[-44.029402,-19.9222287],[-44.0319723,-19.9261028],[-44.0338489,-19.9215017]]]}},{"type":"Feature","properties":{"code":"32:3232","name":"Darcy Vargas","cityCode":"32"},"geometry":{"type":"Polygon","coordinates":[[[-44.0251659,-19.928675],[-44.0252233,-19.9290956],[-44.0252647,-19.9292326],[-44.0252511,-19.9292994],[-44.0252599,-19.9293632],[-44.0304412,-19.9287486],[-44.0298791,-19.9280831],[-44.0294912,-19.9270136],[-44.029459,-19.9261941],[-44.0287901,-19.9247847],[-44.0284121,-19.9244307],[-44.0272718,-19.9238465],[-44.0270326,-19.9238373],[-44.023669,-19.9252833],[-44.0244864,-19.9266568],[-44.0247675,-19.9272801],[-44.0251659,-19.928675]]]}},{"type":"Feature","properties":{"code":"32:3233","name":"C. H. Ver. Jose Custodio","cityCode":"32"},"geometry":{"type":"MultiPolygon","coordinates":[[[[-44.0274444,-19.9366784],[-44.0275154,-19.9362645],[-44.0276813,-19.9364737],[-44.0278948,-19.936122],[-44.0306377,-19.9293295],[-44.0304412,-19.9287486],[-44.0252599,-19.9293632],[-44.0244262,-19.9333799],[-44.0255617,-19.9342291],[-44.0257268,-19.9342314],[-44.0259813,-19.9345035],[-44.0264192,-19.934695],[-44.0267057,-19.9350168],[-44.0268124,-19.9351643],[-44.0270307,-19.9367093],[-44.0274444,-19.9366784]]],[[[-44.028853,-19.9364043],[-44.0290643,-19.9365862],[-44.0291839,-19.9368239],[-44.029264,-19.9372834],[-44.0296229,-19.9373477],[-44.0304892,-19.9370728],[-44.0327067,-19.9360865],[-44.0325257,-19.9351809],[-44.0323063,-19.9345321],[-44.0314196,-19.9327677],[-44.0312476,-19.9321691],[-44.031037,-19.9306331],[-44.030845,-19.9298342],[-44.0306684,-19.9300571],[-44.0282999,-19.9360058],[-44.0283935,-19.9362095],[-44.028853,-19.9364043]]]]}},{"type":"Feature","properties":{"code":"32:3234","name":"Jardim Dos Bandeirantes","cityCode":"32"},"geometry":{"type":"Polygon","coordinates":[[[-44.0393981,-19.9192901],[-44.039072,-19.9199366],[-44.0385522,-19.9205052],[-44.0372401,-19.9216302],[-44.0369821,-19.9219851],[-44.036408,-19.9221905],[-44.0357175,-19.9223009],[-44.0339887,-19.9217275],[-44.0332984,-19.9233841],[-44.0321275,-19.9263417],[-44.0353257,-19.9312185],[-44.0355168,-19.9313726],[-44.0358928,-19.9319206],[-44.0365218,-19.930689],[-44.0369321,-19.9304847],[-44.037369,-19.9303822],[-44.0364127,-19.9289292],[-44.0375219,-19.9279384],[-44.0374636,-19.9278053],[-44.0379417,-19.9275219],[-44.0380808,-19.9275098],[-44.0385141,-19.9278436],[-44.0384848,-19.9276638],[-44.0385732,-19.9275099],[-44.0389476,-19.927351],[-44.0392132,-19.927142],[-44.0394513,-19.9270856],[-44.0394406,-19.9265449],[-44.0390309,-19.9263206],[-44.0394324,-19.9257543],[-44.039335,-19.9254679],[-44.0393839,-19.9252545],[-44.0400488,-19.9245241],[-44.0405555,-19.9233889],[-44.0404881,-19.9230825],[-44.0406294,-19.9228551],[-44.040626,-19.9225654],[-44.0410044,-19.9219616],[-44.0408969,-19.9215705],[-44.0409499,-19.9213855],[-44.0411905,-19.9211011],[-44.041514,-19.920972],[-44.0415432,-19.9205442],[-44.0416937,-19.9203854],[-44.0422165,-19.920171],[-44.0428106,-19.9197103],[-44.0429291,-19.9191754],[-44.0432936,-19.918699],[-44.0405316,-19.9180676],[-44.0404036,-19.9185236],[-44.0410445,-19.918669],[-44.0408165,-19.9196176],[-44.0393981,-19.9192901]]]}},{"type":"Feature","properties":{"code":"32:3235","name":"Jardim Das Oliveiras","cityCode":"32"},"geometry":{"type":"Polygon","coordinates":[[[-44.0383928,-19.9303605],[-44.0385746,-19.9309076],[-44.0391852,-19.9305531],[-44.0393766,-19.9305528],[-44.0394265,-19.9306276],[-44.0410785,-19.9298745],[-44.0421444,-19.9291214],[-44.0425472,-19.9285987],[-44.0394406,-19.9265449],[-44.0394513,-19.9270856],[-44.0392132,-19.927142],[-44.0389476,-19.927351],[-44.0385732,-19.9275099],[-44.0384848,-19.9276638],[-44.0385141,-19.9278436],[-44.0380808,-19.9275098],[-44.0379417,-19.9275219],[-44.0374636,-19.9278053],[-44.0375219,-19.9279384],[-44.0364127,-19.9289292],[-44.037369,-19.9303822],[-44.0383928,-19.9303605]]]}},{"type":"Feature","properties":{"code":"32:3236","name":"Parque Sao Joao","cityCode":"32"},"geometry":{"type":"Polygon","coordinates":[[[-44.0524485,-19.9239809],[-44.0532932,-19.924761],[-44.0549989,-19.9245339],[-44.0566453,-19.9247647],[-44.0567963,-19.923758],[-44.0573672,-19.9228593],[-44.0582157,-19.9218437],[-44.0593147,-19.9221244],[-44.0592311,-19.9219312],[-44.0591427,-19.9219212],[-44.0587958,-19.9215918],[-44.0588632,-19.9213053],[-44.0587254,-19.921099],[-44.0585468,-19.9204366],[-44.058702,-19.9202913],[-44.0568034,-19.9187562],[-44.0566773,-19.9192584],[-44.0565114,-19.9192252],[-44.0561134,-19.9189955],[-44.0557145,-19.9185836],[-44.0548829,-19.918355],[-44.0539904,-19.9193356],[-44.0536071,-19.9209143],[-44.0534267,-19.9208719],[-44.053164,-19.9211376],[-44.0531502,-19.9215098],[-44.0523976,-19.9222139],[-44.052658,-19.9222377],[-44.0526256,-19.9224389],[-44.0524688,-19.9225064],[-44.0522556,-19.9224462],[-44.0522114,-19.9226209],[-44.0515012,-19.9236125],[-44.0519878,-19.9237528],[-44.0524485,-19.9239809]]]}},{"type":"Feature","properties":{"code":"32:3237","name":"Maria Da Conceicao","cityCode":"32"},"geometry":{"type":"Polygon","coordinates":[[[-44.0614228,-19.9232807],[-44.0623644,-19.9233191],[-44.0631066,-19.9221042],[-44.0633503,-19.9214388],[-44.0635778,-19.9195377],[-44.0633779,-19.9184103],[-44.0631704,-19.9183573],[-44.0626638,-19.9189594],[-44.0625478,-19.9193602],[-44.06272,-19.919703],[-44.0614197,-19.9197305],[-44.0614228,-19.9232807]]]}},{"type":"Feature","properties":{"code":"32:3238","name":"Galoca","cityCode":"32"},"geometry":{"type":"Polygon","coordinates":[[[-44.077915,-19.9353502],[-44.0769407,-19.9372702],[-44.0771112,-19.9394127],[-44.0780248,-19.9377977],[-44.0784622,-19.9373884],[-44.0794512,-19.9369938],[-44.080939,-19.9370828],[-44.0821161,-19.936295],[-44.0817499,-19.9361302],[-44.0814403,-19.935821],[-44.0805313,-19.9342029],[-44.0803922,-19.9342353],[-44.0799895,-19.9334943],[-44.0794742,-19.9337369],[-44.077915,-19.9353502]]]}},{"type":"Feature","properties":{"code":"32:3239","name":"Cinco","cityCode":"32"},"geometry":{"type":"Polygon","coordinates":[[[-44.076747,-19.9431949],[-44.0767244,-19.9425985],[-44.0764765,-19.9418737],[-44.0764144,-19.9414194],[-44.0770976,-19.9395739],[-44.0771036,-19.9389412],[-44.076944,-19.9378601],[-44.0769407,-19.9372702],[-44.0777128,-19.9356848],[-44.0781273,-19.9350997],[-44.0767856,-19.934986],[-44.0760061,-19.9347545],[-44.0759138,-19.9348415],[-44.0709572,-19.9305742],[-44.0708645,-19.9301307],[-44.0700195,-19.9293876],[-44.0696345,-19.9292424],[-44.0687189,-19.9293019],[-44.0684146,-19.9292455],[-44.0683342,-19.929159],[-44.0682155,-19.9285524],[-44.0677169,-19.9281397],[-44.0670078,-19.9278162],[-44.0652299,-19.9276246],[-44.06477,-19.9273682],[-44.0634521,-19.9263272],[-44.0624222,-19.9256867],[-44.0618568,-19.9255403],[-44.0612891,-19.9255767],[-44.0607202,-19.9258104],[-44.0595224,-19.926642],[-44.058866,-19.9267814],[-44.0582924,-19.9267362],[-44.0585256,-19.9270107],[-44.0591163,-19.9304684],[-44.0594624,-19.9331609],[-44.0596406,-19.9335578],[-44.0610178,-19.9354679],[-44.0579226,-19.9380895],[-44.0586926,-19.9401292],[-44.0592893,-19.9409725],[-44.0592957,-19.9411865],[-44.0591354,-19.9413602],[-44.0592035,-19.9423995],[-44.0593883,-19.9420694],[-44.059558,-19.9419326],[-44.0599604,-19.9417631],[-44.0603008,-19.9417534],[-44.0654238,-19.942632],[-44.0661252,-19.942878],[-44.0673543,-19.9435835],[-44.0680285,-19.9435837],[-44.0687658,-19.9433218],[-44.0690777,-19.9432854],[-44.0706065,-19.9440559],[-44.0733722,-19.9442623],[-44.0737898,-19.9445381],[-44.0742595,-19.9453174],[-44.0746322,-19.9454947],[-44.0749554,-19.9454866],[-44.0751265,-19.9452624],[-44.0754349,-19.9450139],[-44.0754693,-19.9449801],[-44.076747,-19.9431949]]]}},{"type":"Feature","properties":{"code":"32:3240","name":"Beatriz","cityCode":"32"},"geometry":{"type":"Polygon","coordinates":[[[-44.0652299,-19.9276246],[-44.065558,-19.927704],[-44.0666006,-19.9277334],[-44.0670078,-19.9278162],[-44.0677169,-19.9281397],[-44.0682155,-19.9285524],[-44.0684182,-19.9281684],[-44.0687547,-19.9283007],[-44.0703421,-19.9281589],[-44.0704715,-19.9279112],[-44.070099,-19.9274155],[-44.0698685,-19.9267033],[-44.0699188,-19.9264013],[-44.0697215,-19.9263318],[-44.0694495,-19.9264563],[-44.0678827,-19.9267145],[-44.0673948,-19.9266703],[-44.0639622,-19.9252459],[-44.0637616,-19.9259801],[-44.0634521,-19.9263272],[-44.06477,-19.9273682],[-44.0652299,-19.9276246]]]}},{"type":"Feature","properties":{"code":"32:3241","name":"Jardim Marrocos","cityCode":"32"},"geometry":{"type":"Polygon","coordinates":[[[-44.0599316,-19.9229649],[-44.0602521,-19.9233998],[-44.0606413,-19.9237561],[-44.0611052,-19.9240455],[-44.0673948,-19.9266703],[-44.0678827,-19.9267145],[-44.0694495,-19.9264563],[-44.0697215,-19.9263318],[-44.0701605,-19.9258608],[-44.0679134,-19.9246351],[-44.067245,-19.9238799],[-44.0665526,-19.9237884],[-44.0649177,-19.9231096],[-44.0643719,-19.9229632],[-44.0632967,-19.9231899],[-44.0625297,-19.9230546],[-44.0621517,-19.9236312],[-44.0613452,-19.9236511],[-44.0606009,-19.9232139],[-44.0601403,-19.922694],[-44.05968,-19.922417],[-44.0599316,-19.9229649]]]}},{"type":"Feature","properties":{"code":"32:3242","name":"Vila Santa Edwiges","cityCode":"32"},"geometry":{"type":"Polygon","coordinates":[[[-44.0674638,-19.9230519],[-44.0671061,-19.9226258],[-44.0669837,-19.9225847],[-44.0667272,-19.9227725],[-44.0664642,-19.9227137],[-44.0659424,-19.922496],[-44.06583,-19.9223165],[-44.0652955,-19.921918],[-44.064874,-19.9222729],[-44.0640107,-19.9220498],[-44.0641936,-19.9205711],[-44.0640288,-19.9202763],[-44.0638358,-19.9201184],[-44.0635569,-19.9200882],[-44.0632606,-19.9217535],[-44.0625297,-19.9230546],[-44.0632967,-19.9231899],[-44.0643719,-19.9229632],[-44.0651712,-19.9231999],[-44.0665526,-19.9237884],[-44.067245,-19.9238799],[-44.0673344,-19.9239809],[-44.0681131,-19.923677],[-44.0674638,-19.9230519]]]}},{"type":"Feature","properties":{"code":"32:3243","name":"Vila Ondeida","cityCode":"32"},"geometry":{"type":"Polygon","coordinates":[[[-44.0564581,-19.9265355],[-44.0568701,-19.9264649],[-44.057427,-19.9265027],[-44.0585571,-19.9267797],[-44.0591171,-19.9267474],[-44.0595224,-19.926642],[-44.0594705,-19.9251867],[-44.0598326,-19.9244335],[-44.05992,-19.9240783],[-44.0583151,-19.9234703],[-44.0579573,-19.9234192],[-44.05722,-19.9234687],[-44.0569744,-19.9235626],[-44.0567963,-19.923758],[-44.0566453,-19.9247647],[-44.0549989,-19.9245339],[-44.0546422,-19.9245745],[-44.0551893,-19.9255472],[-44.0556508,-19.9270488],[-44.0564581,-19.9265355]]]}},{"type":"Feature","properties":{"code":"32:3244","name":"Parque Belo Horizonte Industrial","cityCode":"32"},"geometry":{"type":"MultiPolygon","coordinates":[[[[-44.0610178,-19.9354679],[-44.0596406,-19.9335578],[-44.0594624,-19.9331609],[-44.0591163,-19.9304684],[-44.0584867,-19.9269158],[-44.0582924,-19.9267362],[-44.057427,-19.9265027],[-44.0565926,-19.9265009],[-44.0581352,-19.9329392],[-44.0584669,-19.9376055],[-44.0610178,-19.9354679]]],[[[-44.0766413,-19.9433848],[-44.0754693,-19.9449801],[-44.0769496,-19.9437935],[-44.0769292,-19.943455],[-44.0766413,-19.9433848]]]]}},{"type":"Feature","properties":{"code":"32:3245","name":"Sao Pedro","cityCode":"32"},"geometry":{"type":"Polygon","coordinates":[[[-44.0436521,-19.9344559],[-44.0443043,-19.9356009],[-44.0469557,-19.9346213],[-44.0463064,-19.932379],[-44.0454828,-19.9313434],[-44.044707,-19.9301931],[-44.0440898,-19.9296532],[-44.0435273,-19.9301092],[-44.042852,-19.9303463],[-44.0448485,-19.9338124],[-44.0436521,-19.9344559]]]}},{"type":"Feature","properties":{"code":"32:3246","name":"Lugar Denominado Fazenda Agua Branca","cityCode":"32"},"geometry":{"type":"Polygon","coordinates":[[[-44.0440922,-19.9262587],[-44.0426545,-19.9286716],[-44.0422645,-19.9291955],[-44.0418098,-19.9296682],[-44.0410478,-19.9302588],[-44.0403071,-19.9311133],[-44.041395,-19.9309469],[-44.0417034,-19.9311095],[-44.0436521,-19.9344559],[-44.0448485,-19.9338124],[-44.042852,-19.9303463],[-44.0435273,-19.9301092],[-44.0440898,-19.9296532],[-44.0443147,-19.9291803],[-44.0444979,-19.9276397],[-44.0447702,-19.9270942],[-44.0449779,-19.9268562],[-44.0454813,-19.9265453],[-44.0462669,-19.9263927],[-44.0468627,-19.9265106],[-44.0474952,-19.926929],[-44.0476,-19.9263675],[-44.0469693,-19.9258617],[-44.0467197,-19.9257668],[-44.0462577,-19.9257768],[-44.0443377,-19.9260874],[-44.0440922,-19.9262587]]]}},{"type":"Feature","properties":{"code":"32:3247","name":"Gloria","cityCode":"32"},"geometry":{"type":"Polygon","coordinates":[[[-44.0472624,-19.9406678],[-44.048955,-19.943407],[-44.0505686,-19.9422282],[-44.0507534,-19.9422075],[-44.0516549,-19.9407334],[-44.0498417,-19.9381647],[-44.0502214,-19.9379203],[-44.0508186,-19.937752],[-44.0508121,-19.9377035],[-44.0490112,-19.9346972],[-44.0469557,-19.9346213],[-44.0443043,-19.9356009],[-44.0472624,-19.9406678]]]}},{"type":"Feature","properties":{"code":"32:3248","name":"Oliveiras","cityCode":"32"},"geometry":{"type":"Polygon","coordinates":[[[-44.0361222,-19.9364833],[-44.0389467,-19.9345052],[-44.0380535,-19.9340178],[-44.0366077,-19.9350915],[-44.0363557,-19.9347602],[-44.0362476,-19.9351403],[-44.0360451,-19.935014],[-44.0355642,-19.9356789],[-44.0360855,-19.9359508],[-44.0361222,-19.9364833]]]}},{"type":"Feature","properties":{"code":"32:3249","name":"Cidade Jardim Eldorado","cityCode":"32"},"geometry":{"type":"Polygon","coordinates":[[[-44.0355642,-19.9356789],[-44.034655,-19.9365962],[-44.0338481,-19.937076],[-44.0324002,-19.9372164],[-44.0315129,-19.9374583],[-44.0311252,-19.937678],[-44.0282967,-19.9397913],[-44.027387,-19.9406264],[-44.0321442,-19.944126],[-44.0316467,-19.944118],[-44.0319539,-19.9443606],[-44.0319789,-19.9445447],[-44.0315244,-19.9454409],[-44.0316544,-19.9455577],[-44.0307255,-19.9473922],[-44.0304901,-19.947665],[-44.030115,-19.9478492],[-44.0292493,-19.9490307],[-44.0296405,-19.9495532],[-44.0299881,-19.9497631],[-44.0304369,-19.949819],[-44.0313907,-19.9496349],[-44.0316619,-19.9497126],[-44.0317918,-19.9495415],[-44.0321306,-19.9495289],[-44.0353402,-19.9499346],[-44.0355172,-19.9499266],[-44.0364524,-19.9495575],[-44.0371012,-19.9497045],[-44.039021,-19.9504177],[-44.039522,-19.9504082],[-44.039922,-19.9502368],[-44.0401432,-19.9500537],[-44.0409977,-19.9490936],[-44.0416455,-19.9486032],[-44.0422899,-19.9484058],[-44.0433945,-19.9483582],[-44.0437832,-19.9482171],[-44.0441991,-19.9478475],[-44.0446171,-19.9471142],[-44.0449765,-19.9468093],[-44.0474492,-19.9459447],[-44.0472575,-19.9455366],[-44.0472436,-19.9452359],[-44.0468063,-19.9456592],[-44.0460545,-19.9460903],[-44.0408732,-19.9488919],[-44.0393049,-19.9496682],[-44.0393046,-19.9493053],[-44.0408828,-19.9485148],[-44.0428969,-19.9471029],[-44.045512,-19.9461069],[-44.0466639,-19.9454753],[-44.0484934,-19.9433532],[-44.0476927,-19.9419838],[-44.0477161,-19.9418763],[-44.0479114,-19.9417332],[-44.0445047,-19.9359415],[-44.0444456,-19.936196],[-44.0443594,-19.9362361],[-44.0439853,-19.935735],[-44.0437256,-19.9357479],[-44.0433869,-19.9359151],[-44.0430785,-19.9362028],[-44.0427104,-19.9362422],[-44.0415061,-19.9366476],[-44.0405755,-19.935642],[-44.0395514,-19.9348358],[-44.0389467,-19.9345052],[-44.0361222,-19.9364833],[-44.0360855,-19.9359508],[-44.0355642,-19.9356789]]]}},{"type":"Feature","properties":{"code":"32:3250","name":"Jk","cityCode":"32"},"geometry":{"type":"Polygon","coordinates":[[[-44.0272638,-19.9435635],[-44.0302846,-19.9477832],[-44.0304901,-19.947665],[-44.0307255,-19.9473922],[-44.0316544,-19.9455577],[-44.0315244,-19.9454409],[-44.0319964,-19.9444706],[-44.0318883,-19.9442871],[-44.0316467,-19.944118],[-44.0321442,-19.944126],[-44.027387,-19.9406264],[-44.0264605,-19.9419036],[-44.0262245,-19.9432157],[-44.0265041,-19.9434644],[-44.0272638,-19.9435635]]]}},{"type":"Feature","properties":{"code":"32:3251","name":"Vila Jardim Eldorado","cityCode":"32"},"geometry":{"type":"Polygon","coordinates":[[[-44.0476927,-19.9419838],[-44.0484912,-19.9433748],[-44.0466639,-19.9454753],[-44.045512,-19.9461069],[-44.0428969,-19.9471029],[-44.0408828,-19.9485148],[-44.0393046,-19.9493053],[-44.0393049,-19.9496682],[-44.0408732,-19.9488919],[-44.0468743,-19.9456038],[-44.048955,-19.943407],[-44.0479114,-19.9417332],[-44.0477161,-19.9418763],[-44.0476927,-19.9419838]]]}},{"type":"Feature","properties":{"code":"32:3253","name":"Conjunto Habitacional Monte Castelo","cityCode":"32"},"geometry":{"type":"MultiPolygon","coordinates":[[[[-44.0745363,-19.9454712],[-44.0742595,-19.9453174],[-44.0737898,-19.9445381],[-44.0733722,-19.9442623],[-44.0706065,-19.9440559],[-44.0692464,-19.9433262],[-44.0689872,-19.9432849],[-44.0686792,-19.9433469],[-44.0687855,-19.9437732],[-44.0687855,-19.9441965],[-44.0695826,-19.9443295],[-44.0694653,-19.9446608],[-44.0690228,-19.9445764],[-44.0689963,-19.9448696],[-44.0691354,-19.9448968],[-44.0688828,-19.9461722],[-44.0690851,-19.9462706],[-44.0691927,-19.9464454],[-44.0692024,-19.9476063],[-44.0699316,-19.9477875],[-44.0701611,-19.9477862],[-44.0701615,-19.9476412],[-44.0702771,-19.9476412],[-44.0702772,-19.9477861],[-44.070508,-19.9477858],[-44.0705076,-19.9479312],[-44.0716392,-19.9482129],[-44.0725741,-19.9479771],[-44.0735865,-19.9472802],[-44.0749554,-19.9454866],[-44.0745363,-19.9454712]]],[[[-44.0754593,-19.9449943],[-44.0754732,-19.944983],[-44.0754693,-19.9449801],[-44.0754593,-19.9449943]]]]}},{"type":"Feature","properties":{"code":"32:3254","name":"Riacho Das Pedras","cityCode":"32"},"geometry":{"type":"MultiPolygon","coordinates":[[[[-44.069148,-19.9463369],[-44.0688828,-19.9461722],[-44.0691354,-19.9448968],[-44.0689963,-19.9448696],[-44.0690228,-19.9445764],[-44.0694653,-19.9446608],[-44.0695826,-19.9443295],[-44.0687855,-19.9441965],[-44.0687855,-19.9437732],[-44.0686792,-19.9433469],[-44.0680285,-19.9435837],[-44.0673543,-19.9435835],[-44.0661252,-19.942878],[-44.0654238,-19.942632],[-44.0603008,-19.9417534],[-44.05977,-19.941818],[-44.0593883,-19.9420694],[-44.0592035,-19.9423995],[-44.0591953,-19.9435564],[-44.0589264,-19.9442583],[-44.060573,-19.9448352],[-44.0597581,-19.9468225],[-44.0594284,-19.9473036],[-44.0605591,-19.9481529],[-44.0615059,-19.9482222],[-44.0614914,-19.9521287],[-44.0621958,-19.9521377],[-44.0621755,-19.9543784],[-44.0620292,-19.9547703],[-44.0618413,-19.9547701],[-44.0618382,-19.9551162],[-44.061929,-19.9553704],[-44.0625329,-19.9544626],[-44.0626081,-19.9527815],[-44.0628855,-19.952376],[-44.0631305,-19.9522051],[-44.0634833,-19.952138],[-44.0664365,-19.9521413],[-44.0666494,-19.9522428],[-44.0667598,-19.9525139],[-44.0674314,-19.9525419],[-44.0673714,-19.9523384],[-44.0675627,-19.9518023],[-44.0686404,-19.9493306],[-44.0686811,-19.9477461],[-44.0691699,-19.9475982],[-44.0692024,-19.9476063],[-44.069148,-19.9463369]]],[[[-44.0702772,-19.9477861],[-44.0702771,-19.9476412],[-44.0701615,-19.9476412],[-44.0701611,-19.9477862],[-44.0697692,-19.9477474],[-44.0700906,-19.9478274],[-44.0705076,-19.9479312],[-44.070508,-19.9477858],[-44.0702772,-19.9477861]]]]}},{"type":"Feature","properties":{"code":"32:3255","name":"Vera Cruz 1","cityCode":"32"},"geometry":{"type":"Polygon","coordinates":[[[-44.043011,-19.9637993],[-44.0440604,-19.9641378],[-44.0453381,-19.9642776],[-44.0460821,-19.9642194],[-44.0468573,-19.9640588],[-44.0467491,-19.9631014],[-44.0465023,-19.9627644],[-44.0459693,-19.9623498],[-44.0455101,-19.9617628],[-44.0449232,-19.9612971],[-44.0446077,-19.9602926],[-44.0405428,-19.9624027],[-44.0404223,-19.962599],[-44.043011,-19.9637993]]]}},{"type":"Feature","properties":{"code":"32:3256","name":"Conj. Hab. Jardim California","cityCode":"32"},"geometry":{"type":"Polygon","coordinates":[[[-44.0419702,-19.9519132],[-44.0419286,-19.9507339],[-44.0425109,-19.9500605],[-44.0444221,-19.949117],[-44.0435965,-19.9482975],[-44.0422899,-19.9484058],[-44.0416455,-19.9486032],[-44.0409977,-19.9490936],[-44.0401432,-19.9500537],[-44.0396678,-19.9503541],[-44.0410531,-19.9513373],[-44.0412178,-19.951539],[-44.0414207,-19.9521781],[-44.0419702,-19.9519132]]]}},{"type":"Feature","properties":{"code":"32:3257","name":"Vera Cruz 2","cityCode":"32"},"geometry":{"type":"Polygon","coordinates":[[[-44.0419286,-19.9507339],[-44.0419702,-19.9519132],[-44.0414207,-19.9521781],[-44.0417115,-19.9532229],[-44.0426169,-19.9547897],[-44.0427417,-19.9563782],[-44.0442803,-19.9595015],[-44.0469435,-19.9583926],[-44.0438044,-19.9513202],[-44.0437737,-19.9512714],[-44.0430375,-19.9515033],[-44.0425011,-19.9503313],[-44.0423302,-19.9502773],[-44.0419286,-19.9507339]]]}},{"type":"Feature","properties":{"code":"32:3258","name":"Parque Riacho Das Pedras 1A Secao","cityCode":"32"},"geometry":{"type":"Polygon","coordinates":[[[-44.0548517,-19.9467119],[-44.0544334,-19.9467909],[-44.0534453,-19.9471472],[-44.0524261,-19.9467449],[-44.0517903,-19.9467832],[-44.0456889,-19.9484534],[-44.0431041,-19.9497678],[-44.0441906,-19.9522205],[-44.0445199,-19.9520929],[-44.0445609,-19.9521882],[-44.0452225,-19.9519298],[-44.0453558,-19.9522456],[-44.0459922,-19.951999],[-44.0460538,-19.9521395],[-44.0462978,-19.952045],[-44.0464181,-19.9523355],[-44.0471264,-19.9520662],[-44.0475375,-19.952012],[-44.0480276,-19.9520872],[-44.0483548,-19.9522617],[-44.0485423,-19.9520069],[-44.0488473,-19.9522819],[-44.049395,-19.9519145],[-44.0496252,-19.9522358],[-44.050243,-19.9519378],[-44.050371,-19.9522062],[-44.050764,-19.9520654],[-44.0508028,-19.9521679],[-44.0514955,-19.951963],[-44.0515846,-19.9522301],[-44.0526938,-19.9519277],[-44.0528142,-19.9519938],[-44.0529582,-19.95228],[-44.0534418,-19.9519823],[-44.0538264,-19.9524491],[-44.0541927,-19.9521897],[-44.0541184,-19.9520969],[-44.0544159,-19.9518856],[-44.0546837,-19.9522282],[-44.0549617,-19.9520359],[-44.0550198,-19.9521127],[-44.0552931,-19.9519217],[-44.0556182,-19.9523095],[-44.0567352,-19.9515207],[-44.0576086,-19.9525497],[-44.0579513,-19.9522746],[-44.0584691,-19.9521278],[-44.0614914,-19.9521287],[-44.0615059,-19.9482222],[-44.0605591,-19.9481529],[-44.0594284,-19.9473036],[-44.0597581,-19.9468225],[-44.060573,-19.9448352],[-44.0589264,-19.9442583],[-44.0580823,-19.9464154],[-44.057624,-19.9467144],[-44.0571784,-19.946823],[-44.0548517,-19.9467119]]]}},{"type":"Feature","properties":{"code":"32:3259","name":"Parque Riacho Das Pedras 2A Secao","cityCode":"32"},"geometry":{"type":"Polygon","coordinates":[[[-44.0552931,-19.9519217],[-44.0550198,-19.9521127],[-44.0549617,-19.9520359],[-44.0546837,-19.9522282],[-44.0544159,-19.9518856],[-44.0541184,-19.9520969],[-44.0541927,-19.9521897],[-44.0538264,-19.9524491],[-44.0534418,-19.9519823],[-44.0529582,-19.95228],[-44.0528142,-19.9519938],[-44.0526938,-19.9519277],[-44.0515846,-19.9522301],[-44.0514955,-19.951963],[-44.0508028,-19.9521679],[-44.050764,-19.9520654],[-44.050371,-19.9522062],[-44.050243,-19.9519378],[-44.0496252,-19.9522358],[-44.049395,-19.9519145],[-44.0488473,-19.9522819],[-44.0485423,-19.9520069],[-44.0483548,-19.9522617],[-44.0480276,-19.9520872],[-44.0475375,-19.952012],[-44.0471264,-19.9520662],[-44.0464181,-19.9523355],[-44.0462978,-19.952045],[-44.0460538,-19.9521395],[-44.0459922,-19.951999],[-44.0453558,-19.9522456],[-44.0452225,-19.9519298],[-44.0445609,-19.9521882],[-44.0445199,-19.9520929],[-44.0441906,-19.9522205],[-44.0469435,-19.9583926],[-44.0452422,-19.9590663],[-44.0454767,-19.9594468],[-44.0479016,-19.9619961],[-44.0487421,-19.9621828],[-44.0492296,-19.9627661],[-44.0548566,-19.9587683],[-44.0553638,-19.9584919],[-44.056171,-19.958213],[-44.0566576,-19.9581263],[-44.057486,-19.9581048],[-44.061855,-19.9586823],[-44.061929,-19.9553704],[-44.0618382,-19.9551162],[-44.0618413,-19.9547701],[-44.0620292,-19.9547703],[-44.0621755,-19.9543784],[-44.0621958,-19.9521377],[-44.0584691,-19.9521278],[-44.0579513,-19.9522746],[-44.0576086,-19.9525497],[-44.0567352,-19.9515207],[-44.0556182,-19.9523095],[-44.0552931,-19.9519217]]]}},{"type":"Feature","properties":{"code":"32:3260","name":"Zona Industrial Riacho Das Pedras","cityCode":"32"},"geometry":{"type":"Polygon","coordinates":[[[-44.0666494,-19.9522428],[-44.0664365,-19.9521413],[-44.0634833,-19.952138],[-44.0630093,-19.9522738],[-44.0626633,-19.9526456],[-44.0625851,-19.952882],[-44.0625329,-19.9544626],[-44.061929,-19.9553704],[-44.061855,-19.9586823],[-44.0632913,-19.9588953],[-44.0628043,-19.9618482],[-44.0638004,-19.9619534],[-44.0640747,-19.9605037],[-44.0645914,-19.9595071],[-44.0651307,-19.9589431],[-44.0692144,-19.9589536],[-44.0692505,-19.9588013],[-44.0689618,-19.9579933],[-44.0676864,-19.9567073],[-44.0677681,-19.9549567],[-44.0674852,-19.9527245],[-44.0674354,-19.9525555],[-44.0674314,-19.9525419],[-44.0667598,-19.9525139],[-44.0666494,-19.9522428]]]}},{"type":"Feature","properties":{"code":"32:3261","name":"Distrito Industrial Riacho Das Pedras","cityCode":"32"},"geometry":{"type":"Polygon","coordinates":[[[-44.0694108,-19.9621859],[-44.0691547,-19.962184],[-44.0692144,-19.9589536],[-44.0651307,-19.9589431],[-44.0645914,-19.9595071],[-44.0640747,-19.9605037],[-44.0638004,-19.9619534],[-44.0628043,-19.9618482],[-44.0626178,-19.9630321],[-44.0625991,-19.9638824],[-44.0630744,-19.9662397],[-44.0632592,-19.9664281],[-44.0651718,-19.9670721],[-44.064419,-19.9690941],[-44.0643545,-19.9695284],[-44.0651091,-19.9722119],[-44.0637353,-19.9726148],[-44.0639927,-19.9731051],[-44.0657097,-19.9730752],[-44.0675878,-19.9732545],[-44.0679255,-19.9732217],[-44.0684647,-19.9729764],[-44.0685719,-19.9731313],[-44.0686236,-19.9730834],[-44.0687016,-19.9729638],[-44.0687755,-19.9729425],[-44.0688958,-19.9728309],[-44.0695397,-19.9725027],[-44.0708511,-19.9711459],[-44.0710013,-19.9706138],[-44.0717857,-19.969509],[-44.0732833,-19.9692552],[-44.0740983,-19.9684616],[-44.0745705,-19.9677157],[-44.0752307,-19.9671446],[-44.0748943,-19.9670117],[-44.073539,-19.9644792],[-44.0721618,-19.9630616],[-44.0714002,-19.9626573],[-44.0713813,-19.9625933],[-44.0694102,-19.9624048],[-44.0694108,-19.9621859]]]}},{"type":"Feature","properties":{"code":"32:3262","name":"Parque Durval De Barros","cityCode":"32"},"geometry":{"type":"Polygon","coordinates":[[[-44.0685719,-19.9731313],[-44.0684647,-19.9729764],[-44.0679255,-19.9732217],[-44.0675878,-19.9732545],[-44.0661351,-19.9730939],[-44.0640518,-19.9730905],[-44.0625642,-19.9733695],[-44.0607044,-19.973548],[-44.0581854,-19.9741599],[-44.055898,-19.9743647],[-44.0559022,-19.9744731],[-44.0559022,-19.9744731],[-44.0568421,-19.974711],[-44.0611189,-19.9738278],[-44.0625955,-19.9736525],[-44.0626713,-19.9736384],[-44.062673,-19.9736434],[-44.062697,-19.9736405],[-44.0633034,-19.9754128],[-44.0626512,-19.9756205],[-44.0626512,-19.9756205],[-44.0630814,-19.9768813],[-44.0641591,-19.9765618],[-44.0649598,-19.9768005],[-44.0655397,-19.9766322],[-44.0667056,-19.9761457],[-44.0674329,-19.9753585],[-44.0676742,-19.9745383],[-44.0685719,-19.9731313]]]}},{"type":"Feature","properties":{"code":"32:3263","name":"Jardim Riacho Das Pedras","cityCode":"32"},"geometry":{"type":"Polygon","coordinates":[[[-44.0581854,-19.9741599],[-44.0607044,-19.973548],[-44.0625642,-19.9733695],[-44.0639927,-19.9731051],[-44.0637353,-19.9726148],[-44.0651091,-19.9722119],[-44.0643545,-19.9695284],[-44.064419,-19.9690941],[-44.0651718,-19.9670721],[-44.0631376,-19.9663376],[-44.0630446,-19.9661521],[-44.0626308,-19.9641634],[-44.0626178,-19.9630321],[-44.0632913,-19.9588953],[-44.057486,-19.9581048],[-44.0566576,-19.9581263],[-44.0564959,-19.9584058],[-44.056509,-19.9587668],[-44.0572724,-19.9594756],[-44.0571754,-19.9601484],[-44.0573249,-19.9614094],[-44.0579694,-19.9631935],[-44.0585136,-19.9652571],[-44.0572161,-19.9673916],[-44.0556485,-19.9687435],[-44.0555312,-19.9692357],[-44.0548152,-19.9703188],[-44.0542158,-19.9709516],[-44.0540473,-19.9713996],[-44.0540522,-19.9719671],[-44.0542739,-19.97236],[-44.0552054,-19.9732672],[-44.055898,-19.9743647],[-44.0581854,-19.9741599]]]}},{"type":"Feature","properties":{"code":"32:3264","name":"Flamengo","cityCode":"32"},"geometry":{"type":"Polygon","coordinates":[[[-44.0552823,-19.9661357],[-44.0553454,-19.9665957],[-44.055273,-19.966941],[-44.0549203,-19.9675529],[-44.0547537,-19.9681995],[-44.0543652,-19.9685143],[-44.0542441,-19.9688067],[-44.0543132,-19.9689236],[-44.0553568,-19.9691337],[-44.0555312,-19.9692357],[-44.0556485,-19.9687435],[-44.0572161,-19.9673916],[-44.0585136,-19.9652571],[-44.0579694,-19.9631935],[-44.0573249,-19.9614094],[-44.0571754,-19.9601484],[-44.0572724,-19.9594756],[-44.0566282,-19.9589097],[-44.0564681,-19.9586291],[-44.0564959,-19.9584058],[-44.0566576,-19.9581263],[-44.056171,-19.958213],[-44.0553638,-19.9584919],[-44.0543059,-19.9591333],[-44.0548022,-19.9599926],[-44.05519,-19.9614358],[-44.0549332,-19.9620178],[-44.0550282,-19.9630555],[-44.054406,-19.9642543],[-44.0545503,-19.964308],[-44.054698,-19.9645682],[-44.0553224,-19.9651883],[-44.0554237,-19.9657459],[-44.0552823,-19.9661357]]]}},{"type":"Feature","properties":{"code":"32:3265","name":"Granja Lempp","cityCode":"32"},"geometry":{"type":"Polygon","coordinates":[[[-44.0481226,-19.9635316],[-44.0492296,-19.9627661],[-44.0487421,-19.9621828],[-44.0480044,-19.9620493],[-44.0478656,-19.9619632],[-44.0454767,-19.9594468],[-44.0452684,-19.9591343],[-44.0442803,-19.9595015],[-44.0445357,-19.9600288],[-44.0449232,-19.9612971],[-44.0455101,-19.9617628],[-44.0459693,-19.9623498],[-44.0465023,-19.9627644],[-44.0467491,-19.9631014],[-44.0468573,-19.9640588],[-44.0481226,-19.9635316]]]}},{"type":"Feature","properties":{"code":"32:3266","name":"Inconfidentes","cityCode":"32"},"geometry":{"type":"Polygon","coordinates":[[[-44.0315391,-19.9634169],[-44.0313412,-19.9635234],[-44.0270581,-19.9638248],[-44.0273263,-19.9645843],[-44.0274725,-19.964689],[-44.0274686,-19.9650514],[-44.0276783,-19.96536],[-44.028599,-19.9647487],[-44.0286178,-19.9645643],[-44.0317108,-19.9643585],[-44.0325399,-19.9647187],[-44.0324944,-19.9647933],[-44.0331552,-19.9652854],[-44.0335823,-19.965375],[-44.0338852,-19.9653443],[-44.0350166,-19.9642054],[-44.0369623,-19.9660792],[-44.0373887,-19.9663139],[-44.0375533,-19.9663129],[-44.0376124,-19.9662866],[-44.0376298,-19.9660436],[-44.037348,-19.9637296],[-44.0376912,-19.9638432],[-44.0380521,-19.9631611],[-44.0386812,-19.9634435],[-44.0390173,-19.962812],[-44.0396058,-19.9630834],[-44.0399711,-19.9623901],[-44.0404223,-19.962599],[-44.0405428,-19.9624027],[-44.0446077,-19.9602926],[-44.0445357,-19.9600288],[-44.0427417,-19.9563782],[-44.0426169,-19.9547897],[-44.0417115,-19.9532229],[-44.0412696,-19.9516636],[-44.0410531,-19.9513373],[-44.0396678,-19.9503541],[-44.0393716,-19.9504389],[-44.039021,-19.9504177],[-44.0366798,-19.9495779],[-44.0362271,-19.9496065],[-44.0355172,-19.9499266],[-44.0353402,-19.9499346],[-44.032537,-19.9495512],[-44.0317918,-19.9495415],[-44.0316619,-19.9497126],[-44.0356758,-19.9553951],[-44.0315391,-19.9634169]]]}},{"type":"Feature","properties":{"code":"32:3267","name":"Santa Cruz Industrial","cityCode":"32"},"geometry":{"type":"Polygon","coordinates":[[[-44.0505686,-19.9422282],[-44.0487375,-19.9435785],[-44.0487659,-19.943618],[-44.0472436,-19.9452359],[-44.0472575,-19.9455366],[-44.0474492,-19.9459447],[-44.045197,-19.9466948],[-44.0446171,-19.9471142],[-44.0441991,-19.9478475],[-44.0440209,-19.9480501],[-44.0435965,-19.9482975],[-44.0444221,-19.949117],[-44.0456889,-19.9484534],[-44.0520196,-19.9467399],[-44.0524261,-19.9467449],[-44.0534453,-19.9471472],[-44.0546278,-19.9467364],[-44.0571784,-19.946823],[-44.0574276,-19.9467923],[-44.0578515,-19.9465954],[-44.0580823,-19.9464154],[-44.0591953,-19.9435564],[-44.0591283,-19.9414773],[-44.0593053,-19.9410563],[-44.0592258,-19.940854],[-44.0539945,-19.9396992],[-44.0521522,-19.9385578],[-44.0517735,-19.9384661],[-44.0513144,-19.9380901],[-44.0513129,-19.9378092],[-44.0512531,-19.9377641],[-44.0508741,-19.9377441],[-44.0502214,-19.9379203],[-44.0498417,-19.9381647],[-44.0516549,-19.9407334],[-44.0507534,-19.9422075],[-44.0505686,-19.9422282]]]}},{"type":"Feature","properties":{"code":"32:3268","name":"Vila Argila","cityCode":"32"},"geometry":{"type":"Polygon","coordinates":[[[-44.0423302,-19.9502773],[-44.0425011,-19.9503313],[-44.0429987,-19.9514732],[-44.0431872,-19.9514984],[-44.0437737,-19.9512714],[-44.0431041,-19.9497678],[-44.0425109,-19.9500605],[-44.0423302,-19.9502773]]]}},{"type":"Feature","properties":{"code":"32:3269","name":"Bandeirantes","cityCode":"32"},"geometry":{"type":"Polygon","coordinates":[[[-44.0537398,-19.9715725],[-44.05404,-19.9717982],[-44.0540473,-19.9713996],[-44.0542158,-19.9709516],[-44.0548152,-19.9703188],[-44.0555312,-19.9692357],[-44.0553568,-19.9691337],[-44.0542497,-19.9688736],[-44.0543652,-19.9685143],[-44.0547537,-19.9681995],[-44.0549203,-19.9675529],[-44.055273,-19.966941],[-44.0553454,-19.9665957],[-44.0552823,-19.9661357],[-44.0554456,-19.9656441],[-44.0553224,-19.9651883],[-44.054698,-19.9645682],[-44.0545503,-19.964308],[-44.054406,-19.9642543],[-44.0550282,-19.9630555],[-44.0549332,-19.9620178],[-44.05519,-19.9614358],[-44.0548022,-19.9599926],[-44.0543059,-19.9591333],[-44.0487416,-19.9631299],[-44.0497463,-19.9644118],[-44.0471499,-19.9662568],[-44.0517766,-19.9699411],[-44.0525199,-19.9705695],[-44.0524358,-19.9707022],[-44.0526726,-19.970846],[-44.052723,-19.9709913],[-44.0532023,-19.9712844],[-44.0532231,-19.9714518],[-44.0536506,-19.9717082],[-44.0537398,-19.9715725]]]}},{"type":"Feature","properties":{"code":"32:3270","name":"Santa Maria","cityCode":"32"},"geometry":{"type":"Polygon","coordinates":[[[-44.0552054,-19.9732672],[-44.0542739,-19.97236],[-44.0540522,-19.9719671],[-44.05404,-19.9717982],[-44.0537398,-19.9715725],[-44.0536506,-19.9717082],[-44.0532231,-19.9714518],[-44.0532023,-19.9712844],[-44.052723,-19.9709913],[-44.0526726,-19.970846],[-44.0524358,-19.9707022],[-44.0517541,-19.9717081],[-44.0515088,-19.971497],[-44.0512965,-19.9716496],[-44.051026,-19.9717221],[-44.0503328,-19.9716958],[-44.0490408,-19.9718579],[-44.0484816,-19.9720418],[-44.04767,-19.9724375],[-44.047537,-19.9726514],[-44.0476759,-19.9727741],[-44.0476882,-19.9729166],[-44.0475495,-19.9730598],[-44.0473635,-19.9730349],[-44.0472414,-19.9729087],[-44.0465908,-19.9729041],[-44.0467575,-19.9720149],[-44.0464151,-19.971555],[-44.0461949,-19.9711008],[-44.04545,-19.97122],[-44.0452484,-19.970197],[-44.0455905,-19.9701387],[-44.0454651,-19.9694909],[-44.0453897,-19.9691709],[-44.0450539,-19.9692359],[-44.0449461,-19.9687043],[-44.0452837,-19.9686495],[-44.0452373,-19.9684342],[-44.04491,-19.9684887],[-44.04476,-19.9678951],[-44.0447031,-19.9679252],[-44.0439368,-19.9707079],[-44.0446868,-19.9742118],[-44.0471831,-19.9737648],[-44.0490596,-19.9729162],[-44.0491537,-19.9729023],[-44.049214,-19.9728759],[-44.0501964,-19.9727477],[-44.0505859,-19.97269],[-44.0536739,-19.9730469],[-44.0551688,-19.9742788],[-44.0559022,-19.9744731],[-44.0552054,-19.9732672]]]}},{"type":"Feature","properties":{"code":"32:3271","name":"Parque Das Mangueiras","cityCode":"32"},"geometry":{"type":"Polygon","coordinates":[[[-44.0447468,-19.9677478],[-44.04491,-19.9684887],[-44.0452373,-19.9684342],[-44.0452837,-19.9686495],[-44.0449461,-19.9687043],[-44.0450539,-19.9692359],[-44.0453897,-19.9691709],[-44.0455905,-19.9701387],[-44.0452484,-19.970197],[-44.04545,-19.97122],[-44.0462244,-19.9711203],[-44.0464151,-19.971555],[-44.0467575,-19.9720149],[-44.0465908,-19.9729041],[-44.0472414,-19.9729087],[-44.0473635,-19.9730349],[-44.0475495,-19.9730598],[-44.0476882,-19.9729166],[-44.0476759,-19.9727741],[-44.047537,-19.9726514],[-44.04767,-19.9724375],[-44.0484816,-19.9720418],[-44.0490408,-19.9718579],[-44.0503328,-19.9716958],[-44.051026,-19.9717221],[-44.0512965,-19.9716496],[-44.0515088,-19.971497],[-44.0517541,-19.9717081],[-44.0525199,-19.9705695],[-44.0471499,-19.9662568],[-44.0464955,-19.9668393],[-44.0459482,-19.9676307],[-44.0448606,-19.9678277],[-44.0447468,-19.9677478]]]}},{"type":"Feature","properties":{"code":"32:3272","name":"Bandeirantes Industrial","cityCode":"32"},"geometry":{"type":"Polygon","coordinates":[[[-44.0459482,-19.9676307],[-44.0464955,-19.9668393],[-44.0470122,-19.9664278],[-44.0472335,-19.9661443],[-44.0497463,-19.9644118],[-44.0487416,-19.9631299],[-44.0481226,-19.9635316],[-44.047237,-19.9639403],[-44.0463311,-19.9641798],[-44.0453381,-19.9642776],[-44.04534,-19.9656375],[-44.0447535,-19.9676939],[-44.0448606,-19.9678277],[-44.0459482,-19.9676307]]]}},{"type":"Feature","properties":{"code":"32:3273","name":"Amazonas 1A Secao","cityCode":"32"},"geometry":{"type":"Polygon","coordinates":[[[-44.0431049,-19.9643592],[-44.0429602,-19.9646917],[-44.042724,-19.9646098],[-44.0421786,-19.9656449],[-44.0418684,-19.9654996],[-44.0414269,-19.9663752],[-44.0411163,-19.9662311],[-44.0405593,-19.9672933],[-44.040275,-19.9671638],[-44.040283,-19.9673498],[-44.0400963,-19.9674547],[-44.0407666,-19.9683758],[-44.0407394,-19.9684469],[-44.0431773,-19.9696017],[-44.0432117,-19.9697717],[-44.0439151,-19.9706863],[-44.04534,-19.9656375],[-44.0453381,-19.9642776],[-44.0440604,-19.9641378],[-44.0433467,-19.9639291],[-44.0431539,-19.9643779],[-44.0431049,-19.9643592]]]}},{"type":"Feature","properties":{"code":"32:3274","name":"Industrial Santa Rita","cityCode":"32"},"geometry":{"type":"Polygon","coordinates":[[[-44.0388358,-19.9697077],[-44.0382271,-19.9708687],[-44.0422762,-19.9744159],[-44.0427813,-19.9745309],[-44.0447231,-19.9745529],[-44.0439368,-19.9707079],[-44.0432117,-19.9697717],[-44.0431773,-19.9696017],[-44.0407394,-19.9684469],[-44.0407666,-19.9683758],[-44.0400963,-19.9674547],[-44.0382405,-19.9673106],[-44.0390118,-19.9695862],[-44.0388358,-19.9697077]]]}},{"type":"Feature","properties":{"code":"32:3275","name":"Amazonas 2A Secao","cityCode":"32"},"geometry":{"type":"Polygon","coordinates":[[[-44.0396058,-19.9630834],[-44.0390173,-19.962812],[-44.0386812,-19.9634435],[-44.0380521,-19.9631611],[-44.0376912,-19.9638432],[-44.0373125,-19.9636749],[-44.0376663,-19.9663281],[-44.0381911,-19.9671095],[-44.0382405,-19.9673106],[-44.0400207,-19.9674859],[-44.040283,-19.9673498],[-44.040275,-19.9671638],[-44.0405593,-19.9672933],[-44.0411163,-19.9662311],[-44.0414269,-19.9663752],[-44.0418684,-19.9654996],[-44.0421786,-19.9656449],[-44.042724,-19.9646098],[-44.0429602,-19.9646917],[-44.0433467,-19.9639291],[-44.0399711,-19.9623901],[-44.0396058,-19.9630834]]]}},{"type":"Feature","properties":{"code":"32:3276","name":"Industrial Itau","cityCode":"32"},"geometry":{"type":"Polygon","coordinates":[[[-44.0350166,-19.9642054],[-44.0343433,-19.9648833],[-44.0366913,-19.9670436],[-44.0383398,-19.9697106],[-44.0385738,-19.9702069],[-44.0388358,-19.9697077],[-44.0390118,-19.9695862],[-44.0381911,-19.9671095],[-44.0376663,-19.9663281],[-44.0373887,-19.9663139],[-44.0369623,-19.9660792],[-44.0350166,-19.9642054]]]}},{"type":"Feature","properties":{"code":"32:3277","name":"Sao Paulo","cityCode":"32"},"geometry":{"type":"Polygon","coordinates":[[[-44.0143539,-19.9612202],[-44.0145314,-19.9609935],[-44.0145612,-19.9605546],[-44.0143089,-19.9592039],[-44.0146905,-19.9578985],[-44.0153046,-19.9574609],[-44.0153887,-19.9572968],[-44.0152336,-19.9567489],[-44.0159721,-19.9560107],[-44.016499,-19.9566667],[-44.0171534,-19.9553775],[-44.0169368,-19.9552776],[-44.0154795,-19.9538893],[-44.0149639,-19.9535256],[-44.0133165,-19.952534],[-44.0129944,-19.9524041],[-44.012568,-19.952061],[-44.0120739,-19.9518833],[-44.0119579,-19.9521051],[-44.011805,-19.9521407],[-44.011557,-19.9521773],[-44.0112489,-19.9521211],[-44.0103051,-19.952294],[-44.0103334,-19.9525226],[-44.0092589,-19.9527261],[-44.0087294,-19.9531048],[-44.0070291,-19.9535648],[-44.006578,-19.9539],[-44.0061583,-19.9543267],[-44.0062685,-19.9551729],[-44.00723,-19.9551084],[-44.0093236,-19.9554111],[-44.0121349,-19.9551114],[-44.0123662,-19.9551605],[-44.0124931,-19.95515],[-44.0126812,-19.9552273],[-44.0129053,-19.9552749],[-44.0131115,-19.9554042],[-44.0133496,-19.9555021],[-44.0134682,-19.9556279],[-44.0136437,-19.955738],[-44.0140499,-19.9562452],[-44.0142771,-19.9568036],[-44.0143406,-19.9573537],[-44.0142678,-19.9579881],[-44.0137652,-19.958737],[-44.0123105,-19.9600611],[-44.0131,-19.9607083],[-44.0143539,-19.9612202]]]}},{"type":"Feature","properties":{"code":"32:3278","name":"Industrial 1A E 2A Secao","cityCode":"32"},"geometry":{"type":"Polygon","coordinates":[[[-44.0157158,-19.9702344],[-44.0153346,-19.9699619],[-44.0145681,-19.9690483],[-44.0143352,-19.9683508],[-44.0143471,-19.9677281],[-44.01445,-19.9673839],[-44.0153829,-19.9654298],[-44.0180782,-19.9664222],[-44.0182073,-19.9661057],[-44.0187614,-19.966309],[-44.0190234,-19.9660419],[-44.0195197,-19.9661759],[-44.0191287,-19.9630947],[-44.0194962,-19.9620517],[-44.0195325,-19.961164],[-44.0194644,-19.9610184],[-44.0189691,-19.9613153],[-44.0179148,-19.961255],[-44.0178351,-19.9607881],[-44.0174729,-19.9602938],[-44.017129,-19.9581677],[-44.01667,-19.9573965],[-44.016499,-19.9566667],[-44.0159721,-19.9560107],[-44.0152336,-19.9567489],[-44.0153887,-19.9572968],[-44.0153046,-19.9574609],[-44.0146905,-19.9578985],[-44.0143635,-19.9589687],[-44.0143063,-19.9594166],[-44.0145612,-19.9605546],[-44.0144999,-19.9610757],[-44.0137494,-19.9616059],[-44.0134447,-19.9615612],[-44.0128063,-19.9612615],[-44.0120889,-19.9620765],[-44.0120191,-19.9625667],[-44.0120214,-19.9627101],[-44.0123206,-19.9631345],[-44.0125028,-19.9631345],[-44.0126268,-19.9635687],[-44.0126268,-19.9635687],[-44.0131286,-19.964047],[-44.0132152,-19.9643439],[-44.0130744,-19.9646098],[-44.0124521,-19.9668157],[-44.0135624,-19.9687655],[-44.0149126,-19.9699837],[-44.0159763,-19.9703573],[-44.016187,-19.9703384],[-44.0157158,-19.9702344]]]}},{"type":"Feature","properties":{"code":"32:3279","name":"Jardim Emaus","cityCode":"32"},"geometry":{"type":"Polygon","coordinates":[[[-44.0275991,-19.974804],[-44.0280061,-19.9749978],[-44.028207,-19.974928],[-44.0286513,-19.9750319],[-44.0291389,-19.9748755],[-44.0293314,-19.9749016],[-44.0292367,-19.9746932],[-44.029256,-19.9745308],[-44.0291797,-19.9745306],[-44.0291161,-19.9743642],[-44.0289225,-19.9742871],[-44.0287634,-19.9737907],[-44.0288398,-19.9735867],[-44.0285464,-19.9732215],[-44.0286138,-19.9724356],[-44.0284292,-19.9722844],[-44.0281299,-19.9724736],[-44.0252702,-19.9729522],[-44.0255634,-19.9732369],[-44.0258381,-19.9737631],[-44.0262962,-19.9743837],[-44.0275991,-19.974804]]]}},{"type":"Feature","properties":{"code":"32:3280","name":"Jardim Industrial 2A Secao","cityCode":"32"},"geometry":{"type":"Polygon","coordinates":[[[-44.0260841,-19.9728213],[-44.0259207,-19.9719085],[-44.0257524,-19.9719379],[-44.0256873,-19.9716774],[-44.0256743,-19.9710648],[-44.0255405,-19.9704946],[-44.0250342,-19.9703792],[-44.0245759,-19.9712886],[-44.0243339,-19.9712263],[-44.0242356,-19.9713008],[-44.0242413,-19.9714286],[-44.0243789,-19.9715517],[-44.0235699,-19.9720638],[-44.0235999,-19.9720794],[-44.0236721,-19.9720924],[-44.0252132,-19.9729163],[-44.0252206,-19.9729263],[-44.0252702,-19.9729522],[-44.0260841,-19.9728213]]]}},{"type":"Feature","properties":{"code":"32:3281","name":"Conjunto Habitacional Sandoval De Azevedo","cityCode":"32"},"geometry":{"type":"Polygon","coordinates":[[[-44.0281299,-19.9724736],[-44.0284292,-19.9722844],[-44.0287162,-19.9709132],[-44.0284442,-19.9702616],[-44.0281832,-19.9699484],[-44.0279298,-19.9698614],[-44.0275059,-19.9700114],[-44.0271114,-19.9704803],[-44.0259638,-19.9715626],[-44.0259032,-19.9717936],[-44.0260841,-19.9728213],[-44.0281299,-19.9724736]]]}},{"type":"Feature","properties":{"code":"32:3282","name":"Vila Parque Industrial","cityCode":"32"},"geometry":{"type":"Polygon","coordinates":[[[-44.0245184,-19.9666353],[-44.0230868,-19.9640702],[-44.0221704,-19.9641304],[-44.0219028,-19.9640662],[-44.0236243,-19.9672795],[-44.0245184,-19.9666353]]]}},{"type":"Feature","properties":{"code":"32:3283","name":"Vila Pernambucana","cityCode":"32"},"geometry":{"type":"Polygon","coordinates":[[[-44.0253225,-19.9655439],[-44.0265867,-19.96436],[-44.0266643,-19.9641048],[-44.0262511,-19.9638611],[-44.0230868,-19.9640702],[-44.0245184,-19.9666353],[-44.0247692,-19.9664467],[-44.0247887,-19.9661636],[-44.0253225,-19.9655439]]]}},{"type":"Feature","properties":{"code":"32:3284","name":"Jardim Industrial","cityCode":"32"},"geometry":{"type":"Polygon","coordinates":[[[-44.0235699,-19.9720638],[-44.0243789,-19.9715517],[-44.0242413,-19.9714286],[-44.0242356,-19.9713008],[-44.0243339,-19.9712263],[-44.0245759,-19.9712886],[-44.0250342,-19.9703792],[-44.0246724,-19.9702632],[-44.024233,-19.9698509],[-44.0240563,-19.9695711],[-44.0236437,-19.9685332],[-44.0234619,-19.9674366],[-44.0231961,-19.9673333],[-44.0230695,-19.9670809],[-44.02294,-19.9670415],[-44.0227574,-19.9672016],[-44.0226376,-19.9672136],[-44.0223774,-19.9670789],[-44.0222205,-19.9668862],[-44.0215237,-19.966822],[-44.0195884,-19.966152],[-44.0194446,-19.9661904],[-44.0190234,-19.9660419],[-44.0187614,-19.966309],[-44.0182073,-19.9661057],[-44.0180782,-19.9664222],[-44.0153829,-19.9654298],[-44.01445,-19.9673839],[-44.0143245,-19.9681057],[-44.0143613,-19.9685422],[-44.0145681,-19.9690483],[-44.0153346,-19.9699619],[-44.0157158,-19.9702344],[-44.016187,-19.9703384],[-44.0177387,-19.9702631],[-44.0184189,-19.9703627],[-44.0184281,-19.970367],[-44.0184337,-19.970367],[-44.0212283,-19.9716538],[-44.0235699,-19.9720638]]]}},{"type":"Feature","properties":{"code":"32:3285","name":"Vila Lider","cityCode":"32"},"geometry":{"type":"Polygon","coordinates":[[[-44.0236437,-19.9685332],[-44.0239931,-19.9694431],[-44.024233,-19.9698509],[-44.0246724,-19.9702632],[-44.0255405,-19.9704946],[-44.025681,-19.9695675],[-44.0248704,-19.9689676],[-44.024757,-19.9685221],[-44.0251683,-19.9669525],[-44.0244739,-19.9666691],[-44.0234619,-19.9674366],[-44.0236437,-19.9685332]]]}},{"type":"Feature","properties":{"code":"32:3286","name":"Vila Presidente Vargas","cityCode":"32"},"geometry":{"type":"Polygon","coordinates":[[[-44.026845,-19.9679092],[-44.0268825,-19.9677394],[-44.0251683,-19.9669525],[-44.024757,-19.9685221],[-44.0248704,-19.9689676],[-44.0253909,-19.9693262],[-44.0265448,-19.9682766],[-44.026845,-19.9679092]]]}},{"type":"Feature","properties":{"code":"32:3287","name":"Vila Vitoria","cityCode":"32"},"geometry":{"type":"Polygon","coordinates":[[[-44.0259207,-19.9719085],[-44.0259638,-19.9715626],[-44.0271114,-19.9704803],[-44.0274199,-19.9700865],[-44.0278635,-19.9698687],[-44.0278349,-19.9696265],[-44.0279798,-19.9694013],[-44.0278529,-19.9692355],[-44.0279072,-19.9685179],[-44.0279902,-19.9684979],[-44.0276274,-19.9680771],[-44.0268825,-19.9677394],[-44.026845,-19.9679092],[-44.0265448,-19.9682766],[-44.0253909,-19.9693262],[-44.025681,-19.9695675],[-44.0255405,-19.9704946],[-44.0256743,-19.9710648],[-44.0257524,-19.9719379],[-44.0259207,-19.9719085]]]}},{"type":"Feature","properties":{"code":"32:3288","name":"Vila Rui Barbosa","cityCode":"32"},"geometry":{"type":"Polygon","coordinates":[[[-44.0215237,-19.966822],[-44.0222205,-19.9668862],[-44.0223774,-19.9670789],[-44.0226376,-19.9672136],[-44.0229826,-19.9670316],[-44.0233117,-19.9674203],[-44.0234619,-19.9674366],[-44.0236243,-19.9672795],[-44.0219028,-19.9640662],[-44.021793,-19.9640001],[-44.0196431,-19.9609627],[-44.0195207,-19.961042],[-44.0194962,-19.9620517],[-44.0191287,-19.9630947],[-44.0195316,-19.9661593],[-44.0215237,-19.966822]]]}},{"type":"Feature","properties":{"code":"32:3289","name":"Vila Da Paz","cityCode":"32"},"geometry":{"type":"Polygon","coordinates":[[[-44.0291338,-19.9758821],[-44.0296036,-19.9759662],[-44.0296587,-19.9759868],[-44.0296772,-19.975988],[-44.0297066,-19.9760047],[-44.0301163,-19.9761581],[-44.0305478,-19.9764188],[-44.0325452,-19.9753038],[-44.0325066,-19.9751278],[-44.0334457,-19.9738141],[-44.0328876,-19.9733525],[-44.032344,-19.9737293],[-44.0318944,-19.9738458],[-44.0309086,-19.9742641],[-44.0307648,-19.9742623],[-44.0300837,-19.9745276],[-44.029256,-19.9745308],[-44.0292367,-19.9746932],[-44.0293314,-19.9749016],[-44.0291389,-19.9748755],[-44.0286513,-19.9750319],[-44.028207,-19.974928],[-44.0280061,-19.9749978],[-44.028132,-19.9751073],[-44.0281429,-19.9751116],[-44.028145,-19.9751186],[-44.0282332,-19.9751953],[-44.028353,-19.9754105],[-44.0283803,-19.9759045],[-44.0291338,-19.9758821]]]}},{"type":"Feature","properties":{"code":"32:3290","name":"Floricultura Lempp","cityCode":"32"},"geometry":{"type":"Polygon","coordinates":[[[-44.0171845,-19.9583184],[-44.0174729,-19.9602938],[-44.0178351,-19.9607881],[-44.0179148,-19.961255],[-44.0189691,-19.9613153],[-44.0196431,-19.9609627],[-44.016499,-19.9566667],[-44.0166212,-19.9572478],[-44.0171845,-19.9583184]]]}},{"type":"Feature","properties":{"code":"32:3291","name":"Vila Vaquinha","cityCode":"32"},"geometry":{"type":"Polygon","coordinates":[[[-44.0278872,-19.9535612],[-44.0285112,-19.9531587],[-44.0280099,-19.9524878],[-44.0278527,-19.9524142],[-44.0274485,-19.9524344],[-44.0275044,-19.9531321],[-44.0275776,-19.9531282],[-44.0278872,-19.9535612]]]}},{"type":"Feature","properties":{"code":"32:3292","name":"Cidade Industrial","cityCode":"32"},"geometry":{"type":"Polygon","coordinates":[[[-44.0238776,-19.9435262],[-44.023381,-19.9436622],[-44.0233036,-19.9437393],[-44.0231193,-19.9439232],[-44.022944,-19.9441451],[-44.0229072,-19.9446126],[-44.0228726,-19.9446219],[-44.0228698,-19.9446403],[-44.0217196,-19.9449283],[-44.0206497,-19.9457697],[-44.0195206,-19.9458984],[-44.0195206,-19.9458984],[-44.0194753,-19.945931],[-44.0191478,-19.9459922],[-44.0181818,-19.9462354],[-44.0168484,-19.9464221],[-44.0168484,-19.9464221],[-44.0161445,-19.9468841],[-44.0157527,-19.9470399],[-44.014367,-19.9468865],[-44.0128163,-19.9464781],[-44.0118793,-19.9468331],[-44.0118793,-19.9468331],[-44.0115737,-19.9471613],[-44.0103862,-19.9490116],[-44.0097276,-19.9497119],[-44.0092351,-19.950544],[-44.0091124,-19.9509167],[-44.0091784,-19.9515565],[-44.0093911,-19.9515558],[-44.0097286,-19.9517561],[-44.0104012,-19.9517334],[-44.0103051,-19.952294],[-44.0112489,-19.9521211],[-44.011557,-19.9521773],[-44.011805,-19.9521407],[-44.0119579,-19.9521051],[-44.0120739,-19.9518833],[-44.012568,-19.952061],[-44.0129944,-19.9524041],[-44.0133165,-19.952534],[-44.0154795,-19.9538893],[-44.0169368,-19.9552776],[-44.0171534,-19.9553775],[-44.016499,-19.9566667],[-44.021793,-19.9640001],[-44.0220082,-19.9641115],[-44.0262511,-19.9638611],[-44.0266643,-19.9641048],[-44.0269151,-19.9640132],[-44.0270581,-19.9638248],[-44.031478,-19.9634883],[-44.0356758,-19.9553951],[-44.0316619,-19.9497126],[-44.0313907,-19.9496349],[-44.0304369,-19.949819],[-44.0299881,-19.9497631],[-44.0296405,-19.9495532],[-44.0292493,-19.9490307],[-44.030115,-19.9478492],[-44.0302846,-19.9477832],[-44.0272638,-19.9435635],[-44.0265827,-19.9435031],[-44.0262245,-19.9432157],[-44.0264605,-19.9419036],[-44.0265545,-19.9404612],[-44.0267986,-19.9394599],[-44.0272824,-19.9380928],[-44.0267625,-19.9377953],[-44.0264683,-19.9375112],[-44.0264344,-19.937595],[-44.0261959,-19.9374888],[-44.0257051,-19.9380725],[-44.0238776,-19.9435262]],[[-44.0275776,-19.9531282],[-44.0275044,-19.9531321],[-44.0274485,-19.9524344],[-44.0279476,-19.9524352],[-44.0285112,-19.9531587],[-44.0278872,-19.9535612],[-44.0275776,-19.9531282]]]}},{"type":"Feature","properties":{"code":"32:3293","name":"Industrial 3A Secao","cityCode":"32"},"geometry":{"type":"Polygon","coordinates":[[[-44.0427813,-19.9745309],[-44.0422762,-19.9744159],[-44.0382271,-19.9708687],[-44.0385788,-19.9701525],[-44.0366913,-19.9670436],[-44.0343433,-19.9648833],[-44.0338852,-19.9653443],[-44.0335823,-19.965375],[-44.0331552,-19.9652854],[-44.0324944,-19.9647933],[-44.0325399,-19.9647187],[-44.0317108,-19.9643585],[-44.0301473,-19.9644403],[-44.0286178,-19.9645643],[-44.028599,-19.9647487],[-44.0276783,-19.96536],[-44.0274686,-19.9650514],[-44.0274725,-19.964689],[-44.0273263,-19.9645843],[-44.0270581,-19.9638248],[-44.0269151,-19.9640132],[-44.0266643,-19.9641048],[-44.0265867,-19.96436],[-44.0253225,-19.9655439],[-44.0247887,-19.9661636],[-44.0247692,-19.9664467],[-44.0244739,-19.9666691],[-44.0276274,-19.9680771],[-44.0279902,-19.9684979],[-44.0279072,-19.9685179],[-44.0278529,-19.9692355],[-44.0279798,-19.9694013],[-44.0278349,-19.9696265],[-44.0278635,-19.9698687],[-44.028072,-19.9698863],[-44.0283141,-19.9700423],[-44.0287162,-19.9709132],[-44.0284292,-19.9722844],[-44.0286138,-19.9724356],[-44.028524,-19.973095],[-44.0285464,-19.9732215],[-44.0288398,-19.9735867],[-44.0287634,-19.9737907],[-44.0289225,-19.9742871],[-44.0291161,-19.9743642],[-44.0291797,-19.9745306],[-44.0301436,-19.9745101],[-44.032344,-19.9737293],[-44.0328876,-19.9733525],[-44.0334457,-19.9738141],[-44.0325066,-19.9751278],[-44.0325452,-19.9753038],[-44.0305478,-19.9764188],[-44.0307254,-19.9765847],[-44.0307847,-19.9766185],[-44.0308027,-19.976657],[-44.0309913,-19.9768332],[-44.0312246,-19.9771592],[-44.0320107,-19.979242],[-44.0341939,-19.9825737],[-44.0353146,-19.9834454],[-44.0364094,-19.983756],[-44.0375121,-19.9836984],[-44.0386461,-19.9832241],[-44.0384676,-19.9828774],[-44.0384987,-19.9826111],[-44.0451053,-19.9753724],[-44.0451053,-19.9753724],[-44.0451928,-19.9747696],[-44.0451928,-19.9747696],[-44.0450022,-19.974573],[-44.0427813,-19.9745309]],[[-44.0346658,-19.9716589],[-44.0339172,-19.9723899],[-44.0332205,-19.9718708],[-44.0336845,-19.971531],[-44.0338458,-19.9711734],[-44.0341116,-19.9709039],[-44.0346503,-19.9707621],[-44.0352328,-19.9708258],[-44.0362444,-19.9701532],[-44.0368266,-19.9701343],[-44.037657,-19.9723817],[-44.0368202,-19.972655],[-44.0346658,-19.9716589]]]}},{"type":"Feature","properties":{"code":"32:3294","name":"Antonio Cambraia","cityCode":"32"},"geometry":{"type":"Polygon","coordinates":[[[-44.0352328,-19.9708258],[-44.0346503,-19.9707621],[-44.0340674,-19.9709275],[-44.0338458,-19.9711734],[-44.0336845,-19.971531],[-44.0332205,-19.9718708],[-44.0339172,-19.9723899],[-44.0346658,-19.9716589],[-44.0368202,-19.972655],[-44.037657,-19.9723817],[-44.0368266,-19.9701343],[-44.0362444,-19.9701532],[-44.0352328,-19.9708258]]]}},{"type":"Feature","properties":{"code":"32:3295","name":"Conjunto Perobas","cityCode":"32"},"geometry":{"type":"Polygon","coordinates":[[[-44.0523099,-19.9201991],[-44.0528518,-19.9202695],[-44.0534624,-19.9202777],[-44.0537924,-19.9194897],[-44.0536089,-19.919483],[-44.053604,-19.9192231],[-44.0520179,-19.9192801],[-44.0519467,-19.9191791],[-44.0517401,-19.919452],[-44.0523099,-19.9201991]]]}},{"type":"Feature","properties":{"code":"32:3296","name":"Conjunto Perobas","cityCode":"32"},"geometry":{"type":"Polygon","coordinates":[[[-44.0561577,-19.9107178],[-44.054013,-19.9124089],[-44.0529517,-19.9138338],[-44.0545997,-19.9153641],[-44.0552692,-19.9163584],[-44.0562556,-19.9172414],[-44.0572113,-19.9175017],[-44.0578583,-19.9175527],[-44.0578524,-19.9178999],[-44.0579991,-19.9179957],[-44.0582505,-19.9188423],[-44.0586053,-19.9187465],[-44.0588065,-19.9189149],[-44.0593545,-19.9189264],[-44.0600905,-19.9188268],[-44.0609272,-19.9197969],[-44.06272,-19.919703],[-44.0625835,-19.9195186],[-44.0625636,-19.9192066],[-44.0628197,-19.9187116],[-44.0631439,-19.9184322],[-44.063221,-19.9182139],[-44.0631446,-19.9175144],[-44.0628312,-19.9168029],[-44.0627691,-19.9158922],[-44.0626994,-19.915712],[-44.0624316,-19.9155155],[-44.0622013,-19.915478],[-44.0617829,-19.9156168],[-44.0616699,-19.915223],[-44.0621649,-19.9150935],[-44.0622041,-19.9147326],[-44.0623369,-19.9147373],[-44.06241,-19.9144332],[-44.0627444,-19.9145054],[-44.0629195,-19.9133023],[-44.0629145,-19.9126071],[-44.0626142,-19.9119952],[-44.0623734,-19.911659],[-44.0620443,-19.9113794],[-44.0609356,-19.9105735],[-44.0605624,-19.9105686],[-44.0596769,-19.9102211],[-44.0585159,-19.909979],[-44.0580609,-19.9100026],[-44.0578747,-19.909754],[-44.0570356,-19.9098567],[-44.0561577,-19.9107178]]]}},{"type":"Feature","properties":{"code":"32:3297","name":"Novo Eldorado","cityCode":"32"},"geometry":{"type":"Polygon","coordinates":[[[-44.0454828,-19.9313434],[-44.0463064,-19.932379],[-44.0469557,-19.9346213],[-44.0490112,-19.9346972],[-44.0508186,-19.937752],[-44.0512531,-19.9377641],[-44.0513129,-19.9378092],[-44.0513144,-19.9380901],[-44.0517735,-19.9384661],[-44.0521522,-19.9385578],[-44.0541549,-19.9397519],[-44.0592258,-19.940854],[-44.0586926,-19.9401292],[-44.0579226,-19.9380895],[-44.0584669,-19.9376055],[-44.0581352,-19.9329392],[-44.0565926,-19.9265009],[-44.055921,-19.9268264],[-44.0544136,-19.9281109],[-44.0522484,-19.929618],[-44.0518313,-19.9298321],[-44.0513796,-19.9298905],[-44.0506899,-19.9297778],[-44.0503117,-19.9296179],[-44.0482876,-19.9277711],[-44.0473163,-19.9267559],[-44.0465801,-19.926423],[-44.0458298,-19.9264343],[-44.0454813,-19.9265453],[-44.0449779,-19.9268562],[-44.0447702,-19.9270942],[-44.0444979,-19.9276397],[-44.0443147,-19.9291803],[-44.0440898,-19.9296532],[-44.044707,-19.9301931],[-44.0454828,-19.9313434]]]}},{"type":"Feature","properties":{"code":"32:3298","name":"Quintas Do Jacuba","cityCode":"32"},"geometry":{"type":"Polygon","coordinates":[[[-44.1127023,-19.8867969],[-44.1117622,-19.8878752],[-44.111773,-19.8880261],[-44.1105485,-19.8881958],[-44.109684,-19.8892483],[-44.1100091,-19.8893322],[-44.1111211,-19.8900214],[-44.1120629,-19.8907537],[-44.1124984,-19.8908871],[-44.1130618,-19.8908364],[-44.1142191,-19.8903557],[-44.1149971,-19.8902042],[-44.114016,-19.8861565],[-44.1127023,-19.8867969]]]}},{"type":"Feature","properties":{"code":"32:3299","name":"Tupa","cityCode":"32"},"geometry":{"type":"Polygon","coordinates":[[[-44.1390008,-19.8785715],[-44.1391597,-19.8801755],[-44.1391435,-19.8804114],[-44.1390324,-19.8804969],[-44.142052,-19.8801385],[-44.1430973,-19.8800945],[-44.1435559,-19.8798732],[-44.1440703,-19.879156],[-44.1448512,-19.8784485],[-44.1451908,-19.8783993],[-44.1452826,-19.877015],[-44.1448633,-19.8747435],[-44.1413393,-19.8756411],[-44.1403246,-19.8761653],[-44.1390796,-19.8763161],[-44.1383453,-19.8767865],[-44.1390008,-19.8785715]]]}},{"type":"Feature","properties":{"code":"32:3300","name":"Granja Ouro Branco","cityCode":"32"},"geometry":{"type":"Polygon","coordinates":[[[-44.0992599,-19.8794317],[-44.0978938,-19.8821485],[-44.0981673,-19.8827638],[-44.0995412,-19.8847701],[-44.0997348,-19.8853146],[-44.0981415,-19.8871418],[-44.0982637,-19.8877523],[-44.0989809,-19.8887889],[-44.0994109,-19.8883253],[-44.0993875,-19.8892517],[-44.099293,-19.8894491],[-44.0998027,-19.88981],[-44.1025188,-19.8890645],[-44.103206,-19.8887384],[-44.1037667,-19.8882203],[-44.1045076,-19.8871041],[-44.104665,-19.8867639],[-44.1047223,-19.8863903],[-44.1045268,-19.8849265],[-44.1045208,-19.8839353],[-44.1046664,-19.8835485],[-44.1046761,-19.8831756],[-44.1045104,-19.8826279],[-44.1043084,-19.8822774],[-44.1044069,-19.8811392],[-44.1046833,-19.8805798],[-44.1045728,-19.88027],[-44.1036429,-19.879929],[-44.1030157,-19.8795943],[-44.1023977,-19.8794779],[-44.1016883,-19.8792026],[-44.1012369,-19.879164],[-44.1007849,-19.8789681],[-44.1003838,-19.8790146],[-44.0992599,-19.8794317]]]}},{"type":"Feature","properties":{"code":"32:3301","name":"Chacaras Solar Da Madeira","cityCode":"32"},"geometry":{"type":"Polygon","coordinates":[[[-44.1395213,-19.8935218],[-44.1392635,-19.8938339],[-44.1383381,-19.8946101],[-44.1377891,-19.8949337],[-44.1367604,-19.8963163],[-44.135378,-19.8966973],[-44.1338032,-19.8950251],[-44.1319925,-19.8934324],[-44.132121,-19.8933222],[-44.1322677,-19.8929112],[-44.1326201,-19.8927065],[-44.1324163,-19.892626],[-44.1321236,-19.8923578],[-44.131948,-19.8917436],[-44.1315983,-19.8915161],[-44.1304745,-19.8913367],[-44.1301043,-19.8914466],[-44.1298206,-19.8917403],[-44.1295251,-19.8918204],[-44.1292997,-19.8920309],[-44.1291441,-19.8919429],[-44.1288937,-19.8919504],[-44.1286464,-19.8920701],[-44.1281925,-19.8921502],[-44.1275491,-19.8918522],[-44.1266124,-19.8915553],[-44.1263069,-19.8918371],[-44.1257697,-19.8921388],[-44.1251199,-19.8929544],[-44.1252611,-19.893298],[-44.1256617,-19.8935613],[-44.1256796,-19.89393],[-44.125804,-19.8942844],[-44.126031,-19.894609],[-44.1260858,-19.8951499],[-44.1264326,-19.8956311],[-44.1261979,-19.8959693],[-44.1261708,-19.8963191],[-44.1259046,-19.8969948],[-44.1264779,-19.897416],[-44.12689,-19.8975178],[-44.1273404,-19.8977586],[-44.1283987,-19.8986084],[-44.1291258,-19.8996536],[-44.129177,-19.9000728],[-44.129567,-19.9003542],[-44.1298047,-19.9002055],[-44.1300262,-19.9002261],[-44.1302519,-19.8999919],[-44.1304079,-19.899941],[-44.1316776,-19.8990144],[-44.1320828,-19.8989712],[-44.1326265,-19.8979154],[-44.1334411,-19.8982118],[-44.1341281,-19.8983629],[-44.134659,-19.8986115],[-44.1357265,-19.8985461],[-44.1359462,-19.8986089],[-44.1372367,-19.8985519],[-44.1379147,-19.8983],[-44.1393262,-19.8979632],[-44.1408954,-19.8977517],[-44.1417036,-19.8966035],[-44.1429896,-19.8950913],[-44.1407249,-19.893403],[-44.1402087,-19.8933087],[-44.1395213,-19.8935218]]]}},{"type":"Feature","properties":{"code":"32:3302","name":"Vila Ipe Amarelo","cityCode":"32"},"geometry":{"type":"Polygon","coordinates":[[[-44.1415049,-19.8108379],[-44.1418538,-19.8138568],[-44.1458155,-19.8134849],[-44.1457398,-19.8127815],[-44.1468336,-19.8131526],[-44.1469968,-19.8129115],[-44.1457022,-19.8123788],[-44.1443511,-19.8122117],[-44.1436529,-19.8118268],[-44.1431151,-19.8113185],[-44.1426063,-19.8110388],[-44.1422747,-19.8109068],[-44.1415049,-19.8108379]]]}},{"type":"Feature","properties":{"code":"32:3303","name":"Nova Contagem","cityCode":"32"},"geometry":{"type":"MultiPolygon","coordinates":[[[[-44.14698,-19.8203],[-44.1449182,-19.820233],[-44.1455472,-19.819584],[-44.1443978,-19.8200111],[-44.1440278,-19.8202407],[-44.1439397,-19.820378],[-44.1440716,-19.8205461],[-44.1439468,-19.8206681],[-44.1439886,-19.8207049],[-44.1438957,-19.8208619],[-44.1438078,-19.8208004],[-44.1430817,-19.821523],[-44.1430257,-19.8216811],[-44.1427949,-19.8217874],[-44.1428327,-19.8215937],[-44.1425971,-19.8215178],[-44.1425785,-19.8218985],[-44.1423303,-19.822029],[-44.142874,-19.8230262],[-44.1427366,-19.8230681],[-44.1427808,-19.8232548],[-44.1429702,-19.8232097],[-44.1430476,-19.8237056],[-44.1429006,-19.823704],[-44.1428473,-19.8237824],[-44.1430539,-19.8237764],[-44.1431573,-19.8245736],[-44.1430863,-19.8246393],[-44.1431803,-19.8248633],[-44.1431837,-19.8257279],[-44.1432392,-19.8259853],[-44.1433724,-19.8261666],[-44.1431442,-19.8263382],[-44.143549,-19.8267668],[-44.1439364,-19.8270047],[-44.144522,-19.8272137],[-44.144572,-19.8269909],[-44.1446082,-19.8270962],[-44.1449077,-19.8272912],[-44.1448959,-19.8273992],[-44.1450371,-19.8274138],[-44.1450347,-19.8271657],[-44.1452776,-19.8271449],[-44.1453095,-19.8269796],[-44.1459267,-19.8270455],[-44.1463541,-19.8272807],[-44.1467567,-19.8279113],[-44.1468702,-19.8282761],[-44.1467257,-19.8283092],[-44.1468907,-19.8291591],[-44.1467867,-19.8291587],[-44.1467755,-19.8290948],[-44.1466101,-19.8291181],[-44.1466226,-19.8292919],[-44.1474521,-19.8292031],[-44.147568,-19.829634],[-44.147249,-19.8310852],[-44.1473054,-19.8314309],[-44.1472324,-19.8319785],[-44.1473114,-19.8322231],[-44.1472667,-19.8322896],[-44.1473526,-19.8322965],[-44.1472688,-19.8325199],[-44.1473392,-19.8325205],[-44.1473258,-19.8327338],[-44.1470803,-19.8327928],[-44.146998,-19.8329373],[-44.1473811,-19.8329511],[-44.1473923,-19.8331692],[-44.1473097,-19.8331688],[-44.147315,-19.8332535],[-44.1474308,-19.8336581],[-44.1477291,-19.8336969],[-44.1477265,-19.8337707],[-44.1479574,-19.8338674],[-44.1480663,-19.8338433],[-44.1481084,-19.8339417],[-44.1481205,-19.8341389],[-44.1479122,-19.8344419],[-44.1478261,-19.8347667],[-44.1478311,-19.836178],[-44.1483361,-19.836146],[-44.1486084,-19.8359522],[-44.1487338,-19.8356943],[-44.148826,-19.8359138],[-44.1490592,-19.836137],[-44.1497375,-19.8354321],[-44.1500955,-19.8352406],[-44.1498001,-19.8347773],[-44.1500153,-19.8345282],[-44.1499609,-19.834406],[-44.1502124,-19.8343084],[-44.1501762,-19.8342378],[-44.1511571,-19.8338663],[-44.1511773,-19.8339228],[-44.1512532,-19.8339025],[-44.1512995,-19.8338156],[-44.1526481,-19.8332992],[-44.1527834,-19.8331657],[-44.1529564,-19.833334],[-44.1530515,-19.833257],[-44.1530085,-19.8331962],[-44.1530961,-19.8330635],[-44.153275,-19.8330339],[-44.1533815,-19.8327652],[-44.1529808,-19.8326757],[-44.1530058,-19.8324915],[-44.1531827,-19.8324311],[-44.1531002,-19.8324166],[-44.1529983,-19.8322428],[-44.1529989,-19.8321586],[-44.153072,-19.8321374],[-44.1529269,-19.8317856],[-44.1529848,-19.8315288],[-44.1531028,-19.8314672],[-44.1532622,-19.8316092],[-44.1537496,-19.8314729],[-44.1537326,-19.8312746],[-44.1544725,-19.830869],[-44.1546078,-19.8310524],[-44.1546902,-19.8309988],[-44.1546129,-19.830866],[-44.1550785,-19.8306088],[-44.1549309,-19.8303962],[-44.1550835,-19.8303004],[-44.1550342,-19.8302045],[-44.1551224,-19.8301865],[-44.1552105,-19.8303143],[-44.1553676,-19.8302253],[-44.1554612,-19.8303439],[-44.1555632,-19.8302681],[-44.1554874,-19.8301635],[-44.1557163,-19.8300285],[-44.155629,-19.8298591],[-44.1559453,-19.8297122],[-44.1561219,-19.8297484],[-44.1575368,-19.8291679],[-44.1581946,-19.8286058],[-44.158268,-19.8281655],[-44.1577342,-19.8255472],[-44.1566853,-19.824397],[-44.1554231,-19.8237441],[-44.1550475,-19.8237211],[-44.1547763,-19.8238272],[-44.1537107,-19.8239508],[-44.1528498,-19.8238864],[-44.1517888,-19.823158],[-44.1512195,-19.8225957],[-44.1497747,-19.8218635],[-44.1489824,-19.8212979],[-44.1489824,-19.8212979],[-44.1483346,-19.8211158],[-44.14698,-19.8203]]],[[[-44.1417569,-19.8220099],[-44.1418686,-19.8218127],[-44.1418073,-19.8203465],[-44.141916,-19.8203375],[-44.1418786,-19.8197635],[-44.1417122,-19.8192367],[-44.1416697,-19.8177423],[-44.1420518,-19.8171488],[-44.1420052,-19.8159436],[-44.1387273,-19.8162447],[-44.1385746,-19.8164196],[-44.1386059,-19.8176391],[-44.1387376,-19.818039],[-44.1388084,-19.8203751],[-44.139758,-19.8219874],[-44.139957,-19.8220741],[-44.1415811,-19.82208],[-44.1417569,-19.8220099]]]]}},{"type":"Feature","properties":{"code":"32:3304","name":"Aparecida","cityCode":"32"},"geometry":{"type":"Polygon","coordinates":[[[-44.1432008,-19.8577256],[-44.1437937,-19.8574165],[-44.1446428,-19.8566926],[-44.1463936,-19.8560515],[-44.147001,-19.8549164],[-44.1470403,-19.8547861],[-44.1469729,-19.8546196],[-44.1461951,-19.8540547],[-44.145209,-19.8547061],[-44.1451866,-19.8546457],[-44.1416175,-19.8570737],[-44.1414044,-19.857594],[-44.1427112,-19.8578509],[-44.1432008,-19.8577256]]]}},{"type":"Feature","properties":{"code":"32:3305","name":"Icaivera","cityCode":"32"},"geometry":{"type":"MultiPolygon","coordinates":[[[[-44.1482632,-19.8545552],[-44.1479342,-19.8544188],[-44.1475097,-19.8544073],[-44.1469729,-19.8546196],[-44.1470403,-19.8547861],[-44.147001,-19.8549164],[-44.1463936,-19.8560515],[-44.1446428,-19.8566926],[-44.1437937,-19.8574165],[-44.1432008,-19.8577256],[-44.1427112,-19.8578509],[-44.1424763,-19.8578258],[-44.1414044,-19.857594],[-44.1406433,-19.8575421],[-44.139955,-19.8572638],[-44.1397319,-19.8572463],[-44.139275,-19.8574046],[-44.1392399,-19.857506],[-44.1389184,-19.8576525],[-44.1384261,-19.857741],[-44.1380152,-19.8579157],[-44.1377855,-19.8581026],[-44.1367622,-19.8584608],[-44.1371737,-19.8589932],[-44.1372424,-19.8589568],[-44.1376257,-19.8593201],[-44.137908,-19.860384],[-44.1379613,-19.8609014],[-44.1388931,-19.8608613],[-44.1389947,-19.8607749],[-44.139263,-19.8608124],[-44.1400306,-19.8607331],[-44.1421923,-19.8604413],[-44.1422248,-19.8603437],[-44.1443506,-19.8599814],[-44.1445159,-19.86004],[-44.1459616,-19.8598377],[-44.1470737,-19.8595979],[-44.1477254,-19.8595853],[-44.150205,-19.8591523],[-44.1499671,-19.8586894],[-44.1499539,-19.8579927],[-44.1494683,-19.8576038],[-44.1494262,-19.8564279],[-44.1496434,-19.8556342],[-44.1482632,-19.8545552]]],[[[-44.1513287,-19.8528115],[-44.1498712,-19.8521992],[-44.1492372,-19.8542275],[-44.1492418,-19.8547408],[-44.1494039,-19.8550486],[-44.1495088,-19.8551246],[-44.1497808,-19.855132],[-44.149783,-19.8551241],[-44.150135,-19.8547446],[-44.1519597,-19.8527485],[-44.1513287,-19.8528115]]]]}},{"type":"Feature","properties":{"code":"32:3306","name":"Darcy Ribeiro","cityCode":"32"},"geometry":{"type":"Polygon","coordinates":[[[-44.1319055,-19.8585975],[-44.1318486,-19.8583653],[-44.1317604,-19.8583218],[-44.1305769,-19.8581162],[-44.1287405,-19.8584828],[-44.1315772,-19.8646205],[-44.1330649,-19.8638822],[-44.1333812,-19.8641297],[-44.1336332,-19.8641034],[-44.1339887,-19.8639193],[-44.1339574,-19.863851],[-44.1340614,-19.8637876],[-44.1340666,-19.8636394],[-44.1348491,-19.863685],[-44.1354917,-19.8632582],[-44.1356781,-19.8633099],[-44.135689,-19.8630074],[-44.1363576,-19.8623929],[-44.1361704,-19.8622438],[-44.1358095,-19.8625272],[-44.1356975,-19.8624208],[-44.1353901,-19.8623525],[-44.1353873,-19.8620394],[-44.1352843,-19.8618811],[-44.1355976,-19.8612017],[-44.1364025,-19.8607733],[-44.1363841,-19.8604933],[-44.1359507,-19.8597268],[-44.1365036,-19.8595345],[-44.1365977,-19.8596333],[-44.1366911,-19.8597401],[-44.1370256,-19.8609557],[-44.137243,-19.8608967],[-44.1373667,-19.861107],[-44.1377141,-19.8613209],[-44.1379613,-19.8609014],[-44.1375568,-19.8593944],[-44.136867,-19.8586638],[-44.1367622,-19.8584608],[-44.1355281,-19.8590123],[-44.1354384,-19.8587426],[-44.1354816,-19.8586421],[-44.1353402,-19.8583135],[-44.1352542,-19.8582617],[-44.134968,-19.8575132],[-44.134781,-19.8567992],[-44.1343324,-19.85722],[-44.1340071,-19.8578389],[-44.1327576,-19.8582441],[-44.1321448,-19.8586657],[-44.1319055,-19.8585975]]]}},{"type":"Feature","properties":{"code":"32:3307","name":"Retiro Dos Sonhos","cityCode":"32"},"geometry":{"type":"Polygon","coordinates":[[[-44.1546712,-19.8392204],[-44.1524028,-19.8410341],[-44.1516215,-19.8417379],[-44.1514214,-19.8421341],[-44.152772,-19.8414349],[-44.1540118,-19.8409296],[-44.1575167,-19.8400394],[-44.1570102,-19.839368],[-44.1558281,-19.8397514],[-44.1548719,-19.8397137],[-44.1549134,-19.8394854],[-44.1548422,-19.8395281],[-44.1546712,-19.8392204]]]}},{"type":"Feature","properties":{"code":"32:3308","name":"Nazare","cityCode":"32"},"geometry":{"type":"Polygon","coordinates":[[[-44.138535,-19.855964],[-44.1419202,-19.8568033],[-44.1422725,-19.8565727],[-44.1424354,-19.8565762],[-44.1435144,-19.8557677],[-44.1462108,-19.8540447],[-44.146425,-19.8536834],[-44.146317,-19.8531235],[-44.1464079,-19.8528963],[-44.1459423,-19.8528923],[-44.1458056,-19.8527913],[-44.138535,-19.855964]]]}},{"type":"Feature","properties":{"code":"32:3309","name":"Santa Filomena","cityCode":"32"},"geometry":{"type":"Polygon","coordinates":[[[-44.1361418,-19.8563914],[-44.1353106,-19.8582956],[-44.1354816,-19.8586421],[-44.1354384,-19.8587426],[-44.1355281,-19.8590123],[-44.1388422,-19.8575532],[-44.1397319,-19.8572463],[-44.139955,-19.8572638],[-44.1406433,-19.8575421],[-44.1414044,-19.857594],[-44.1416436,-19.8570554],[-44.1398045,-19.8566331],[-44.1397847,-19.856255],[-44.138535,-19.855964],[-44.138536,-19.8559028],[-44.138229,-19.8561478],[-44.1385487,-19.8550071],[-44.1385566,-19.8546708],[-44.1366064,-19.8560837],[-44.1363209,-19.8561742],[-44.1361418,-19.8563914]]]}},{"type":"Feature","properties":{"code":"32:3310","name":"Buganville","cityCode":"32"},"geometry":{"type":"Polygon","coordinates":[[[-44.148596,-19.8450596],[-44.1482047,-19.8453409],[-44.1477935,-19.8464352],[-44.1477043,-19.8472276],[-44.1471506,-19.8481545],[-44.147351,-19.8503617],[-44.1472822,-19.8509543],[-44.1470812,-19.851486],[-44.1469033,-19.8516907],[-44.1457869,-19.8522581],[-44.1456499,-19.8524296],[-44.1456262,-19.852616],[-44.1456483,-19.8527261],[-44.1459423,-19.8528923],[-44.1464079,-19.8528963],[-44.146317,-19.8531235],[-44.146425,-19.8536834],[-44.1461951,-19.8540547],[-44.1463684,-19.8542318],[-44.1469729,-19.8546196],[-44.1475097,-19.8544073],[-44.1479342,-19.8544188],[-44.1484031,-19.8546348],[-44.1487381,-19.8548915],[-44.1488849,-19.8547257],[-44.1488845,-19.8545235],[-44.1491992,-19.8544781],[-44.1498712,-19.8521992],[-44.149801,-19.8521183],[-44.1498756,-19.8518772],[-44.1501279,-19.8514741],[-44.1505662,-19.8504211],[-44.1510879,-19.8496743],[-44.1514055,-19.8488529],[-44.1515499,-19.8486942],[-44.1523752,-19.8482904],[-44.1524074,-19.8478904],[-44.1522759,-19.8474774],[-44.1522602,-19.8471151],[-44.1523812,-19.8469316],[-44.1527223,-19.8466833],[-44.1522633,-19.8460512],[-44.1517885,-19.8460095],[-44.1510569,-19.8453139],[-44.1496674,-19.8445792],[-44.1491155,-19.8439824],[-44.148794,-19.8447667],[-44.148596,-19.8450596]]]}},{"type":"Feature","properties":{"code":"32:3311","name":"Estancia Do Lago","cityCode":"32"},"geometry":{"type":"Polygon","coordinates":[[[-44.0674128,-19.8775241],[-44.0675003,-19.8776446],[-44.0685445,-19.878056],[-44.0695422,-19.8791873],[-44.0700929,-19.8796404],[-44.0702536,-19.8797256],[-44.0703166,-19.8796748],[-44.0708848,-19.8801477],[-44.0709605,-19.88038],[-44.071189,-19.8806441],[-44.0724493,-19.8815582],[-44.0733219,-19.8820527],[-44.07515,-19.8823643],[-44.075359,-19.8814503],[-44.0778292,-19.8818367],[-44.0781248,-19.8802268],[-44.0807838,-19.8796391],[-44.0817009,-19.879992],[-44.0823465,-19.8814516],[-44.0822523,-19.8830222],[-44.0830649,-19.8830148],[-44.0848311,-19.882532],[-44.0851463,-19.8819462],[-44.0853062,-19.8820121],[-44.0854798,-19.8817746],[-44.0853072,-19.8806856],[-44.0854698,-19.8806418],[-44.085454,-19.8805541],[-44.0853732,-19.8804502],[-44.0850432,-19.880428],[-44.0848273,-19.8801902],[-44.0845223,-19.8801436],[-44.0845687,-19.8800023],[-44.0848438,-19.8799261],[-44.0850282,-19.8797392],[-44.0850515,-19.879581],[-44.0848508,-19.8794945],[-44.0846731,-19.8792546],[-44.0844655,-19.8791286],[-44.0841552,-19.8785762],[-44.0840042,-19.8784616],[-44.0822376,-19.8782896],[-44.0816423,-19.8775235],[-44.0816966,-19.8771776],[-44.0810074,-19.875784],[-44.0810731,-19.8755577],[-44.0813266,-19.8755129],[-44.0787444,-19.8746677],[-44.0781367,-19.8743929],[-44.0780478,-19.8742475],[-44.0778186,-19.8741156],[-44.0776503,-19.8738432],[-44.0769872,-19.8738163],[-44.0728081,-19.8744002],[-44.072244,-19.8749694],[-44.0715203,-19.8754318],[-44.0713434,-19.8757487],[-44.0707704,-19.8763409],[-44.0689091,-19.8759045],[-44.0674128,-19.8775241]]]}},{"type":"Feature","properties":{"code":"32:3312","name":"Sapucaias Iii","cityCode":"32"},"geometry":{"type":"Polygon","coordinates":[[[-44.1370664,-19.9263459],[-44.1368451,-19.9253506],[-44.1368274,-19.924294],[-44.1360861,-19.9243148],[-44.1361045,-19.9254382],[-44.1357467,-19.9254334],[-44.1348359,-19.9246682],[-44.1346848,-19.9238678],[-44.1344536,-19.9236168],[-44.1341786,-19.9235162],[-44.1337649,-19.9235931],[-44.1321475,-19.9246587],[-44.1311668,-19.9233618],[-44.1310199,-19.9232664],[-44.1300945,-19.9216311],[-44.1291116,-19.9221957],[-44.1286188,-19.922243],[-44.1284397,-19.9237671],[-44.1285295,-19.9239351],[-44.1292209,-19.9242788],[-44.1299781,-19.9249241],[-44.1298587,-19.9255099],[-44.1305034,-19.9265346],[-44.1316435,-19.9266449],[-44.1317788,-19.9264041],[-44.1321628,-19.9264594],[-44.1326128,-19.9262383],[-44.1337479,-19.9264304],[-44.1370664,-19.9263459]]]}},{"type":"Feature","properties":{"code":"32:3313","name":"Sapucaias Ii","cityCode":"32"},"geometry":{"type":"Polygon","coordinates":[[[-44.1323111,-19.9208772],[-44.1317916,-19.9199674],[-44.1329511,-19.9167158],[-44.1340902,-19.9157176],[-44.1303118,-19.9140566],[-44.130224,-19.9139268],[-44.1293303,-19.9133443],[-44.12728,-19.914413],[-44.1263463,-19.914228],[-44.1260812,-19.9137454],[-44.1257071,-19.9140331],[-44.1257219,-19.9142644],[-44.1256457,-19.9143436],[-44.1253118,-19.9143831],[-44.1266779,-19.9166548],[-44.1265395,-19.9167262],[-44.1263743,-19.9170986],[-44.1264511,-19.9171354],[-44.1290129,-19.9215603],[-44.1291631,-19.9221702],[-44.1300945,-19.9216311],[-44.1307838,-19.9228139],[-44.1319451,-19.9222077],[-44.1323111,-19.9208772]]]}},{"type":"Feature","properties":{"code":"32:3314","name":"Sapucaias","cityCode":"32"},"geometry":{"type":"Polygon","coordinates":[[[-44.1222034,-19.9158882],[-44.1231033,-19.917767],[-44.124538,-19.9202653],[-44.1234148,-19.9209097],[-44.1248211,-19.922389],[-44.1254963,-19.9229096],[-44.1255356,-19.9230474],[-44.1258153,-19.9232919],[-44.1262615,-19.923419],[-44.1262395,-19.923471],[-44.1270008,-19.9236399],[-44.1274022,-19.9235173],[-44.127636,-19.9235304],[-44.1284397,-19.9237671],[-44.1286188,-19.922243],[-44.1291631,-19.9221702],[-44.1291072,-19.9218674],[-44.1288451,-19.9212654],[-44.1264511,-19.9171354],[-44.1263743,-19.9170986],[-44.1265395,-19.9167262],[-44.1266779,-19.9166548],[-44.1253118,-19.9143831],[-44.1256457,-19.9143436],[-44.1257219,-19.9142644],[-44.1257071,-19.9140331],[-44.1254215,-19.9140126],[-44.125281,-19.9142707],[-44.1251065,-19.9139767],[-44.1238733,-19.9150237],[-44.1222034,-19.9158882]]]}},{"type":"Feature","properties":{"code":"32:3315","name":"Industrial Sao Luiz","cityCode":"32"},"geometry":{"type":"Polygon","coordinates":[[[-44.1274108,-19.9265846],[-44.1305034,-19.9265346],[-44.1293312,-19.9246972],[-44.1287246,-19.9241359],[-44.1282177,-19.9238908],[-44.1278818,-19.9238346],[-44.1274511,-19.9238754],[-44.1268515,-19.9241499],[-44.1265193,-19.9244716],[-44.1262227,-19.9252274],[-44.1257613,-19.9250779],[-44.1256499,-19.9254732],[-44.1248879,-19.9265004],[-44.1240493,-19.9274667],[-44.1231172,-19.9282445],[-44.1227227,-19.9285276],[-44.1222377,-19.9286015],[-44.1218829,-19.9287707],[-44.1208093,-19.9295364],[-44.1198315,-19.9303504],[-44.1162662,-19.9324936],[-44.1146349,-19.9337146],[-44.1142143,-19.9344436],[-44.114511,-19.9345411],[-44.1150834,-19.9345381],[-44.1177535,-19.9330156],[-44.1195538,-19.932465],[-44.12063,-19.9328644],[-44.1207898,-19.933116],[-44.1203879,-19.9337783],[-44.1203602,-19.9341273],[-44.1204471,-19.9345939],[-44.1209772,-19.9346174],[-44.1212844,-19.934713],[-44.1219097,-19.9351556],[-44.1231354,-19.9344679],[-44.1253239,-19.9321304],[-44.1274108,-19.9265846]]]}},{"type":"Feature","properties":{"code":"32:3316","name":"Sao Caetano","cityCode":"32"},"geometry":{"type":"Polygon","coordinates":[[[-44.112806,-19.9354851],[-44.1132134,-19.9358601],[-44.1138487,-19.9359207],[-44.1200407,-19.934791],[-44.1200939,-19.9347479],[-44.1200215,-19.9338771],[-44.1204608,-19.9330717],[-44.1191655,-19.9325699],[-44.1177535,-19.9330156],[-44.115668,-19.9342379],[-44.1149604,-19.9345519],[-44.1143367,-19.9345158],[-44.1134571,-19.9341726],[-44.1135864,-19.9340005],[-44.1130868,-19.9330667],[-44.1115784,-19.9339445],[-44.112806,-19.9354851]]]}},{"type":"Feature","properties":{"code":"32:3317","name":"Tropical","cityCode":"32"},"geometry":{"type":"Polygon","coordinates":[[[-44.1162158,-19.9039381],[-44.116145,-19.9040001],[-44.1157246,-19.9037762],[-44.1152233,-19.9036727],[-44.1147634,-19.903735],[-44.1145711,-19.9039564],[-44.1144853,-19.9038411],[-44.1145367,-19.9036646],[-44.1141356,-19.9040231],[-44.1133084,-19.9039626],[-44.1124703,-19.9034397],[-44.1120987,-19.9034474],[-44.111876,-19.903628],[-44.1117203,-19.9039117],[-44.1117338,-19.9049785],[-44.1116161,-19.9055087],[-44.1118787,-19.9059968],[-44.111887,-19.9062538],[-44.1116158,-19.9068042],[-44.1113138,-19.9070973],[-44.1109451,-19.907227],[-44.1103822,-19.9068207],[-44.1094101,-19.9066817],[-44.10906,-19.906548],[-44.1090121,-19.9064387],[-44.1085003,-19.9061053],[-44.1080345,-19.905883],[-44.1075384,-19.9058838],[-44.1073036,-19.9055671],[-44.1069356,-19.9058895],[-44.1065034,-19.9065119],[-44.1062805,-19.9073217],[-44.1057923,-19.9083798],[-44.1058617,-19.9084395],[-44.105451,-19.9093861],[-44.1051688,-19.9096708],[-44.1045987,-19.9098831],[-44.1040954,-19.9108433],[-44.1037841,-19.9111811],[-44.1042134,-19.9117934],[-44.10476,-19.9140252],[-44.1048953,-19.9142386],[-44.1050281,-19.9149063],[-44.1049691,-19.9150614],[-44.1054563,-19.9166885],[-44.1059166,-19.9176246],[-44.1062628,-19.9181448],[-44.1057654,-19.9195165],[-44.1053866,-19.9212474],[-44.1048873,-19.9226974],[-44.1029421,-19.9267586],[-44.1029222,-19.9271799],[-44.1039505,-19.9270249],[-44.1090604,-19.9268628],[-44.1110307,-19.9264567],[-44.1117825,-19.9263804],[-44.1148441,-19.926783],[-44.1235956,-19.9266555],[-44.1235962,-19.9265221],[-44.1245087,-19.9252456],[-44.124771,-19.9247358],[-44.1248191,-19.9240978],[-44.1246127,-19.9234947],[-44.1239347,-19.9224811],[-44.1239465,-19.9221613],[-44.1226712,-19.9207855],[-44.1222697,-19.9206418],[-44.1219166,-19.92074],[-44.121844,-19.9206033],[-44.1224303,-19.9202622],[-44.1219999,-19.9199765],[-44.1215907,-19.9191144],[-44.1213831,-19.918489],[-44.1207394,-19.9176349],[-44.1206216,-19.9176214],[-44.1201921,-19.9168904],[-44.1189378,-19.9150975],[-44.1186175,-19.9140674],[-44.1193891,-19.9133902],[-44.1196981,-19.9129198],[-44.120035,-19.912698],[-44.1204852,-19.9126461],[-44.121084,-19.9122854],[-44.1206727,-19.9119767],[-44.1185995,-19.9096407],[-44.1174737,-19.9081482],[-44.1174633,-19.9078397],[-44.1176138,-19.9074651],[-44.1184152,-19.9069361],[-44.118717,-19.9064334],[-44.1190408,-19.9062859],[-44.1192648,-19.9060665],[-44.1193328,-19.9051805],[-44.119116,-19.9041001],[-44.11936,-19.9037798],[-44.1195532,-19.9032021],[-44.1193107,-19.9032864],[-44.1186777,-19.9039746],[-44.1180302,-19.9041434],[-44.1173371,-19.904153],[-44.1162158,-19.9039381]]]}},{"type":"Feature","properties":{"code":"32:3318","name":"Campo Alto","cityCode":"32"},"geometry":{"type":"Polygon","coordinates":[[[-44.1226575,-19.9201119],[-44.1234148,-19.9209097],[-44.124538,-19.9202653],[-44.1231033,-19.917767],[-44.1220002,-19.9154974],[-44.1202336,-19.9163005],[-44.1201883,-19.916916],[-44.1206216,-19.9176214],[-44.1207394,-19.9176349],[-44.1213831,-19.918489],[-44.1215907,-19.9191144],[-44.1219999,-19.9199765],[-44.1224303,-19.9202622],[-44.1226575,-19.9201119]]]}},{"type":"Feature","properties":{"code":"32:3319","name":"Beija Flor","cityCode":"32"},"geometry":{"type":"Polygon","coordinates":[[[-44.1247516,-19.9266382],[-44.1256499,-19.9254732],[-44.1258729,-19.9246347],[-44.1270008,-19.9236399],[-44.1262395,-19.923471],[-44.1262615,-19.923419],[-44.1258153,-19.9232919],[-44.1255356,-19.9230474],[-44.1254963,-19.9229096],[-44.1250821,-19.9226296],[-44.124153,-19.921719],[-44.1226575,-19.9201119],[-44.121844,-19.9206033],[-44.1219166,-19.92074],[-44.1222697,-19.9206418],[-44.1226712,-19.9207855],[-44.1237998,-19.9219433],[-44.1239465,-19.9221613],[-44.1239347,-19.9224811],[-44.1246127,-19.9234947],[-44.1248191,-19.9240978],[-44.124771,-19.9247358],[-44.1246182,-19.9250626],[-44.1235962,-19.9265221],[-44.1235956,-19.9266555],[-44.1247516,-19.9266382]]]}},{"type":"Feature","properties":{"code":"32:3320","name":"Petrolandia 2A Secao","cityCode":"32"},"geometry":{"type":"Polygon","coordinates":[[[-44.1060441,-19.9274059],[-44.1065025,-19.9272645],[-44.1071499,-19.9272219],[-44.1077742,-19.9274373],[-44.1082235,-19.927737],[-44.1085421,-19.9280857],[-44.1087111,-19.9284251],[-44.1088443,-19.9290225],[-44.1090826,-19.9290859],[-44.1095983,-19.9296494],[-44.1097809,-19.9300135],[-44.1102873,-19.9303941],[-44.1107022,-19.9295869],[-44.1109879,-19.9296795],[-44.1110877,-19.9296004],[-44.1110289,-19.9288117],[-44.1113967,-19.9270549],[-44.1113804,-19.9264107],[-44.1090604,-19.9268628],[-44.1039505,-19.9270249],[-44.1025765,-19.9272601],[-44.1026082,-19.927456],[-44.1018638,-19.929028],[-44.1026731,-19.9289922],[-44.1026731,-19.9289922],[-44.1060441,-19.9274059]]]}},{"type":"Feature","properties":{"code":"32:3321","name":"Vila Universal","cityCode":"32"},"geometry":{"type":"Polygon","coordinates":[[[-44.1131362,-19.9330367],[-44.1128406,-19.9327534],[-44.1108353,-19.9315341],[-44.1097611,-19.9306341],[-44.1097172,-19.9304177],[-44.1095592,-19.9302285],[-44.1098179,-19.9300451],[-44.1095983,-19.9296494],[-44.1090826,-19.9290859],[-44.1088443,-19.9290225],[-44.1092114,-19.9307124],[-44.1115784,-19.9339445],[-44.1131362,-19.9330367]]]}},{"type":"Feature","properties":{"code":"32:3322","name":"Petrolandia 1 Secao","cityCode":"32"},"geometry":{"type":"Polygon","coordinates":[[[-44.1110289,-19.9288117],[-44.1110877,-19.9296004],[-44.1109879,-19.9296795],[-44.1107022,-19.9295869],[-44.1102873,-19.9303941],[-44.1098179,-19.9300451],[-44.1095592,-19.9302285],[-44.1100488,-19.9308308],[-44.1106535,-19.9313976],[-44.1131715,-19.9330049],[-44.1136551,-19.9340037],[-44.1139422,-19.9340997],[-44.1142,-19.9339681],[-44.1145393,-19.9334424],[-44.1148821,-19.9331628],[-44.1149694,-19.9331902],[-44.1156191,-19.9326574],[-44.1169076,-19.9321291],[-44.1179238,-19.9315459],[-44.1198315,-19.9303504],[-44.1208093,-19.9295364],[-44.1218829,-19.9287707],[-44.1222377,-19.9286015],[-44.1227227,-19.9285276],[-44.1229251,-19.9283944],[-44.1240493,-19.9274667],[-44.1247516,-19.9266382],[-44.1148441,-19.926783],[-44.1117825,-19.9263804],[-44.1113804,-19.9264107],[-44.1113967,-19.9270549],[-44.1110289,-19.9288117]]]}},{"type":"Feature","properties":{"code":"32:3323","name":"Chacaras Sao Geraldo","cityCode":"32"},"geometry":{"type":"Polygon","coordinates":[[[-44.0820787,-19.8689388],[-44.0820112,-19.8692009],[-44.0813313,-19.8701077],[-44.0811831,-19.8705068],[-44.081349,-19.8719958],[-44.0818348,-19.8736792],[-44.0815871,-19.8745463],[-44.081568,-19.8749952],[-44.0816678,-19.8753685],[-44.0824318,-19.8769688],[-44.0826743,-19.8772486],[-44.0830875,-19.8774668],[-44.0838548,-19.8757947],[-44.0844516,-19.8749136],[-44.0849924,-19.8744418],[-44.0846911,-19.874222],[-44.0835369,-19.8740086],[-44.082989,-19.8737496],[-44.0834321,-19.8733489],[-44.0838974,-19.8726595],[-44.0845945,-19.8720635],[-44.0860713,-19.871684],[-44.0865843,-19.8713433],[-44.0875522,-19.8709768],[-44.0873661,-19.8691069],[-44.0858148,-19.8694772],[-44.0857113,-19.8691554],[-44.0855265,-19.8692085],[-44.0852272,-19.8691489],[-44.0849823,-19.8689443],[-44.0834744,-19.8685887],[-44.0833267,-19.8683433],[-44.0819915,-19.8680457],[-44.0820787,-19.8689388]]]}},{"type":"Feature","properties":{"code":"32:3324","name":"Chacaras Del-Rei","cityCode":"32"},"geometry":{"type":"Polygon","coordinates":[[[-44.0848531,-19.874049],[-44.0850592,-19.87424],[-44.0856256,-19.8738811],[-44.0863781,-19.8732204],[-44.0866709,-19.8728249],[-44.0875308,-19.8721791],[-44.0876051,-19.8710289],[-44.0868058,-19.871324],[-44.0865843,-19.8713433],[-44.0860713,-19.871684],[-44.0855595,-19.8717752],[-44.0844885,-19.8721387],[-44.0838974,-19.8726595],[-44.0834321,-19.8733489],[-44.082989,-19.8737496],[-44.0835369,-19.8740086],[-44.0848531,-19.874049]]]}},{"type":"Feature","properties":{"code":"32:3325","name":"Granjas Vista Alegre","cityCode":"32"},"geometry":{"type":"Polygon","coordinates":[[[-44.0919263,-19.8772437],[-44.0906084,-19.8770885],[-44.0896266,-19.8773297],[-44.0894479,-19.8773165],[-44.088884,-19.8770617],[-44.0881538,-19.8770652],[-44.0864484,-19.8782784],[-44.0863201,-19.8782193],[-44.0851869,-19.8789663],[-44.0854473,-19.8793268],[-44.08506,-19.8796043],[-44.0850615,-19.8796882],[-44.085364,-19.8798321],[-44.0855588,-19.8810974],[-44.0861322,-19.8817535],[-44.0865469,-19.8815724],[-44.0878493,-19.8825799],[-44.089065,-19.8852474],[-44.0895059,-19.8851774],[-44.0905865,-19.8853535],[-44.0912272,-19.8852234],[-44.0922048,-19.8852505],[-44.0923349,-19.8851048],[-44.0923175,-19.8849986],[-44.0921982,-19.8849545],[-44.0922313,-19.8849116],[-44.092535,-19.8848867],[-44.0928403,-19.8850648],[-44.0930415,-19.8846951],[-44.0937292,-19.8844592],[-44.0939524,-19.8846165],[-44.0940774,-19.8846018],[-44.0941787,-19.8844964],[-44.0941873,-19.8842611],[-44.0943177,-19.8842679],[-44.0943893,-19.884117],[-44.0947246,-19.8840958],[-44.0947922,-19.8840175],[-44.0948806,-19.8836061],[-44.095322,-19.883138],[-44.0938765,-19.8824439],[-44.0936816,-19.882642],[-44.0935733,-19.8833814],[-44.0934771,-19.8835525],[-44.092424,-19.8841077],[-44.0910872,-19.8840746],[-44.0905181,-19.8842134],[-44.0903933,-19.8835322],[-44.090701,-19.882305],[-44.0909516,-19.8817573],[-44.0912407,-19.8815606],[-44.0922637,-19.8811075],[-44.0929736,-19.880672],[-44.0934243,-19.8806685],[-44.0935506,-19.8798938],[-44.0933364,-19.8793622],[-44.0935384,-19.8790937],[-44.0935347,-19.8789169],[-44.0936388,-19.8787194],[-44.0937917,-19.8786349],[-44.0944848,-19.8785887],[-44.09453,-19.8784606],[-44.0952337,-19.8778645],[-44.0948642,-19.8773197],[-44.0950689,-19.8769926],[-44.0949661,-19.8768434],[-44.0919263,-19.8772437]]]}},{"type":"Feature","properties":{"code":"32:3326","name":"Quintas Coloniais","cityCode":"32"},"geometry":{"type":"Polygon","coordinates":[[[-44.0838519,-19.884618],[-44.0820743,-19.8841852],[-44.081546,-19.8841992],[-44.0808069,-19.8840948],[-44.0808167,-19.8866599],[-44.0809279,-19.8870312],[-44.0812108,-19.889655],[-44.0821706,-19.8896807],[-44.0826869,-19.8898153],[-44.0831963,-19.8889787],[-44.084503,-19.8897249],[-44.0844965,-19.8900275],[-44.0844225,-19.8901313],[-44.0845613,-19.8902266],[-44.0840628,-19.8899605],[-44.0836851,-19.8904516],[-44.0838784,-19.8906372],[-44.0842679,-19.8906693],[-44.0854936,-19.8904683],[-44.0863324,-19.8904532],[-44.0864298,-19.8903942],[-44.0863945,-19.8902322],[-44.0866682,-19.889884],[-44.0869151,-19.8892487],[-44.0871063,-19.889138],[-44.0880386,-19.888868],[-44.0880996,-19.888723],[-44.0897216,-19.8887821],[-44.0904274,-19.8885512],[-44.0904248,-19.8881575],[-44.088324,-19.8881307],[-44.0882355,-19.8880228],[-44.0887406,-19.8859371],[-44.0891236,-19.8855169],[-44.0890308,-19.8850901],[-44.0878493,-19.8825799],[-44.0865469,-19.8815724],[-44.085025,-19.8822356],[-44.0849994,-19.8827964],[-44.0851075,-19.8828898],[-44.0851092,-19.8843578],[-44.0842432,-19.8846378],[-44.0838519,-19.884618]]]}},{"type":"Feature","properties":{"code":"32:3327","name":"Chacaras Coloniais","cityCode":"32"},"geometry":{"type":"Polygon","coordinates":[[[-44.0762906,-19.8883908],[-44.0785669,-19.8892805],[-44.0803787,-19.8897281],[-44.0812108,-19.889655],[-44.0808619,-19.886811],[-44.0800866,-19.8865421],[-44.0799804,-19.8865373],[-44.0795862,-19.8869433],[-44.0793,-19.8870732],[-44.0789034,-19.8870391],[-44.0783789,-19.8868015],[-44.0773542,-19.8871628],[-44.0758331,-19.8874047],[-44.0755201,-19.8877742],[-44.0751042,-19.8878238],[-44.0749661,-19.8879173],[-44.0749958,-19.8882278],[-44.0756441,-19.8882232],[-44.0762906,-19.8883908]]]}},{"type":"Feature","properties":{"code":"32:3328","name":"Vila Militar","cityCode":"32"},"geometry":{"type":"MultiPolygon","coordinates":[[[[-44.0836851,-19.8904516],[-44.0840628,-19.8899605],[-44.0845613,-19.8902266],[-44.0845768,-19.8901914],[-44.0844225,-19.8901313],[-44.0844965,-19.8900275],[-44.084503,-19.8897249],[-44.0831963,-19.8889787],[-44.0826869,-19.8898153],[-44.0831832,-19.8900072],[-44.0836851,-19.8904516]]],[[[-44.0830813,-19.8912745],[-44.0838061,-19.8912387],[-44.0838005,-19.8911119],[-44.0837019,-19.8910755],[-44.0836821,-19.8905011],[-44.0829937,-19.8904641],[-44.0830813,-19.8912745]]]]}},{"type":"Feature","properties":{"code":"32:3329","name":"Praia","cityCode":"32"},"geometry":{"type":"Polygon","coordinates":[[[-44.0904663,-19.8882016],[-44.0903358,-19.8895332],[-44.0889682,-19.8906582],[-44.0890651,-19.8906759],[-44.0894731,-19.891116],[-44.0906698,-19.8925757],[-44.0908543,-19.8935482],[-44.0918237,-19.8951674],[-44.0925594,-19.8966439],[-44.0929355,-19.8966324],[-44.0936342,-19.8946345],[-44.0933272,-19.8945353],[-44.0932399,-19.8949905],[-44.0929522,-19.8947563],[-44.0924167,-19.8947858],[-44.0922701,-19.8948909],[-44.0921906,-19.8947665],[-44.0920504,-19.8947408],[-44.0918702,-19.8944106],[-44.0915167,-19.8940933],[-44.0914622,-19.8939417],[-44.0915943,-19.8936511],[-44.0915147,-19.8935228],[-44.0919886,-19.8936554],[-44.0923026,-19.8926385],[-44.0921937,-19.8926969],[-44.0921081,-19.892652],[-44.0921229,-19.8925082],[-44.0922911,-19.8924702],[-44.0921064,-19.8923189],[-44.091877,-19.8918649],[-44.0913417,-19.8914568],[-44.0915133,-19.891281],[-44.0918176,-19.8913368],[-44.0917007,-19.8908958],[-44.0920046,-19.8903663],[-44.0925587,-19.8902137],[-44.0928452,-19.8902559],[-44.0929731,-19.890348],[-44.0932622,-19.8903328],[-44.0933719,-19.8904242],[-44.0937005,-19.8900735],[-44.0929917,-19.8899207],[-44.0929608,-19.8897297],[-44.0925201,-19.8894841],[-44.0931782,-19.8885999],[-44.0931244,-19.8884805],[-44.0925044,-19.8880005],[-44.0925428,-19.8876328],[-44.0923915,-19.8876456],[-44.0918427,-19.8874652],[-44.090628,-19.8875247],[-44.0901736,-19.8874411],[-44.0904663,-19.8882016]]]}},{"type":"Feature","properties":{"code":"32:3330","name":"Lugar Denominado Fazenda Do Praia","cityCode":"32"},"geometry":{"type":"Polygon","coordinates":[[[-44.094826,-19.8904033],[-44.0941423,-19.8902566],[-44.0945195,-19.8915173],[-44.093834,-19.894079],[-44.0950741,-19.8942382],[-44.095989,-19.8945111],[-44.0970979,-19.8952132],[-44.0977533,-19.8958805],[-44.0983395,-19.8967307],[-44.09879,-19.8962784],[-44.0990669,-19.8961989],[-44.0999757,-19.8963652],[-44.100642,-19.8959304],[-44.0998553,-19.8947035],[-44.099967,-19.8937294],[-44.0992717,-19.8911704],[-44.0976854,-19.8907775],[-44.0970325,-19.8907588],[-44.0965503,-19.8908347],[-44.0964004,-19.8905588],[-44.0963864,-19.8902361],[-44.0961717,-19.8901202],[-44.0960286,-19.8896805],[-44.0959271,-19.8901921],[-44.0952085,-19.8898933],[-44.0951284,-19.8903806],[-44.094826,-19.8904033]]]}},{"type":"Feature","properties":{"code":"32:3331","name":"Barroquinha","cityCode":"32"},"geometry":{"type":"Polygon","coordinates":[[[-44.0921657,-19.8924818],[-44.0920906,-19.8925625],[-44.0921554,-19.8926879],[-44.0923026,-19.8926385],[-44.0919886,-19.8936554],[-44.0915147,-19.8935228],[-44.0915943,-19.8936511],[-44.0914761,-19.8940249],[-44.0918702,-19.8944106],[-44.0920504,-19.8947408],[-44.0921906,-19.8947665],[-44.0922459,-19.8948793],[-44.092354,-19.8948827],[-44.0924167,-19.8947858],[-44.0929522,-19.8947563],[-44.0932399,-19.8949905],[-44.0933272,-19.8945353],[-44.0936342,-19.8946345],[-44.093834,-19.894079],[-44.0944948,-19.8917266],[-44.0945195,-19.8915173],[-44.0943609,-19.891013],[-44.0929459,-19.8915969],[-44.0922704,-19.8925023],[-44.0921657,-19.8924818]]]}},{"type":"Feature","properties":{"code":"32:3332","name":"Colonial","cityCode":"32"},"geometry":{"type":"Polygon","coordinates":[[[-44.0998553,-19.8947035],[-44.100642,-19.8959304],[-44.0999757,-19.8963652],[-44.0990669,-19.8961989],[-44.09879,-19.8962784],[-44.0983395,-19.8967307],[-44.0977533,-19.8958805],[-44.0970979,-19.8952132],[-44.095989,-19.8945111],[-44.0950741,-19.8942382],[-44.093834,-19.894079],[-44.0932796,-19.8956781],[-44.0933535,-19.8957081],[-44.0933503,-19.895854],[-44.095252,-19.8969254],[-44.0953403,-19.8979314],[-44.0953973,-19.8979702],[-44.095148,-19.898552],[-44.0934278,-19.897978],[-44.0934449,-19.8985202],[-44.093023,-19.8985431],[-44.0930917,-19.89884],[-44.0947209,-19.8995022],[-44.0947547,-19.8996679],[-44.0952447,-19.8997727],[-44.0962809,-19.8997452],[-44.0970988,-19.8999272],[-44.0973625,-19.9002507],[-44.0975388,-19.9010861],[-44.0976692,-19.9013154],[-44.0976116,-19.9014625],[-44.09999,-19.9017556],[-44.1001686,-19.9016398],[-44.1013632,-19.9013394],[-44.1017191,-19.9014316],[-44.1020881,-19.901749],[-44.1026339,-19.9013847],[-44.1031772,-19.9017443],[-44.1031444,-19.9018283],[-44.1053991,-19.902938],[-44.1054189,-19.9036474],[-44.1057479,-19.9039419],[-44.1074432,-19.8997796],[-44.1070819,-19.8993819],[-44.1071714,-19.8986066],[-44.1071016,-19.898521],[-44.1053995,-19.898353],[-44.1049932,-19.8981859],[-44.1000746,-19.894283],[-44.1000057,-19.8943926],[-44.0998779,-19.8943265],[-44.0998553,-19.8947035]]]}},{"type":"Feature","properties":{"code":"32:3333","name":"Chacaras Contagem Gleba 2","cityCode":"32"},"geometry":{"type":"Polygon","coordinates":[[[-44.1018485,-19.9016008],[-44.1017705,-19.9016883],[-44.1023575,-19.9023692],[-44.1046885,-19.9064555],[-44.1022345,-19.9068848],[-44.1008858,-19.9066892],[-44.1004499,-19.9062667],[-44.0997032,-19.9070111],[-44.0998652,-19.9085645],[-44.0998042,-19.9087866],[-44.0998332,-19.9091999],[-44.1009128,-19.9097299],[-44.1012524,-19.9100185],[-44.1013769,-19.9099092],[-44.1038846,-19.9110741],[-44.1040954,-19.9108433],[-44.1045987,-19.9098831],[-44.1051688,-19.9096708],[-44.105451,-19.9093861],[-44.1058617,-19.9084395],[-44.1057923,-19.9083798],[-44.1062805,-19.9073217],[-44.1065034,-19.9065119],[-44.1069356,-19.9058895],[-44.1073036,-19.9055671],[-44.1069648,-19.9050854],[-44.1067107,-19.904513],[-44.1064913,-19.9044158],[-44.1062022,-19.9045793],[-44.1056938,-19.9040733],[-44.1057479,-19.9039419],[-44.1054189,-19.9036474],[-44.1053664,-19.9029895],[-44.1039452,-19.9022789],[-44.1039991,-19.9022123],[-44.1038335,-19.902225],[-44.103106,-19.9018756],[-44.103124,-19.9017646],[-44.1026335,-19.9014535],[-44.1020877,-19.9018179],[-44.1018485,-19.9016008]]]}},{"type":"Feature","properties":{"code":"32:3334","name":"Chacaras Contagem Gleba 1","cityCode":"32"},"geometry":{"type":"Polygon","coordinates":[[[-44.0930419,-19.9015939],[-44.0932438,-19.9036558],[-44.0935727,-19.90373],[-44.0954651,-19.904741],[-44.0957008,-19.9041365],[-44.0957131,-19.9036173],[-44.0958933,-19.9033944],[-44.0964242,-19.9029839],[-44.0966604,-19.9025393],[-44.0970182,-19.9022906],[-44.0974423,-19.9023831],[-44.0978281,-19.9023419],[-44.0982124,-19.9021757],[-44.0987877,-19.9023895],[-44.0990544,-19.9021577],[-44.0994061,-19.9022079],[-44.0999765,-19.901851],[-44.09999,-19.9017556],[-44.0976116,-19.9014625],[-44.0976692,-19.9013154],[-44.0975388,-19.9010861],[-44.0973364,-19.900191],[-44.0967648,-19.8999259],[-44.0958426,-19.8997936],[-44.0947835,-19.8997954],[-44.0945704,-19.8997142],[-44.0936449,-19.8990378],[-44.0930917,-19.89884],[-44.0934835,-19.9003643],[-44.0930419,-19.9015939]]]}},{"type":"Feature","properties":{"code":"32:3335","name":"Vila Beneves","cityCode":"32"},"geometry":{"type":"Polygon","coordinates":[[[-44.0934835,-19.9003643],[-44.0931075,-19.8989013],[-44.0919138,-19.8989385],[-44.0918667,-19.9001619],[-44.0934835,-19.9003643]]]}},{"type":"Feature","properties":{"code":"32:3336","name":"Lucio De Abreu","cityCode":"32"},"geometry":{"type":"Polygon","coordinates":[[[-44.1001617,-19.9218606],[-44.1007893,-19.9224885],[-44.1010144,-19.9232008],[-44.1011205,-19.9247112],[-44.1020384,-19.9262387],[-44.1021885,-19.9273826],[-44.1029222,-19.9271799],[-44.1029421,-19.9267586],[-44.1046342,-19.9233267],[-44.1045675,-19.9229676],[-44.1043269,-19.9228066],[-44.1038461,-19.9229804],[-44.1029341,-19.9222865],[-44.1025857,-19.9222638],[-44.1014688,-19.9218326],[-44.1015808,-19.9213369],[-44.1014623,-19.9214022],[-44.1013585,-19.921321],[-44.1014929,-19.9211856],[-44.1009667,-19.9210026],[-44.0997195,-19.9208029],[-44.099659,-19.9210566],[-44.1001617,-19.9218606]]]}},{"type":"Feature","properties":{"code":"32:3337","name":"Chacaras Contagem Gleba 3","cityCode":"32"},"geometry":{"type":"Polygon","coordinates":[[[-44.1039665,-19.9187056],[-44.1037993,-19.9187794],[-44.1032897,-19.9188021],[-44.1029594,-19.9187326],[-44.1023859,-19.9182191],[-44.1017033,-19.9180047],[-44.1014416,-19.9180219],[-44.1008082,-19.9182811],[-44.1001037,-19.9183582],[-44.0996804,-19.9188421],[-44.0997279,-19.9207834],[-44.1005114,-19.9207001],[-44.1015164,-19.9211115],[-44.101928,-19.9214156],[-44.1017066,-19.9217433],[-44.1023187,-19.9220514],[-44.1030708,-19.9221727],[-44.1037413,-19.9226804],[-44.1045417,-19.9228629],[-44.10466,-19.9227258],[-44.1048873,-19.9226974],[-44.1053866,-19.9212474],[-44.1057654,-19.9195165],[-44.106242,-19.9182023],[-44.1045472,-19.9179325],[-44.1043938,-19.9179819],[-44.1039665,-19.9187056]]]}},{"type":"Feature","properties":{"code":"32:3338","name":"Santa Helena","cityCode":"32"},"geometry":{"type":"Polygon","coordinates":[[[-44.0931362,-19.9201166],[-44.0927901,-19.9201808],[-44.0921106,-19.9198521],[-44.0915001,-19.9201478],[-44.0914171,-19.9205277],[-44.0914746,-19.9205981],[-44.0928014,-19.9209311],[-44.0929688,-19.9207967],[-44.0932442,-19.9211552],[-44.0935687,-19.9213185],[-44.0941639,-19.9228604],[-44.0938861,-19.9244498],[-44.0939238,-19.9248917],[-44.0962729,-19.9271418],[-44.0965015,-19.9269107],[-44.0975869,-19.9279485],[-44.0978037,-19.9277406],[-44.0983381,-19.9282369],[-44.0996041,-19.9286196],[-44.0997719,-19.9287262],[-44.1010182,-19.9279073],[-44.1020444,-19.9274327],[-44.1015163,-19.9262047],[-44.1013996,-19.9258702],[-44.1014437,-19.9258246],[-44.1013001,-19.9256399],[-44.1008342,-19.9244507],[-44.1007638,-19.9241372],[-44.1007983,-19.9238225],[-44.1006789,-19.9235458],[-44.1005839,-19.9222739],[-44.1001617,-19.9218606],[-44.099659,-19.9210566],[-44.0996823,-19.9209689],[-44.0995947,-19.9209375],[-44.0992966,-19.9211719],[-44.0990137,-19.9210391],[-44.0987977,-19.9210458],[-44.0979733,-19.920648],[-44.0974267,-19.9201368],[-44.0961233,-19.9195076],[-44.0959801,-19.919653],[-44.0949808,-19.9187394],[-44.095199,-19.9185313],[-44.0950006,-19.9183656],[-44.0931362,-19.9201166]]]}},{"type":"Feature","properties":{"code":"32:3339","name":"Belem","cityCode":"32"},"geometry":{"type":"Polygon","coordinates":[[[-44.0963614,-19.9182766],[-44.0963541,-19.9183559],[-44.0961384,-19.9183403],[-44.0961333,-19.9185256],[-44.0962468,-19.9185616],[-44.0961348,-19.9186585],[-44.0959025,-19.9185087],[-44.0957436,-19.9186568],[-44.0955549,-19.9184815],[-44.0953065,-19.9184293],[-44.0949808,-19.9187394],[-44.0959801,-19.919653],[-44.0961233,-19.9195076],[-44.0971059,-19.9199803],[-44.0975604,-19.9200489],[-44.0975826,-19.9202641],[-44.0979733,-19.920648],[-44.0987977,-19.9210458],[-44.0990137,-19.9210391],[-44.0992966,-19.9211719],[-44.0995947,-19.9209375],[-44.0996526,-19.9209582],[-44.0997329,-19.9206818],[-44.0996804,-19.9188421],[-44.0972306,-19.9186325],[-44.0972964,-19.9180127],[-44.0969307,-19.9179922],[-44.096901,-19.9182922],[-44.0963614,-19.9182766]]]}},{"type":"Feature","properties":{"code":"32:3340","name":"Morro Vermelho","cityCode":"32"},"geometry":{"type":"Polygon","coordinates":[[[-44.1011065,-19.9290565],[-44.1018638,-19.929028],[-44.1026082,-19.927456],[-44.1025765,-19.9272601],[-44.1015975,-19.9276161],[-44.1010182,-19.9279073],[-44.0985935,-19.9295386],[-44.100187,-19.9293663],[-44.1011065,-19.9290565]]]}},{"type":"Feature","properties":{"code":"32:3341","name":"Estancia Do Hibisco","cityCode":"32"},"geometry":{"type":"Polygon","coordinates":[[[-44.0952709,-19.9046877],[-44.0941878,-19.9061967],[-44.0937025,-19.907646],[-44.0926772,-19.9096792],[-44.0913905,-19.9092653],[-44.0911834,-19.9096744],[-44.0902537,-19.9105773],[-44.0899299,-19.9116691],[-44.0908024,-19.9116633],[-44.0909622,-19.9113187],[-44.092529,-19.9122652],[-44.0942326,-19.9112166],[-44.0941599,-19.9114877],[-44.0943163,-19.9120697],[-44.0946342,-19.9123102],[-44.095249,-19.9133317],[-44.0956689,-19.9136514],[-44.0957425,-19.9140675],[-44.0945883,-19.9144703],[-44.0943932,-19.9159587],[-44.0950087,-19.9163794],[-44.0954992,-19.916862],[-44.0961156,-19.9162971],[-44.0965891,-19.9161657],[-44.0965088,-19.9160733],[-44.0971174,-19.9150815],[-44.0972247,-19.9147649],[-44.0971164,-19.9138775],[-44.0974591,-19.9126704],[-44.0983519,-19.9119318],[-44.098628,-19.9114094],[-44.0988112,-19.9112854],[-44.0993252,-19.911115],[-44.0998207,-19.9112454],[-44.0998998,-19.9107745],[-44.0996388,-19.9096012],[-44.0997529,-19.908616],[-44.0996212,-19.9075912],[-44.0996151,-19.9069085],[-44.1004189,-19.9060309],[-44.1009234,-19.9057903],[-44.1009929,-19.9055808],[-44.1008372,-19.9047448],[-44.1000861,-19.9048699],[-44.0990258,-19.904914],[-44.0984514,-19.905124],[-44.097182,-19.9049188],[-44.0957943,-19.9035243],[-44.0957411,-19.9035852],[-44.0957801,-19.9039798],[-44.095449,-19.9047837],[-44.0952709,-19.9046877]]]}},{"type":"Feature","properties":{"code":"32:3342","name":"Santo Antonio","cityCode":"32"},"geometry":{"type":"Polygon","coordinates":[[[-44.0917693,-19.9129984],[-44.0916282,-19.9135112],[-44.09182,-19.9137303],[-44.0919004,-19.9140032],[-44.0920016,-19.9140555],[-44.0914193,-19.9151597],[-44.0924131,-19.9156268],[-44.0924817,-19.915473],[-44.092927,-19.9154605],[-44.0937412,-19.9158606],[-44.0943932,-19.9159587],[-44.0945883,-19.9144703],[-44.0957425,-19.9140675],[-44.0956689,-19.9136514],[-44.095249,-19.9133317],[-44.0946342,-19.9123102],[-44.0943163,-19.9120697],[-44.0941599,-19.9114877],[-44.0942326,-19.9112166],[-44.092529,-19.9122652],[-44.0917693,-19.9129984]]]}},{"type":"Feature","properties":{"code":"32:3343","name":"Canada","cityCode":"32"},"geometry":{"type":"Polygon","coordinates":[[[-44.0907163,-19.9248186],[-44.0908435,-19.9251843],[-44.0906828,-19.9252342],[-44.0905743,-19.9254553],[-44.0903115,-19.9256131],[-44.090718,-19.925583],[-44.0917822,-19.9262124],[-44.0922721,-19.9270038],[-44.0925363,-19.9277598],[-44.0941181,-19.92726],[-44.0942999,-19.9271175],[-44.0966095,-19.9293155],[-44.0967517,-19.9293439],[-44.097384,-19.9290741],[-44.0982916,-19.9291649],[-44.0987834,-19.9290848],[-44.0987907,-19.9287036],[-44.0978037,-19.9277406],[-44.0975869,-19.9279485],[-44.0965015,-19.9269107],[-44.0962729,-19.9271418],[-44.0941681,-19.9251387],[-44.0918958,-19.9243711],[-44.0908145,-19.9238305],[-44.0898572,-19.923599],[-44.0898406,-19.9249071],[-44.0907163,-19.9248186]]]}},{"type":"Feature","properties":{"code":"32:3344","name":"Bernardo Monteiro 2A Secao","cityCode":"32"},"geometry":{"type":"Polygon","coordinates":[[[-44.0954173,-19.9301949],[-44.0966095,-19.9293155],[-44.0964223,-19.9291385],[-44.0958221,-19.9294771],[-44.0953454,-19.9299588],[-44.0952491,-19.9298649],[-44.0949482,-19.9300974],[-44.0941884,-19.9308824],[-44.0942332,-19.9309571],[-44.0897654,-19.9327634],[-44.0901574,-19.9337064],[-44.0912458,-19.9325388],[-44.0921108,-19.9324311],[-44.0921108,-19.9324311],[-44.0922809,-19.932285],[-44.09247,-19.9322352],[-44.092954,-19.9323261],[-44.0937781,-19.9322235],[-44.0950539,-19.9310608],[-44.0952892,-19.930682],[-44.0954173,-19.9301949]]]}},{"type":"Feature","properties":{"code":"32:3345","name":"Vila Santo Antonio","cityCode":"32"},"geometry":{"type":"Polygon","coordinates":[[[-44.0834093,-19.9350973],[-44.0836161,-19.9349667],[-44.0841737,-19.9346972],[-44.0834748,-19.9328256],[-44.0830482,-19.9305686],[-44.0825239,-19.9311443],[-44.0822282,-19.9324782],[-44.0819491,-19.9325484],[-44.0819979,-19.9328103],[-44.082706,-19.9339295],[-44.0827589,-19.9342388],[-44.0826618,-19.9346633],[-44.0830188,-19.9349192],[-44.083053,-19.93516],[-44.0834036,-19.935173],[-44.0834093,-19.9350973]]]}},{"type":"Feature","properties":{"code":"32:3346","name":"Santa Terezinha","cityCode":"32"},"geometry":{"type":"Polygon","coordinates":[[[-44.0796991,-19.9321238],[-44.0796546,-19.9322193],[-44.080258,-19.9333926],[-44.0804637,-19.9332406],[-44.0805136,-19.9333052],[-44.0808502,-19.9339919],[-44.0807624,-19.9340326],[-44.0811983,-19.9347754],[-44.0814526,-19.9349252],[-44.0817285,-19.9349726],[-44.0821922,-19.9348115],[-44.0823072,-19.9347012],[-44.0823926,-19.9347321],[-44.0825269,-19.9341226],[-44.0817581,-19.9327902],[-44.0817875,-19.9321733],[-44.0818762,-19.9319168],[-44.0824778,-19.9308557],[-44.0824659,-19.9304925],[-44.0823136,-19.9301618],[-44.082133,-19.9300021],[-44.0817286,-19.9298714],[-44.0805444,-19.9299441],[-44.0802802,-19.929865],[-44.0792289,-19.9316341],[-44.0796991,-19.9321238]]]}},{"type":"Feature","properties":{"code":"32:3347","name":"Conjunto Habitacional Costa E Silva","cityCode":"32"},"geometry":{"type":"Polygon","coordinates":[[[-44.0834748,-19.9328256],[-44.0842481,-19.9348904],[-44.0854961,-19.9344264],[-44.0892021,-19.9340968],[-44.0890898,-19.9338449],[-44.0889919,-19.9338839],[-44.0887935,-19.9334453],[-44.0890026,-19.9333655],[-44.0887328,-19.9327334],[-44.0890355,-19.9326083],[-44.0889491,-19.9324551],[-44.0890406,-19.932408],[-44.0890248,-19.9322858],[-44.0884838,-19.9321965],[-44.0881573,-19.9318071],[-44.0879008,-19.9320148],[-44.087761,-19.9318622],[-44.0876896,-19.931921],[-44.0875586,-19.9317719],[-44.0874969,-19.9318182],[-44.086948,-19.9315346],[-44.0867858,-19.9316688],[-44.0858826,-19.9309284],[-44.0859391,-19.9312157],[-44.0832583,-19.9317099],[-44.0834748,-19.9328256]]]}},{"type":"Feature","properties":{"code":"32:3348","name":"Canada 2A Secao","cityCode":"32"},"geometry":{"type":"Polygon","coordinates":[[[-44.0958221,-19.9294771],[-44.0964223,-19.9291385],[-44.0942999,-19.9271175],[-44.0941181,-19.92726],[-44.0929444,-19.9276239],[-44.0953454,-19.9299588],[-44.0958221,-19.9294771]]]}},{"type":"Feature","properties":{"code":"32:3349","name":"Vila Italia","cityCode":"32"},"geometry":{"type":"Polygon","coordinates":[[[-44.0893154,-19.9290049],[-44.0895717,-19.9295358],[-44.08955,-19.9299614],[-44.0896844,-19.9302252],[-44.0900713,-19.9302879],[-44.090845,-19.9301886],[-44.0911522,-19.9303069],[-44.0922324,-19.9294701],[-44.0935405,-19.9308085],[-44.0937179,-19.9311835],[-44.0942332,-19.9309571],[-44.0941884,-19.9308824],[-44.0952491,-19.9298649],[-44.0929444,-19.9276239],[-44.0925363,-19.9277598],[-44.092629,-19.9281901],[-44.0924325,-19.9285948],[-44.0920127,-19.928626],[-44.0919605,-19.9287407],[-44.0915658,-19.9287173],[-44.0915031,-19.9286717],[-44.0915685,-19.9285857],[-44.0915298,-19.9284402],[-44.090498,-19.9279146],[-44.0902739,-19.9281281],[-44.0899494,-19.9283033],[-44.0898728,-19.9282669],[-44.0900368,-19.9278666],[-44.0899247,-19.9270703],[-44.0900584,-19.9266621],[-44.0898191,-19.9258136],[-44.0898278,-19.9255127],[-44.0887543,-19.9254614],[-44.0878943,-19.9251729],[-44.0878213,-19.9254306],[-44.0883582,-19.9263754],[-44.0891669,-19.9269969],[-44.0890583,-19.9272539],[-44.0891711,-19.9275692],[-44.089099,-19.9281231],[-44.0891893,-19.9282542],[-44.0893154,-19.9290049]]]}},{"type":"Feature","properties":{"code":"32:3350","name":"Conjunto Habitacional Fonte Grande","cityCode":"32"},"geometry":{"type":"Polygon","coordinates":[[[-44.087606,-19.9249536],[-44.0878943,-19.9251729],[-44.0885967,-19.925428],[-44.0898278,-19.9255127],[-44.0898191,-19.9258136],[-44.090498,-19.9279146],[-44.0909307,-19.9281847],[-44.0910013,-19.9281298],[-44.0916501,-19.9285579],[-44.0919798,-19.9286589],[-44.0924325,-19.9285948],[-44.092629,-19.9281901],[-44.0925363,-19.9277598],[-44.0922721,-19.9270038],[-44.0919433,-19.9264198],[-44.091555,-19.9260474],[-44.090718,-19.925583],[-44.0903115,-19.9256131],[-44.0905743,-19.9254553],[-44.0906828,-19.9252342],[-44.0908435,-19.9251843],[-44.0907163,-19.9248186],[-44.0898406,-19.9249071],[-44.0898503,-19.9242798],[-44.0886932,-19.924169],[-44.087606,-19.9249536]]]}},{"type":"Feature","properties":{"code":"32:3351","name":"Cinquinho","cityCode":"32"},"geometry":{"type":"Polygon","coordinates":[[[-44.0697509,-19.9227206],[-44.0698082,-19.9233018],[-44.0696352,-19.9236218],[-44.0692152,-19.9237407],[-44.0688405,-19.9236553],[-44.0686378,-19.9237048],[-44.0681439,-19.9236578],[-44.0687466,-19.9239167],[-44.070508,-19.9252785],[-44.070772,-19.9253032],[-44.0720771,-19.924422],[-44.0712489,-19.9238108],[-44.0712503,-19.9233127],[-44.071137,-19.9227853],[-44.0715653,-19.9224155],[-44.0722668,-19.9223438],[-44.0725674,-19.9220557],[-44.0728296,-19.9219667],[-44.0730211,-19.9220575],[-44.0734595,-19.9218156],[-44.0731899,-19.9205105],[-44.0726952,-19.9206724],[-44.0720413,-19.9207577],[-44.0717438,-19.9209536],[-44.070917,-19.9211242],[-44.0705158,-19.9213033],[-44.070177,-19.9215597],[-44.0698803,-19.9222072],[-44.0697509,-19.9227206]]]}},{"type":"Feature","properties":{"code":"32:3352","name":"Funcionarios","cityCode":"32"},"geometry":{"type":"Polygon","coordinates":[[[-44.0682232,-19.9182613],[-44.0682837,-19.9185911],[-44.0676813,-19.9187266],[-44.0674822,-19.918892],[-44.0672671,-19.9193071],[-44.0671319,-19.9201647],[-44.0674187,-19.9214375],[-44.0680564,-19.922219],[-44.068576,-19.9225045],[-44.0687173,-19.9228927],[-44.0685144,-19.9231603],[-44.0683241,-19.9230064],[-44.0682525,-19.9230895],[-44.0681988,-19.9230451],[-44.0679098,-19.9233543],[-44.0682213,-19.9236494],[-44.0686232,-19.9237035],[-44.0690288,-19.9232301],[-44.0687385,-19.9230512],[-44.068938,-19.9227408],[-44.0692067,-19.9219639],[-44.0694552,-19.9217902],[-44.0696156,-19.9220137],[-44.0696837,-19.9219623],[-44.0698063,-19.9220379],[-44.070177,-19.9215597],[-44.0705838,-19.9212729],[-44.0706061,-19.9209921],[-44.070965,-19.9207546],[-44.0708618,-19.9205052],[-44.0711531,-19.9202342],[-44.0711576,-19.9201442],[-44.0719323,-19.9199379],[-44.073091,-19.9197584],[-44.0732368,-19.9199489],[-44.0734975,-19.9199538],[-44.0737226,-19.9197847],[-44.0737907,-19.9198705],[-44.0740212,-19.9197054],[-44.0744193,-19.9201653],[-44.0744958,-19.919547],[-44.0743467,-19.9195091],[-44.074247,-19.9193029],[-44.0743778,-19.9191283],[-44.0743871,-19.9187702],[-44.0750948,-19.918247],[-44.0749855,-19.9180977],[-44.0748236,-19.9168819],[-44.0745974,-19.9167722],[-44.074489,-19.9165803],[-44.074548,-19.9165279],[-44.0743264,-19.9148798],[-44.0738868,-19.9141117],[-44.071388,-19.9160715],[-44.0697472,-19.9163785],[-44.0696394,-19.917072],[-44.0685099,-19.9172592],[-44.0682793,-19.9176254],[-44.0681905,-19.9179423],[-44.0679334,-19.9179907],[-44.0679164,-19.9183004],[-44.0682232,-19.9182613]]]}},{"type":"Feature","properties":{"code":"32:3353","name":"Tres Barras","cityCode":"32"},"geometry":{"type":"Polygon","coordinates":[[[-44.0670248,-19.9138032],[-44.0669684,-19.9139896],[-44.0662304,-19.9149311],[-44.0662716,-19.9149715],[-44.0671066,-19.9145509],[-44.0678714,-19.9147682],[-44.0680463,-19.9148563],[-44.0697472,-19.9163785],[-44.071388,-19.9160715],[-44.0738868,-19.9141117],[-44.0743264,-19.9148798],[-44.074548,-19.9165279],[-44.0764386,-19.9164781],[-44.0772842,-19.9154124],[-44.0757343,-19.9134861],[-44.0756504,-19.9129597],[-44.075349,-19.9129753],[-44.0739637,-19.9122968],[-44.0732391,-19.910198],[-44.0683029,-19.9119729],[-44.0670248,-19.9138032]]]}},{"type":"Feature","properties":{"code":"32:3354","name":"Santa Luzia","cityCode":"32"},"geometry":{"type":"Polygon","coordinates":[[[-44.0912594,-19.9083567],[-44.0914131,-19.9090173],[-44.0913905,-19.9092653],[-44.0926772,-19.9096792],[-44.0937025,-19.907646],[-44.0941878,-19.9061967],[-44.0952709,-19.9046877],[-44.0936526,-19.903777],[-44.0932773,-19.904242],[-44.0913103,-19.9079467],[-44.0912594,-19.9083567]]]}},{"type":"Feature","properties":{"code":"32:3355","name":"Estancia Da Silveira","cityCode":"32"},"geometry":{"type":"Polygon","coordinates":[[[-44.0854465,-19.9074718],[-44.0854251,-19.9081976],[-44.0858604,-19.9076167],[-44.0859201,-19.9076296],[-44.08602,-19.9077921],[-44.0859647,-19.907846],[-44.0862559,-19.9082058],[-44.0868542,-19.9087037],[-44.0878154,-19.908873],[-44.0881555,-19.9090275],[-44.0881817,-19.9089638],[-44.0893378,-19.9093976],[-44.0893043,-19.9094761],[-44.091279,-19.9084768],[-44.0912667,-19.908143],[-44.0913579,-19.9078537],[-44.0910979,-19.9077328],[-44.0911436,-19.9075908],[-44.0862386,-19.9055948],[-44.0860689,-19.9061697],[-44.0863571,-19.9069758],[-44.085999,-19.9073714],[-44.086016,-19.9074307],[-44.0856421,-19.9075986],[-44.0854465,-19.9074718]]]}},{"type":"Feature","properties":{"code":"32:3356","name":"Sao Goncalo 1A Secao","cityCode":"32"},"geometry":{"type":"Polygon","coordinates":[[[-44.0828928,-19.9055128],[-44.0829248,-19.9063175],[-44.0827419,-19.9068344],[-44.0838885,-19.9067772],[-44.0845532,-19.9065683],[-44.0845674,-19.906866],[-44.0854041,-19.9072387],[-44.0854465,-19.9074718],[-44.0856421,-19.9075986],[-44.086016,-19.9074307],[-44.085999,-19.9073714],[-44.0863571,-19.9069758],[-44.0860689,-19.9061697],[-44.0861069,-19.9058897],[-44.08628,-19.9055081],[-44.0856683,-19.9050651],[-44.0850018,-19.9044127],[-44.0840049,-19.9042384],[-44.0838631,-19.9039261],[-44.0834123,-19.9042843],[-44.0838501,-19.9044687],[-44.0837415,-19.9050133],[-44.0830892,-19.9051793],[-44.0828928,-19.9055128]]]}},{"type":"Feature","properties":{"code":"32:3357","name":"Europa","cityCode":"32"},"geometry":{"type":"Polygon","coordinates":[[[-44.0846775,-19.8949193],[-44.0847873,-19.8950908],[-44.0847257,-19.8958754],[-44.0845218,-19.8962654],[-44.0827291,-19.8983697],[-44.082502,-19.8988847],[-44.0827567,-19.8989678],[-44.082636,-19.8990662],[-44.082492,-19.8995399],[-44.0827588,-19.9003876],[-44.0827643,-19.9009682],[-44.0832391,-19.9012215],[-44.0835654,-19.9012342],[-44.0834567,-19.9018495],[-44.0829207,-19.9020595],[-44.0830081,-19.9029915],[-44.0833271,-19.9033395],[-44.0836529,-19.9035219],[-44.0839028,-19.9038199],[-44.0841672,-19.9036292],[-44.0843373,-19.9036],[-44.0856579,-19.9039152],[-44.0864585,-19.9031447],[-44.0866428,-19.9031052],[-44.0868084,-19.9032023],[-44.0876449,-19.9025373],[-44.0880505,-19.9012838],[-44.0882209,-19.9005699],[-44.0881449,-19.9004172],[-44.0882898,-19.8998452],[-44.0891941,-19.9000223],[-44.0892592,-19.900233],[-44.0897733,-19.9005912],[-44.0899084,-19.9000424],[-44.0883079,-19.899164],[-44.0885153,-19.8985283],[-44.0888541,-19.8982444],[-44.0890023,-19.8979034],[-44.0893907,-19.8964801],[-44.0893212,-19.8960331],[-44.0894427,-19.8957381],[-44.0892383,-19.8947406],[-44.0889517,-19.894429],[-44.0888694,-19.8940608],[-44.088555,-19.8907371],[-44.088012,-19.8907835],[-44.0872391,-19.8907006],[-44.0864235,-19.8903038],[-44.0860229,-19.8910813],[-44.0859348,-19.8914639],[-44.0856006,-19.8922298],[-44.0851872,-19.892777],[-44.0843745,-19.8933036],[-44.084367,-19.8936266],[-44.0846775,-19.8949193]]]}},{"type":"Feature","properties":{"code":"32:3358","name":"Jardim Vera Cruz","cityCode":"32"},"geometry":{"type":"Polygon","coordinates":[[[-44.0784213,-19.8950902],[-44.0782523,-19.8953581],[-44.0780577,-19.8953851],[-44.0775867,-19.8957786],[-44.0780176,-19.8962241],[-44.0780532,-19.8961816],[-44.078192,-19.8963125],[-44.0781493,-19.8963608],[-44.0794986,-19.8977157],[-44.0795916,-19.8978985],[-44.0801567,-19.8981],[-44.0803507,-19.8980399],[-44.0805351,-19.898232],[-44.08249,-19.8989126],[-44.0828558,-19.8981801],[-44.0835511,-19.8974343],[-44.0808855,-19.8946126],[-44.0807152,-19.8945669],[-44.080658,-19.8943731],[-44.080044,-19.8937473],[-44.0794486,-19.894017],[-44.0790956,-19.8947616],[-44.078677,-19.8950461],[-44.0784213,-19.8950902]]]}},{"type":"Feature","properties":{"code":"32:3359","name":"Olinda","cityCode":"32"},"geometry":{"type":"Polygon","coordinates":[[[-44.076028,-19.8969923],[-44.0784706,-19.8979468],[-44.0780777,-19.8986915],[-44.0827643,-19.9009682],[-44.0827588,-19.9003876],[-44.082492,-19.8995399],[-44.082636,-19.8990662],[-44.0827567,-19.8989678],[-44.0805351,-19.898232],[-44.0803507,-19.8980399],[-44.0801567,-19.8981],[-44.0795916,-19.8978985],[-44.0794986,-19.8977157],[-44.0781493,-19.8963608],[-44.078192,-19.8963125],[-44.0780532,-19.8961816],[-44.0780176,-19.8962241],[-44.0775867,-19.8957786],[-44.0776394,-19.895734],[-44.077506,-19.8955926],[-44.0765625,-19.8964091],[-44.076028,-19.8969923]]]}},{"type":"Feature","properties":{"code":"32:3360","name":"Chacaras California","cityCode":"32"},"geometry":{"type":"Polygon","coordinates":[[[-44.0725349,-19.8995482],[-44.0734256,-19.8994213],[-44.0737068,-19.8993165],[-44.0740169,-19.8994047],[-44.075269,-19.8981501],[-44.0752505,-19.8979808],[-44.0755797,-19.8974135],[-44.0768643,-19.8961468],[-44.0746069,-19.894025],[-44.0718874,-19.896983],[-44.0702238,-19.8985928],[-44.0720553,-19.8994154],[-44.0725349,-19.8995482]]]}},{"type":"Feature","properties":{"code":"32:3361","name":"Sitio Tres Barras","cityCode":"32"},"geometry":{"type":"Polygon","coordinates":[[[-44.069674,-19.9088257],[-44.069612,-19.9091846],[-44.0692168,-19.9095511],[-44.0689128,-19.9096565],[-44.0685515,-19.9095779],[-44.068018,-19.9092746],[-44.0675134,-19.9091382],[-44.0674798,-19.9094944],[-44.0671573,-19.9097573],[-44.0668805,-19.9103593],[-44.0670364,-19.9105708],[-44.0666285,-19.9110321],[-44.0663077,-19.9120727],[-44.0657922,-19.9131243],[-44.065582,-19.9133958],[-44.0667989,-19.9141982],[-44.0683029,-19.9119729],[-44.0731194,-19.9102134],[-44.0742495,-19.9100122],[-44.0742363,-19.9092774],[-44.072686,-19.9090207],[-44.0715759,-19.9086623],[-44.0710219,-19.9088507],[-44.070316,-19.908897],[-44.069674,-19.9088257]]]}},{"type":"Feature","properties":{"code":"32:3362","name":"Linda Vista","cityCode":"32"},"geometry":{"type":"Polygon","coordinates":[[[-44.0716939,-19.9028945],[-44.0716579,-19.9031229],[-44.0718213,-19.9046252],[-44.0711024,-19.9061493],[-44.0695258,-19.9079704],[-44.0665167,-19.9092125],[-44.0664697,-19.9101648],[-44.0666784,-19.9107291],[-44.0671573,-19.9097573],[-44.0674798,-19.9094944],[-44.0674775,-19.9092235],[-44.0675527,-19.9091219],[-44.068018,-19.9092746],[-44.0685515,-19.9095779],[-44.0689128,-19.9096565],[-44.0692168,-19.9095511],[-44.069612,-19.9091846],[-44.069674,-19.9088257],[-44.0700737,-19.908884],[-44.0708992,-19.9088227],[-44.0715469,-19.9084682],[-44.0716719,-19.9084896],[-44.0717411,-19.9086432],[-44.0717905,-19.9082952],[-44.0723956,-19.9087492],[-44.0728509,-19.9088768],[-44.0730265,-19.9088205],[-44.0729223,-19.9079412],[-44.0730136,-19.9079025],[-44.0731903,-19.906804],[-44.0730315,-19.9062244],[-44.0728178,-19.9035384],[-44.0729765,-19.9031639],[-44.0730525,-19.9023699],[-44.0730014,-19.9018464],[-44.072769,-19.9018719],[-44.0727005,-19.9020587],[-44.0720107,-19.9026528],[-44.071884,-19.9029005],[-44.0716939,-19.9028945]]]}},{"type":"Feature","properties":{"code":"32:3363","name":"Lugar Denominado Barro Preto","cityCode":"32"},"geometry":{"type":"Polygon","coordinates":[[[-44.0718213,-19.9046252],[-44.071684,-19.902957],[-44.0713537,-19.9029109],[-44.0713035,-19.9033236],[-44.0710548,-19.9033519],[-44.0711637,-19.9043344],[-44.0714405,-19.9042906],[-44.0714763,-19.9046187],[-44.0708813,-19.9059212],[-44.0711757,-19.9060369],[-44.0718213,-19.9046252]]]}},{"type":"Feature","properties":{"code":"32:3364","name":"Los Angeles","cityCode":"32"},"geometry":{"type":"Polygon","coordinates":[[[-44.0717168,-19.9026817],[-44.0716939,-19.9028945],[-44.071884,-19.9029005],[-44.0720107,-19.9026528],[-44.0727005,-19.9020587],[-44.072769,-19.9018719],[-44.0730014,-19.9018464],[-44.072917,-19.8995713],[-44.0726517,-19.8995692],[-44.0725372,-19.8996429],[-44.0720553,-19.8994154],[-44.0717481,-19.9002002],[-44.0714109,-19.9023356],[-44.0717168,-19.9026817]]]}},{"type":"Feature","properties":{"code":"32:3365","name":"Parque Maracana","cityCode":"32"},"geometry":{"type":"Polygon","coordinates":[[[-44.073651,-19.8994024],[-44.072917,-19.8995713],[-44.0730525,-19.9023699],[-44.0729765,-19.9031639],[-44.0728178,-19.9035384],[-44.0730502,-19.9063952],[-44.0734903,-19.9064731],[-44.0740543,-19.9064261],[-44.0744991,-19.9066915],[-44.07492,-19.9072351],[-44.0750458,-19.907165],[-44.075631,-19.9071056],[-44.0756196,-19.9070074],[-44.0763029,-19.9069446],[-44.0767155,-19.9067033],[-44.0771946,-19.9062044],[-44.0773704,-19.9049692],[-44.0774876,-19.9045983],[-44.0776186,-19.9044364],[-44.0775103,-19.9039386],[-44.076843,-19.9035822],[-44.0769571,-19.9033098],[-44.0780082,-19.9029463],[-44.077415,-19.9021154],[-44.0769064,-19.9015531],[-44.0762557,-19.9010061],[-44.0758546,-19.9007933],[-44.0758838,-19.9006179],[-44.0756423,-19.9004774],[-44.0751036,-19.9004687],[-44.0742642,-19.8993508],[-44.073651,-19.8994024]]]}},{"type":"Feature","properties":{"code":"32:3366","name":"Alvorada","cityCode":"32"},"geometry":{"type":"Polygon","coordinates":[[[-44.0766804,-19.9013291],[-44.077234,-19.9018945],[-44.0780509,-19.903064],[-44.0769328,-19.9033764],[-44.076843,-19.9035822],[-44.0775103,-19.9039386],[-44.0776403,-19.9045207],[-44.0774292,-19.9048384],[-44.0774738,-19.9048947],[-44.0771946,-19.9062051],[-44.0767155,-19.9067033],[-44.0763029,-19.9069447],[-44.07492,-19.9072351],[-44.0744991,-19.9066915],[-44.0741862,-19.9064908],[-44.0741867,-19.9070313],[-44.0737168,-19.9068185],[-44.0731628,-19.906675],[-44.0730136,-19.9079025],[-44.0729223,-19.9079411],[-44.0730232,-19.9087928],[-44.0742301,-19.9089838],[-44.0742522,-19.9100928],[-44.0743331,-19.9106125],[-44.0745534,-19.9111462],[-44.0751232,-19.9120912],[-44.0753151,-19.9121218],[-44.075603,-19.9123452],[-44.0757241,-19.9122706],[-44.0762114,-19.9125283],[-44.0765131,-19.912016],[-44.0776395,-19.911104],[-44.0771194,-19.910472],[-44.077112,-19.9100025],[-44.0773632,-19.9099196],[-44.0775732,-19.909454],[-44.0773343,-19.9090477],[-44.0774906,-19.9086123],[-44.0777469,-19.9083234],[-44.0775999,-19.9080091],[-44.0779336,-19.9079431],[-44.0781386,-19.9079848],[-44.0789645,-19.9083488],[-44.0790995,-19.9083442],[-44.0801771,-19.9077542],[-44.0804585,-19.9082588],[-44.0807852,-19.9082008],[-44.0817281,-19.9084131],[-44.0820075,-19.9076208],[-44.0811823,-19.9061388],[-44.0815759,-19.9059992],[-44.08193,-19.9059452],[-44.0820828,-19.9059922],[-44.0823261,-19.9058658],[-44.0818457,-19.9051419],[-44.0817155,-19.9048604],[-44.0817464,-19.9047133],[-44.0823928,-19.9042859],[-44.0829518,-19.9041735],[-44.0834821,-19.9038019],[-44.0837957,-19.9037356],[-44.0836529,-19.9035219],[-44.0833271,-19.9033395],[-44.0830081,-19.9029915],[-44.0829341,-19.9026057],[-44.0829207,-19.9020594],[-44.0834567,-19.9018495],[-44.0835654,-19.9012342],[-44.0832391,-19.9012215],[-44.0773022,-19.8983121],[-44.0767509,-19.8994176],[-44.0763713,-19.8998369],[-44.0759045,-19.9001649],[-44.0758547,-19.9007933],[-44.0766804,-19.9013291]]]}},{"type":"Feature","properties":{"code":"32:3367","name":"Coracao De Jesus","cityCode":"32"},"geometry":{"type":"Polygon","coordinates":[[[-44.0778457,-19.9085439],[-44.0782215,-19.9084897],[-44.0782932,-19.9091568],[-44.0793678,-19.9094167],[-44.0796614,-19.9092356],[-44.0796194,-19.9090652],[-44.0798493,-19.9089305],[-44.0792342,-19.9082636],[-44.0789645,-19.9083488],[-44.0779336,-19.9079432],[-44.0775998,-19.9080091],[-44.0778457,-19.9085439]]]}},{"type":"Feature","properties":{"code":"32:3368","name":"Nossa Senhora De Fatima","cityCode":"32"},"geometry":{"type":"Polygon","coordinates":[[[-44.0844046,-19.9097419],[-44.0845417,-19.9098878],[-44.0846181,-19.9114852],[-44.0838276,-19.9120345],[-44.084257,-19.9121491],[-44.0846276,-19.9129311],[-44.0848835,-19.913052],[-44.0849112,-19.9126892],[-44.0847783,-19.9122993],[-44.0848162,-19.9120883],[-44.0852753,-19.911662],[-44.0861195,-19.9119163],[-44.0864321,-19.9111887],[-44.0862761,-19.9110712],[-44.0865997,-19.9103144],[-44.0873333,-19.9105206],[-44.0875676,-19.9104451],[-44.0881433,-19.9105473],[-44.088606,-19.9111882],[-44.088583,-19.9112451],[-44.0887793,-19.9114102],[-44.0889479,-19.9113671],[-44.0899245,-19.9119453],[-44.0899299,-19.9116691],[-44.0902537,-19.9105773],[-44.0911834,-19.9096744],[-44.0914214,-19.9091176],[-44.091279,-19.9084768],[-44.0892567,-19.909537],[-44.0890779,-19.9093178],[-44.0887431,-19.9094597],[-44.0886763,-19.9092711],[-44.088478,-19.9090926],[-44.0880702,-19.9090271],[-44.0878154,-19.908873],[-44.0871113,-19.9088173],[-44.0866548,-19.9086148],[-44.0859647,-19.907846],[-44.0859929,-19.9077243],[-44.0858604,-19.9076167],[-44.085032,-19.9087566],[-44.0850385,-19.9088654],[-44.0846327,-19.9094326],[-44.0843986,-19.9094669],[-44.0844046,-19.9097419]]]}},{"type":"Feature","properties":{"code":"32:3369","name":"Betania","cityCode":"32"},"geometry":{"type":"Polygon","coordinates":[[[-44.0867826,-19.9114409],[-44.0864667,-19.9119225],[-44.0861075,-19.9132031],[-44.0867723,-19.9132869],[-44.0867062,-19.9142275],[-44.0869975,-19.9142137],[-44.0871339,-19.9131353],[-44.0873908,-19.9132191],[-44.0873852,-19.9131249],[-44.0876328,-19.9130455],[-44.0878062,-19.9128097],[-44.087709,-19.9122628],[-44.0882349,-19.911907],[-44.0888691,-19.9126207],[-44.0895031,-19.9125714],[-44.0899923,-19.9126798],[-44.0899245,-19.9119453],[-44.0889479,-19.9113671],[-44.0887793,-19.9114102],[-44.088583,-19.9112451],[-44.088606,-19.9111882],[-44.0881,-19.9105488],[-44.0873772,-19.9104638],[-44.0873333,-19.9105206],[-44.0865997,-19.9103144],[-44.0862761,-19.9110712],[-44.0867826,-19.9114409]]]}},{"type":"Feature","properties":{"code":"32:3370","name":"Sao_Goncalo_2A_Secao","cityCode":"32"},"geometry":{"type":"Polygon","coordinates":[[[-44.083707,-19.9067851],[-44.083593,-19.9079151],[-44.0824233,-19.9084197],[-44.082569,-19.9087456],[-44.0837487,-19.9083784],[-44.0839659,-19.9083821],[-44.0842295,-19.9085499],[-44.0845456,-19.9084105],[-44.0848108,-19.9084229],[-44.0848983,-19.9087705],[-44.085032,-19.9087566],[-44.0853809,-19.9083029],[-44.0854349,-19.9072685],[-44.0845674,-19.906866],[-44.0845532,-19.9065683],[-44.083707,-19.9067851]]]}},{"type":"Feature","properties":{"code":"32:3371","name":"Vila Magdalena","cityCode":"32"},"geometry":{"type":"Polygon","coordinates":[[[-44.0890338,-19.912662],[-44.0889007,-19.9129032],[-44.0888305,-19.9129053],[-44.0885769,-19.9128395],[-44.088249,-19.9126195],[-44.0881655,-19.9127052],[-44.0885199,-19.9130452],[-44.0883812,-19.9132966],[-44.0875068,-19.913342],[-44.0875131,-19.9134518],[-44.0870712,-19.9133257],[-44.0869975,-19.9142137],[-44.0876981,-19.9141756],[-44.0881041,-19.9142329],[-44.0882723,-19.9137808],[-44.0885108,-19.9138519],[-44.0886883,-19.9142],[-44.0886569,-19.914378],[-44.0891013,-19.9144496],[-44.0898533,-19.9137948],[-44.0900386,-19.91343],[-44.0899923,-19.9126798],[-44.0895031,-19.9125714],[-44.0890338,-19.912662]]]}},{"type":"Feature","properties":{"code":"32:3372","name":"Camilo Alves","cityCode":"32"},"geometry":{"type":"Polygon","coordinates":[[[-44.0912905,-19.9164497],[-44.0901712,-19.9162556],[-44.0898554,-19.917519],[-44.0895216,-19.9175875],[-44.0898834,-19.918511],[-44.0900518,-19.9184667],[-44.090144,-19.9188195],[-44.0902697,-19.9189885],[-44.0905877,-19.9190967],[-44.0905453,-19.919195],[-44.0921106,-19.9198521],[-44.0938494,-19.9177589],[-44.0938684,-19.9174441],[-44.0929853,-19.9159869],[-44.0917445,-19.9153161],[-44.0912905,-19.9164497]]]}},{"type":"Feature","properties":{"code":"32:3373","name":"Nossa Senhora Do Carmo","cityCode":"32"},"geometry":{"type":"Polygon","coordinates":[[[-44.0915763,-19.9231079],[-44.0916759,-19.9230723],[-44.0917547,-19.9228396],[-44.0909209,-19.9226882],[-44.0914746,-19.9205981],[-44.0914171,-19.9205277],[-44.0915001,-19.9201478],[-44.0921106,-19.9198521],[-44.0905453,-19.919195],[-44.0900322,-19.9190472],[-44.0899522,-19.9188909],[-44.0890757,-19.9181644],[-44.0883971,-19.9178272],[-44.0884562,-19.9180999],[-44.0883581,-19.9182908],[-44.0875514,-19.9184292],[-44.0875208,-19.9186409],[-44.0863255,-19.9184383],[-44.0862352,-19.9199582],[-44.0853696,-19.9194702],[-44.0853294,-19.9195249],[-44.0843986,-19.9187904],[-44.0841918,-19.918991],[-44.0870465,-19.9216986],[-44.0882725,-19.9226755],[-44.0895216,-19.9234771],[-44.0898572,-19.923599],[-44.0908145,-19.9238305],[-44.0913037,-19.9240611],[-44.0915763,-19.9231079]]]}},{"type":"Feature","properties":{"code":"32:3374","name":"Vila Panama","cityCode":"32"},"geometry":{"type":"Polygon","coordinates":[[[-44.0939238,-19.9248917],[-44.0938861,-19.9244498],[-44.0941621,-19.9230362],[-44.0941318,-19.9227204],[-44.0935687,-19.9213185],[-44.0932442,-19.9211552],[-44.0929688,-19.9207967],[-44.0927548,-19.920974],[-44.0928053,-19.9209867],[-44.0925703,-19.9214757],[-44.0926477,-19.9215228],[-44.0922955,-19.922187],[-44.0917547,-19.9228396],[-44.0916759,-19.9230723],[-44.0915763,-19.9231079],[-44.0913037,-19.9240611],[-44.0922621,-19.9245093],[-44.0941681,-19.9251387],[-44.0939238,-19.9248917]]]}},{"type":"Feature","properties":{"code":"32:3375","name":"Universitario - Nossa Senhora Do Carmo","cityCode":"32"},"geometry":{"type":"Polygon","coordinates":[[[-44.0928014,-19.9209311],[-44.0914746,-19.9205981],[-44.0909209,-19.9226882],[-44.0917547,-19.9228396],[-44.0922714,-19.9221275],[-44.0928053,-19.9209867],[-44.0927548,-19.920974],[-44.0928014,-19.9209311]]]}},{"type":"Feature","properties":{"code":"32:3376","name":"Fonte Grande 1A Secao","cityCode":"32"},"geometry":{"type":"Polygon","coordinates":[[[-44.0856554,-19.9215083],[-44.0862013,-19.9228571],[-44.0868241,-19.9240126],[-44.0872825,-19.9246713],[-44.0873885,-19.9245658],[-44.0879414,-19.924692],[-44.0886932,-19.924169],[-44.0889153,-19.9241759],[-44.0890486,-19.9231858],[-44.0882725,-19.9226755],[-44.0870465,-19.9216986],[-44.0847494,-19.9194906],[-44.0844709,-19.9199542],[-44.0842204,-19.9201873],[-44.0856554,-19.9215083]]]}},{"type":"Feature","properties":{"code":"32:3377","name":"Fonte Grande 4A Secao","cityCode":"32"},"geometry":{"type":"Polygon","coordinates":[[[-44.0836713,-19.9283105],[-44.0844591,-19.9294382],[-44.0843422,-19.9295428],[-44.084806,-19.9300022],[-44.0867858,-19.9316688],[-44.086948,-19.9315346],[-44.0874969,-19.9318182],[-44.0875586,-19.9317719],[-44.0876896,-19.931921],[-44.087761,-19.9318622],[-44.0879008,-19.9320148],[-44.0881573,-19.9318071],[-44.0884838,-19.9321965],[-44.0890248,-19.9322858],[-44.0890406,-19.932408],[-44.0889491,-19.9324551],[-44.0890777,-19.9326832],[-44.0894757,-19.9327664],[-44.0895615,-19.9329638],[-44.0898005,-19.9329135],[-44.0897654,-19.9327634],[-44.0937179,-19.9311835],[-44.0935405,-19.9308085],[-44.0922324,-19.9294701],[-44.0911522,-19.9303069],[-44.090845,-19.9301886],[-44.0900713,-19.9302879],[-44.0896844,-19.9302252],[-44.0895909,-19.9301514],[-44.0894437,-19.9299098],[-44.0891893,-19.9282542],[-44.089099,-19.9281231],[-44.0891711,-19.9275692],[-44.0890583,-19.9272539],[-44.0891669,-19.9269969],[-44.0883582,-19.9263754],[-44.0878213,-19.9254306],[-44.0878852,-19.9252683],[-44.0868913,-19.925708],[-44.0862827,-19.9250556],[-44.0834221,-19.9274731],[-44.0836713,-19.9283105]]]}},{"type":"Feature","properties":{"code":"32:3378","name":"Bernardo Monteiro","cityCode":"32"},"geometry":{"type":"Polygon","coordinates":[[[-44.0895615,-19.9329638],[-44.0894757,-19.9327664],[-44.0890777,-19.9326832],[-44.0890355,-19.9326083],[-44.0887328,-19.9327334],[-44.0890026,-19.9333655],[-44.0887935,-19.9334453],[-44.0889919,-19.9338839],[-44.0890898,-19.9338449],[-44.0892021,-19.9340968],[-44.0898597,-19.9340258],[-44.0901574,-19.9337064],[-44.0898005,-19.9329135],[-44.0895615,-19.9329638]]]}},{"type":"Feature","properties":{"code":"32:3379","name":"Central Parque","cityCode":"32"},"geometry":{"type":"Polygon","coordinates":[[[-44.0840334,-19.9163477],[-44.0838005,-19.9167721],[-44.0834801,-19.9167274],[-44.0834479,-19.9174946],[-44.0835584,-19.918198],[-44.0836708,-19.9182271],[-44.0837689,-19.9183751],[-44.0844805,-19.9184212],[-44.0850885,-19.9182891],[-44.0852515,-19.9182812],[-44.0852646,-19.9183376],[-44.0858336,-19.9182634],[-44.0858207,-19.9180944],[-44.085892,-19.918073],[-44.0857263,-19.9176024],[-44.0858038,-19.9173273],[-44.0863346,-19.917589],[-44.0864368,-19.9172223],[-44.0868946,-19.9164744],[-44.0865779,-19.9164312],[-44.0867396,-19.9154917],[-44.0849174,-19.9151406],[-44.0848828,-19.9152778],[-44.0841181,-19.9153621],[-44.0840334,-19.9163477]]]}},{"type":"Feature","properties":{"code":"32:3380","name":"Fonte Grande 2A Secao","cityCode":"32"},"geometry":{"type":"Polygon","coordinates":[[[-44.0819421,-19.9186911],[-44.0812158,-19.9189312],[-44.0809973,-19.9225084],[-44.0813346,-19.9237237],[-44.0824056,-19.9237029],[-44.0823387,-19.9234649],[-44.0826608,-19.9234755],[-44.0829492,-19.9231506],[-44.0833227,-19.9228981],[-44.0832305,-19.9226495],[-44.0834251,-19.922432],[-44.0834349,-19.9220445],[-44.083527,-19.9220447],[-44.0862827,-19.9250556],[-44.0870842,-19.9246098],[-44.0871663,-19.9245471],[-44.0862013,-19.9228571],[-44.0856554,-19.9215083],[-44.0842204,-19.9201873],[-44.0844709,-19.9199542],[-44.0847494,-19.9194906],[-44.0836607,-19.9184331],[-44.0834925,-19.9184259],[-44.0834524,-19.9182813],[-44.0819798,-19.9180745],[-44.0819421,-19.9186911]]]}},{"type":"Feature","properties":{"code":"32:3381","name":"Fonte Grande 3A Secao","cityCode":"32"},"geometry":{"type":"Polygon","coordinates":[[[-44.0826247,-19.9272107],[-44.0826606,-19.9274643],[-44.0831689,-19.9275161],[-44.0834221,-19.9274731],[-44.0862827,-19.9250556],[-44.083527,-19.9220447],[-44.0834094,-19.9221064],[-44.0834828,-19.922374],[-44.0833592,-19.9229297],[-44.0826002,-19.9236846],[-44.0813346,-19.9237237],[-44.0826247,-19.9272107]]]}},{"type":"Feature","properties":{"code":"32:3382","name":"Areas Industriais De Contagem","cityCode":"32"},"geometry":{"type":"Polygon","coordinates":[[[-44.0800684,-19.920788],[-44.079249,-19.9208612],[-44.0789408,-19.9209916],[-44.0789479,-19.9211638],[-44.078445,-19.9213964],[-44.078405,-19.9213312],[-44.0782877,-19.9213765],[-44.0782536,-19.9212826],[-44.0780733,-19.9213276],[-44.0780391,-19.9218731],[-44.0783284,-19.9225125],[-44.077865,-19.9231907],[-44.078804,-19.9237915],[-44.0795234,-19.9237542],[-44.0795768,-19.9243665],[-44.0790887,-19.9252725],[-44.0788199,-19.926286],[-44.0792202,-19.9278827],[-44.0796624,-19.9292074],[-44.0785749,-19.9290224],[-44.0783234,-19.9295264],[-44.0785887,-19.9297525],[-44.0790467,-19.9299031],[-44.0798092,-19.9298521],[-44.0802802,-19.929865],[-44.0805444,-19.9299441],[-44.0817286,-19.9298714],[-44.0824506,-19.9301692],[-44.0827119,-19.9301093],[-44.0828294,-19.9297448],[-44.0826022,-19.9285449],[-44.0826247,-19.9272107],[-44.0810635,-19.9228688],[-44.0809971,-19.9222861],[-44.0810797,-19.9208492],[-44.0800684,-19.920788]]]}},{"type":"Feature","properties":{"code":"32:3383","name":"Vila Angelina","cityCode":"32"},"geometry":{"type":"Polygon","coordinates":[[[-44.0858826,-19.9309284],[-44.084806,-19.9300022],[-44.0845686,-19.9301898],[-44.0841631,-19.9302887],[-44.0842282,-19.9306461],[-44.0831039,-19.9308308],[-44.0832583,-19.9317099],[-44.0859391,-19.9312157],[-44.0858826,-19.9309284]]]}},{"type":"Feature","properties":{"code":"32:3384","name":"Sao Bernardo","cityCode":"32"},"geometry":{"type":"Polygon","coordinates":[[[-44.0776102,-19.9302998],[-44.0785695,-19.9310759],[-44.0790789,-19.9302328],[-44.0785061,-19.9299961],[-44.0776763,-19.9294034],[-44.0770059,-19.9291765],[-44.0766676,-19.9299896],[-44.0776102,-19.9302998]]]}},{"type":"Feature","properties":{"code":"32:3385","name":"Lugar Denominado Fonte Grande","cityCode":"32"},"geometry":{"type":"Polygon","coordinates":[[[-44.0836607,-19.9184331],[-44.0841918,-19.918991],[-44.0843986,-19.9187904],[-44.0845949,-19.9189491],[-44.0847268,-19.9188358],[-44.0849208,-19.9190351],[-44.0848741,-19.9190891],[-44.0853696,-19.9194702],[-44.085933,-19.9197859],[-44.0862547,-19.9197417],[-44.0863384,-19.9182006],[-44.0852646,-19.9183376],[-44.0852515,-19.9182812],[-44.0850885,-19.9182891],[-44.0844805,-19.9184212],[-44.0837689,-19.9183751],[-44.0836708,-19.9182271],[-44.0835584,-19.918198],[-44.0834524,-19.9182813],[-44.0834925,-19.9184259],[-44.0836607,-19.9184331]]]}},{"type":"Feature","properties":{"code":"32:3386","name":"Arcadia","cityCode":"32"},"geometry":{"type":"Polygon","coordinates":[[[-44.0784842,-19.9137635],[-44.0788011,-19.9143689],[-44.0794809,-19.9140367],[-44.079806,-19.9139552],[-44.080115,-19.9140185],[-44.0808466,-19.9144354],[-44.0819247,-19.9143722],[-44.082093,-19.9144767],[-44.0826037,-19.9142896],[-44.0825844,-19.9131649],[-44.0817762,-19.9131627],[-44.0819539,-19.9124901],[-44.0816272,-19.9115614],[-44.0811433,-19.9113896],[-44.0809063,-19.911991],[-44.0804012,-19.9120255],[-44.0792157,-19.9122893],[-44.0793964,-19.9117377],[-44.0798882,-19.9111235],[-44.079797,-19.9108936],[-44.0794552,-19.9107473],[-44.0791471,-19.9106445],[-44.0788745,-19.9107031],[-44.0786065,-19.9108621],[-44.0783951,-19.9105178],[-44.0769305,-19.9116958],[-44.0784842,-19.9137635]]]}},{"type":"Feature","properties":{"code":"32:3387","name":"Bela Vista","cityCode":"32"},"geometry":{"type":"Polygon","coordinates":[[[-44.0699996,-19.9293642],[-44.0761545,-19.9347133],[-44.0766576,-19.9349275],[-44.0781057,-19.9350951],[-44.0788262,-19.9343388],[-44.0786194,-19.9339235],[-44.0786548,-19.9338077],[-44.0787903,-19.9337497],[-44.0786631,-19.9334734],[-44.0786299,-19.9330527],[-44.078332,-19.9326535],[-44.0768393,-19.93134],[-44.077111,-19.9304626],[-44.0765592,-19.9302775],[-44.0758081,-19.9302036],[-44.0751116,-19.9300454],[-44.0719809,-19.9292217],[-44.0716926,-19.9292317],[-44.071111,-19.9290798],[-44.0707325,-19.9290589],[-44.0699996,-19.9293642]]]}},{"type":"Feature","properties":{"code":"32:3388","name":"Chacaras Planalto","cityCode":"32"},"geometry":{"type":"Polygon","coordinates":[[[-44.047889,-19.8452615],[-44.0482568,-19.8453066],[-44.0483924,-19.8456805],[-44.0485468,-19.8458464],[-44.0493019,-19.8461256],[-44.0533336,-19.8423519],[-44.0521309,-19.8412921],[-44.047889,-19.8452615]]]}},{"type":"Feature","properties":{"code":"32:3389","name":"Chacaras Campestre","cityCode":"32"},"geometry":{"type":"Polygon","coordinates":[[[-44.0660845,-19.8522105],[-44.0660868,-19.8530803],[-44.0660434,-19.8531816],[-44.0655355,-19.8535466],[-44.0654925,-19.8539332],[-44.0655939,-19.8546886],[-44.0653284,-19.856004],[-44.0660461,-19.8557281],[-44.0672578,-19.8559142],[-44.0674644,-19.8560215],[-44.0679735,-19.8566515],[-44.068275,-19.8568938],[-44.0687359,-19.8531721],[-44.0679913,-19.8530483],[-44.0681278,-19.8514844],[-44.0682863,-19.8509602],[-44.0656962,-19.8508605],[-44.0660845,-19.8522105]]]}},{"type":"Feature","properties":{"code":"32:3390","name":"Chacaras Novo Horizonte","cityCode":"32"},"geometry":{"type":"Polygon","coordinates":[[[-44.038976,-19.8453332],[-44.0407855,-19.8461245],[-44.0400861,-19.8477194],[-44.0396536,-19.8482589],[-44.0401315,-19.8487742],[-44.0409803,-19.8499854],[-44.0424623,-19.8531436],[-44.0434263,-19.8540214],[-44.0440872,-19.8549649],[-44.0444821,-19.8554031],[-44.0457293,-19.8565444],[-44.0474791,-19.8539586],[-44.0452111,-19.8511901],[-44.0452289,-19.850866],[-44.0455002,-19.8502817],[-44.0413175,-19.8452762],[-44.0411293,-19.8451875],[-44.041218,-19.844289],[-44.0387461,-19.8435968],[-44.038976,-19.8453332]]]}},{"type":"Feature","properties":{"code":"32:3391","name":"Ruby","cityCode":"32"},"geometry":{"type":"Polygon","coordinates":[[[-44.0415615,-19.8530725],[-44.0420816,-19.852361],[-44.0409803,-19.8499854],[-44.0401315,-19.8487742],[-44.0396011,-19.8483245],[-44.0386534,-19.8515915],[-44.0386134,-19.851941],[-44.0415615,-19.8530725]]]}},{"type":"Feature","properties":{"code":"32:3392","name":"Pedra Azul 3A Secao","cityCode":"32"},"geometry":{"type":"Polygon","coordinates":[[[-44.0396938,-19.8575753],[-44.0398927,-19.8575134],[-44.0425045,-19.8539563],[-44.0424964,-19.853787],[-44.0419325,-19.8530252],[-44.0418261,-19.8527403],[-44.0391132,-19.856164],[-44.0390771,-19.8562183],[-44.0396938,-19.8575753]]]}},{"type":"Feature","properties":{"code":"32:3393","name":"Jardim Alvorada","cityCode":"32"},"geometry":{"type":"MultiPolygon","coordinates":[[[[-44.0363825,-19.836502],[-44.0361283,-19.8357018],[-44.0360562,-19.8369341],[-44.0366497,-19.8368472],[-44.0363825,-19.836502]]],[[[-44.0395425,-19.8364385],[-44.0398858,-19.8363887],[-44.0398996,-19.8360468],[-44.0398996,-19.8360468],[-44.0396455,-19.8361878],[-44.0395425,-19.8364385]]]]}},{"type":"Feature","properties":{"code":"32:3394","name":"Cayapos","cityCode":"32"},"geometry":{"type":"Polygon","coordinates":[[[-44.0347099,-19.8370239],[-44.0348299,-19.8405626],[-44.0357165,-19.8402512],[-44.0357819,-19.8404054],[-44.036793,-19.8402964],[-44.0373643,-19.8378986],[-44.0369159,-19.8375272],[-44.0364568,-19.8369071],[-44.0357491,-19.8370219],[-44.0347099,-19.8370239]]]}},{"type":"Feature","properties":{"code":"32:3395","name":"Chacaras Bom Jesus","cityCode":"32"},"geometry":{"type":"Polygon","coordinates":[[[-44.0343719,-19.8352648],[-44.0343745,-19.8360461],[-44.0313771,-19.836012],[-44.0313842,-19.8370871],[-44.030933,-19.8370974],[-44.0306692,-19.8372401],[-44.0304606,-19.8388487],[-44.0299381,-19.8390282],[-44.0298123,-19.8389808],[-44.0274481,-19.8398947],[-44.0274777,-19.8401207],[-44.027718,-19.8400209],[-44.0278644,-19.8405517],[-44.0279948,-19.84071],[-44.0281609,-19.8424674],[-44.0285911,-19.8441815],[-44.0287447,-19.8441958],[-44.0288653,-19.8445099],[-44.0302792,-19.8439998],[-44.0312982,-19.8437787],[-44.0318257,-19.8437562],[-44.0322146,-19.8439884],[-44.032843,-19.8440166],[-44.0333492,-19.8439275],[-44.0322912,-19.8413802],[-44.0312883,-19.8397252],[-44.0347702,-19.8384912],[-44.0347099,-19.8370239],[-44.0358046,-19.8370093],[-44.0358546,-19.8354839],[-44.0357919,-19.8353964],[-44.0343719,-19.8352648]]]}},{"type":"Feature","properties":{"code":"32:3396","name":"Bom Jesus","cityCode":"32"},"geometry":{"type":"Polygon","coordinates":[[[-44.0348284,-19.8416042],[-44.0347702,-19.8384912],[-44.0312883,-19.8397252],[-44.0322912,-19.8413802],[-44.0326827,-19.8423449],[-44.0348284,-19.8416042]]]}},{"type":"Feature","properties":{"code":"32:3397","name":"Parque Xangri-La 2A Secao","cityCode":"32"},"geometry":{"type":"Polygon","coordinates":[[[-44.0256698,-19.8296971],[-44.024589,-19.8300568],[-44.0227958,-19.8304904],[-44.0219768,-19.8306126],[-44.0216138,-19.8308135],[-44.0214298,-19.8310514],[-44.0207981,-19.8315485],[-44.0197544,-19.8320526],[-44.0194452,-19.8322789],[-44.019416,-19.8323272],[-44.0201383,-19.8336862],[-44.0204766,-19.8341009],[-44.0214819,-19.8349979],[-44.0219089,-19.8352432],[-44.0228942,-19.835337],[-44.0233038,-19.8356022],[-44.0267143,-19.8329766],[-44.0266451,-19.8327391],[-44.0267615,-19.8324463],[-44.0260751,-19.8316673],[-44.0260657,-19.8296231],[-44.0260213,-19.8294619],[-44.0259172,-19.8294466],[-44.0256698,-19.8296971]]]}},{"type":"Feature","properties":{"code":"32:3398","name":"Nova Pampulha","cityCode":"32"},"geometry":{"type":"Polygon","coordinates":[[[-44.0167509,-19.8307616],[-44.0175803,-19.8343666],[-44.0179277,-19.8335156],[-44.019501,-19.8324871],[-44.019416,-19.8323272],[-44.0195928,-19.8320911],[-44.0206031,-19.8316227],[-44.0211998,-19.8311833],[-44.0215421,-19.8308306],[-44.0210237,-19.8309008],[-44.0209564,-19.8308354],[-44.0207016,-19.8310157],[-44.0204446,-19.8307427],[-44.0203539,-19.8307795],[-44.0196494,-19.8304596],[-44.0188332,-19.8304749],[-44.0174706,-19.8305004],[-44.0167509,-19.8307616]]]}},{"type":"Feature","properties":{"code":"32:3399","name":"Parque Xangri-La 3A Secao","cityCode":"32"},"geometry":{"type":"Polygon","coordinates":[[[-44.0227614,-19.836088],[-44.0259366,-19.8373445],[-44.0266389,-19.8376635],[-44.0269255,-19.8379082],[-44.0273936,-19.8386937],[-44.0274481,-19.8398947],[-44.0304566,-19.83871],[-44.0306642,-19.8353219],[-44.0302415,-19.8354064],[-44.0301015,-19.8352531],[-44.0300454,-19.8353107],[-44.0296572,-19.8350787],[-44.0288875,-19.8343937],[-44.0281891,-19.8340961],[-44.0267615,-19.8324463],[-44.0266451,-19.8327391],[-44.0267143,-19.8329766],[-44.0233038,-19.8356022],[-44.0227614,-19.836088]]]}},{"type":"Feature","properties":{"code":"32:3400","name":"Lua Nova Da Pampulha","cityCode":"32"},"geometry":{"type":"Polygon","coordinates":[[[-44.0313842,-19.8370871],[-44.0313771,-19.836012],[-44.0343745,-19.8360461],[-44.0343719,-19.8352648],[-44.0310882,-19.8349485],[-44.03097,-19.8351174],[-44.0306642,-19.8353222],[-44.030597,-19.8370994],[-44.0313842,-19.8370871]]]}},{"type":"Feature","properties":{"code":"32:3401","name":"Parque Xangri-La 1A Secao","cityCode":"32"},"geometry":{"type":"Polygon","coordinates":[[[-44.0191647,-19.8368106],[-44.0200613,-19.8372592],[-44.0200765,-19.8373156],[-44.0200813,-19.8373181],[-44.0202627,-19.8380077],[-44.0167612,-19.8460143],[-44.0173882,-19.846268],[-44.0177709,-19.8460513],[-44.0180985,-19.8463443],[-44.0187689,-19.8469927],[-44.0191559,-19.8476469],[-44.0193903,-19.8477321],[-44.0193433,-19.8478949],[-44.0194246,-19.8480306],[-44.0193609,-19.848183],[-44.0195116,-19.8485757],[-44.0206792,-19.8479259],[-44.0211248,-19.8475685],[-44.0217204,-19.8467122],[-44.0220159,-19.846115],[-44.0226176,-19.8433168],[-44.022909,-19.84267],[-44.0233848,-19.8421829],[-44.0247466,-19.8412596],[-44.0259366,-19.8373445],[-44.0227614,-19.836088],[-44.0231758,-19.8357082],[-44.0229071,-19.8354957],[-44.0225077,-19.8354283],[-44.0224207,-19.8353218],[-44.0219089,-19.8352432],[-44.0214819,-19.8349979],[-44.0204766,-19.8341009],[-44.0201383,-19.8336862],[-44.019501,-19.8324871],[-44.0179277,-19.8335156],[-44.0175803,-19.8343666],[-44.0191647,-19.8368106]]]}},{"type":"Feature","properties":{"code":"32:3402","name":"Nacional 2A Secao","cityCode":"32"},"geometry":{"type":"Polygon","coordinates":[[[-44.0247466,-19.8412596],[-44.0237457,-19.8419045],[-44.022909,-19.84267],[-44.0226176,-19.8433168],[-44.0223448,-19.8445959],[-44.0255844,-19.8458378],[-44.0255852,-19.8459653],[-44.0256908,-19.8460505],[-44.0258393,-19.8460542],[-44.0259363,-19.845971],[-44.0267158,-19.8462904],[-44.0283457,-19.8446071],[-44.0286722,-19.8445473],[-44.0281609,-19.8424674],[-44.0279948,-19.84071],[-44.0278644,-19.8405517],[-44.027718,-19.8400209],[-44.0274777,-19.8401207],[-44.0273936,-19.8386937],[-44.0267876,-19.8377669],[-44.0259366,-19.8373445],[-44.0257202,-19.8379446],[-44.0254988,-19.8389814],[-44.0247466,-19.8412596]]]}},{"type":"Feature","properties":{"code":"32:3403","name":"Vila Das Gangorras","cityCode":"32"},"geometry":{"type":"Polygon","coordinates":[[[-44.0173869,-19.8505648],[-44.0165449,-19.8502343],[-44.0146452,-19.8496515],[-44.0142336,-19.8502348],[-44.0169877,-19.8520939],[-44.0173869,-19.8505648]]]}},{"type":"Feature","properties":{"code":"32:3404","name":"Braunas","cityCode":"32"},"geometry":{"type":"MultiPolygon","coordinates":[[[[-44.0209479,-19.8581729],[-44.0222764,-19.8586514],[-44.0241743,-19.857046],[-44.022331,-19.8519643],[-44.0211422,-19.8514979],[-44.0204149,-19.8505682],[-44.0202196,-19.8505224],[-44.0200969,-19.8507539],[-44.0199061,-19.8518104],[-44.0199334,-19.8525015],[-44.0184044,-19.8558703],[-44.0182198,-19.8564326],[-44.0178117,-19.8567951],[-44.0190802,-19.8573574],[-44.0190819,-19.8574224],[-44.0202652,-19.8579908],[-44.020928,-19.8582344],[-44.0209479,-19.8581729]]],[[[-44.0177444,-19.8567667],[-44.0181218,-19.8563189],[-44.0154354,-19.8531265],[-44.0137893,-19.8543296],[-44.015867,-19.8561111],[-44.0177444,-19.8567667]]],[[[-44.0101755,-19.853037],[-44.0110674,-19.8518562],[-44.0117984,-19.8512186],[-44.0116951,-19.8510962],[-44.0088047,-19.8534904],[-44.0087717,-19.8536274],[-44.0088105,-19.8536969],[-44.0093468,-19.8537859],[-44.009766,-19.8538555],[-44.0101729,-19.8535242],[-44.0101755,-19.853037]]]]}},{"type":"Feature","properties":{"code":"32:3405","name":"Vila Boa Vista","cityCode":"32"},"geometry":{"type":"Polygon","coordinates":[[[-44.0131292,-19.8515507],[-44.0136665,-19.8506442],[-44.014175,-19.850296],[-44.0146581,-19.8496331],[-44.0140944,-19.8494492],[-44.0127939,-19.850342],[-44.0118341,-19.8512069],[-44.0125534,-19.8520247],[-44.0131292,-19.8515507]]]}},{"type":"Feature","properties":{"code":"32:3406","name":"Santa Maria Da Pampulha","cityCode":"32"},"geometry":{"type":"Polygon","coordinates":[[[-44.0127939,-19.850342],[-44.0140702,-19.8494798],[-44.0146556,-19.8487276],[-44.0145855,-19.84865],[-44.0116812,-19.851011],[-44.0118341,-19.8512069],[-44.0127939,-19.850342]]]}},{"type":"Feature","properties":{"code":"32:3407","name":"Lugar Denominado Braunas","cityCode":"32"},"geometry":{"type":"MultiPolygon","coordinates":[[[[-44.0190886,-19.851006],[-44.0174909,-19.8504894],[-44.0173284,-19.8509444],[-44.0187738,-19.8512701],[-44.0190886,-19.851006]]],[[[-44.016554,-19.8501629],[-44.0163019,-19.849877],[-44.0156174,-19.8494274],[-44.0147694,-19.84957],[-44.01472,-19.8496818],[-44.0165449,-19.8502343],[-44.016554,-19.8501629]]]]}},{"type":"Feature","properties":{"code":"32:3408","name":"Nacional 1A Secao","cityCode":"32"},"geometry":{"type":"Polygon","coordinates":[[[-44.0217204,-19.8467122],[-44.0211248,-19.8475685],[-44.0206792,-19.8479259],[-44.0195116,-19.8485757],[-44.0195439,-19.8491551],[-44.0196706,-19.8493087],[-44.0196621,-19.8494343],[-44.0205591,-19.8498075],[-44.0202196,-19.85052],[-44.0204149,-19.8505658],[-44.0208173,-19.851073],[-44.0211328,-19.8511958],[-44.0210523,-19.8513824],[-44.0211422,-19.8514979],[-44.022331,-19.8519643],[-44.0224156,-19.852196],[-44.0230484,-19.8527546],[-44.0230992,-19.8526627],[-44.0240533,-19.853036],[-44.0239318,-19.8533176],[-44.0262242,-19.8542078],[-44.027339,-19.8541832],[-44.0277928,-19.8543078],[-44.030235,-19.8539519],[-44.0320991,-19.8538991],[-44.0322515,-19.8540035],[-44.0327631,-19.852834],[-44.0324456,-19.8527093],[-44.0328109,-19.8518225],[-44.0321679,-19.8515964],[-44.0323065,-19.8512777],[-44.0318902,-19.8511176],[-44.0320125,-19.8508313],[-44.0265705,-19.8487288],[-44.0266779,-19.8484875],[-44.0261865,-19.8483035],[-44.0264201,-19.8475157],[-44.0263809,-19.8472279],[-44.0262186,-19.8468705],[-44.0267158,-19.8462904],[-44.0259363,-19.845971],[-44.0258393,-19.8460542],[-44.0256908,-19.8460505],[-44.0255852,-19.8459653],[-44.0255844,-19.8458378],[-44.0223448,-19.8445959],[-44.0220159,-19.846115],[-44.0217204,-19.8467122]]]}},{"type":"Feature","properties":{"code":"32:3409","name":"Vale Das Orquideas","cityCode":"32"},"geometry":{"type":"Polygon","coordinates":[[[-44.0302792,-19.8439998],[-44.0292176,-19.8444019],[-44.0283457,-19.8446071],[-44.0277098,-19.8451974],[-44.0262472,-19.8468518],[-44.0264654,-19.8474584],[-44.026255,-19.8481122],[-44.026762,-19.8482986],[-44.0265705,-19.8487288],[-44.0324672,-19.8510055],[-44.0330383,-19.8511252],[-44.0331166,-19.8509447],[-44.0328275,-19.8508325],[-44.0329983,-19.8504552],[-44.0332834,-19.8505654],[-44.033011,-19.8504315],[-44.0332809,-19.8498309],[-44.0335274,-19.8498131],[-44.0333302,-19.8497071],[-44.0335461,-19.8492085],[-44.0338295,-19.8493264],[-44.0338861,-19.8491977],[-44.0335965,-19.8490843],[-44.0338137,-19.8485922],[-44.0340209,-19.8486758],[-44.0341735,-19.8484869],[-44.0342619,-19.8478112],[-44.0346426,-19.8473203],[-44.0334481,-19.8443714],[-44.0323059,-19.8450843],[-44.0318457,-19.8438062],[-44.0302792,-19.8439998]]]}},{"type":"Feature","properties":{"code":"32:3410","name":"Vale Das Amendoeiras","cityCode":"32"},"geometry":{"type":"Polygon","coordinates":[[[-44.0324672,-19.8510055],[-44.0321973,-19.8516066],[-44.0328109,-19.8518225],[-44.0324456,-19.8527093],[-44.0327631,-19.852834],[-44.0322666,-19.8539674],[-44.0352144,-19.8563164],[-44.0360132,-19.8545085],[-44.0353367,-19.8542332],[-44.0358626,-19.8530387],[-44.0350859,-19.8527049],[-44.0355301,-19.8516927],[-44.0364658,-19.8520025],[-44.0363098,-19.8513576],[-44.0347442,-19.84913],[-44.034172,-19.8486574],[-44.0330383,-19.8511252],[-44.0324672,-19.8510055]]]}},{"type":"Feature","properties":{"code":"32:3411","name":"Vila Francisco Mariano","cityCode":"32"},"geometry":{"type":"Polygon","coordinates":[[[-44.0233219,-19.8588986],[-44.0247953,-19.8588335],[-44.0241743,-19.857046],[-44.0222764,-19.8586514],[-44.0233219,-19.8588986]]]}},{"type":"Feature","properties":{"code":"32:3412","name":"Tijuca","cityCode":"32"},"geometry":{"type":"MultiPolygon","coordinates":[[[[-44.0149693,-19.8607987],[-44.0154475,-19.860443],[-44.0158451,-19.8601472],[-44.016035,-19.8592015],[-44.0164849,-19.8586467],[-44.0191748,-19.8600811],[-44.0190705,-19.8621812],[-44.0196854,-19.8620288],[-44.0214676,-19.8633136],[-44.0216418,-19.8631786],[-44.0217721,-19.8624863],[-44.0221988,-19.8615204],[-44.0218425,-19.8601671],[-44.0218675,-19.8599987],[-44.0238705,-19.8599186],[-44.0244144,-19.8598158],[-44.024796,-19.8588335],[-44.023151,-19.8588834],[-44.0221548,-19.8586326],[-44.0219919,-19.8586536],[-44.0209915,-19.858295],[-44.0178781,-19.8568556],[-44.0157261,-19.8560773],[-44.0138455,-19.854533],[-44.011262,-19.857435],[-44.012647,-19.8580333],[-44.0149693,-19.8607987]]],[[[-44.0136609,-19.8545019],[-44.0138445,-19.8545324],[-44.0137363,-19.8544623],[-44.0136609,-19.8545019]]]]}},{"type":"Feature","properties":{"code":"32:3413","name":"Vila Cowan","cityCode":"32"},"geometry":{"type":"Polygon","coordinates":[[[-44.0259755,-19.8548027],[-44.0257132,-19.8554108],[-44.0265814,-19.8556837],[-44.0277289,-19.8543645],[-44.0272373,-19.8542174],[-44.0268182,-19.8542621],[-44.0262242,-19.8542102],[-44.0257554,-19.8540231],[-44.0257234,-19.8540819],[-44.0252113,-19.8540701],[-44.0248529,-19.8537938],[-44.0246049,-19.8537252],[-44.0245085,-19.853549],[-44.0233869,-19.8531116],[-44.0224156,-19.852196],[-44.0229395,-19.8536302],[-44.0259755,-19.8548027]]]}},{"type":"Feature","properties":{"code":"32:3414","name":"Vila Cowan 2A Secao","cityCode":"32"},"geometry":{"type":"Polygon","coordinates":[[[-44.0244839,-19.8568383],[-44.0252709,-19.8571547],[-44.0265814,-19.8556837],[-44.0257132,-19.8554108],[-44.0259755,-19.8548027],[-44.0229395,-19.8536302],[-44.0241743,-19.857046],[-44.0244839,-19.8568383]]]}},{"type":"Feature","properties":{"code":"32:3415","name":"Recanto Da Pampulha","cityCode":"32"},"geometry":{"type":"Polygon","coordinates":[[[-44.0218675,-19.8599987],[-44.0218425,-19.8601671],[-44.0221988,-19.8615204],[-44.0217424,-19.8625902],[-44.0216723,-19.8632662],[-44.0217388,-19.8636128],[-44.0221503,-19.8634551],[-44.0220381,-19.8631871],[-44.0223594,-19.8630353],[-44.0220083,-19.8621194],[-44.0223236,-19.8620123],[-44.0227897,-19.8632353],[-44.025047,-19.8624757],[-44.0250276,-19.8614796],[-44.0249175,-19.8611333],[-44.0255399,-19.8609024],[-44.0248117,-19.8589939],[-44.0244144,-19.8598158],[-44.0238705,-19.8599186],[-44.0218675,-19.8599987]]]}},{"type":"Feature","properties":{"code":"32:3416","name":"Confisco","cityCode":"32"},"geometry":{"type":"Polygon","coordinates":[[[-44.0222046,-19.8676278],[-44.0236008,-19.8671955],[-44.0237144,-19.8673078],[-44.0239778,-19.8672181],[-44.0242257,-19.867444],[-44.0242785,-19.8673834],[-44.0243992,-19.8674328],[-44.0244899,-19.8673025],[-44.0247382,-19.8668011],[-44.0244189,-19.8665318],[-44.0242459,-19.8664616],[-44.0241384,-19.8665246],[-44.0242256,-19.8660956],[-44.0225333,-19.8658573],[-44.022493,-19.8653255],[-44.0224107,-19.8653411],[-44.0223891,-19.8652083],[-44.0222586,-19.8651214],[-44.022088,-19.865306],[-44.0221435,-19.8650874],[-44.0216638,-19.8647668],[-44.0217908,-19.8643855],[-44.0217716,-19.864181],[-44.0216758,-19.8637264],[-44.0213954,-19.8632228],[-44.0196854,-19.8620288],[-44.0190705,-19.8621812],[-44.0190675,-19.8624669],[-44.0221981,-19.8676101],[-44.0221952,-19.8676125],[-44.0222046,-19.8676278]]]}},{"type":"Feature","properties":{"code":"32:3417","name":"Vila Estrela Dalva","cityCode":"32"},"geometry":{"type":"Polygon","coordinates":[[[-44.0255399,-19.8609024],[-44.0249175,-19.8611333],[-44.0250276,-19.8614796],[-44.025047,-19.8624757],[-44.0227897,-19.8632353],[-44.0223236,-19.8620123],[-44.0220083,-19.8621194],[-44.0223594,-19.8630353],[-44.0220381,-19.8631871],[-44.0221503,-19.8634551],[-44.0217388,-19.8636128],[-44.0216755,-19.863724],[-44.0217908,-19.8643855],[-44.0216638,-19.8647668],[-44.0221435,-19.8650874],[-44.022088,-19.865306],[-44.0222586,-19.8651214],[-44.0223891,-19.8652083],[-44.0224107,-19.8653411],[-44.022493,-19.8653255],[-44.0225333,-19.8658573],[-44.024577,-19.866163],[-44.0249199,-19.8660871],[-44.0251134,-19.8668033],[-44.0248469,-19.8674988],[-44.025013,-19.8675653],[-44.0249772,-19.8676692],[-44.0259482,-19.8675277],[-44.0260273,-19.8675807],[-44.0260119,-19.8674985],[-44.0266381,-19.8673913],[-44.0270085,-19.867113],[-44.0270826,-19.8670198],[-44.027036,-19.8669403],[-44.0279372,-19.8667937],[-44.02797,-19.8667358],[-44.027879,-19.8665265],[-44.0271639,-19.866676],[-44.0267822,-19.8668407],[-44.0265482,-19.8666644],[-44.0275221,-19.8653609],[-44.0276571,-19.865267],[-44.0279096,-19.8642122],[-44.0270615,-19.8608788],[-44.0271528,-19.8608055],[-44.0270615,-19.8605442],[-44.0256009,-19.8610632],[-44.0255399,-19.8609024]]]}},{"type":"Feature","properties":{"code":"32:3418","name":"Vila Sao Mateus","cityCode":"32"},"geometry":{"type":"Polygon","coordinates":[[[-44.0276895,-19.8632265],[-44.02774,-19.8632103],[-44.0279763,-19.8640547],[-44.0278734,-19.8641861],[-44.0278664,-19.8645046],[-44.0276873,-19.8649551],[-44.0276571,-19.865267],[-44.0275221,-19.8653609],[-44.0265482,-19.8666644],[-44.0267822,-19.8668407],[-44.0271639,-19.866676],[-44.027879,-19.8665265],[-44.0301085,-19.8658537],[-44.0299965,-19.8655386],[-44.0302736,-19.865347],[-44.0308197,-19.8646154],[-44.0306248,-19.863363],[-44.030672,-19.8632739],[-44.0304152,-19.8621221],[-44.0305982,-19.8620784],[-44.0305161,-19.8612568],[-44.030102,-19.8594137],[-44.0297682,-19.859437],[-44.0292416,-19.8592223],[-44.0292469,-19.8592864],[-44.0288084,-19.8592026],[-44.0285106,-19.8598044],[-44.0282876,-19.8599132],[-44.0283153,-19.8601022],[-44.0275676,-19.8606303],[-44.0270908,-19.8608317],[-44.0276895,-19.8632265]]]}},{"type":"Feature","properties":{"code":"32:3419","name":"Chacaras Cotia","cityCode":"32"},"geometry":{"type":"Polygon","coordinates":[[[-44.0305761,-19.8618635],[-44.0308829,-19.8619585],[-44.0308582,-19.8620311],[-44.0392737,-19.8650552],[-44.0404641,-19.8670802],[-44.0412338,-19.8674046],[-44.0410363,-19.8713003],[-44.0459187,-19.8723423],[-44.0447599,-19.8700017],[-44.0443955,-19.8690265],[-44.0458685,-19.8678185],[-44.0460799,-19.8675643],[-44.0453796,-19.8673059],[-44.0453804,-19.8672364],[-44.0413434,-19.8657883],[-44.0414755,-19.8645507],[-44.0399262,-19.8635773],[-44.0392753,-19.8629187],[-44.0390217,-19.8623875],[-44.0385436,-19.8619489],[-44.0377433,-19.8614778],[-44.036369,-19.8608747],[-44.0357456,-19.8607447],[-44.0349063,-19.860842],[-44.0349194,-19.8605803],[-44.0334937,-19.8606663],[-44.0329192,-19.8602225],[-44.0321495,-19.8598769],[-44.0311139,-19.8596744],[-44.0306594,-19.859701],[-44.0301114,-19.8595433],[-44.0304614,-19.8607985],[-44.0305761,-19.8618635]]]}},{"type":"Feature","properties":{"code":"32:3420","name":"Chacaras Reunidas Santa Terezinha","cityCode":"32"},"geometry":{"type":"Polygon","coordinates":[[[-44.0395427,-19.8630205],[-44.0397331,-19.863335],[-44.0400339,-19.8636319],[-44.0411188,-19.8642284],[-44.0414779,-19.8645119],[-44.0413434,-19.8657883],[-44.0453804,-19.8672364],[-44.0453796,-19.8673059],[-44.0461067,-19.8675741],[-44.0466214,-19.8666581],[-44.0461544,-19.8663868],[-44.0474145,-19.8649853],[-44.0442507,-19.8626501],[-44.0445776,-19.8623505],[-44.0445548,-19.8622595],[-44.0424163,-19.8610972],[-44.0395427,-19.8630205]]]}},{"type":"Feature","properties":{"code":"32:3421","name":"Novo Recanto","cityCode":"32"},"geometry":{"type":"Polygon","coordinates":[[[-44.0271528,-19.8608055],[-44.0275676,-19.8606303],[-44.0283153,-19.8601022],[-44.0282876,-19.8599132],[-44.0285106,-19.8598044],[-44.0285869,-19.8595505],[-44.0290436,-19.858953],[-44.0286606,-19.8587554],[-44.0285196,-19.8585468],[-44.0279794,-19.8582741],[-44.0277591,-19.8580295],[-44.0272659,-19.8577441],[-44.0262787,-19.8575222],[-44.0257079,-19.8572933],[-44.02498,-19.8585648],[-44.0258705,-19.8609674],[-44.0270615,-19.8605442],[-44.0271528,-19.8608055]]]}},{"type":"Feature","properties":{"code":"32:3422","name":"Pedra Azul 1A Secao","cityCode":"32"},"geometry":{"type":"Polygon","coordinates":[[[-44.0380199,-19.8614819],[-44.0396745,-19.8629835],[-44.0423929,-19.8611174],[-44.0417927,-19.8607076],[-44.0417573,-19.8607448],[-44.0403885,-19.8593359],[-44.0397393,-19.8582412],[-44.0394203,-19.8591203],[-44.0384256,-19.860551],[-44.0380199,-19.8614819]]]}},{"type":"Feature","properties":{"code":"32:3423","name":"Senhora Da Conceicao","cityCode":"32"},"geometry":{"type":"Polygon","coordinates":[[[-44.0363634,-19.8572276],[-44.0364856,-19.8574736],[-44.036947,-19.8576537],[-44.0382522,-19.8572902],[-44.0385422,-19.8572708],[-44.0387968,-19.8565717],[-44.0387532,-19.8560848],[-44.0384311,-19.85556],[-44.038115,-19.8547582],[-44.0380582,-19.854037],[-44.0381808,-19.8534041],[-44.0371194,-19.8531157],[-44.0366788,-19.8523336],[-44.0354643,-19.8518565],[-44.0350859,-19.8527049],[-44.0358626,-19.8530387],[-44.0353367,-19.8542332],[-44.0360132,-19.8545085],[-44.0351861,-19.8563766],[-44.0363634,-19.8572276]]]}},{"type":"Feature","properties":{"code":"32:3424","name":"Pedra Azul 2A Secao","cityCode":"32"},"geometry":{"type":"Polygon","coordinates":[[[-44.030235,-19.8539519],[-44.0277755,-19.8543181],[-44.0267571,-19.8554786],[-44.0383134,-19.8599389],[-44.0385829,-19.8603003],[-44.0394203,-19.8591203],[-44.0397393,-19.8582412],[-44.0397641,-19.8578316],[-44.0395229,-19.8571272],[-44.0391873,-19.8571549],[-44.0388617,-19.8570791],[-44.0387991,-19.857196],[-44.036947,-19.8576546],[-44.0364856,-19.8574736],[-44.0363634,-19.8572286],[-44.0351857,-19.8563774],[-44.0352144,-19.8563164],[-44.0322666,-19.8539674],[-44.0320991,-19.8538991],[-44.030235,-19.8539519]]]}},{"type":"Feature","properties":{"code":"32:3425","name":"Carajas","cityCode":"32"},"geometry":{"type":"Polygon","coordinates":[[[-44.0313587,-19.8597043],[-44.0321495,-19.8598764],[-44.0329192,-19.860222],[-44.0334937,-19.8606658],[-44.0349194,-19.8605798],[-44.0349063,-19.8608416],[-44.0357456,-19.8607442],[-44.036196,-19.8608136],[-44.0379648,-19.8616011],[-44.0381314,-19.861121],[-44.0385829,-19.8603003],[-44.0383134,-19.8599389],[-44.0267571,-19.8554786],[-44.025427,-19.8570053],[-44.026669,-19.8575215],[-44.0273261,-19.8576537],[-44.0290229,-19.8588671],[-44.0298314,-19.8592535],[-44.0298665,-19.8594004],[-44.030102,-19.8594137],[-44.0301114,-19.8595428],[-44.0306067,-19.8596766],[-44.0313587,-19.8597043]]]}},{"type":"Feature","properties":{"code":"32:3426","name":"Arvoredo 2A Secao","cityCode":"32"},"geometry":{"type":"Polygon","coordinates":[[[-44.020425,-19.873005],[-44.0204645,-19.8733199],[-44.0206406,-19.8733013],[-44.0253516,-19.8787085],[-44.0263542,-19.8779422],[-44.0312737,-19.8762875],[-44.0308476,-19.8751208],[-44.0284551,-19.8752084],[-44.0278353,-19.8751331],[-44.0272403,-19.874898],[-44.0247705,-19.8733759],[-44.024138,-19.8730951],[-44.0233425,-19.8730023],[-44.0223463,-19.8730996],[-44.0254489,-19.8710211],[-44.0254536,-19.8709367],[-44.0265555,-19.8701815],[-44.0272404,-19.8695068],[-44.0273351,-19.8692376],[-44.0271764,-19.8686042],[-44.0278295,-19.8678021],[-44.0283248,-19.8676972],[-44.027977,-19.8668144],[-44.0273547,-19.866958],[-44.0268861,-19.8671664],[-44.0266381,-19.8673913],[-44.0260119,-19.8674985],[-44.0261112,-19.868598],[-44.0262843,-19.8692979],[-44.0254374,-19.8694965],[-44.0251357,-19.869552],[-44.0251164,-19.8694909],[-44.0249698,-19.8695094],[-44.024133,-19.8696848],[-44.0237589,-19.8675307],[-44.0234417,-19.8676079],[-44.0234854,-19.8678954],[-44.0222533,-19.868282],[-44.0218262,-19.8681131],[-44.0217099,-19.8679291],[-44.0207755,-19.8679299],[-44.0206263,-19.86793],[-44.0191437,-19.8685959],[-44.0184904,-19.8692127],[-44.0184904,-19.8692127],[-44.0183534,-19.8704813],[-44.0185352,-19.8709143],[-44.0186181,-19.8711119],[-44.020425,-19.873005]]]}},{"type":"Feature","properties":{"code":"32:3427","name":"Santana","cityCode":"32"},"geometry":{"type":"Polygon","coordinates":[[[-44.0238506,-19.8673723],[-44.0239418,-19.8674567],[-44.0238869,-19.8675469],[-44.0237589,-19.8675307],[-44.024133,-19.8696848],[-44.0249698,-19.8695094],[-44.0251164,-19.8694909],[-44.0251357,-19.869552],[-44.0262843,-19.8692979],[-44.0259706,-19.8675416],[-44.0246884,-19.8676965],[-44.0243822,-19.8675722],[-44.0239778,-19.8672181],[-44.0237144,-19.8673078],[-44.0237409,-19.8674506],[-44.0238506,-19.8673723]]]}},{"type":"Feature","properties":{"code":"32:3428","name":"Portal Do Sol","cityCode":"32"},"geometry":{"type":"Polygon","coordinates":[[[-44.0406993,-19.8726105],[-44.0410363,-19.8713003],[-44.0411605,-19.8690507],[-44.039929,-19.8687585],[-44.0403977,-19.8669401],[-44.0392737,-19.8650552],[-44.0376965,-19.8644885],[-44.0374133,-19.8659011],[-44.0370131,-19.8659632],[-44.0363177,-19.8662224],[-44.0357661,-19.8679268],[-44.0355524,-19.8679347],[-44.0351535,-19.8683963],[-44.0347541,-19.8685828],[-44.034433,-19.8686712],[-44.0343191,-19.868637],[-44.0341057,-19.8688135],[-44.0349875,-19.8697656],[-44.0355587,-19.8702485],[-44.0356373,-19.8704804],[-44.0355214,-19.8712065],[-44.035553,-19.8716657],[-44.0358156,-19.8723671],[-44.036205,-19.872834],[-44.0395722,-19.8746663],[-44.0406993,-19.8726105]]]}},{"type":"Feature","properties":{"code":"32:3429","name":"Empresarial Do Mandu","cityCode":"32"},"geometry":{"type":"Polygon","coordinates":[[[-44.0514717,-19.8764636],[-44.0515098,-19.8761804],[-44.0519063,-19.8758242],[-44.0520657,-19.875512],[-44.0521349,-19.8754993],[-44.0519694,-19.8752384],[-44.052168,-19.8751912],[-44.0522199,-19.8751097],[-44.0520252,-19.8743004],[-44.0522199,-19.8738852],[-44.0520603,-19.8736259],[-44.0520504,-19.873457],[-44.0515923,-19.8727711],[-44.0509897,-19.8722525],[-44.0509532,-19.8718158],[-44.050698,-19.8715481],[-44.0506218,-19.8710929],[-44.0503555,-19.8706899],[-44.0501109,-19.8705572],[-44.0499365,-19.8701817],[-44.0495407,-19.869696],[-44.0495243,-19.869493],[-44.0491637,-19.8692563],[-44.0489332,-19.8684239],[-44.0485877,-19.8683144],[-44.0487047,-19.8679672],[-44.048631,-19.8679348],[-44.0453718,-19.871225],[-44.0459187,-19.8723423],[-44.0460349,-19.8729827],[-44.0459209,-19.8741004],[-44.0460746,-19.8743594],[-44.0509269,-19.87493],[-44.0508399,-19.8758556],[-44.0509962,-19.8762619],[-44.0513033,-19.876583],[-44.0514717,-19.8764636]]]}},{"type":"Feature","properties":{"code":"32:3430","name":"Cabral","cityCode":"32"},"geometry":{"type":"Polygon","coordinates":[[[-44.0388181,-19.8837515],[-44.0389328,-19.8841959],[-44.0388255,-19.8848827],[-44.0385338,-19.8856313],[-44.0395103,-19.8862811],[-44.0409256,-19.8865807],[-44.0411412,-19.8849203],[-44.0423953,-19.8850774],[-44.0425196,-19.8844058],[-44.0418177,-19.8841653],[-44.0417098,-19.8841143],[-44.0417159,-19.8840363],[-44.0414331,-19.884024],[-44.0407591,-19.8843667],[-44.0403264,-19.8834716],[-44.0403257,-19.8833491],[-44.0405446,-19.8833068],[-44.0407786,-19.8831456],[-44.0412048,-19.8832579],[-44.0414351,-19.8831012],[-44.0415412,-19.8832086],[-44.0416585,-19.8832084],[-44.0422642,-19.8828914],[-44.0425422,-19.8829837],[-44.0428336,-19.8829358],[-44.0438564,-19.8820325],[-44.0447796,-19.8815348],[-44.044148,-19.8809034],[-44.0450364,-19.8799195],[-44.0462671,-19.879134],[-44.0477878,-19.8785518],[-44.0466747,-19.8768459],[-44.0466654,-19.8767098],[-44.046408,-19.8763034],[-44.0461838,-19.8760419],[-44.0470705,-19.8754555],[-44.0463643,-19.8748286],[-44.0462315,-19.8746343],[-44.0462903,-19.8745776],[-44.0460392,-19.8744401],[-44.0460746,-19.8743594],[-44.0459209,-19.8741004],[-44.0460349,-19.8729827],[-44.0459187,-19.8723423],[-44.0410363,-19.8713003],[-44.0406993,-19.8726105],[-44.0391918,-19.8753097],[-44.038943,-19.8761375],[-44.0373127,-19.8781146],[-44.035035,-19.8792504],[-44.035422,-19.8796821],[-44.035588,-19.8799794],[-44.0359296,-19.8813278],[-44.0362301,-19.8817808],[-44.0365689,-19.8820802],[-44.0383909,-19.8832058],[-44.0388181,-19.8837515]]]}},{"type":"Feature","properties":{"code":"32:3431","name":"Candida Ferreira","cityCode":"32"},"geometry":{"type":"Polygon","coordinates":[[[-44.0492792,-19.8791583],[-44.0503447,-19.8782174],[-44.0510296,-19.8777716],[-44.0514076,-19.8777308],[-44.0517989,-19.8774395],[-44.0517291,-19.8769342],[-44.0511829,-19.8764828],[-44.0509003,-19.8760644],[-44.0508399,-19.8758556],[-44.0509269,-19.87493],[-44.0460746,-19.8743594],[-44.0460392,-19.8744401],[-44.0462903,-19.8745776],[-44.0462315,-19.8746343],[-44.0463643,-19.8748286],[-44.0470705,-19.8754555],[-44.0461838,-19.8760419],[-44.046408,-19.8763034],[-44.0466654,-19.8767098],[-44.0466747,-19.8768459],[-44.0479976,-19.8788908],[-44.0483504,-19.8798246],[-44.0492792,-19.8791583]]]}},{"type":"Feature","properties":{"code":"32:3432","name":"Sao Sebastiao","cityCode":"32"},"geometry":{"type":"Polygon","coordinates":[[[-44.0502312,-19.8879977],[-44.052985,-19.8881136],[-44.0535416,-19.888197],[-44.0543447,-19.8873304],[-44.0542189,-19.8867853],[-44.0522116,-19.8812315],[-44.0506106,-19.8811574],[-44.0502312,-19.8879977]]]}},{"type":"Feature","properties":{"code":"32:3433","name":"Chacaras Boa Vista","cityCode":"32"},"geometry":{"type":"Polygon","coordinates":[[[-44.0502968,-19.892998],[-44.054947,-19.8932287],[-44.0545059,-19.8896174],[-44.0543792,-19.8891219],[-44.0523019,-19.8898885],[-44.0518148,-19.8898959],[-44.0504652,-19.8901296],[-44.0502968,-19.892998]]]}},{"type":"Feature","properties":{"code":"32:3434","name":"Sao Sebastiao 2A Secao","cityCode":"32"},"geometry":{"type":"Polygon","coordinates":[[[-44.0516769,-19.8882006],[-44.0526197,-19.8897519],[-44.0543792,-19.8891219],[-44.0539201,-19.8884939],[-44.0535416,-19.888197],[-44.052985,-19.8881136],[-44.0517433,-19.8880855],[-44.0516769,-19.8882006]]]}},{"type":"Feature","properties":{"code":"32:3435","name":"Campina Verde","cityCode":"32"},"geometry":{"type":"Polygon","coordinates":[[[-44.0548308,-19.8955603],[-44.0557876,-19.895906],[-44.0574083,-19.8946559],[-44.0549766,-19.8932301],[-44.0513602,-19.8930557],[-44.0512675,-19.894652],[-44.0548308,-19.8955603]]]}},{"type":"Feature","properties":{"code":"32:3436","name":"Comercio","cityCode":"32"},"geometry":{"type":"Polygon","coordinates":[[[-44.0542215,-19.9012764],[-44.0540817,-19.9016955],[-44.05219,-19.9012274],[-44.0523773,-19.9005511],[-44.0515625,-19.9004057],[-44.0514878,-19.9004744],[-44.0506148,-19.900215],[-44.0501462,-19.9002364],[-44.0501435,-19.9010131],[-44.0502422,-19.9013126],[-44.0511566,-19.9022975],[-44.0513635,-19.9026245],[-44.0514138,-19.90291],[-44.051301,-19.9040735],[-44.0533982,-19.9046311],[-44.0538544,-19.903822],[-44.0542191,-19.9033767],[-44.0547492,-19.9029597],[-44.0551217,-19.9024349],[-44.0561017,-19.9019314],[-44.0564827,-19.9019241],[-44.0567354,-19.9016038],[-44.0566804,-19.901461],[-44.0568984,-19.901325],[-44.0572166,-19.9014314],[-44.0573642,-19.9013829],[-44.0576351,-19.9010759],[-44.0576586,-19.9008831],[-44.0579823,-19.9007048],[-44.0581855,-19.9007066],[-44.0581828,-19.9005352],[-44.0576974,-19.8995466],[-44.0566874,-19.8997798],[-44.0542215,-19.9012764]]]}},{"type":"Feature","properties":{"code":"32:3437","name":"Jardim Do Lago","cityCode":"32"},"geometry":{"type":"Polygon","coordinates":[[[-44.045472,-19.8822667],[-44.0483504,-19.8798246],[-44.0479976,-19.8788908],[-44.0477878,-19.8785518],[-44.0462671,-19.879134],[-44.0450364,-19.8799195],[-44.044148,-19.8809034],[-44.045472,-19.8822667]]]}},{"type":"Feature","properties":{"code":"32:3438","name":"Novo Boa Vista","cityCode":"32"},"geometry":{"type":"Polygon","coordinates":[[[-44.0489027,-19.885318],[-44.0483474,-19.8863553],[-44.0503051,-19.8866659],[-44.0502995,-19.8845767],[-44.049977,-19.884555],[-44.050203,-19.8791984],[-44.0497392,-19.8787712],[-44.0477394,-19.880323],[-44.045472,-19.8822667],[-44.048038,-19.8850225],[-44.0489027,-19.885318]]]}},{"type":"Feature","properties":{"code":"32:3439","name":"Kennedy","cityCode":"32"},"geometry":{"type":"Polygon","coordinates":[[[-44.0457551,-19.8886624],[-44.0458532,-19.8880032],[-44.0468827,-19.8881682],[-44.0473251,-19.8889187],[-44.0474245,-19.8889334],[-44.0478071,-19.8895526],[-44.049011,-19.8897391],[-44.0497941,-19.8893415],[-44.0501623,-19.8893275],[-44.0503051,-19.8866659],[-44.0480641,-19.8863207],[-44.0466349,-19.8846984],[-44.0463679,-19.8847894],[-44.0462849,-19.8847527],[-44.0458242,-19.8838214],[-44.0461994,-19.8836613],[-44.0452014,-19.8825992],[-44.0442758,-19.8837321],[-44.0435718,-19.8841773],[-44.0435861,-19.8843323],[-44.0425196,-19.8844058],[-44.041915,-19.887908],[-44.0420137,-19.8880687],[-44.0457551,-19.8886624]]]}},{"type":"Feature","properties":{"code":"32:3440","name":"Kennedy 2A Secao","cityCode":"32"},"geometry":{"type":"Polygon","coordinates":[[[-44.0422642,-19.8828914],[-44.0416585,-19.8832084],[-44.0415412,-19.8832086],[-44.0414351,-19.8831012],[-44.0412048,-19.8832579],[-44.0407786,-19.8831456],[-44.0405446,-19.8833068],[-44.0403257,-19.8833491],[-44.0403264,-19.8834716],[-44.0407591,-19.8843667],[-44.0414331,-19.884024],[-44.0417159,-19.8840363],[-44.0417098,-19.8841143],[-44.0418177,-19.8841653],[-44.0425196,-19.8844058],[-44.0435861,-19.8843323],[-44.0435718,-19.8841773],[-44.044187,-19.8838142],[-44.0447557,-19.8831205],[-44.0439802,-19.8819688],[-44.0428336,-19.8829358],[-44.0425422,-19.8829837],[-44.0422642,-19.8828914]]]}},{"type":"Feature","properties":{"code":"32:3441","name":"Feijao Miudo","cityCode":"32"},"geometry":{"type":"Polygon","coordinates":[[[-44.0394523,-19.8870107],[-44.0397295,-19.8870437],[-44.0396794,-19.8874053],[-44.0402525,-19.8874827],[-44.0402284,-19.8876624],[-44.0405134,-19.8877003],[-44.0405055,-19.887749],[-44.0417839,-19.8879046],[-44.0417317,-19.8866846],[-44.0398638,-19.8863806],[-44.0394523,-19.8870107]]]}},{"type":"Feature","properties":{"code":"32:3442","name":"Arpoador","cityCode":"32"},"geometry":{"type":"Polygon","coordinates":[[[-44.0380851,-19.8882121],[-44.0381023,-19.8867384],[-44.0385338,-19.8856313],[-44.0379965,-19.8851932],[-44.0376024,-19.8850685],[-44.0369605,-19.8851726],[-44.0352566,-19.8857889],[-44.0362509,-19.888335],[-44.0373474,-19.8891252],[-44.0380851,-19.8882121]]]}},{"type":"Feature","properties":{"code":"32:3443","name":"Ceasa Minas","cityCode":"32"},"geometry":{"type":"Polygon","coordinates":[[[-44.0383297,-19.8868963],[-44.0384151,-19.8887269],[-44.0386614,-19.8896277],[-44.0398406,-19.8922535],[-44.0403607,-19.8932679],[-44.0443082,-19.8984011],[-44.0445649,-19.8989751],[-44.0448492,-19.900296],[-44.0449767,-19.9005214],[-44.0456929,-19.9011132],[-44.046446,-19.9015311],[-44.0468496,-19.9016618],[-44.0471942,-19.9016248],[-44.0480304,-19.9012736],[-44.048694,-19.9012503],[-44.0489917,-19.9011413],[-44.0493382,-19.9007756],[-44.0494236,-19.9002351],[-44.0496482,-19.8965969],[-44.0496827,-19.8947638],[-44.04909,-19.8944198],[-44.0490477,-19.8943144],[-44.0491254,-19.8940016],[-44.0493199,-19.8939529],[-44.0495419,-19.8941091],[-44.0497941,-19.8893415],[-44.0489713,-19.8897467],[-44.0479684,-19.8895988],[-44.0477483,-19.8895013],[-44.0474245,-19.8889334],[-44.0425232,-19.8881899],[-44.0423058,-19.8890846],[-44.0418049,-19.8888409],[-44.0414448,-19.8887698],[-44.0408834,-19.8884304],[-44.0414019,-19.8879],[-44.0405016,-19.8877937],[-44.0391917,-19.8872115],[-44.038875,-19.8871957],[-44.0387894,-19.8870789],[-44.0383297,-19.8868963]]]}},{"type":"Feature","properties":{"code":"32:3444","name":"Distrito Industrial Dr Helio Pentagna Guimaraes","cityCode":"32"},"geometry":{"type":"Polygon","coordinates":[[[-44.0313088,-19.8854277],[-44.0319293,-19.8855341],[-44.0349716,-19.8858543],[-44.0369605,-19.8851726],[-44.0376024,-19.8850685],[-44.0379965,-19.8851932],[-44.0385338,-19.8856313],[-44.0388255,-19.8848827],[-44.0389328,-19.8841959],[-44.0388181,-19.8837515],[-44.0383909,-19.8832058],[-44.0365689,-19.8820802],[-44.0362301,-19.8817808],[-44.0359296,-19.8813278],[-44.035588,-19.8799794],[-44.035422,-19.8796821],[-44.035035,-19.8792504],[-44.0330131,-19.8802882],[-44.0333448,-19.8811429],[-44.0309211,-19.8819928],[-44.0302774,-19.8822929],[-44.0299954,-19.882944],[-44.0294087,-19.8834333],[-44.0301013,-19.8842404],[-44.0303578,-19.8849004],[-44.0313088,-19.8854277]]]}},{"type":"Feature","properties":{"code":"32:3445","name":"Sao Joaquim 3A Secao","cityCode":"32"},"geometry":{"type":"Polygon","coordinates":[[[-44.0180235,-19.8747734],[-44.0189998,-19.875288],[-44.0192525,-19.8751158],[-44.0194845,-19.8753624],[-44.0198568,-19.8762165],[-44.0213116,-19.8790319],[-44.0214855,-19.8796138],[-44.0239257,-19.8770164],[-44.0206406,-19.8733013],[-44.0204645,-19.8733199],[-44.020425,-19.873005],[-44.0191651,-19.8716577],[-44.0189739,-19.8717898],[-44.0189933,-19.8719409],[-44.0183527,-19.8733389],[-44.0180235,-19.8747734]]]}},{"type":"Feature","properties":{"code":"32:3446","name":"Vila Santa Luzia","cityCode":"32"},"geometry":{"type":"Polygon","coordinates":[[[-44.0159148,-19.8776703],[-44.0182566,-19.8786886],[-44.0194859,-19.8791203],[-44.0199853,-19.8783394],[-44.0192009,-19.8774175],[-44.0200562,-19.87659],[-44.0194845,-19.8753624],[-44.0192525,-19.8751158],[-44.0189998,-19.875288],[-44.0180235,-19.8747734],[-44.0173494,-19.8747121],[-44.0153496,-19.8771635],[-44.0156337,-19.8775537],[-44.0156931,-19.8775112],[-44.0159148,-19.8776703]]]}},{"type":"Feature","properties":{"code":"32:3447","name":"Terrenos De Jovelina Camila Lopes","cityCode":"32"},"geometry":{"type":"Polygon","coordinates":[[[-44.0200562,-19.87659],[-44.0192009,-19.8774175],[-44.0199853,-19.8783394],[-44.0201942,-19.878709],[-44.0208842,-19.8782012],[-44.0200562,-19.87659]]]}},{"type":"Feature","properties":{"code":"32:3448","name":"Parque Dos Turistas","cityCode":"32"},"geometry":{"type":"Polygon","coordinates":[[[-44.0152537,-19.878972],[-44.0165515,-19.8793201],[-44.0161998,-19.8807095],[-44.0188652,-19.8812469],[-44.0189232,-19.8812936],[-44.0187718,-19.8818653],[-44.02051,-19.8827954],[-44.0205618,-19.8827091],[-44.0206681,-19.8827447],[-44.0222129,-19.8833823],[-44.0222937,-19.883756],[-44.0229284,-19.8834781],[-44.0223552,-19.8831702],[-44.0222151,-19.8829351],[-44.0214147,-19.8792863],[-44.0208842,-19.8782012],[-44.0201942,-19.878709],[-44.0199853,-19.8783394],[-44.0194859,-19.8791203],[-44.0182566,-19.8786886],[-44.0159148,-19.8776703],[-44.0156921,-19.8778221],[-44.0152537,-19.878972]]]}},{"type":"Feature","properties":{"code":"32:3449","name":"Serrano","cityCode":"32"},"geometry":{"type":"Polygon","coordinates":[[[-44.0138894,-19.8798345],[-44.0143702,-19.8799332],[-44.0150254,-19.879405],[-44.015004,-19.8794007],[-44.0149953,-19.8794207],[-44.0144906,-19.8792987],[-44.0140607,-19.8792133],[-44.0138894,-19.8798345]]]}},{"type":"Feature","properties":{"code":"32:3450","name":"Sao Gotardo","cityCode":"32"},"geometry":{"type":"Polygon","coordinates":[[[-44.0147013,-19.8828825],[-44.0147239,-19.8829514],[-44.0156376,-19.8828916],[-44.0181988,-19.882183],[-44.0187604,-19.8819159],[-44.0189232,-19.8812936],[-44.0168291,-19.8807974],[-44.0161998,-19.8807095],[-44.0165515,-19.8793201],[-44.0152537,-19.878972],[-44.0150254,-19.879405],[-44.0143702,-19.8799332],[-44.0138894,-19.8798345],[-44.0132421,-19.8816991],[-44.0132421,-19.8816991],[-44.013098,-19.8821552],[-44.0138383,-19.8831779],[-44.0147013,-19.8828825]]]}},{"type":"Feature","properties":{"code":"32:3451","name":"Parque Recreio","cityCode":"32"},"geometry":{"type":"Polygon","coordinates":[[[-44.0156254,-19.8873188],[-44.016993,-19.8868482],[-44.0188698,-19.8859824],[-44.019206,-19.8857631],[-44.02051,-19.8827954],[-44.0187718,-19.8818653],[-44.0181988,-19.882183],[-44.0169303,-19.8825771],[-44.0156376,-19.8828916],[-44.0147239,-19.8829514],[-44.0147013,-19.8828825],[-44.0138383,-19.8831779],[-44.0141779,-19.8837912],[-44.0145588,-19.8874298],[-44.0147121,-19.8877763],[-44.0156254,-19.8873188]]]}},{"type":"Feature","properties":{"code":"32:3452","name":"Jardim Perola","cityCode":"32"},"geometry":{"type":"Polygon","coordinates":[[[-44.0194729,-19.8901947],[-44.0197891,-19.8900274],[-44.0197312,-19.8898337],[-44.0197898,-19.887991],[-44.0227346,-19.886965],[-44.02228,-19.8868826],[-44.0222866,-19.8867328],[-44.0184799,-19.8861706],[-44.016993,-19.8868482],[-44.0151794,-19.8875076],[-44.0147121,-19.8877763],[-44.015968,-19.8908123],[-44.0194729,-19.8901947]]]}},{"type":"Feature","properties":{"code":"32:3453","name":"Parque Novo Progresso 1A Secao","cityCode":"32"},"geometry":{"type":"Polygon","coordinates":[[[-44.0256294,-19.8998473],[-44.0265565,-19.9001562],[-44.0268489,-19.8993252],[-44.0275643,-19.8978266],[-44.0283776,-19.8955786],[-44.0285412,-19.8943045],[-44.0280889,-19.8939804],[-44.0279031,-19.893618],[-44.0277797,-19.8936529],[-44.0278195,-19.8933281],[-44.0275817,-19.8922986],[-44.0276208,-19.8909696],[-44.0278603,-19.8902531],[-44.0280335,-19.890319],[-44.0281928,-19.8899343],[-44.0283898,-19.8900149],[-44.0285476,-19.8895962],[-44.0290482,-19.889746],[-44.029021,-19.8900935],[-44.0296194,-19.8906891],[-44.0296758,-19.8905441],[-44.0300137,-19.890845],[-44.0308667,-19.8899169],[-44.0310087,-19.8896495],[-44.0306804,-19.889062],[-44.0310682,-19.8887303],[-44.0310376,-19.8886317],[-44.0312449,-19.8881123],[-44.0312367,-19.8878926],[-44.030842,-19.8862581],[-44.029113,-19.887303],[-44.0268859,-19.8877169],[-44.0263453,-19.8876769],[-44.0261294,-19.8875346],[-44.0255676,-19.8875777],[-44.024816,-19.8879805],[-44.024396,-19.8883905],[-44.0239111,-19.8893216],[-44.0238112,-19.8893908],[-44.0235523,-19.8893742],[-44.0232454,-19.8896684],[-44.022824,-19.8895525],[-44.0227081,-19.8898616],[-44.0220675,-19.8892885],[-44.0217199,-19.8893053],[-44.021442,-19.8893628],[-44.0207941,-19.8897588],[-44.0206364,-19.8897089],[-44.0194729,-19.8901947],[-44.015968,-19.8908123],[-44.0160164,-19.8909006],[-44.0157876,-19.8916804],[-44.0196003,-19.892848],[-44.0190651,-19.8944095],[-44.020972,-19.8949874],[-44.0206915,-19.8957523],[-44.0206915,-19.8957523],[-44.0226032,-19.8963379],[-44.0223432,-19.8971437],[-44.0242459,-19.8977188],[-44.0242424,-19.8977289],[-44.0242425,-19.8977289],[-44.0239833,-19.8984843],[-44.0258902,-19.899071],[-44.0256294,-19.8998473]]]}},{"type":"Feature","properties":{"code":"32:3454","name":"Jardim Balneario","cityCode":"32"},"geometry":{"type":"Polygon","coordinates":[[[-44.019206,-19.8857631],[-44.0184799,-19.8861706],[-44.0225568,-19.886771],[-44.0229473,-19.886886],[-44.0230501,-19.8860883],[-44.0228431,-19.8853281],[-44.0227734,-19.8843326],[-44.0226042,-19.8835792],[-44.0222937,-19.883756],[-44.0222197,-19.8834616],[-44.02051,-19.8827954],[-44.019206,-19.8857631]]]}},{"type":"Feature","properties":{"code":"32:3455","name":"Vila Maria Cristina","cityCode":"32"},"geometry":{"type":"Polygon","coordinates":[[[-44.0197898,-19.887991],[-44.0197312,-19.8898337],[-44.0197891,-19.8900274],[-44.0206364,-19.8897089],[-44.0207941,-19.8897588],[-44.0210984,-19.889573],[-44.021072,-19.889382],[-44.0209626,-19.889294],[-44.0209499,-19.8884373],[-44.0208304,-19.8876437],[-44.0197898,-19.887991]]]}},{"type":"Feature","properties":{"code":"32:3456","name":"Balneario Da Ressaca","cityCode":"32"},"geometry":{"type":"Polygon","coordinates":[[[-44.0229284,-19.8834781],[-44.0226042,-19.8835792],[-44.0227734,-19.8843326],[-44.0228431,-19.8853281],[-44.0230501,-19.8860883],[-44.0229473,-19.886886],[-44.0229974,-19.8869237],[-44.0208304,-19.8876437],[-44.0209499,-19.8884373],[-44.0209626,-19.889294],[-44.021072,-19.889382],[-44.0210984,-19.889573],[-44.0215005,-19.8893385],[-44.0220675,-19.8892885],[-44.0227081,-19.8898616],[-44.022824,-19.8895525],[-44.0232454,-19.8896684],[-44.0235523,-19.8893742],[-44.0238112,-19.8893908],[-44.0239111,-19.8893216],[-44.024396,-19.8883905],[-44.024816,-19.8879805],[-44.0255676,-19.8875777],[-44.0261294,-19.8875346],[-44.0263453,-19.8876769],[-44.0268859,-19.8877169],[-44.029113,-19.887303],[-44.030842,-19.8862581],[-44.0307433,-19.8857713],[-44.0303578,-19.8849004],[-44.028859,-19.8839764],[-44.0275908,-19.8834866],[-44.0262318,-19.8829675],[-44.0255197,-19.8830772],[-44.0238471,-19.8835609],[-44.0229284,-19.8834781]]]}},{"type":"Feature","properties":{"code":"32:3457","name":"Sao Joaquim 2A Secao","cityCode":"32"},"geometry":{"type":"Polygon","coordinates":[[[-44.0214855,-19.8796138],[-44.0218491,-19.8813373],[-44.0253516,-19.8787085],[-44.0239257,-19.8770164],[-44.0214855,-19.8796138]]]}},{"type":"Feature","properties":{"code":"32:3458","name":"Sao Joaquim 1A Secao","cityCode":"32"},"geometry":{"type":"Polygon","coordinates":[[[-44.0229284,-19.8834781],[-44.0238471,-19.8835609],[-44.0255197,-19.8830772],[-44.0262318,-19.8829675],[-44.028859,-19.8839764],[-44.0303578,-19.8849004],[-44.0301013,-19.8842404],[-44.0253516,-19.8787085],[-44.0218491,-19.8813373],[-44.0221679,-19.8828082],[-44.0223552,-19.8831702],[-44.0229284,-19.8834781]]]}},{"type":"Feature","properties":{"code":"32:3459","name":"Arvoredo 1A Secao","cityCode":"32"},"geometry":{"type":"Polygon","coordinates":[[[-44.0294087,-19.8834333],[-44.0299954,-19.882944],[-44.0302774,-19.8822929],[-44.0309211,-19.8819928],[-44.0333448,-19.8811429],[-44.0330131,-19.8802882],[-44.0328557,-19.8802952],[-44.0323942,-19.8792791],[-44.0319446,-19.8779247],[-44.0312737,-19.8762875],[-44.0263542,-19.8779422],[-44.0253516,-19.8787085],[-44.0294087,-19.8834333]]]}},{"type":"Feature","properties":{"code":"32:3460","name":"Morada Nova 1A Secao","cityCode":"32"},"geometry":{"type":"Polygon","coordinates":[[[-44.0355683,-19.9182648],[-44.0344645,-19.9210917],[-44.0352946,-19.9212741],[-44.0362314,-19.9211835],[-44.0374338,-19.9206603],[-44.0381951,-19.920169],[-44.0379262,-19.9192143],[-44.0379394,-19.9189103],[-44.0379954,-19.9186789],[-44.0386314,-19.9180576],[-44.0389382,-19.9153304],[-44.0372717,-19.913688],[-44.0357759,-19.9174873],[-44.0356614,-19.9182795],[-44.0355683,-19.9182648]]]}},{"type":"Feature","properties":{"code":"32:3461","name":"Morada Nova 2A Secao","cityCode":"32"},"geometry":{"type":"Polygon","coordinates":[[[-44.0300187,-19.9132134],[-44.0310206,-19.9142545],[-44.0313034,-19.9142564],[-44.0333109,-19.9164259],[-44.0332273,-19.9165162],[-44.034972,-19.9182604],[-44.0355364,-19.9168216],[-44.0359812,-19.9169647],[-44.0363061,-19.9162055],[-44.0308723,-19.9112894],[-44.030822,-19.9115842],[-44.0300908,-19.9109323],[-44.0300187,-19.9132134]]]}},{"type":"Feature","properties":{"code":"32:3462","name":"Oitis","cityCode":"32"},"geometry":{"type":"Polygon","coordinates":[[[-44.0351657,-19.9049302],[-44.0351254,-19.9052912],[-44.0346691,-19.9066238],[-44.0347175,-19.9073915],[-44.0356159,-19.9102624],[-44.036373,-19.9114561],[-44.0365191,-19.9125755],[-44.0373244,-19.9134194],[-44.037344,-19.913566],[-44.0377748,-19.9123113],[-44.0380381,-19.9122739],[-44.0404708,-19.9132363],[-44.0406672,-19.9128625],[-44.03958,-19.9123739],[-44.0413367,-19.9038682],[-44.040076,-19.9035852],[-44.0385415,-19.9026237],[-44.0370217,-19.9031001],[-44.036024,-19.9004347],[-44.0347138,-19.9006377],[-44.0351657,-19.9049302]]]}},{"type":"Feature","properties":{"code":"32:3463","name":"Colorado 1A E 2A Secao","cityCode":"32"},"geometry":{"type":"Polygon","coordinates":[[[-44.0319534,-19.9056179],[-44.0315566,-19.9061352],[-44.0311062,-19.9070436],[-44.0310654,-19.9075215],[-44.0313551,-19.9086042],[-44.0307585,-19.9111904],[-44.0360137,-19.9159439],[-44.0367091,-19.9140367],[-44.0363987,-19.91155],[-44.0356159,-19.9102624],[-44.0354684,-19.9098736],[-44.0347175,-19.9073915],[-44.0347072,-19.9064433],[-44.0343141,-19.9063993],[-44.0342773,-19.9063006],[-44.0342404,-19.9055478],[-44.0345098,-19.9049962],[-44.0336618,-19.9049139],[-44.0332574,-19.9049523],[-44.0331975,-19.9048029],[-44.032617,-19.9050842],[-44.0319534,-19.9056179]]]}},{"type":"Feature","properties":{"code":"32:3464","name":"Jardim Laguna 3A Secao","cityCode":"32"},"geometry":{"type":"Polygon","coordinates":[[[-44.034531,-19.8945334],[-44.0346952,-19.8947136],[-44.0346243,-19.8949112],[-44.0347958,-19.8971427],[-44.0370217,-19.9031001],[-44.0385415,-19.9026237],[-44.040076,-19.9035852],[-44.0401665,-19.9035143],[-44.0408802,-19.9036813],[-44.0411722,-19.9028277],[-44.0411641,-19.9025236],[-44.0362583,-19.889502],[-44.03539,-19.8926444],[-44.0350302,-19.8933128],[-44.0342066,-19.8942572],[-44.0342646,-19.894438],[-44.0343952,-19.8945484],[-44.034531,-19.8945334]]]}},{"type":"Feature","properties":{"code":"32:3465","name":"Guanabara","cityCode":"32"},"geometry":{"type":"Polygon","coordinates":[[[-44.0308841,-19.8866106],[-44.0312367,-19.8878926],[-44.0312449,-19.8881123],[-44.0310376,-19.8886317],[-44.0310682,-19.8887303],[-44.0306804,-19.889062],[-44.0310087,-19.8896495],[-44.0321147,-19.8890089],[-44.0321899,-19.8888308],[-44.0358932,-19.8881333],[-44.0350505,-19.8858399],[-44.0313088,-19.8854277],[-44.0303578,-19.8849004],[-44.0307433,-19.8857713],[-44.0308841,-19.8866106]]]}},{"type":"Feature","properties":{"code":"32:3466","name":"Milanez","cityCode":"32"},"geometry":{"type":"Polygon","coordinates":[[[-44.0266592,-19.9112751],[-44.027417,-19.9119648],[-44.0276918,-19.9124361],[-44.0292398,-19.9120999],[-44.0294755,-19.9121291],[-44.0298857,-19.9116201],[-44.0300618,-19.9115965],[-44.0300908,-19.9109323],[-44.0306374,-19.9114197],[-44.030964,-19.9105018],[-44.0313551,-19.9086042],[-44.0310654,-19.9075215],[-44.0311062,-19.9070436],[-44.0313804,-19.9064402],[-44.0319534,-19.9056179],[-44.032617,-19.9050842],[-44.0330076,-19.9048688],[-44.0341128,-19.904542],[-44.034652,-19.9041923],[-44.0350915,-19.9041439],[-44.035051,-19.9035281],[-44.0327076,-19.9029004],[-44.032675,-19.9030251],[-44.0318689,-19.9032833],[-44.030523,-19.9034372],[-44.0304796,-19.903564],[-44.0305635,-19.9036027],[-44.0304854,-19.9038586],[-44.0302068,-19.9037897],[-44.0302868,-19.903533],[-44.0303801,-19.9035357],[-44.0304262,-19.9034346],[-44.0291932,-19.9035961],[-44.028914,-19.903564],[-44.0283226,-19.9037997],[-44.0276455,-19.9037211],[-44.0276189,-19.9038431],[-44.027699,-19.9038677],[-44.0276199,-19.9041215],[-44.0273504,-19.9040559],[-44.0274249,-19.9038068],[-44.0275136,-19.9038205],[-44.0275589,-19.9037138],[-44.0265829,-19.9035855],[-44.0259976,-19.9037148],[-44.0255733,-19.904471],[-44.0258433,-19.9046088],[-44.0260925,-19.9048982],[-44.0285389,-19.9057569],[-44.0291149,-19.905898],[-44.028847,-19.907145],[-44.0277343,-19.9069706],[-44.0268348,-19.9070303],[-44.0264409,-19.9069283],[-44.0262965,-19.9072166],[-44.0262746,-19.9073072],[-44.0262214,-19.9073663],[-44.0261812,-19.9074467],[-44.0254453,-19.9082292],[-44.0254453,-19.9082292],[-44.0253108,-19.9091651],[-44.0266592,-19.9112751]]]}},{"type":"Feature","properties":{"code":"32:3467","name":"Coqueiral","cityCode":"32"},"geometry":{"type":"Polygon","coordinates":[[[-44.028225,-19.9147849],[-44.0282582,-19.9151262],[-44.0282881,-19.9152327],[-44.0282744,-19.9152919],[-44.0282821,-19.9153705],[-44.0283657,-19.9153895],[-44.0283052,-19.9146056],[-44.0277067,-19.9137672],[-44.0276918,-19.9124361],[-44.027417,-19.9119648],[-44.0266592,-19.9112751],[-44.0256566,-19.909792],[-44.0255819,-19.9102243],[-44.0255565,-19.9103715],[-44.025605,-19.910491],[-44.0273085,-19.9123007],[-44.0274036,-19.9139132],[-44.0281107,-19.9145998],[-44.0281362,-19.9146907],[-44.028225,-19.9147849]]]}},{"type":"Feature","properties":{"code":"32:3468","name":"Milanez 2A Secao","cityCode":"32"},"geometry":{"type":"Polygon","coordinates":[[[-44.0264409,-19.9069283],[-44.0266902,-19.90701],[-44.0277343,-19.9069706],[-44.028847,-19.907145],[-44.0291149,-19.905898],[-44.0285389,-19.9057569],[-44.0260925,-19.9048982],[-44.0262265,-19.9052912],[-44.026295,-19.9053199],[-44.0263899,-19.9059244],[-44.0265762,-19.9060575],[-44.0264409,-19.9069283]]]}},{"type":"Feature","properties":{"code":"32:3469","name":"Coqueiros","cityCode":"32"},"geometry":{"type":"Polygon","coordinates":[[[-44.0253788,-19.9049833],[-44.0262265,-19.9052912],[-44.0260063,-19.9047626],[-44.0255733,-19.904471],[-44.0253788,-19.9049833]]]}},{"type":"Feature","properties":{"code":"32:3470","name":"Parque Novo Progresso 2A Secao","cityCode":"32"},"geometry":{"type":"Polygon","coordinates":[[[-44.0263623,-19.9025167],[-44.0259976,-19.9037148],[-44.0265829,-19.9035855],[-44.0275589,-19.9037138],[-44.0275136,-19.9038205],[-44.0274249,-19.9038068],[-44.0273504,-19.9040559],[-44.0276199,-19.9041215],[-44.027699,-19.9038677],[-44.0276189,-19.9038431],[-44.0276455,-19.9037211],[-44.0283226,-19.9037997],[-44.028914,-19.903564],[-44.0291932,-19.9035961],[-44.0304262,-19.9034346],[-44.0303801,-19.9035357],[-44.0302868,-19.903533],[-44.0302068,-19.9037897],[-44.0304854,-19.9038586],[-44.0305635,-19.9036027],[-44.0304796,-19.903564],[-44.030523,-19.9034372],[-44.0312041,-19.9033837],[-44.0324457,-19.8990969],[-44.0319306,-19.8991101],[-44.0302666,-19.8997026],[-44.0282438,-19.9002728],[-44.0277076,-19.9003181],[-44.0268982,-19.9002351],[-44.0256294,-19.8998473],[-44.0262401,-19.9011743],[-44.0259202,-19.9014034],[-44.0263623,-19.9025167]]]}},{"type":"Feature","properties":{"code":"32:3471","name":"Progresso Industrial","cityCode":"32"},"geometry":{"type":"Polygon","coordinates":[[[-44.0318689,-19.9032833],[-44.032675,-19.9030251],[-44.0327076,-19.9029004],[-44.0338519,-19.9032122],[-44.0338297,-19.9024901],[-44.0337316,-19.9019967],[-44.0338039,-19.9017106],[-44.0344814,-19.9014111],[-44.0346338,-19.9009019],[-44.0344471,-19.9007033],[-44.0343573,-19.9004603],[-44.0341671,-19.9003023],[-44.0342374,-19.8999359],[-44.0337748,-19.8996981],[-44.0330528,-19.8994633],[-44.0324457,-19.8990969],[-44.0312041,-19.9033837],[-44.0318689,-19.9032833]]]}},{"type":"Feature","properties":{"code":"32:3472","name":"Parque Ayrton Senna","cityCode":"32"},"geometry":{"type":"Polygon","coordinates":[[[-44.0305727,-19.8981028],[-44.0306483,-19.898116],[-44.030549,-19.8986907],[-44.0302666,-19.8997026],[-44.0319306,-19.8991101],[-44.0324457,-19.8990969],[-44.0330528,-19.8994633],[-44.0337748,-19.8996981],[-44.0342374,-19.8999359],[-44.0341671,-19.9003023],[-44.0345725,-19.9006734],[-44.036024,-19.9004347],[-44.0347958,-19.8971427],[-44.0346243,-19.8949112],[-44.0346952,-19.8947136],[-44.034531,-19.8945334],[-44.0343067,-19.8944957],[-44.0342066,-19.8942572],[-44.0308095,-19.8969208],[-44.0305727,-19.8981028]]]}},{"type":"Feature","properties":{"code":"32:3473","name":"Jardim Laguna 1A Secao","cityCode":"32"},"geometry":{"type":"Polygon","coordinates":[[[-44.0286704,-19.9001852],[-44.0301667,-19.8997291],[-44.0308095,-19.8969208],[-44.0313043,-19.8940129],[-44.0304959,-19.8930338],[-44.0289139,-19.8933963],[-44.0286148,-19.8939497],[-44.0283776,-19.8955786],[-44.0282359,-19.8960659],[-44.0275268,-19.8979189],[-44.0268489,-19.8993252],[-44.0265565,-19.9001562],[-44.0277076,-19.9003181],[-44.0286704,-19.9001852]]]}},{"type":"Feature","properties":{"code":"32:3474","name":"Novo Progresso 3A Secao","cityCode":"32"},"geometry":{"type":"Polygon","coordinates":[[[-44.0281928,-19.8899343],[-44.0280335,-19.890319],[-44.0278603,-19.8902531],[-44.0277181,-19.8906396],[-44.0276208,-19.8909696],[-44.0275817,-19.8922986],[-44.0278195,-19.8933281],[-44.0277797,-19.8936529],[-44.0279031,-19.893618],[-44.0282289,-19.8940385],[-44.0285412,-19.8943045],[-44.0286148,-19.8939497],[-44.0289139,-19.8933963],[-44.0303473,-19.8930424],[-44.031272,-19.8930538],[-44.0308009,-19.8920019],[-44.0300783,-19.8907706],[-44.0300137,-19.8908455],[-44.0296758,-19.8905441],[-44.0296194,-19.8906891],[-44.029021,-19.8900935],[-44.0290482,-19.889746],[-44.0285476,-19.8895962],[-44.0283898,-19.8900149],[-44.0281928,-19.8899343]]]}},{"type":"Feature","properties":{"code":"32:3475","name":"Jardim Laguna 2A Secao","cityCode":"32"},"geometry":{"type":"Polygon","coordinates":[[[-44.0310087,-19.8896495],[-44.0305022,-19.8904613],[-44.0300783,-19.8907706],[-44.0308009,-19.8920019],[-44.031272,-19.8930538],[-44.0304959,-19.8930338],[-44.0313043,-19.8940129],[-44.0308095,-19.8969208],[-44.0342066,-19.8942572],[-44.0350302,-19.8933128],[-44.03539,-19.8926444],[-44.0362583,-19.889502],[-44.0362214,-19.8890844],[-44.0358932,-19.8881348],[-44.0323387,-19.8888828],[-44.0310087,-19.8896495]]]}},{"type":"Feature","properties":{"code":"32:3476","name":"Senhora Da Conceicao 2A Secao","cityCode":"32"},"geometry":{"type":"Polygon","coordinates":[[[-44.0375177,-19.8517744],[-44.0363372,-19.851464],[-44.0364979,-19.852111],[-44.0366811,-19.8522117],[-44.0367957,-19.8525515],[-44.0371712,-19.8531225],[-44.0375177,-19.8517744]]]}},{"type":"Feature","properties":{"code":"32:3477","name":"Conquista Veredas","cityCode":"32"},"geometry":{"type":"Polygon","coordinates":[[[-44.0405548,-19.8566563],[-44.0408719,-19.8567721],[-44.0400806,-19.8580777],[-44.0399841,-19.8582664],[-44.0400365,-19.8583447],[-44.0398621,-19.8584483],[-44.0403885,-19.8593359],[-44.0410694,-19.8600639],[-44.0417573,-19.8607448],[-44.0417927,-19.8607076],[-44.0423929,-19.8611174],[-44.0456832,-19.8566234],[-44.0442794,-19.855432],[-44.0440417,-19.855183],[-44.0438654,-19.8548287],[-44.0438255,-19.854544],[-44.0433451,-19.8540981],[-44.043285,-19.8541354],[-44.0429061,-19.8538236],[-44.0425045,-19.8539563],[-44.0405548,-19.8566563]]]}},{"type":"Feature","properties":{"code":"32:3478","name":"Retiro Das Esperanças","cityCode":"32"},"geometry":{"type":"MultiPolygon","coordinates":[[[[-44.1554466,-19.8348944],[-44.1536933,-19.8357318],[-44.152314,-19.8358432],[-44.1525879,-19.834505],[-44.1524422,-19.834368],[-44.1527496,-19.8341816],[-44.1529564,-19.833334],[-44.1527834,-19.8331657],[-44.1526481,-19.8332992],[-44.1512995,-19.8338156],[-44.1512532,-19.8339025],[-44.1511773,-19.8339228],[-44.1511571,-19.8338663],[-44.1501762,-19.8342378],[-44.1502124,-19.8343084],[-44.1499609,-19.834406],[-44.1500153,-19.8345282],[-44.1498001,-19.8347773],[-44.1500955,-19.8352406],[-44.1497375,-19.8354321],[-44.1490592,-19.836137],[-44.148826,-19.8359138],[-44.1487338,-19.8356943],[-44.1486084,-19.8359522],[-44.1483361,-19.836146],[-44.1478311,-19.836178],[-44.1478104,-19.8350497],[-44.1474515,-19.8350683],[-44.1472991,-19.8352139],[-44.1471385,-19.8351884],[-44.1470608,-19.8351018],[-44.1470639,-19.8349455],[-44.146093,-19.8340194],[-44.1439681,-19.8387097],[-44.1438648,-19.8386788],[-44.1430569,-19.8405368],[-44.1429725,-19.841177],[-44.1432642,-19.8428895],[-44.1434036,-19.8430183],[-44.1436271,-19.8430668],[-44.1456703,-19.8427969],[-44.1456739,-19.8429184],[-44.1483932,-19.8428474],[-44.1494754,-19.842501],[-44.1500927,-19.8424552],[-44.1502039,-19.8423487],[-44.150396,-19.8424062],[-44.1508536,-19.8423711],[-44.1510709,-19.8425847],[-44.1512186,-19.8425137],[-44.1516215,-19.8417379],[-44.1546712,-19.8392204],[-44.1559285,-19.8377597],[-44.1554466,-19.8348944]]],[[[-44.1435414,-19.8373208],[-44.1453465,-19.8333135],[-44.145251,-19.8332246],[-44.142196,-19.8368984],[-44.1417125,-19.8375817],[-44.1416494,-19.8378057],[-44.1435414,-19.8373208]]]]}},{"type":"Feature","properties":{"code":"32:3479","name":"Jardim Das Flores","cityCode":"32"},"geometry":{"type":"Polygon","coordinates":[[[-44.1456831,-19.8523748],[-44.1456191,-19.8521759],[-44.1453652,-19.8518511],[-44.1450806,-19.8517684],[-44.1438353,-19.8521641],[-44.1438502,-19.8522143],[-44.1418255,-19.8529673],[-44.1409002,-19.8531978],[-44.140256,-19.853228],[-44.1386523,-19.8546445],[-44.138229,-19.8561478],[-44.138572,-19.8558755],[-44.1456483,-19.8527261],[-44.1456831,-19.8523748]]]}},{"type":"Feature","properties":{"code":"32:3480","name":"Lugar Denominado Donato","cityCode":"32"},"geometry":{"type":"Polygon","coordinates":[[[-44.1469033,-19.8516907],[-44.1470812,-19.851486],[-44.1472822,-19.8509543],[-44.1473538,-19.8502288],[-44.1471355,-19.8483246],[-44.1471906,-19.8480476],[-44.1475316,-19.847595],[-44.1466028,-19.8474328],[-44.1455632,-19.8479142],[-44.1458519,-19.8491092],[-44.1459771,-19.8505326],[-44.1459154,-19.8508093],[-44.1452776,-19.8517894],[-44.1454757,-19.8519648],[-44.1456831,-19.8523748],[-44.1457869,-19.8522581],[-44.1469033,-19.8516907]]]}},{"type":"Feature","properties":{"code":"11:53","name":"Recanto Verde","cityCode":"11"},"geometry":{"type":"Polygon","coordinates":[[[-44.2187807,-19.9647615],[-44.2174463,-19.9658023],[-44.2171745,-19.9660877],[-44.2165827,-19.9664728],[-44.2166094,-19.9665116],[-44.2178232,-19.9661606],[-44.2183916,-19.9664466],[-44.2187745,-19.9663886],[-44.2191233,-19.966217],[-44.2193661,-19.9658826],[-44.2194664,-19.9658545],[-44.2197905,-19.9658813],[-44.2201334,-19.9657839],[-44.2206594,-19.965918],[-44.220785,-19.9660339],[-44.2209395,-19.965985],[-44.2214545,-19.9651247],[-44.2220682,-19.9626863],[-44.223009,-19.9617551],[-44.2232135,-19.9613189],[-44.2228517,-19.961056],[-44.2225514,-19.9616543],[-44.2222194,-19.9621118],[-44.2217956,-19.9625763],[-44.2187807,-19.9647615]]]}},{"type":"Feature","properties":{"code":"11:742","name":"Boa Vista","cityCode":"11"},"geometry":{"type":"Polygon","coordinates":[[[-44.2314413,-19.9758008],[-44.2317659,-19.9771883],[-44.2316432,-19.9777045],[-44.232671,-19.9781843],[-44.2337745,-19.9761972],[-44.2314413,-19.9758008]]]}},{"type":"Feature","properties":{"code":"11:209","name":"Conjunto Habitacional Olimpia Bueno Franco","cityCode":"11"},"geometry":{"type":"Polygon","coordinates":[[[-44.1815662,-19.9391842],[-44.1812916,-19.9395237],[-44.1812141,-19.9395182],[-44.1802352,-19.9431576],[-44.1807049,-19.9437741],[-44.1807081,-19.943906],[-44.1811248,-19.9444985],[-44.180975,-19.9451179],[-44.1810197,-19.9451768],[-44.1809346,-19.94522],[-44.1808266,-19.94558],[-44.1809447,-19.9456483],[-44.1808965,-19.9457097],[-44.1810156,-19.9459785],[-44.1811052,-19.9460252],[-44.1813021,-19.9466252],[-44.1818558,-19.9475182],[-44.1819192,-19.9475035],[-44.1819283,-19.9473113],[-44.1820376,-19.9472041],[-44.1828898,-19.9466155],[-44.1838126,-19.9453859],[-44.1848146,-19.9451661],[-44.1850652,-19.9453889],[-44.1854334,-19.9452178],[-44.1875281,-19.9447071],[-44.1878474,-19.9447569],[-44.1871137,-19.942084],[-44.1869894,-19.9418396],[-44.186825,-19.9408121],[-44.1862921,-19.9408178],[-44.1859814,-19.9403983],[-44.1853203,-19.9397278],[-44.1847632,-19.9388919],[-44.1833633,-19.937547],[-44.1829189,-19.9373392],[-44.1825953,-19.937291],[-44.1794105,-19.9372986],[-44.1785589,-19.9375907],[-44.1777525,-19.938088],[-44.1782303,-19.9384582],[-44.1787078,-19.9386162],[-44.179396,-19.9385606],[-44.1800359,-19.9383615],[-44.1814939,-19.9386514],[-44.1818644,-19.9386305],[-44.1815662,-19.9391842]]]}},{"type":"Feature","properties":{"code":"11:188","name":"Santa Lucia","cityCode":"11"},"geometry":{"type":"Polygon","coordinates":[[[-44.1997619,-19.9503969],[-44.2004139,-19.9511306],[-44.200393,-19.9520102],[-44.2019585,-19.9524054],[-44.2020268,-19.9523575],[-44.2020975,-19.9524281],[-44.2026379,-19.9525491],[-44.2027279,-19.9525144],[-44.2027893,-19.9525829],[-44.2034136,-19.9527228],[-44.2035938,-19.9526563],[-44.20405,-19.9514263],[-44.2049096,-19.950555],[-44.2052313,-19.9496644],[-44.2052311,-19.9494788],[-44.2033194,-19.9489052],[-44.2031817,-19.948581],[-44.1992618,-19.9483654],[-44.1997619,-19.9503969]]]}},{"type":"Feature","properties":{"code":"11:602","name":"Cruzeiro Do Sul - 3ª Secao","cityCode":"11"},"geometry":{"type":"Polygon","coordinates":[[[-44.16687,-19.9241735],[-44.1664041,-19.9250529],[-44.1661228,-19.9262933],[-44.1664608,-19.9262074],[-44.167122,-19.9263075],[-44.1684863,-19.9263728],[-44.1686129,-19.926434],[-44.1685863,-19.9253332],[-44.1686451,-19.9252494],[-44.1685166,-19.9240644],[-44.1685779,-19.9239838],[-44.1684893,-19.9235614],[-44.1683938,-19.9234447],[-44.1675693,-19.9234109],[-44.1669556,-19.9235124],[-44.1668818,-19.9236431],[-44.16687,-19.9241735]]]}},{"type":"Feature","properties":{"code":"11:1345","name":"Jardim Recreio Vianopolis","cityCode":"11"},"geometry":{"type":"Polygon","coordinates":[[[-44.2737937,-19.9503821],[-44.2740341,-19.9502086],[-44.2744023,-19.9500814],[-44.2747106,-19.9497316],[-44.2750649,-19.9496778],[-44.2739406,-19.9491406],[-44.2735202,-19.9485942],[-44.2752057,-19.9480576],[-44.2752011,-19.9481317],[-44.2764448,-19.9486651],[-44.2767373,-19.9486394],[-44.2771814,-19.9483597],[-44.2778775,-19.9481326],[-44.2783147,-19.9477706],[-44.279004,-19.9460984],[-44.2782824,-19.9453361],[-44.2777312,-19.9446062],[-44.2772865,-19.9442232],[-44.2763626,-19.9436731],[-44.2754445,-19.9434489],[-44.2744385,-19.9433685],[-44.2730128,-19.9440922],[-44.2729942,-19.9442287],[-44.2701093,-19.9445635],[-44.2703374,-19.9431518],[-44.2664105,-19.9430275],[-44.2665024,-19.9434098],[-44.2666899,-19.943673],[-44.2666795,-19.9440465],[-44.2669554,-19.9443469],[-44.2670749,-19.9446407],[-44.267033,-19.9456308],[-44.2668839,-19.9458613],[-44.2667577,-19.9467959],[-44.2668051,-19.9471854],[-44.2666998,-19.9476887],[-44.2667278,-19.9479661],[-44.2670774,-19.9487631],[-44.2673441,-19.9487041],[-44.2680311,-19.9487494],[-44.2682357,-19.9488825],[-44.268477,-19.9492352],[-44.2692217,-19.9498503],[-44.2694016,-19.9504971],[-44.2693208,-19.9514109],[-44.2695789,-19.9521801],[-44.2738377,-19.9505253],[-44.2737937,-19.9503821]]]}},{"type":"Feature","properties":{"code":"11:185","name":"Vila Monte Libano","cityCode":"11"},"geometry":{"type":"Polygon","coordinates":[[[-44.1800452,-19.9746113],[-44.1824292,-19.9747476],[-44.1828656,-19.973921],[-44.1819244,-19.9733881],[-44.1816142,-19.9730298],[-44.1810437,-19.9696225],[-44.1809186,-19.9692702],[-44.1804318,-19.968555],[-44.1805244,-19.968359],[-44.1801036,-19.9678451],[-44.1800424,-19.9681124],[-44.1790335,-19.9693712],[-44.1790819,-19.9694326],[-44.1788852,-19.9695985],[-44.1792747,-19.9696038],[-44.1794407,-19.9698516],[-44.179644,-19.9704667],[-44.1801273,-19.9712966],[-44.1803923,-19.9725948],[-44.1807488,-19.9733115],[-44.1807622,-19.9735597],[-44.1804986,-19.9737155],[-44.1802709,-19.9740506],[-44.1800452,-19.9746113]]]}},{"type":"Feature","properties":{"code":"11:186","name":"Jardim Petropolis","cityCode":"11"},"geometry":{"type":"Polygon","coordinates":[[[-44.1852581,-19.9766244],[-44.1851434,-19.9764081],[-44.1833511,-19.9764577],[-44.1820805,-19.9762974],[-44.1833226,-19.9746876],[-44.1824993,-19.974609],[-44.1824292,-19.9747476],[-44.1800452,-19.9746113],[-44.1803276,-19.9739375],[-44.1804986,-19.9737155],[-44.1807622,-19.9735597],[-44.1807488,-19.9733115],[-44.1803923,-19.9725948],[-44.1801273,-19.9712966],[-44.179644,-19.9704667],[-44.1794407,-19.9698516],[-44.1792747,-19.9696038],[-44.1788852,-19.9695985],[-44.1790819,-19.9694326],[-44.1784621,-19.9688315],[-44.1774211,-19.9681805],[-44.1758485,-19.9676523],[-44.1752753,-19.9673779],[-44.1752152,-19.9672889],[-44.1741677,-19.9676178],[-44.1738229,-19.9674944],[-44.1734811,-19.9671124],[-44.1733844,-19.9673187],[-44.1731063,-19.9671345],[-44.1717847,-19.9699373],[-44.172045,-19.970051],[-44.1714222,-19.9711957],[-44.1726717,-19.9718388],[-44.1727844,-19.9722426],[-44.1738795,-19.9723753],[-44.1742286,-19.9713894],[-44.1750139,-19.9708167],[-44.176125,-19.9711323],[-44.1756211,-19.9716946],[-44.1769877,-19.9722955],[-44.177674,-19.9718953],[-44.1784492,-19.9726254],[-44.1784148,-19.9734556],[-44.1781336,-19.9735112],[-44.1780558,-19.9736656],[-44.1778007,-19.9743914],[-44.1776702,-19.9751198],[-44.1776003,-19.9755587],[-44.1778294,-19.9763571],[-44.1777486,-19.9768016],[-44.1797148,-19.9767355],[-44.1799081,-19.9769619],[-44.1800191,-19.9778141],[-44.1797986,-19.9782132],[-44.1787398,-19.9793272],[-44.1784404,-19.979795],[-44.1779833,-19.9802149],[-44.1779919,-19.9803906],[-44.1781948,-19.980628],[-44.1790213,-19.9810406],[-44.1794754,-19.9818115],[-44.179982,-19.9823077],[-44.1806595,-19.982668],[-44.1815101,-19.9829008],[-44.1818018,-19.982566],[-44.1817813,-19.9821327],[-44.180847,-19.9814288],[-44.1813781,-19.97837],[-44.1852581,-19.9766244]]]}},{"type":"Feature","properties":{"code":"11:187","name":"Vila Alpina","cityCode":"11"},"geometry":{"type":"Polygon","coordinates":[[[-44.1672074,-19.9775978],[-44.1702713,-19.9784307],[-44.1702837,-19.9779901],[-44.1705181,-19.9777229],[-44.1706415,-19.9773977],[-44.1716059,-19.9770669],[-44.1712915,-19.9761084],[-44.1713443,-19.9757354],[-44.1721415,-19.9752251],[-44.1719365,-19.9748108],[-44.1735193,-19.9737351],[-44.1730548,-19.9725596],[-44.1735244,-19.9725873],[-44.1738795,-19.9723753],[-44.1727844,-19.9722426],[-44.1726717,-19.9718388],[-44.1714082,-19.9711857],[-44.1697993,-19.9727524],[-44.1690305,-19.9736022],[-44.1680866,-19.9744684],[-44.1672606,-19.97584],[-44.1650781,-19.9785642],[-44.1656141,-19.9793572],[-44.1672074,-19.9775978]]]}},{"type":"Feature","properties":{"code":"11:189","name":"Conjunto Habitacional Jose Gomes De Castro","cityCode":"11"},"geometry":{"type":"Polygon","coordinates":[[[-44.1515648,-19.9799659],[-44.1511139,-19.9805088],[-44.1490065,-19.9802255],[-44.1490301,-19.9815613],[-44.1497402,-19.9818714],[-44.1502762,-19.9820003],[-44.1508867,-19.9823387],[-44.1511461,-19.9823199],[-44.1513241,-19.9822108],[-44.1527036,-19.9824948],[-44.1527795,-19.9826089],[-44.153275,-19.98264],[-44.1534784,-19.9825143],[-44.1534715,-19.9818216],[-44.1541683,-19.9810529],[-44.1533662,-19.9804393],[-44.1515648,-19.9799659]]]}},{"type":"Feature","properties":{"code":"11:180","name":"Chacaras Nossa Senhora Das Gracas","cityCode":"11"},"geometry":{"type":"Polygon","coordinates":[[[-44.197927,-19.9427651],[-44.197862,-19.9430893],[-44.1976349,-19.943494],[-44.1975973,-19.9438103],[-44.1973828,-19.94407],[-44.1970947,-19.9447193],[-44.196823,-19.9451017],[-44.1967524,-19.9464756],[-44.1968414,-19.9470366],[-44.1987775,-19.9464262],[-44.1985757,-19.9458654],[-44.1986626,-19.9458276],[-44.1986918,-19.9449255],[-44.1986049,-19.9448699],[-44.1987223,-19.9426384],[-44.1985958,-19.9423121],[-44.197927,-19.9427651]]]}},{"type":"Feature","properties":{"code":"11:183","name":"Cruzeiro","cityCode":"11"},"geometry":{"type":"Polygon","coordinates":[[[-44.1502762,-19.9820003],[-44.149522,-19.9817886],[-44.1488263,-19.9814181],[-44.1485599,-19.9816152],[-44.1485938,-19.9817692],[-44.1482426,-19.9819415],[-44.1481582,-19.9822133],[-44.1475256,-19.9825694],[-44.1475765,-19.9826466],[-44.1477961,-19.9824957],[-44.1480216,-19.983224],[-44.1490198,-19.9840275],[-44.1496689,-19.9844236],[-44.1499762,-19.9833026],[-44.1508867,-19.9823387],[-44.1502762,-19.9820003]]]}},{"type":"Feature","properties":{"code":"11:184","name":"Chacaras Sao Sebastiao","cityCode":"11"},"geometry":{"type":"Polygon","coordinates":[[[-44.1596185,-19.8937305],[-44.1596324,-19.8940438],[-44.1599196,-19.8941714],[-44.1599598,-19.8944771],[-44.1599259,-19.8949824],[-44.1596964,-19.8950821],[-44.1597198,-19.8957006],[-44.1594401,-19.8959804],[-44.1589751,-19.8960807],[-44.1586028,-19.8967533],[-44.158387,-19.896541],[-44.1581136,-19.8973132],[-44.1581055,-19.8976839],[-44.1608354,-19.9020998],[-44.1615561,-19.9029528],[-44.1620469,-19.9027241],[-44.1621165,-19.9024968],[-44.1627548,-19.9021322],[-44.1636151,-19.9017757],[-44.1643497,-19.9026063],[-44.1645907,-19.9025229],[-44.1646616,-19.9024525],[-44.1646325,-19.9021267],[-44.1649759,-19.9016103],[-44.1652834,-19.9014449],[-44.1652486,-19.9005209],[-44.1653044,-19.9002816],[-44.1659074,-19.8989902],[-44.1660707,-19.8989119],[-44.1634393,-19.8970457],[-44.163589,-19.8969435],[-44.1627915,-19.896394],[-44.1631408,-19.8962608],[-44.1627758,-19.8956327],[-44.1631285,-19.894786],[-44.1625375,-19.8943036],[-44.1606442,-19.8931392],[-44.160378,-19.8933842],[-44.1598109,-19.8933839],[-44.159678,-19.8934742],[-44.1596185,-19.8937305]]]}},{"type":"Feature","properties":{"code":"11:1404","name":"Gran Royalle Betim","cityCode":"11"},"geometry":{"type":"Polygon","coordinates":[[[-44.2302316,-19.9393683],[-44.2301403,-19.9389531],[-44.2302289,-19.9382784],[-44.2306505,-19.937511],[-44.2300597,-19.937366],[-44.2296445,-19.9374909],[-44.2293416,-19.9374446],[-44.2284953,-19.9371221],[-44.2272588,-19.936775],[-44.2250948,-19.9363414],[-44.2241778,-19.9362429],[-44.2211579,-19.935172],[-44.2204373,-19.9353536],[-44.2201364,-19.9355867],[-44.2185123,-19.9370314],[-44.2176992,-19.9379022],[-44.2173943,-19.9383449],[-44.2191326,-19.9406793],[-44.2202971,-19.9404127],[-44.2207076,-19.9407322],[-44.2209052,-19.9407949],[-44.2226446,-19.9409234],[-44.2231877,-19.9407329],[-44.2231503,-19.9405365],[-44.2229447,-19.940405],[-44.2264074,-19.940162],[-44.2266791,-19.9403369],[-44.2268879,-19.9402343],[-44.2271931,-19.9402395],[-44.2272185,-19.9401504],[-44.2267379,-19.939849],[-44.2267013,-19.9396899],[-44.2269752,-19.9396852],[-44.2272067,-19.9394742],[-44.2280831,-19.9392755],[-44.2286294,-19.9393444],[-44.2293935,-19.9398946],[-44.2302386,-19.940018],[-44.2306399,-19.9408054],[-44.2306507,-19.9410655],[-44.230944,-19.9410638],[-44.2302316,-19.9393683]]]}},{"type":"Feature","properties":{"code":"11:190","name":"Teixeirinhas","cityCode":"11"},"geometry":{"type":"Polygon","coordinates":[[[-44.2011393,-19.9529614],[-44.2011311,-19.9530758],[-44.203262,-19.9535608],[-44.2032804,-19.9536472],[-44.2035797,-19.9537098],[-44.2038698,-19.9527433],[-44.2035938,-19.9526563],[-44.2034136,-19.9527228],[-44.2027893,-19.9525829],[-44.2027279,-19.9525144],[-44.2026379,-19.9525491],[-44.2020975,-19.9524281],[-44.2020268,-19.9523575],[-44.2019585,-19.9524054],[-44.200393,-19.9520102],[-44.2003789,-19.9526241],[-44.2011393,-19.9529614]]]}},{"type":"Feature","properties":{"code":"11:192","name":"Paqueta","cityCode":"11"},"geometry":{"type":"Polygon","coordinates":[[[-44.2351303,-20.0282213],[-44.2365128,-20.0284185],[-44.2379262,-20.0276907],[-44.2396154,-20.02663],[-44.2390658,-20.0258055],[-44.2389709,-20.0258276],[-44.2387389,-20.0255703],[-44.2384088,-20.025076],[-44.2377879,-20.0246295],[-44.2347125,-20.0268003],[-44.2330758,-20.0268227],[-44.2322121,-20.0267092],[-44.233594,-20.0278992],[-44.2351303,-20.0282213]]]}},{"type":"Feature","properties":{"code":"11:193","name":"Vila Nicolau Alves De Melo","cityCode":"11"},"geometry":{"type":"Polygon","coordinates":[[[-44.1999265,-19.96608],[-44.1999206,-19.9662217],[-44.1996113,-19.9666286],[-44.1997014,-19.966827],[-44.199858,-19.9669208],[-44.2006426,-19.9660308],[-44.200528,-19.9657929],[-44.2006319,-19.9656448],[-44.2011595,-19.9653827],[-44.2003566,-19.9650618],[-44.1992522,-19.9651101],[-44.1991472,-19.9656013],[-44.1997234,-19.9658982],[-44.1999265,-19.96608]]]}},{"type":"Feature","properties":{"code":"11:196","name":"Capelinha","cityCode":"11"},"geometry":{"type":"Polygon","coordinates":[[[-44.1076432,-19.9417816],[-44.1070247,-19.9411542],[-44.1068432,-19.9407749],[-44.1070118,-19.9404707],[-44.1066664,-19.9397055],[-44.1063159,-19.9392716],[-44.1061583,-19.9387667],[-44.1059305,-19.9385503],[-44.1055663,-19.9387376],[-44.1052927,-19.938241],[-44.1051728,-19.9378048],[-44.1050002,-19.9378413],[-44.1048581,-19.9375991],[-44.1053045,-19.9373472],[-44.104516,-19.9357391],[-44.1040982,-19.9354488],[-44.103882,-19.9354559],[-44.1034666,-19.9358403],[-44.1033647,-19.9361271],[-44.1018142,-19.9358118],[-44.1012547,-19.9354965],[-44.0997959,-19.9342951],[-44.0997927,-19.93328],[-44.0994978,-19.9323369],[-44.0995861,-19.9316858],[-44.0995926,-19.9306983],[-44.0991073,-19.9297291],[-44.0987962,-19.9297008],[-44.0976929,-19.9306681],[-44.0975918,-19.9305921],[-44.0972644,-19.9309461],[-44.0973859,-19.9363196],[-44.097419,-19.9363982],[-44.0975981,-19.9363376],[-44.0981617,-19.9367379],[-44.0982874,-19.9369098],[-44.0985739,-19.9376237],[-44.0986941,-19.9386601],[-44.0988574,-19.9386696],[-44.0994304,-19.9393594],[-44.0994808,-19.9395353],[-44.0998324,-19.939604],[-44.1000678,-19.9393595],[-44.1010013,-19.939556],[-44.1017731,-19.9399129],[-44.1018932,-19.9398855],[-44.1025438,-19.9392855],[-44.1026752,-19.9393763],[-44.1030273,-19.9393887],[-44.1032494,-19.9392309],[-44.1036525,-19.9395711],[-44.1042937,-19.9399219],[-44.1056071,-19.9420285],[-44.1059873,-19.9423147],[-44.1070529,-19.9428236],[-44.1074685,-19.9431899],[-44.1075048,-19.9430904],[-44.1071863,-19.9417682],[-44.1073164,-19.9416907],[-44.1076432,-19.9417816]]]}},{"type":"Feature","properties":{"code":"11:64","name":"Jardim Das Alterosas","cityCode":"11"},"geometry":{"type":"Polygon","coordinates":[[[-44.1481477,-19.9561675],[-44.1486503,-19.956282],[-44.1488044,-19.9561533],[-44.1486997,-19.9559187],[-44.149081,-19.955516],[-44.1491355,-19.955567],[-44.1493237,-19.9553872],[-44.1497238,-19.9553418],[-44.1498615,-19.9553369],[-44.1503572,-19.9556863],[-44.1506045,-19.9564641],[-44.1510947,-19.9563462],[-44.151194,-19.9562326],[-44.151868,-19.9559729],[-44.1524033,-19.9555627],[-44.1530709,-19.9552946],[-44.1534893,-19.9549019],[-44.1545737,-19.9534851],[-44.1550697,-19.9526337],[-44.1552765,-19.9526372],[-44.1551613,-19.9524778],[-44.1556814,-19.9515859],[-44.1583305,-19.9510755],[-44.1584387,-19.9511151],[-44.158899,-19.951029],[-44.1593712,-19.9511476],[-44.1597451,-19.9513573],[-44.1603116,-19.952151],[-44.1603482,-19.9522667],[-44.1602155,-19.9526298],[-44.1599736,-19.9531028],[-44.1597141,-19.9533199],[-44.1613176,-19.956093],[-44.1614218,-19.9561006],[-44.1620864,-19.9571711],[-44.1624914,-19.9573218],[-44.1626499,-19.9569588],[-44.1627206,-19.9569615],[-44.1627026,-19.9568502],[-44.1631937,-19.9556915],[-44.1632788,-19.9556668],[-44.1632415,-19.9555839],[-44.1633591,-19.9553402],[-44.1634662,-19.955356],[-44.1634723,-19.9552784],[-44.1642232,-19.9546163],[-44.1643859,-19.95456],[-44.1647757,-19.9522999],[-44.1646913,-19.9514036],[-44.1637716,-19.9482235],[-44.1634875,-19.9475621],[-44.1629497,-19.947044],[-44.1609115,-19.9457361],[-44.1603995,-19.9454952],[-44.1598286,-19.9454171],[-44.1591772,-19.9455718],[-44.1580319,-19.9462524],[-44.1574774,-19.9464379],[-44.1569035,-19.9464337],[-44.1556033,-19.9460704],[-44.1548533,-19.9461074],[-44.1541763,-19.9464637],[-44.1526167,-19.9480678],[-44.1520971,-19.9483883],[-44.151526,-19.9485022],[-44.1499932,-19.9485],[-44.1492457,-19.9487791],[-44.1463128,-19.9505581],[-44.1460677,-19.95083],[-44.1458382,-19.9513049],[-44.1456384,-19.9525025],[-44.1454131,-19.9529823],[-44.1450247,-19.9533597],[-44.1442649,-19.9536933],[-44.1442386,-19.953787],[-44.1444225,-19.9541499],[-44.1451342,-19.9551273],[-44.1452755,-19.9557144],[-44.1455947,-19.9559758],[-44.1455417,-19.9560048],[-44.1456469,-19.9563556],[-44.1460332,-19.9563928],[-44.1462282,-19.9562468],[-44.1465178,-19.9563205],[-44.1465088,-19.9561446],[-44.1481052,-19.9563226],[-44.1481477,-19.9561675]]]}},{"type":"Feature","properties":{"code":"11:208","name":"Vila Das Flores","cityCode":"11"},"geometry":{"type":"Polygon","coordinates":[[[-44.1889695,-19.9273838],[-44.1889179,-19.9271059],[-44.1887755,-19.9271032],[-44.188684,-19.9268991],[-44.188234,-19.9267062],[-44.1878666,-19.9263892],[-44.1871998,-19.9261187],[-44.1866907,-19.9261971],[-44.1860962,-19.9268638],[-44.1856883,-19.9270077],[-44.185012,-19.9270767],[-44.1828908,-19.9266129],[-44.1814701,-19.9264045],[-44.1814372,-19.9265331],[-44.1813347,-19.9263645],[-44.1795943,-19.9259782],[-44.1795803,-19.9262085],[-44.1794539,-19.9263897],[-44.1793088,-19.9263874],[-44.1791922,-19.9266779],[-44.1794046,-19.9271187],[-44.1792117,-19.927559],[-44.1791669,-19.9287198],[-44.179626,-19.9287926],[-44.1796064,-19.9289797],[-44.1793417,-19.9291167],[-44.1812187,-19.9296714],[-44.1814201,-19.9296781],[-44.1814832,-19.9295535],[-44.1816902,-19.9294711],[-44.1825331,-19.9292383],[-44.1830865,-19.9298419],[-44.1833251,-19.9299777],[-44.1837297,-19.9306983],[-44.1841364,-19.9310845],[-44.1845277,-19.9311864],[-44.1856048,-19.9312834],[-44.1870547,-19.9319145],[-44.1871829,-19.9318753],[-44.1874271,-19.931535],[-44.1879057,-19.9305315],[-44.1878568,-19.9303753],[-44.1879119,-19.9302422],[-44.1882116,-19.9298315],[-44.1883731,-19.9294295],[-44.1883723,-19.9292146],[-44.1884673,-19.9292097],[-44.1885065,-19.9290876],[-44.1885555,-19.9285734],[-44.1886508,-19.9284836],[-44.1889695,-19.9273838]]]}},{"type":"Feature","properties":{"code":"11:884","name":"Vila Santa Maria","cityCode":"11"},"geometry":{"type":"Polygon","coordinates":[[[-44.1085459,-19.9467011],[-44.1086074,-19.9465782],[-44.1101379,-19.9458783],[-44.1100769,-19.9456346],[-44.1099483,-19.9454854],[-44.1095382,-19.9453137],[-44.109802,-19.9450844],[-44.109748,-19.9449448],[-44.1088031,-19.9448359],[-44.1084664,-19.9445856],[-44.1080167,-19.9444743],[-44.1069204,-19.9444688],[-44.1069857,-19.9449896],[-44.1068518,-19.9457689],[-44.1069667,-19.9462234],[-44.1069249,-19.9463346],[-44.1074923,-19.946304],[-44.1085459,-19.9467011]]]}},{"type":"Feature","properties":{"code":"11:169","name":"Jardim Perla I","cityCode":"11"},"geometry":{"type":"Polygon","coordinates":[[[-44.1158404,-19.9430905],[-44.1164579,-19.9424292],[-44.1177173,-19.9425891],[-44.117985,-19.9419585],[-44.1168789,-19.9418292],[-44.1166749,-19.9419717],[-44.1162488,-19.9415362],[-44.1162021,-19.9416036],[-44.1159717,-19.9414353],[-44.1159639,-19.9413581],[-44.1158534,-19.9413428],[-44.1149372,-19.9406459],[-44.1145745,-19.9402822],[-44.1147488,-19.9400334],[-44.1146841,-19.9393904],[-44.1147525,-19.9391823],[-44.1134234,-19.9383511],[-44.1126662,-19.9397292],[-44.112841,-19.9400869],[-44.1135292,-19.9404719],[-44.1136561,-19.9407714],[-44.1134944,-19.941001],[-44.1126172,-19.9407711],[-44.1128985,-19.9411438],[-44.112873,-19.9412739],[-44.1130868,-19.9416528],[-44.1132278,-19.9416547],[-44.1139676,-19.9429277],[-44.1158404,-19.9430905]]]}},{"type":"Feature","properties":{"code":"11:171","name":"Amoras","cityCode":"11"},"geometry":{"type":"Polygon","coordinates":[[[-44.1854866,-19.9476954],[-44.1858705,-19.9474189],[-44.1863642,-19.9468369],[-44.1867867,-19.9471678],[-44.1870205,-19.9471241],[-44.187482,-19.9473109],[-44.1888906,-19.9467802],[-44.1888152,-19.9465555],[-44.1881508,-19.9457217],[-44.1866856,-19.9459127],[-44.1857209,-19.9465059],[-44.1850205,-19.9465363],[-44.1849009,-19.9466123],[-44.1852446,-19.9471006],[-44.1854866,-19.9476954]]]}},{"type":"Feature","properties":{"code":"11:172","name":"Vila Sol Nascente","cityCode":"11"},"geometry":{"type":"Polygon","coordinates":[[[-44.2233273,-20.0340237],[-44.2239894,-20.0341732],[-44.2244357,-20.0343601],[-44.2252063,-20.0344634],[-44.2254892,-20.0344137],[-44.225799,-20.0342239],[-44.2262784,-20.0350191],[-44.2266071,-20.0348558],[-44.2273492,-20.0340508],[-44.2277738,-20.0329072],[-44.2280685,-20.0323632],[-44.2281097,-20.0312396],[-44.2285637,-20.0304781],[-44.2286514,-20.030181],[-44.2285924,-20.0298429],[-44.228475,-20.0297424],[-44.2281111,-20.0290062],[-44.2279794,-20.0290875],[-44.2275518,-20.0288953],[-44.2269116,-20.0294637],[-44.2263142,-20.0295743],[-44.2259034,-20.0297996],[-44.2254231,-20.0296732],[-44.2248663,-20.0301562],[-44.2246452,-20.0305362],[-44.2243875,-20.0306662],[-44.2239957,-20.0311719],[-44.2236505,-20.0313094],[-44.2233779,-20.0319101],[-44.2231339,-20.0321001],[-44.2229608,-20.0324732],[-44.2233273,-20.0340237]]]}},{"type":"Feature","properties":{"code":"11:175","name":"Jardim Iara","cityCode":"11"},"geometry":{"type":"Polygon","coordinates":[[[-44.2047357,-19.9556122],[-44.2046649,-19.9555293],[-44.2046311,-19.9558696],[-44.2035025,-19.9576665],[-44.2034742,-19.9579836],[-44.2048096,-19.958192],[-44.2050369,-19.9574484],[-44.2050842,-19.9574758],[-44.2051453,-19.9573811],[-44.205584,-19.9558243],[-44.2047357,-19.9556122]]]}},{"type":"Feature","properties":{"code":"11:94","name":"Cidade Verde","cityCode":"11"},"geometry":{"type":"Polygon","coordinates":[[[-44.1856448,-19.9796713],[-44.185488,-19.979828],[-44.1845485,-19.9802414],[-44.184438,-19.9804276],[-44.1844177,-19.9806897],[-44.1846847,-19.9812259],[-44.1849052,-19.9814427],[-44.1857884,-19.9818475],[-44.1861958,-19.9822227],[-44.1863618,-19.9825889],[-44.186465,-19.9832647],[-44.1867263,-19.9841069],[-44.1871519,-19.9848763],[-44.1871018,-19.9850308],[-44.1872337,-19.9851285],[-44.1873398,-19.9853638],[-44.1875012,-19.9854471],[-44.1873414,-19.9860237],[-44.187178,-19.9861341],[-44.187872,-19.9864561],[-44.1882968,-19.9869747],[-44.1885351,-19.9871285],[-44.188573,-19.9872594],[-44.1883309,-19.9877825],[-44.1883525,-19.9881804],[-44.1882802,-19.9884154],[-44.1879591,-19.9886156],[-44.1877516,-19.9886203],[-44.1875315,-19.9884741],[-44.1874116,-19.9885331],[-44.1880086,-19.988768],[-44.1880374,-19.9888823],[-44.1881966,-19.9888282],[-44.1884043,-19.9889099],[-44.1885033,-19.9890399],[-44.1888421,-19.9891284],[-44.1897541,-19.9888032],[-44.1899257,-19.9888656],[-44.190258,-19.9887999],[-44.190815,-19.9888249],[-44.1913065,-19.9890663],[-44.1916305,-19.989076],[-44.1918235,-19.9892382],[-44.1920725,-19.9892011],[-44.1921662,-19.9892658],[-44.1922157,-19.9894463],[-44.1924639,-19.9896421],[-44.1924607,-19.9900404],[-44.192622,-19.9902181],[-44.1928929,-19.9912211],[-44.1933377,-19.9920695],[-44.1936884,-19.9921902],[-44.1937236,-19.9924452],[-44.1943531,-19.9925038],[-44.1949092,-19.9931723],[-44.197221,-19.9924209],[-44.1982627,-19.9922341],[-44.1985145,-19.9924113],[-44.1988788,-19.9925032],[-44.1993278,-19.9924627],[-44.1995424,-19.9922651],[-44.199672,-19.9923484],[-44.1996164,-19.9925243],[-44.2001821,-19.9925085],[-44.2001451,-19.9912592],[-44.200293,-19.9905541],[-44.2004799,-19.9906849],[-44.2006774,-19.9901514],[-44.2004994,-19.989309],[-44.2007726,-19.9890066],[-44.2004927,-19.9883035],[-44.2006245,-19.9881405],[-44.2010076,-19.9880431],[-44.2012803,-19.9877802],[-44.2017439,-19.9869565],[-44.2017351,-19.9867768],[-44.2018698,-19.9865915],[-44.2018226,-19.9864479],[-44.2015023,-19.9861951],[-44.2014081,-19.9857189],[-44.2011343,-19.9851043],[-44.2010042,-19.9851332],[-44.2006265,-19.9849643],[-44.2004941,-19.984107],[-44.2003454,-19.9837672],[-44.2004306,-19.9829143],[-44.2012046,-19.9826086],[-44.199914,-19.979558],[-44.1999516,-19.9792312],[-44.199665,-19.9777517],[-44.1995484,-19.9773366],[-44.1992468,-19.9767791],[-44.1987842,-19.9764257],[-44.1984187,-19.9762533],[-44.196753,-19.9760168],[-44.1967377,-19.9766074],[-44.1966386,-19.9769766],[-44.1966753,-19.9771787],[-44.1969246,-19.9777204],[-44.1970295,-19.977748],[-44.1972464,-19.9782756],[-44.1971035,-19.9782863],[-44.1968802,-19.9801506],[-44.1977362,-19.9801922],[-44.1974119,-19.9813365],[-44.1971418,-19.9815676],[-44.1966201,-19.9814854],[-44.1958879,-19.9803144],[-44.1954034,-19.9804918],[-44.1941568,-19.9801982],[-44.1940933,-19.9801097],[-44.1944454,-19.9786385],[-44.1943932,-19.9785684],[-44.1945855,-19.9778318],[-44.1945299,-19.9777708],[-44.1927333,-19.9778396],[-44.1919845,-19.9778029],[-44.1920517,-19.9779151],[-44.191995,-19.9782693],[-44.1914338,-19.9791672],[-44.1910255,-19.9803692],[-44.1908081,-19.9812915],[-44.1905467,-19.9816017],[-44.1905422,-19.9817643],[-44.1906319,-19.9818743],[-44.1905079,-19.9838132],[-44.1879291,-19.9836403],[-44.1885789,-19.9814614],[-44.1882652,-19.9816398],[-44.1870719,-19.9820571],[-44.1864998,-19.980183],[-44.1858825,-19.9803328],[-44.1856448,-19.9796713]]]}},{"type":"Feature","properties":{"code":"11:1104","name":"Guaruja Mansoes","cityCode":"11"},"geometry":{"type":"Polygon","coordinates":[[[-44.2142191,-19.9590382],[-44.2117869,-19.9594321],[-44.2141042,-19.9601977],[-44.2161624,-19.9601558],[-44.2172894,-19.9629704],[-44.2174396,-19.9638005],[-44.217682,-19.9638557],[-44.2181824,-19.96426],[-44.2190549,-19.9636767],[-44.2193829,-19.9631539],[-44.2197283,-19.9622502],[-44.2199924,-19.9618929],[-44.2203304,-19.9616035],[-44.2212803,-19.9610316],[-44.2216877,-19.9605927],[-44.2218662,-19.9598161],[-44.2219391,-19.9569207],[-44.2221238,-19.9565334],[-44.2187194,-19.9557246],[-44.2161186,-19.9579916],[-44.2142191,-19.9590382]]]}},{"type":"Feature","properties":{"code":"11:1124","name":"Estancia Do Sereno - Sede","cityCode":"11"},"geometry":{"type":"Polygon","coordinates":[[[-44.1649711,-19.9838139],[-44.1644321,-19.9835396],[-44.159069,-19.9912565],[-44.158742,-19.9915618],[-44.1552896,-19.9940899],[-44.1554411,-19.994383],[-44.1557166,-19.9943394],[-44.1558058,-19.9944275],[-44.1557944,-19.9946736],[-44.1556503,-19.9947723],[-44.15546,-19.9947841],[-44.1553959,-19.9949226],[-44.1555523,-19.9950023],[-44.1557468,-19.995464],[-44.1560088,-19.9957049],[-44.15601,-19.996199],[-44.1560403,-19.9962932],[-44.1561917,-19.9963456],[-44.1561316,-19.9964443],[-44.1561838,-19.996744],[-44.1564165,-19.9970337],[-44.1561801,-19.9970571],[-44.1562147,-19.9974167],[-44.1560105,-19.9975563],[-44.1563319,-19.9977793],[-44.1563104,-19.9978618],[-44.1560931,-19.9979079],[-44.1561227,-19.9981195],[-44.1563631,-19.99804],[-44.1565316,-19.9981442],[-44.1565191,-19.9983202],[-44.1566054,-19.998495],[-44.1563548,-19.9988857],[-44.1564965,-19.9989409],[-44.1567154,-19.9993131],[-44.1566687,-19.9996141],[-44.1568164,-19.9996439],[-44.1569276,-19.9998477],[-44.1570505,-19.9998628],[-44.1570659,-20.0000235],[-44.1572772,-20.00001],[-44.1574564,-20.000245],[-44.1575288,-20.0001818],[-44.1576323,-20.0002069],[-44.1576621,-20.0003812],[-44.1575082,-20.0004377],[-44.1575837,-20.0006785],[-44.1581018,-20.0008845],[-44.1580315,-20.0009829],[-44.1581077,-20.0010813],[-44.1582948,-20.0010831],[-44.1576257,-20.0017309],[-44.1589346,-20.0024623],[-44.1591779,-20.0027634],[-44.1607265,-20.0025196],[-44.1609825,-20.0026235],[-44.1613975,-20.0030357],[-44.1617172,-20.0031817],[-44.1622536,-20.0029042],[-44.1626214,-20.0023728],[-44.1629436,-20.0021346],[-44.1635546,-20.0026399],[-44.1639206,-20.0022444],[-44.1650175,-20.0033267],[-44.1650987,-20.0038921],[-44.1653942,-20.0038675],[-44.1652688,-20.0031506],[-44.1650284,-20.0028017],[-44.1642704,-20.0020791],[-44.1642028,-20.0019129],[-44.1642204,-20.0016201],[-44.1644408,-20.001043],[-44.1647057,-19.9998286],[-44.1646492,-19.9997925],[-44.1649705,-19.9993156],[-44.1655088,-19.998974],[-44.1655206,-19.9989026],[-44.1663861,-19.9987863],[-44.1665808,-19.9984968],[-44.1664744,-19.9976962],[-44.1667267,-19.9975859],[-44.1668792,-19.9976243],[-44.1668172,-19.9973838],[-44.1671656,-19.9972009],[-44.1678332,-19.9965687],[-44.1695565,-19.9954854],[-44.1702053,-19.995479],[-44.1702319,-19.9954291],[-44.1711383,-19.9923309],[-44.1711419,-19.9917945],[-44.1709811,-19.9917012],[-44.170898,-19.9914467],[-44.1707833,-19.9913409],[-44.1703788,-19.9912064],[-44.1702191,-19.9909208],[-44.170046,-19.9909821],[-44.1699575,-19.9911901],[-44.1698511,-19.9912562],[-44.1695777,-19.9912609],[-44.1692921,-19.990997],[-44.1692589,-19.9908246],[-44.168972,-19.9905384],[-44.1690521,-19.9902096],[-44.1689302,-19.9900913],[-44.1686308,-19.9900739],[-44.1685246,-19.9897588],[-44.1688061,-19.9893608],[-44.1687743,-19.989275],[-44.1685635,-19.9891814],[-44.1684813,-19.988677],[-44.1685316,-19.9885059],[-44.1688134,-19.9882232],[-44.1685975,-19.9880408],[-44.1683941,-19.9876331],[-44.1681238,-19.9875156],[-44.1675947,-19.9866828],[-44.1674545,-19.9865789],[-44.1671446,-19.9865311],[-44.1667993,-19.9863117],[-44.166526,-19.9857799],[-44.1665048,-19.985535],[-44.1662993,-19.9850231],[-44.1664109,-19.9849431],[-44.1649711,-19.9838139]]]}},{"type":"Feature","properties":{"code":"11:1125","name":"Estancia Do Sereno - Ptb","cityCode":"11"},"geometry":{"type":"Polygon","coordinates":[[[-44.1355275,-19.9907534],[-44.135449,-19.9910368],[-44.1356932,-19.9913312],[-44.1361275,-19.9913108],[-44.136376,-19.9913865],[-44.1365332,-19.9916135],[-44.1371627,-19.9932511],[-44.1371619,-19.9934116],[-44.1375541,-19.9937172],[-44.1380635,-19.9939254],[-44.1378046,-19.9946693],[-44.1378614,-19.9949294],[-44.1381384,-19.9953694],[-44.1392273,-19.9980023],[-44.1397954,-20.0013261],[-44.1442462,-20.00848],[-44.1449754,-20.0113174],[-44.1450141,-20.0120319],[-44.1448358,-20.01351],[-44.1450459,-20.0150686],[-44.1466397,-20.0140542],[-44.1469636,-20.0137279],[-44.1474263,-20.0125774],[-44.1489723,-20.0097678],[-44.1496551,-20.0090545],[-44.1495987,-20.0088522],[-44.1476089,-20.006219],[-44.1474701,-20.0062415],[-44.1464037,-20.0047416],[-44.1479634,-20.0036955],[-44.1476255,-20.0032203],[-44.1493083,-20.0021511],[-44.1499315,-20.0011663],[-44.1480752,-19.9999746],[-44.1486672,-19.9992818],[-44.148765,-19.9990442],[-44.148737,-19.9985304],[-44.148213,-19.9973649],[-44.1482206,-19.9969317],[-44.1483564,-19.996579],[-44.1485343,-19.9963412],[-44.1495776,-19.9953927],[-44.1498952,-19.9947378],[-44.1500796,-19.9946948],[-44.1505817,-19.9948507],[-44.1521834,-19.9957598],[-44.153127,-19.9945411],[-44.1524492,-19.9945293],[-44.1523746,-19.9945957],[-44.1522165,-19.9945742],[-44.1519718,-19.9948032],[-44.1518793,-19.9948097],[-44.1519213,-19.9946902],[-44.1517091,-19.9947513],[-44.1516715,-19.9945048],[-44.1514011,-19.9945394],[-44.1509735,-19.9936741],[-44.1510331,-19.9934534],[-44.1508269,-19.9933259],[-44.1507707,-19.9931563],[-44.1506579,-19.9931622],[-44.1505561,-19.9932952],[-44.1503878,-19.9931287],[-44.150291,-19.9932318],[-44.1500292,-19.9932877],[-44.1499136,-19.9931437],[-44.149987,-19.9930784],[-44.1499645,-19.9929483],[-44.1497691,-19.9926923],[-44.1496056,-19.9926419],[-44.1491994,-19.9927334],[-44.1490754,-19.9925769],[-44.1487976,-19.9926066],[-44.1487654,-19.9925086],[-44.1489323,-19.9922545],[-44.1489047,-19.9921704],[-44.1486628,-19.9920979],[-44.1485605,-19.992232],[-44.1481926,-19.9918223],[-44.148153,-19.9915983],[-44.1479638,-19.9914696],[-44.1478468,-19.991259],[-44.1473225,-19.9908646],[-44.1472783,-19.9906259],[-44.1474636,-19.9904947],[-44.1474152,-19.990155],[-44.1472505,-19.9898911],[-44.1470739,-19.9898836],[-44.1467064,-19.9896292],[-44.1468144,-19.9894749],[-44.1466511,-19.98929],[-44.1468803,-19.9892157],[-44.1469735,-19.9890526],[-44.1468519,-19.9890717],[-44.1467577,-19.988981],[-44.1465515,-19.9884443],[-44.1461285,-19.9882058],[-44.1460292,-19.988041],[-44.1458454,-19.9879458],[-44.145735,-19.9877199],[-44.145554,-19.9876425],[-44.145438,-19.9874889],[-44.1453234,-19.9874975],[-44.145211,-19.9872788],[-44.1446584,-19.9868914],[-44.1440224,-19.9867583],[-44.1438473,-19.9866171],[-44.1430664,-19.9859809],[-44.1428428,-19.9854463],[-44.1391096,-19.9858748],[-44.1355275,-19.9907534]]]}},{"type":"Feature","properties":{"code":"11:1165","name":"D.I. Paulo Camilo Oliveira Pena/Sul","cityCode":"11"},"geometry":{"type":"Polygon","coordinates":[[[-44.1166821,-19.9713764],[-44.1176904,-19.9693556],[-44.1176134,-19.9678952],[-44.1185166,-19.9684576],[-44.1189728,-19.9688684],[-44.1198279,-19.9685987],[-44.1210935,-19.967474],[-44.1214965,-19.9670177],[-44.1222634,-19.9663884],[-44.1221853,-19.9650004],[-44.1224442,-19.9649635],[-44.1229014,-19.9654652],[-44.1236085,-19.965219],[-44.1241004,-19.9643775],[-44.1236025,-19.9638412],[-44.1271503,-19.9626556],[-44.1283319,-19.9624954],[-44.1318163,-19.9609691],[-44.1328066,-19.9599716],[-44.1328095,-19.9598631],[-44.1321809,-19.9599032],[-44.1309351,-19.9598325],[-44.1306576,-19.9590731],[-44.1304942,-19.9590676],[-44.1293689,-19.9561067],[-44.1225998,-19.9577502],[-44.1212418,-19.9580038],[-44.120376,-19.9579093],[-44.1197563,-19.9576587],[-44.1192245,-19.9572856],[-44.1177688,-19.9559495],[-44.1173395,-19.9557055],[-44.1169692,-19.9555989],[-44.1047693,-19.9564372],[-44.1046874,-19.9574698],[-44.1043787,-19.9579134],[-44.1041666,-19.9583788],[-44.1045652,-19.9600319],[-44.1044886,-19.9603058],[-44.1039883,-19.9604131],[-44.1041274,-19.9605825],[-44.1041889,-19.9609772],[-44.1040727,-19.9621826],[-44.1042922,-19.963456],[-44.1051368,-19.9653749],[-44.1051918,-19.966648],[-44.104188,-19.967492],[-44.1031624,-19.9680236],[-44.1031162,-19.9683329],[-44.1051401,-19.970046],[-44.1052037,-19.9714916],[-44.1041356,-19.9719843],[-44.0998451,-19.9733946],[-44.1013075,-19.9748621],[-44.101534,-19.9751963],[-44.1032077,-19.9747954],[-44.1034232,-19.9756929],[-44.1033982,-19.9770615],[-44.101663,-19.9771898],[-44.1014178,-19.9771403],[-44.1014801,-19.9777605],[-44.1020388,-19.9785122],[-44.1031282,-19.9789034],[-44.1037051,-19.9792894],[-44.1038781,-19.9801485],[-44.1045804,-19.9818282],[-44.1052615,-19.9856632],[-44.1063845,-19.9858372],[-44.1071368,-19.9857277],[-44.1075877,-19.9857513],[-44.1081389,-19.9855778],[-44.1083915,-19.9856495],[-44.1091383,-19.9863629],[-44.1095296,-19.986213],[-44.1102931,-19.9854162],[-44.1108972,-19.9856024],[-44.1114594,-19.9847296],[-44.1120814,-19.9846001],[-44.1129665,-19.9842313],[-44.1177155,-19.9816775],[-44.1177343,-19.9782974],[-44.1191506,-19.9783044],[-44.1180265,-19.9758307],[-44.1178913,-19.9759382],[-44.1176991,-19.9744767],[-44.1172675,-19.9739839],[-44.1171649,-19.973765],[-44.116075,-19.9738301],[-44.1160362,-19.97279],[-44.1169896,-19.9726058],[-44.1166821,-19.9713764]]]}},{"type":"Feature","properties":{"code":"11:1264","name":"Tiradentes","cityCode":"11"},"geometry":{"type":"Polygon","coordinates":[[[-44.2197914,-19.946005],[-44.2200356,-19.9484436],[-44.2203071,-19.9487608],[-44.2203049,-19.9493794],[-44.2204168,-19.949452],[-44.2208783,-19.9494961],[-44.2210778,-19.9492586],[-44.2212519,-19.9493524],[-44.2217587,-19.9493834],[-44.2224957,-19.9497475],[-44.222673,-19.9499667],[-44.2229675,-19.9501284],[-44.2230221,-19.9502686],[-44.2231549,-19.9503405],[-44.2233241,-19.95029],[-44.2236419,-19.9504304],[-44.2236719,-19.9506308],[-44.223892,-19.9506571],[-44.2239788,-19.950572],[-44.2239999,-19.9503585],[-44.2241814,-19.9502335],[-44.2244335,-19.950356],[-44.2245701,-19.9503229],[-44.2246806,-19.9500485],[-44.2251054,-19.9500659],[-44.2252958,-19.9495723],[-44.2261191,-19.9492361],[-44.2268481,-19.9487701],[-44.2270945,-19.9490733],[-44.2283044,-19.9482079],[-44.2281391,-19.9480095],[-44.2291302,-19.9456027],[-44.228992,-19.9453774],[-44.2289782,-19.9450504],[-44.2284624,-19.9445641],[-44.228351,-19.9446852],[-44.2279972,-19.9446273],[-44.227729,-19.944686],[-44.2275693,-19.9446248],[-44.2275794,-19.9447584],[-44.2273893,-19.9447713],[-44.2272435,-19.9443163],[-44.2193948,-19.9452397],[-44.2194563,-19.9460439],[-44.2197914,-19.946005]]]}},{"type":"Feature","properties":{"code":"11:163","name":"Monte Castelo/C.H. Riacho Iii","cityCode":"11"},"geometry":{"type":"Polygon","coordinates":[[[-44.0763278,-19.9467221],[-44.0759869,-19.9464217],[-44.0774334,-19.9450333],[-44.0783971,-19.9459526],[-44.0793618,-19.9454445],[-44.0804719,-19.9435574],[-44.0797784,-19.9429826],[-44.0785665,-19.9434336],[-44.0772459,-19.9435014],[-44.0771349,-19.9436519],[-44.0771699,-19.9437975],[-44.0769189,-19.9441598],[-44.0754649,-19.9457837],[-44.0752337,-19.9459507],[-44.0741878,-19.9470988],[-44.0729766,-19.947951],[-44.0736517,-19.9491583],[-44.0752083,-19.9480224],[-44.0755621,-19.9476725],[-44.0756279,-19.9474581],[-44.0763278,-19.9467221]]]}},{"type":"Feature","properties":{"code":"11:165","name":"Limas/Fernao Dias","cityCode":"11"},"geometry":{"type":"Polygon","coordinates":[[[-44.2313459,-20.0271309],[-44.233594,-20.0278992],[-44.2322121,-20.0267092],[-44.2316166,-20.0259911],[-44.2300299,-20.0236564],[-44.2297621,-20.0230688],[-44.2295253,-20.0243289],[-44.2285716,-20.0241048],[-44.2282108,-20.0246996],[-44.2275857,-20.0253825],[-44.2275866,-20.0255512],[-44.2278042,-20.0261454],[-44.2280721,-20.0266205],[-44.2288547,-20.0269763],[-44.229116,-20.0272561],[-44.2292703,-20.0269408],[-44.2294802,-20.0270504],[-44.2299092,-20.0267136],[-44.2304421,-20.0272117],[-44.2313459,-20.0271309]]]}},{"type":"Feature","properties":{"code":"11:166","name":"Chacara Santa Cecilia","cityCode":"11"},"geometry":{"type":"Polygon","coordinates":[[[-44.2292624,-19.9752448],[-44.2296585,-19.974574],[-44.2294427,-19.9742953],[-44.2287431,-19.9737672],[-44.2279589,-19.9741946],[-44.2270422,-19.9744252],[-44.2268687,-19.9746443],[-44.2268237,-19.9747701],[-44.2273717,-19.9753973],[-44.2280035,-19.9763131],[-44.2276422,-19.9764356],[-44.2272062,-19.9770486],[-44.2272258,-19.9771628],[-44.2274257,-19.9770527],[-44.2279128,-19.9769587],[-44.2282927,-19.9769107],[-44.2287044,-19.9769792],[-44.2290006,-19.9768483],[-44.2292624,-19.9752448]]]}},{"type":"Feature","properties":{"code":"11:5386","name":"Jardim Piemonte Sul","cityCode":"11"},"geometry":{"type":"Polygon","coordinates":[[[-44.0813493,-19.9596301],[-44.0808514,-19.9592906],[-44.0795537,-19.9580396],[-44.0790182,-19.957823],[-44.0785249,-19.9577864],[-44.0768333,-19.9583124],[-44.0769397,-19.9583661],[-44.0767622,-19.9587771],[-44.0765386,-19.9598482],[-44.0761694,-19.9603718],[-44.075715,-19.9606403],[-44.0751283,-19.9607677],[-44.0715604,-19.960789],[-44.0714826,-19.9606904],[-44.0714759,-19.9592153],[-44.0713612,-19.9592158],[-44.0713873,-19.9607758],[-44.0708587,-19.9608015],[-44.0708028,-19.9609286],[-44.0709664,-19.9611893],[-44.0712228,-19.962057],[-44.071513,-19.9619154],[-44.0722741,-19.9623025],[-44.0720736,-19.9626523],[-44.0717481,-19.9626189],[-44.0718581,-19.9627973],[-44.0722304,-19.9630981],[-44.0727976,-19.9633992],[-44.0733529,-19.9643334],[-44.0739103,-19.9648214],[-44.074248,-19.9653529],[-44.074663,-19.9655481],[-44.0750006,-19.9654132],[-44.0751169,-19.9655573],[-44.0753664,-19.9655895],[-44.0753831,-19.9652903],[-44.0757867,-19.9644251],[-44.0767455,-19.9635667],[-44.076888,-19.9635815],[-44.0784485,-19.9646817],[-44.0785838,-19.9650598],[-44.0790706,-19.9651469],[-44.0792647,-19.9657278],[-44.0790652,-19.9661362],[-44.0788953,-19.966184],[-44.0788346,-19.9670566],[-44.0786324,-19.9673005],[-44.0785547,-19.9675359],[-44.0786395,-19.9679241],[-44.0789699,-19.9679136],[-44.0791976,-19.9677818],[-44.0796753,-19.9676561],[-44.079895,-19.9674053],[-44.0805143,-19.9653855],[-44.0806009,-19.9653416],[-44.0807008,-19.9649957],[-44.0803069,-19.9648528],[-44.080486,-19.9641452],[-44.0806473,-19.9638738],[-44.0809435,-19.9639375],[-44.080956,-19.9638518],[-44.0806356,-19.963596],[-44.0804696,-19.9633427],[-44.0802502,-19.9621701],[-44.0802937,-19.9619877],[-44.081813,-19.9598097],[-44.0813493,-19.9596301]]]}},{"type":"Feature","properties":{"code":"11:5626","name":"Biboca","cityCode":"11"},"geometry":{"type":"Polygon","coordinates":[[[-44.1578785,-19.929207],[-44.158047,-19.9295526],[-44.1585559,-19.9286689],[-44.1583037,-19.9276999],[-44.1588364,-19.9260847],[-44.1588724,-19.9257153],[-44.1567878,-19.9269688],[-44.1578785,-19.929207]]]}},{"type":"Feature","properties":{"code":"11:176","name":"Conjunto Residencial Parque Das Acacias","cityCode":"11"},"geometry":{"type":"Polygon","coordinates":[[[-44.1306887,-19.9336813],[-44.1298351,-19.9337624],[-44.1279147,-19.9346696],[-44.1264534,-19.9357666],[-44.1263366,-19.9360093],[-44.1256538,-19.9361659],[-44.1249601,-19.9365043],[-44.1235678,-19.9367982],[-44.1234571,-19.9369777],[-44.1233173,-19.9370184],[-44.123248,-19.9368667],[-44.1231176,-19.9368744],[-44.1226668,-19.9371096],[-44.1230648,-19.9378588],[-44.123402,-19.9382971],[-44.123822,-19.9385836],[-44.1248552,-19.9390236],[-44.125295,-19.9395702],[-44.1256202,-19.9397394],[-44.125939,-19.9398058],[-44.1279304,-19.9389349],[-44.1307133,-19.9370604],[-44.1309067,-19.9370434],[-44.1306887,-19.9336813]]]}},{"type":"Feature","properties":{"code":"11:177","name":"Vila Amaral","cityCode":"11"},"geometry":{"type":"Polygon","coordinates":[[[-44.2074812,-19.9659159],[-44.2072677,-19.9658915],[-44.2044088,-19.9660886],[-44.2042614,-19.9659886],[-44.2042575,-19.9660366],[-44.2037254,-19.9660184],[-44.2062965,-19.9677131],[-44.207172,-19.9669786],[-44.2084126,-19.966462],[-44.2074812,-19.9659159]]]}},{"type":"Feature","properties":{"code":"11:178","name":"Sao Marcos","cityCode":"11"},"geometry":{"type":"Polygon","coordinates":[[[-44.2372675,-20.0315445],[-44.236708,-20.0312162],[-44.2361993,-20.0307832],[-44.2352704,-20.0297668],[-44.2347447,-20.0309896],[-44.2348215,-20.0326255],[-44.2351758,-20.0326145],[-44.235188,-20.0327715],[-44.2358637,-20.0327285],[-44.235918,-20.0326637],[-44.2360258,-20.0327255],[-44.2363332,-20.032718],[-44.2369277,-20.0330416],[-44.2381702,-20.0323471],[-44.2372675,-20.0315445]]]}},{"type":"Feature","properties":{"code":"11:77","name":"Industrial Sao Luiz","cityCode":"11"},"geometry":{"type":"Polygon","coordinates":[[[-44.1322313,-19.9335131],[-44.1325106,-19.9332463],[-44.1327669,-19.9325944],[-44.1327184,-19.9322565],[-44.1321552,-19.9313747],[-44.1317354,-19.9303262],[-44.1316821,-19.929543],[-44.1319177,-19.9285841],[-44.1318836,-19.9282435],[-44.1317921,-19.927855],[-44.1313725,-19.9268478],[-44.1304722,-19.9272901],[-44.1289843,-19.9270819],[-44.1281621,-19.9272984],[-44.1268419,-19.9290284],[-44.1256327,-19.9318005],[-44.1231354,-19.9344679],[-44.1217919,-19.9352217],[-44.1214372,-19.9351604],[-44.1218208,-19.9355031],[-44.1226668,-19.9371096],[-44.1231176,-19.9368744],[-44.123248,-19.9368667],[-44.1233173,-19.9370184],[-44.1234571,-19.9369777],[-44.1235678,-19.9367982],[-44.1249601,-19.9365043],[-44.1256538,-19.9361659],[-44.1263366,-19.9360093],[-44.1264534,-19.9357666],[-44.1280681,-19.9345812],[-44.1298351,-19.9337624],[-44.1322313,-19.9335131]]]}},{"type":"Feature","properties":{"code":"11:97","name":"Senhora Das Gracas","cityCode":"11"},"geometry":{"type":"Polygon","coordinates":[[[-44.1881189,-19.9396011],[-44.1879229,-19.9397208],[-44.1876553,-19.9400417],[-44.1876244,-19.9404189],[-44.186825,-19.9408121],[-44.1869894,-19.9418396],[-44.1871137,-19.942084],[-44.1879562,-19.9452003],[-44.1881508,-19.9457217],[-44.1888152,-19.9465555],[-44.1889258,-19.9463297],[-44.1912808,-19.9451442],[-44.1922952,-19.9448429],[-44.1945413,-19.9459138],[-44.1963734,-19.9464287],[-44.1967524,-19.9464756],[-44.196823,-19.9451017],[-44.1970947,-19.9447193],[-44.1973828,-19.94407],[-44.1975973,-19.9438103],[-44.1976349,-19.943494],[-44.197862,-19.9430893],[-44.197927,-19.9427651],[-44.1985256,-19.9424],[-44.1978515,-19.9417815],[-44.1953385,-19.9373083],[-44.1943011,-19.9363618],[-44.19209,-19.9355312],[-44.191323,-19.9349018],[-44.1909119,-19.93422],[-44.1908023,-19.9341776],[-44.1903082,-19.9343276],[-44.1902607,-19.9349543],[-44.189519,-19.9360535],[-44.1891168,-19.9374778],[-44.1890133,-19.9381446],[-44.188522,-19.9391903],[-44.1881538,-19.9394727],[-44.1881189,-19.9396011]]]}},{"type":"Feature","properties":{"code":"11:5426","name":"Fazenda Ponte Alta","cityCode":"11"},"geometry":{"type":"Polygon","coordinates":[[[-44.1800843,-19.9253438],[-44.1803506,-19.9261181],[-44.1811452,-19.926308],[-44.1811803,-19.9261611],[-44.1814676,-19.9262248],[-44.1815947,-19.9256334],[-44.1814372,-19.9252241],[-44.1808999,-19.9245069],[-44.183319,-19.9241093],[-44.1837589,-19.9241256],[-44.1837862,-19.9244016],[-44.184838,-19.9243085],[-44.1863493,-19.9243191],[-44.186477,-19.9235824],[-44.1854858,-19.92361],[-44.1845214,-19.9230195],[-44.1836477,-19.923155],[-44.1836008,-19.9228846],[-44.1831444,-19.9234338],[-44.1806998,-19.9241565],[-44.1808257,-19.9244335],[-44.1800843,-19.9253438]]]}},{"type":"Feature","properties":{"code":"11:2144","name":"Dona Graziela","cityCode":"11"},"geometry":{"type":"Polygon","coordinates":[[[-44.1168507,-19.9919021],[-44.1163797,-19.990867],[-44.1161958,-19.9900261],[-44.115908,-19.989662],[-44.1158545,-19.9891949],[-44.1154422,-19.9889057],[-44.1148952,-19.9886755],[-44.1148942,-19.9885075],[-44.1145426,-19.9878818],[-44.1146539,-19.9875082],[-44.114492,-19.9872684],[-44.1135089,-19.9878239],[-44.1114104,-19.9876803],[-44.1116082,-19.9884765],[-44.1122644,-19.9888362],[-44.1131976,-19.9888815],[-44.1131997,-19.9902738],[-44.1133856,-19.9909068],[-44.1138438,-19.9918971],[-44.1139906,-19.9925067],[-44.1139545,-19.9926829],[-44.1140805,-19.9930156],[-44.1143528,-19.9927839],[-44.1162485,-19.9921682],[-44.1173337,-19.9926854],[-44.1168507,-19.9919021]]]}},{"type":"Feature","properties":{"code":"11:2185","name":"Sitio Sao Joao","cityCode":"11"},"geometry":{"type":"Polygon","coordinates":[[[-44.1831234,-19.9534966],[-44.1822618,-19.952482],[-44.1802921,-19.9530182],[-44.1790709,-19.9530808],[-44.1785857,-19.9529605],[-44.1774547,-19.9543574],[-44.1772576,-19.9544999],[-44.1777434,-19.9552055],[-44.1776274,-19.956012],[-44.1771327,-19.9574908],[-44.1776771,-19.9577784],[-44.1780893,-19.9578146],[-44.178343,-19.9579421],[-44.1785789,-19.9581397],[-44.1786192,-19.9582871],[-44.1788729,-19.9584146],[-44.1791815,-19.9584267],[-44.1794269,-19.9581743],[-44.1798255,-19.9579968],[-44.1801261,-19.9580253],[-44.1803797,-19.9579547],[-44.18066,-19.9577171],[-44.1810865,-19.957591],[-44.1815483,-19.9575889],[-44.1821061,-19.9580193],[-44.1825031,-19.9580931],[-44.1827099,-19.9583195],[-44.183168,-19.9585203],[-44.1834256,-19.9588452],[-44.1834577,-19.9590364],[-44.1850904,-19.9586441],[-44.1851589,-19.9585669],[-44.1854371,-19.958548],[-44.185414,-19.9584572],[-44.1847495,-19.9579869],[-44.1846678,-19.9576926],[-44.1846381,-19.9569181],[-44.1844437,-19.9566056],[-44.1843377,-19.9560949],[-44.1841445,-19.9558316],[-44.1838775,-19.9552113],[-44.1837278,-19.9550761],[-44.1831234,-19.9534966]]]}},{"type":"Feature","properties":{"code":"11:2124","name":"Reserva Da Mata","cityCode":"11"},"geometry":{"type":"Polygon","coordinates":[[[-44.2297568,-19.9427964],[-44.22933,-19.9439106],[-44.2318518,-19.9442742],[-44.2318149,-19.9431979],[-44.230944,-19.9410638],[-44.2306507,-19.9410655],[-44.2299833,-19.9416696],[-44.2286708,-19.9419091],[-44.2282799,-19.9400604],[-44.2271357,-19.9399047],[-44.2269745,-19.9400283],[-44.2271483,-19.9400552],[-44.2272174,-19.940127],[-44.2271931,-19.9402395],[-44.2268879,-19.9402343],[-44.2266791,-19.9403369],[-44.2264074,-19.940162],[-44.2229447,-19.940405],[-44.2231503,-19.9405365],[-44.2231877,-19.9407329],[-44.2226446,-19.9409234],[-44.2209052,-19.9407949],[-44.2207076,-19.9407322],[-44.2202971,-19.9404127],[-44.2191326,-19.9406793],[-44.2173943,-19.9383449],[-44.2167473,-19.9392901],[-44.2164866,-19.939532],[-44.2159935,-19.9397532],[-44.2161061,-19.9398143],[-44.2168133,-19.9425571],[-44.2170279,-19.9426599],[-44.2173619,-19.9431889],[-44.2174214,-19.9436488],[-44.2178769,-19.9443219],[-44.2182407,-19.9447144],[-44.2186981,-19.945055],[-44.2191581,-19.9452434],[-44.2193922,-19.9452854],[-44.2201059,-19.945141],[-44.227341,-19.9443047],[-44.2274678,-19.9439229],[-44.228181,-19.9432334],[-44.2297568,-19.9427964]]]}},{"type":"Feature","properties":{"code":"11:133","name":"Recreio Dos Caicaras","cityCode":"11"},"geometry":{"type":"Polygon","coordinates":[[[-44.1287241,-19.9432741],[-44.1293727,-19.9435085],[-44.1315346,-19.9438351],[-44.13336,-19.9438514],[-44.1339607,-19.9414654],[-44.1344704,-19.9413919],[-44.1380795,-19.9432191],[-44.1385959,-19.9436109],[-44.1387333,-19.9438997],[-44.1391331,-19.9441139],[-44.1395571,-19.9447883],[-44.140078,-19.9449393],[-44.1393861,-19.9455259],[-44.1395075,-19.945718],[-44.1394708,-19.9468512],[-44.1396653,-19.9474555],[-44.1403851,-19.9475356],[-44.1405684,-19.9478591],[-44.1404962,-19.9481992],[-44.1406387,-19.9483084],[-44.1407169,-19.9485587],[-44.1418223,-19.9475682],[-44.1431586,-19.9487718],[-44.1438047,-19.948131],[-44.1423918,-19.9468998],[-44.1430845,-19.9461809],[-44.142693,-19.9447306],[-44.1416246,-19.9416644],[-44.1414293,-19.9412998],[-44.1408132,-19.9406215],[-44.1417863,-19.9403347],[-44.1419269,-19.9390264],[-44.1403861,-19.9393786],[-44.138155,-19.9393623],[-44.137398,-19.9395604],[-44.1367832,-19.9398115],[-44.1362312,-19.9397239],[-44.1358972,-19.939768],[-44.1357141,-19.9384791],[-44.1329846,-19.938974],[-44.1317518,-19.9393197],[-44.1307743,-19.9396816],[-44.1299992,-19.9398312],[-44.1298708,-19.9399466],[-44.1295714,-19.9400289],[-44.1287241,-19.9432741]]]}},{"type":"Feature","properties":{"code":"11:3646","name":"Bandeirinha De Baixo","cityCode":"11"},"geometry":{"type":"Polygon","coordinates":[[[-44.2008919,-20.0450203],[-44.2015801,-20.0442826],[-44.2023762,-20.0435987],[-44.2033397,-20.0429593],[-44.2041226,-20.0426727],[-44.2052495,-20.0424562],[-44.2052145,-20.042287],[-44.2053311,-20.0419171],[-44.2052485,-20.0412299],[-44.2043001,-20.0415871],[-44.2038415,-20.0415128],[-44.2034287,-20.0413355],[-44.2018426,-20.0403097],[-44.2015972,-20.0402518],[-44.2007733,-20.0405157],[-44.1988613,-20.0426087],[-44.1986604,-20.043161],[-44.2008919,-20.0450203]]]}},{"type":"Feature","properties":{"code":"11:2606","name":"Santa Cruz","cityCode":"11"},"geometry":{"type":"Polygon","coordinates":[[[-44.1446129,-19.9581108],[-44.1446761,-19.9579169],[-44.1449578,-19.9577594],[-44.1444597,-19.9565156],[-44.1444356,-19.9562951],[-44.1442509,-19.9562729],[-44.1442273,-19.9561801],[-44.1455947,-19.9559758],[-44.1452755,-19.9557144],[-44.1451342,-19.9551273],[-44.1444225,-19.9541499],[-44.1442386,-19.953787],[-44.14365,-19.9539917],[-44.1434589,-19.9543315],[-44.1428853,-19.9547112],[-44.1414386,-19.9561801],[-44.1408926,-19.9563528],[-44.1400284,-19.9564441],[-44.1389235,-19.9563239],[-44.1383024,-19.9559567],[-44.1379479,-19.9556536],[-44.1378098,-19.9554222],[-44.1373902,-19.9560994],[-44.1372816,-19.9572969],[-44.1370094,-19.958335],[-44.1361142,-19.9628054],[-44.1359274,-19.9633418],[-44.135238,-19.9645688],[-44.1351357,-19.9648765],[-44.1349623,-19.9649332],[-44.1340783,-19.9666687],[-44.1368261,-19.9663438],[-44.1380369,-19.9661122],[-44.1384487,-19.965955],[-44.1393589,-19.96512],[-44.1399554,-19.9650485],[-44.139739,-19.9649672],[-44.1400354,-19.9646587],[-44.1400021,-19.9643912],[-44.1401922,-19.9642421],[-44.1413095,-19.9640885],[-44.1423089,-19.9637975],[-44.1431758,-19.9632101],[-44.1436184,-19.9626056],[-44.1440879,-19.9625642],[-44.144084,-19.9621594],[-44.1438786,-19.962086],[-44.1439076,-19.9619332],[-44.1440746,-19.9618474],[-44.143959,-19.9618282],[-44.1439882,-19.9615069],[-44.1445757,-19.9602114],[-44.144731,-19.9595978],[-44.145053,-19.9590373],[-44.1450356,-19.9587812],[-44.1446129,-19.9581108]]]}},{"type":"Feature","properties":{"code":"11:2204","name":"Fazenda Serrinha","cityCode":"11"},"geometry":{"type":"Polygon","coordinates":[[[-44.1860202,-20.0021223],[-44.185398,-20.0032761],[-44.184867,-20.0039008],[-44.1816008,-20.002774],[-44.1808316,-20.0028132],[-44.1808137,-20.003369],[-44.1804288,-20.0049065],[-44.1800503,-20.0051898],[-44.1798089,-20.0052172],[-44.1793998,-20.0056002],[-44.1790352,-20.0061258],[-44.1789414,-20.0067668],[-44.1787577,-20.0072933],[-44.1787968,-20.0075788],[-44.1788092,-20.0075309],[-44.1794084,-20.0074794],[-44.1796062,-20.0075792],[-44.1798568,-20.0082933],[-44.1799736,-20.0089426],[-44.1789392,-20.0095993],[-44.1788765,-20.0095292],[-44.1779823,-20.0100067],[-44.1780353,-20.0097451],[-44.1766948,-20.0097583],[-44.1762878,-20.0096967],[-44.1757252,-20.0103165],[-44.175053,-20.010631],[-44.1730385,-20.0102081],[-44.1714887,-20.0102792],[-44.1706493,-20.0107928],[-44.1696018,-20.0111467],[-44.169356,-20.0113775],[-44.1687168,-20.0099915],[-44.1683634,-20.0095095],[-44.167819,-20.0090714],[-44.1670467,-20.008721],[-44.1654416,-20.008284],[-44.1652104,-20.0081695],[-44.1651591,-20.0077951],[-44.1641147,-20.0082139],[-44.1638607,-20.0084257],[-44.1636064,-20.008792],[-44.1631182,-20.0091303],[-44.1635271,-20.009913],[-44.1634839,-20.0115719],[-44.1637584,-20.0117358],[-44.164104,-20.0114772],[-44.1648904,-20.0124569],[-44.1639236,-20.013038],[-44.164224,-20.0141572],[-44.1640483,-20.0145356],[-44.163765,-20.0161008],[-44.1635957,-20.0164848],[-44.1626,-20.0160246],[-44.1611163,-20.0167008],[-44.1614929,-20.0170929],[-44.1640704,-20.0178209],[-44.1646564,-20.017661],[-44.1650679,-20.0179557],[-44.1650638,-20.0187365],[-44.1653038,-20.0189002],[-44.166028,-20.0186434],[-44.1690852,-20.0197964],[-44.1698087,-20.0196696],[-44.1698457,-20.0191818],[-44.1724617,-20.0191615],[-44.173136,-20.0218323],[-44.1754744,-20.0218892],[-44.1755077,-20.0219701],[-44.1790923,-20.0219309],[-44.1801655,-20.0223328],[-44.1815421,-20.0231392],[-44.1817682,-20.0233439],[-44.182086,-20.0238529],[-44.1834461,-20.0253081],[-44.1842096,-20.0269356],[-44.1851219,-20.0280853],[-44.1855698,-20.029335],[-44.1855706,-20.0301134],[-44.1863219,-20.0336342],[-44.1862995,-20.0340457],[-44.188481,-20.0348424],[-44.1894593,-20.0346501],[-44.1897293,-20.0344287],[-44.1901799,-20.0343059],[-44.1898764,-20.0340537],[-44.1893638,-20.0331891],[-44.189444,-20.0328913],[-44.1900752,-20.0323753],[-44.1919391,-20.0312137],[-44.1921806,-20.0307045],[-44.1925065,-20.0305577],[-44.1926022,-20.0304018],[-44.1925263,-20.0302079],[-44.1925734,-20.0299597],[-44.197924,-20.0296765],[-44.1985304,-20.0297183],[-44.1980903,-20.0272488],[-44.1983598,-20.0216605],[-44.2046229,-20.0193227],[-44.2031242,-20.0173441],[-44.202878,-20.0168682],[-44.2027523,-20.015659],[-44.2096039,-20.0129764],[-44.2117025,-20.012258],[-44.2114832,-20.0117486],[-44.2119878,-20.0117339],[-44.2129389,-20.0114856],[-44.2134437,-20.0116393],[-44.2140898,-20.0124719],[-44.2144019,-20.0121121],[-44.2146961,-20.0108357],[-44.2151375,-20.0100917],[-44.2154324,-20.0098799],[-44.2154322,-20.0096643],[-44.2151134,-20.009556],[-44.2153668,-20.0090116],[-44.2159375,-20.0081984],[-44.2153388,-20.0075022],[-44.2152602,-20.0075493],[-44.2149508,-20.0070018],[-44.2142609,-20.006221],[-44.213411,-20.0050735],[-44.2140548,-20.0043701],[-44.2150872,-20.0048176],[-44.2156718,-20.0045664],[-44.2158547,-20.0040912],[-44.2142296,-20.0035176],[-44.2142041,-20.0032058],[-44.2143089,-20.0029285],[-44.2148272,-20.0021506],[-44.2150314,-20.0011195],[-44.2163438,-19.9991565],[-44.2157542,-19.9989054],[-44.2154497,-19.9985888],[-44.2146839,-19.9982128],[-44.2137667,-19.9978886],[-44.2132567,-19.9978858],[-44.2130751,-19.9979587],[-44.2123468,-19.9977233],[-44.2121407,-19.9972959],[-44.2118939,-19.9971269],[-44.2116404,-19.9967701],[-44.2112712,-19.9966839],[-44.2106334,-19.9963429],[-44.2099747,-19.996348],[-44.2075363,-19.9969422],[-44.206888,-19.9958826],[-44.2064747,-19.9948662],[-44.2064663,-19.9940378],[-44.2066803,-19.9929595],[-44.2062792,-19.9920077],[-44.2051633,-19.9903374],[-44.2045209,-19.9897143],[-44.203386,-19.9889933],[-44.2026372,-19.9886707],[-44.2019306,-19.9884902],[-44.2013572,-19.9898425],[-44.2012312,-19.9903195],[-44.2014554,-19.9907601],[-44.2013358,-19.9909836],[-44.2012958,-19.9915559],[-44.2010147,-19.9918264],[-44.2010496,-19.9921091],[-44.2013817,-19.9924077],[-44.2015348,-19.9928482],[-44.2012375,-19.9932961],[-44.2011938,-19.9936203],[-44.2013964,-19.9948004],[-44.2005106,-19.9955378],[-44.200181,-19.9954498],[-44.1999014,-19.995584],[-44.1994605,-19.9955909],[-44.1989024,-19.9957226],[-44.1981612,-19.9964945],[-44.1980365,-19.9968014],[-44.197436,-19.9974987],[-44.1969877,-19.9979196],[-44.196223,-19.9978722],[-44.1954134,-19.9976975],[-44.1929766,-19.9959459],[-44.1907212,-20.0006639],[-44.1905282,-20.0023644],[-44.1897963,-20.003302],[-44.1897189,-20.003575],[-44.1894491,-20.0037297],[-44.1892971,-20.0036396],[-44.1887399,-20.0035677],[-44.1884534,-20.0033062],[-44.188351,-20.0030089],[-44.1880343,-20.0026244],[-44.1872223,-20.0019134],[-44.1866702,-20.0017303],[-44.1861463,-20.0021858],[-44.1860202,-20.0021223]]]}},{"type":"Feature","properties":{"code":"11:2264","name":"Vista Bela","cityCode":"11"},"geometry":{"type":"Polygon","coordinates":[[[-44.2367961,-19.952999],[-44.2376867,-19.9539523],[-44.2390887,-19.9530068],[-44.2381883,-19.9521316],[-44.2367961,-19.952999]]]}},{"type":"Feature","properties":{"code":"11:168","name":"D.I. Paulo Camilo Oliveira Pena/Norte","cityCode":"11"},"geometry":{"type":"Polygon","coordinates":[[[-44.1275984,-19.9545925],[-44.1272452,-19.9563409],[-44.128495,-19.9558684],[-44.1302738,-19.9556458],[-44.1315278,-19.9556698],[-44.1367749,-19.9562623],[-44.1378098,-19.9554222],[-44.1376355,-19.9548523],[-44.13712,-19.9520623],[-44.1356999,-19.9500577],[-44.1351006,-19.9493695],[-44.1346425,-19.9490561],[-44.1340299,-19.9489026],[-44.133056,-19.9488489],[-44.1296612,-19.948974],[-44.1291969,-19.9489203],[-44.1280026,-19.9485634],[-44.1277802,-19.9489687],[-44.1278057,-19.9493841],[-44.1275536,-19.949961],[-44.127442,-19.9507494],[-44.1275725,-19.951812],[-44.1277995,-19.9525989],[-44.1275984,-19.9545925]]]}},{"type":"Feature","properties":{"code":"11:3405","name":"Parque Industrial E Logistico Joseph Bacha","cityCode":"11"},"geometry":{"type":"Polygon","coordinates":[[[-44.1450604,-19.9588582],[-44.1449322,-19.959303],[-44.1454819,-19.9618449],[-44.146388,-19.9621286],[-44.1468293,-19.9641738],[-44.1459232,-19.96389],[-44.1468661,-19.9682781],[-44.1542425,-19.97575],[-44.1541642,-19.9769149],[-44.1543802,-19.9773239],[-44.1543008,-19.9780866],[-44.1543598,-19.9780867],[-44.1543562,-19.9784471],[-44.1544824,-19.9787757],[-44.1547559,-19.9790554],[-44.154821,-19.9793094],[-44.154744,-19.9793142],[-44.1548141,-19.9802815],[-44.1546762,-19.9804224],[-44.1565551,-19.9840539],[-44.1604698,-19.9892251],[-44.162248,-19.9866284],[-44.1568647,-19.9787082],[-44.1571304,-19.974562],[-44.1553107,-19.9736296],[-44.1517587,-19.9701901],[-44.1508718,-19.967953],[-44.1500713,-19.9683093],[-44.1500083,-19.9687382],[-44.149616,-19.9693039],[-44.1491112,-19.969104],[-44.1490171,-19.9687444],[-44.1483964,-19.9685457],[-44.1495301,-19.9681322],[-44.149735,-19.9677517],[-44.1499625,-19.9675196],[-44.150509,-19.9675862],[-44.1506523,-19.9673923],[-44.1498783,-19.9654396],[-44.1488168,-19.9607819],[-44.1471275,-19.961305],[-44.1469244,-19.9611379],[-44.1467622,-19.9611009],[-44.1466112,-19.9607388],[-44.1461482,-19.9606372],[-44.146155,-19.9602667],[-44.1458558,-19.9599219],[-44.1458579,-19.9597671],[-44.1487899,-19.9587716],[-44.1494941,-19.9579171],[-44.148595,-19.957252],[-44.1484264,-19.9572202],[-44.1490526,-19.9566492],[-44.1479981,-19.9563461],[-44.1465088,-19.9561446],[-44.1465178,-19.9563205],[-44.1462282,-19.9562468],[-44.145936,-19.9564107],[-44.1450417,-19.9563057],[-44.1446199,-19.9564386],[-44.1444597,-19.9565156],[-44.1449578,-19.9577594],[-44.1446761,-19.9579169],[-44.1446129,-19.9581108],[-44.1448953,-19.958482],[-44.1450604,-19.9588582]]]}},{"type":"Feature","properties":{"code":"11:3466","name":"Fazenda Guarani","cityCode":"11"},"geometry":{"type":"Polygon","coordinates":[[[-44.1333312,-19.9569464],[-44.1336886,-19.9570766],[-44.1338253,-19.9564113],[-44.1320029,-19.9561429],[-44.1318428,-19.9570886],[-44.1324149,-19.9568376],[-44.1333312,-19.9569464]]]}},{"type":"Feature","properties":{"code":"11:4628","name":"Vila Santa Maria-2ª Gleba","cityCode":"11"},"geometry":{"type":"Polygon","coordinates":[[[-44.1153837,-19.9459567],[-44.1153945,-19.9457307],[-44.1123747,-19.9462191],[-44.1120595,-19.9463677],[-44.111765,-19.9466757],[-44.1113232,-19.946967],[-44.1141737,-19.9464608],[-44.1153837,-19.9459567]]]}},{"type":"Feature","properties":{"code":"11:161","name":"Riacho De Areia","cityCode":"11"},"geometry":{"type":"Polygon","coordinates":[[[-44.1663308,-19.9570604],[-44.1686104,-19.9576181],[-44.1691724,-19.95792],[-44.169784,-19.95858],[-44.171082,-19.9607455],[-44.1713974,-19.9610436],[-44.1717841,-19.9612677],[-44.1739782,-19.9611129],[-44.174599,-19.9612519],[-44.1749463,-19.9614354],[-44.1752578,-19.9617073],[-44.1754558,-19.9620004],[-44.1757475,-19.9626729],[-44.1759201,-19.9633263],[-44.1760055,-19.9633751],[-44.1772131,-19.9623884],[-44.1780307,-19.9619896],[-44.1773317,-19.9614256],[-44.1750632,-19.9588988],[-44.1719472,-19.957662],[-44.1693426,-19.9571524],[-44.1691389,-19.957039],[-44.1673826,-19.9551533],[-44.1671524,-19.9552195],[-44.1666661,-19.9556381],[-44.1656304,-19.956696],[-44.1663308,-19.9570604]]]}},{"type":"Feature","properties":{"code":"11:162","name":"Chacaras Vianopolis","cityCode":"11"},"geometry":{"type":"Polygon","coordinates":[[[-44.2765058,-19.9423231],[-44.2780896,-19.9412328],[-44.2780765,-19.9411021],[-44.2779891,-19.940769],[-44.2776881,-19.9403233],[-44.2774972,-19.9401643],[-44.2766384,-19.9395909],[-44.2760427,-19.9394858],[-44.2758996,-19.9393651],[-44.275922,-19.9394672],[-44.2754257,-19.9395752],[-44.2750302,-19.9398371],[-44.2749529,-19.9397722],[-44.2749584,-19.9398919],[-44.2746656,-19.940266],[-44.2742459,-19.9407757],[-44.274051,-19.940871],[-44.2754068,-19.9414168],[-44.2753715,-19.9414728],[-44.2756793,-19.9417078],[-44.2757871,-19.9419053],[-44.2765058,-19.9423231]]]}},{"type":"Feature","properties":{"code":"11:150","name":"Vista Alegre","cityCode":"11"},"geometry":{"type":"Polygon","coordinates":[[[-44.154811,-19.9870718],[-44.154866,-19.9868398],[-44.1540444,-19.9864175],[-44.1539778,-19.9862984],[-44.1539739,-19.9855403],[-44.1538757,-19.9849005],[-44.1542898,-19.9843891],[-44.1537471,-19.9827371],[-44.1534784,-19.9825143],[-44.1530978,-19.9826605],[-44.1527795,-19.9826089],[-44.1527036,-19.9824948],[-44.1513241,-19.9822108],[-44.1511461,-19.9823199],[-44.1508867,-19.9823387],[-44.1499762,-19.9833026],[-44.1496689,-19.9844236],[-44.1505864,-19.98511],[-44.1502878,-19.9863414],[-44.1502632,-19.9867546],[-44.1504461,-19.9876456],[-44.150436,-19.9881039],[-44.1507815,-19.9902021],[-44.1509089,-19.9902017],[-44.1519285,-19.9918135],[-44.1522304,-19.9913298],[-44.1521658,-19.9912242],[-44.1525013,-19.9909927],[-44.1524031,-19.9908272],[-44.1527485,-19.9906333],[-44.1530639,-19.9899672],[-44.154811,-19.9870718]]]}},{"type":"Feature","properties":{"code":"11:153","name":"Vila Cristina","cityCode":"11"},"geometry":{"type":"Polygon","coordinates":[[[-44.1266041,-19.9398347],[-44.1275385,-19.9401063],[-44.127743,-19.9402616],[-44.1281022,-19.9402781],[-44.1298708,-19.9399466],[-44.1299992,-19.9398312],[-44.1307743,-19.9396816],[-44.1317518,-19.9393197],[-44.1333235,-19.9388892],[-44.1357141,-19.9384791],[-44.1358972,-19.939768],[-44.1362312,-19.9397239],[-44.1367832,-19.9398115],[-44.137398,-19.9395604],[-44.138155,-19.9393623],[-44.138701,-19.9393244],[-44.1399351,-19.9394143],[-44.1404773,-19.9393655],[-44.1419269,-19.9390264],[-44.1419098,-19.9386067],[-44.1420143,-19.9379183],[-44.1422428,-19.9376942],[-44.1428564,-19.9379163],[-44.142931,-19.9378565],[-44.1434538,-19.9382784],[-44.144408,-19.9384928],[-44.1451688,-19.9375938],[-44.1451659,-19.9371992],[-44.1453068,-19.9364483],[-44.1451698,-19.9363617],[-44.142966,-19.9333413],[-44.1428236,-19.9333221],[-44.1426445,-19.9327151],[-44.1423349,-19.9320848],[-44.1419018,-19.9314773],[-44.1413444,-19.9320385],[-44.1408086,-19.9317012],[-44.1402659,-19.9317044],[-44.1398844,-19.9314251],[-44.1396783,-19.9313729],[-44.1391023,-19.9313242],[-44.1388955,-19.9315322],[-44.1380706,-19.9312405],[-44.1372338,-19.9310896],[-44.1369643,-19.9311955],[-44.1355145,-19.9312427],[-44.1353608,-19.9313789],[-44.1351624,-19.9313882],[-44.1349635,-19.9318037],[-44.13488,-19.9329084],[-44.1346626,-19.9336143],[-44.1338641,-19.9351114],[-44.1319317,-19.9362933],[-44.1310606,-19.9369049],[-44.1310877,-19.9370263],[-44.1307133,-19.9370604],[-44.1279304,-19.9389349],[-44.125939,-19.9398058],[-44.1266041,-19.9398347]]]}},{"type":"Feature","properties":{"code":"11:155","name":"Guanabara","cityCode":"11"},"geometry":{"type":"Polygon","coordinates":[[[-44.1411372,-19.9671247],[-44.1409906,-19.9671746],[-44.1401281,-19.9656612],[-44.1399554,-19.9650485],[-44.1393589,-19.96512],[-44.1384487,-19.965955],[-44.1380369,-19.9661122],[-44.1367609,-19.9663538],[-44.1341566,-19.966684],[-44.1319523,-19.9666275],[-44.1310322,-19.9669942],[-44.1308857,-19.9674285],[-44.1310568,-19.9678043],[-44.1318858,-19.9684974],[-44.1331789,-19.9699288],[-44.1332735,-19.9701125],[-44.1352084,-19.9717389],[-44.1354156,-19.9717591],[-44.1354038,-19.9718669],[-44.1357225,-19.9721141],[-44.1357521,-19.9722171],[-44.1375223,-19.973663],[-44.1413854,-19.9750898],[-44.1442883,-19.9746365],[-44.1446493,-19.9743995],[-44.143998,-19.9734869],[-44.1416496,-19.9697194],[-44.1415023,-19.9695808],[-44.1417709,-19.9689736],[-44.1418518,-19.968985],[-44.1420268,-19.9683965],[-44.1414049,-19.9677157],[-44.1411372,-19.9671247]]]}},{"type":"Feature","properties":{"code":"11:122","name":"Vila Navegantes","cityCode":"11"},"geometry":{"type":"Polygon","coordinates":[[[-44.2224515,-20.0260889],[-44.22224,-20.0257639],[-44.2214737,-20.0252292],[-44.221276,-20.0249579],[-44.2212561,-20.0247893],[-44.2206139,-20.0248],[-44.2204423,-20.0249856],[-44.2200735,-20.0257718],[-44.2199717,-20.0262417],[-44.2202169,-20.0269718],[-44.2205001,-20.0284076],[-44.2212158,-20.0287551],[-44.2213296,-20.0287006],[-44.22153,-20.0289628],[-44.2216626,-20.0294043],[-44.2220687,-20.0300646],[-44.2222805,-20.0300961],[-44.2225478,-20.0298843],[-44.2226129,-20.029642],[-44.2228658,-20.0299022],[-44.2231973,-20.0308905],[-44.2236312,-20.0313531],[-44.2239957,-20.0311719],[-44.2243875,-20.0306662],[-44.2246452,-20.0305362],[-44.2248663,-20.0301562],[-44.2254231,-20.0296732],[-44.2255967,-20.0297189],[-44.226033,-20.0282829],[-44.2262802,-20.0277588],[-44.2264781,-20.0269719],[-44.2254541,-20.0269462],[-44.2232556,-20.027167],[-44.2228078,-20.0263864],[-44.2224515,-20.0260889]]]}},{"type":"Feature","properties":{"code":"11:123","name":"Vila Nova","cityCode":"11"},"geometry":{"type":"Polygon","coordinates":[[[-44.2267522,-20.0262198],[-44.2268136,-20.0265099],[-44.2267135,-20.0267423],[-44.2264781,-20.0269719],[-44.2262802,-20.0277588],[-44.226033,-20.0282829],[-44.2255967,-20.0297189],[-44.2259034,-20.0297996],[-44.2263142,-20.0295743],[-44.2269821,-20.0294373],[-44.2275518,-20.0288953],[-44.2279794,-20.0290875],[-44.2281111,-20.0290062],[-44.2286289,-20.029931],[-44.2286514,-20.030181],[-44.2285637,-20.0304781],[-44.2281097,-20.0312396],[-44.2280685,-20.0323632],[-44.2277738,-20.0329072],[-44.2273492,-20.0340508],[-44.2275729,-20.0339831],[-44.2280059,-20.0336476],[-44.2284033,-20.0336212],[-44.2286557,-20.0336949],[-44.2309466,-20.0328145],[-44.2320949,-20.0329997],[-44.2316721,-20.0317823],[-44.231558,-20.0316271],[-44.2314774,-20.0316244],[-44.2310525,-20.0306652],[-44.2313241,-20.0303596],[-44.2313826,-20.0300805],[-44.2313576,-20.0297181],[-44.2310998,-20.0292136],[-44.2310747,-20.0290018],[-44.2303544,-20.028747],[-44.2300415,-20.0278037],[-44.2297734,-20.0276705],[-44.2293813,-20.0276633],[-44.2289961,-20.0270782],[-44.2280721,-20.0266205],[-44.2276241,-20.025715],[-44.2267522,-20.0262198]]]}},{"type":"Feature","properties":{"code":"11:127","name":"Cachoeira","cityCode":"11"},"geometry":{"type":"Polygon","coordinates":[[[-44.2235241,-19.9538262],[-44.2232509,-19.9553686],[-44.2227704,-19.9560757],[-44.2221818,-19.9567601],[-44.2220694,-19.9570422],[-44.2219306,-19.9603947],[-44.2217,-19.9608505],[-44.2216277,-19.960923],[-44.2215648,-19.9608652],[-44.2212844,-19.9611079],[-44.2212836,-19.9612034],[-44.2199721,-19.9621462],[-44.2195088,-19.9634602],[-44.2191859,-19.963747],[-44.2192017,-19.9638489],[-44.2189771,-19.9642537],[-44.2181349,-19.9649284],[-44.2174124,-19.9652206],[-44.2166824,-19.9657577],[-44.2170437,-19.9661534],[-44.2187807,-19.9647615],[-44.2217956,-19.9625763],[-44.2225514,-19.9616543],[-44.2228517,-19.961056],[-44.2227745,-19.9610349],[-44.222827,-19.9608166],[-44.2229078,-19.9608076],[-44.2230899,-19.9603093],[-44.2231358,-19.9596718],[-44.223384,-19.9583349],[-44.223646,-19.9574021],[-44.2241774,-19.9561516],[-44.2250667,-19.9546607],[-44.2235241,-19.9538262]]]}},{"type":"Feature","properties":{"code":"11:164","name":"Jardim Montreal","cityCode":"11"},"geometry":{"type":"Polygon","coordinates":[[[-44.1270755,-20.018778],[-44.1270746,-20.0191684],[-44.1264741,-20.0215011],[-44.1294613,-20.0179251],[-44.12932,-20.0175599],[-44.1304546,-20.0173425],[-44.1298673,-20.0165923],[-44.1291616,-20.0149306],[-44.1290563,-20.0149504],[-44.1285775,-20.0158962],[-44.1268492,-20.0151675],[-44.1237103,-20.0153077],[-44.1233842,-20.0156247],[-44.1234774,-20.0156642],[-44.1235146,-20.0158187],[-44.125271,-20.0173167],[-44.1257311,-20.0167919],[-44.1268505,-20.0173271],[-44.1270755,-20.018778]]]}},{"type":"Feature","properties":{"code":"11:112","name":"Angola","cityCode":"11"},"geometry":{"type":"Polygon","coordinates":[[[-44.20021,-19.9581524],[-44.2001527,-19.9582333],[-44.1975778,-19.9589471],[-44.1973848,-19.9587997],[-44.1977345,-19.9597327],[-44.1975499,-19.9598011],[-44.1975278,-19.9598976],[-44.1976876,-19.9602703],[-44.1977879,-19.9603201],[-44.1980771,-19.9607759],[-44.1983349,-19.9609301],[-44.1993142,-19.9618718],[-44.1994969,-19.9624219],[-44.1994349,-19.9628229],[-44.1997687,-19.963228],[-44.1998864,-19.9634991],[-44.2002527,-19.9638029],[-44.2002636,-19.9638864],[-44.2037254,-19.9660184],[-44.2042575,-19.9660366],[-44.2042614,-19.9659886],[-44.2044088,-19.9660886],[-44.2056718,-19.9660276],[-44.205521,-19.9659898],[-44.2052535,-19.963688],[-44.2053459,-19.9633789],[-44.2064054,-19.9617754],[-44.2053019,-19.9597296],[-44.2048826,-19.9593932],[-44.2037494,-19.9588141],[-44.2034679,-19.9583912],[-44.2035025,-19.9576665],[-44.2045146,-19.9561019],[-44.2046837,-19.9556637],[-44.204697,-19.9554478],[-44.2040669,-19.9539028],[-44.2038401,-19.9537379],[-44.2032804,-19.9536472],[-44.203262,-19.9535608],[-44.2011311,-19.9530758],[-44.2011393,-19.9529614],[-44.2003789,-19.9526241],[-44.2002186,-19.9536877],[-44.1998995,-19.9546863],[-44.2005044,-19.9568847],[-44.1998828,-19.9570488],[-44.20021,-19.9581524]]]}},{"type":"Feature","properties":{"code":"11:1006","name":"Fernao Dias - 2A. Secao","cityCode":"11"},"geometry":{"type":"Polygon","coordinates":[[[-44.2377316,-20.0315915],[-44.2369115,-20.0299977],[-44.2365128,-20.0284185],[-44.2351303,-20.0282213],[-44.233594,-20.0278992],[-44.2337616,-20.0282652],[-44.2344291,-20.028808],[-44.2361993,-20.0307832],[-44.2382103,-20.0323202],[-44.2377316,-20.0315915]]]}},{"type":"Feature","properties":{"code":"11:1024","name":"Residencial Lagoa","cityCode":"11"},"geometry":{"type":"Polygon","coordinates":[[[-44.206244,-19.9337328],[-44.2047774,-19.9335509],[-44.2044055,-19.9341722],[-44.2046221,-19.9344171],[-44.2051503,-19.9347227],[-44.2050927,-19.9350434],[-44.2055872,-19.9357126],[-44.2056339,-19.9359765],[-44.2059649,-19.9364334],[-44.2060959,-19.9365128],[-44.2064855,-19.9364654],[-44.2066351,-19.9366464],[-44.2068399,-19.9364603],[-44.2071836,-19.9364015],[-44.2078939,-19.9366952],[-44.2108914,-19.9376128],[-44.2114035,-19.9374698],[-44.2116472,-19.9372394],[-44.2120866,-19.9366719],[-44.2123588,-19.9360229],[-44.2126855,-19.9357433],[-44.2134137,-19.9357594],[-44.2137361,-19.9353458],[-44.2142645,-19.9351905],[-44.2145441,-19.9349856],[-44.2147955,-19.9346257],[-44.2149185,-19.9347061],[-44.2149621,-19.93495],[-44.2153633,-19.9346975],[-44.2154323,-19.9347316],[-44.2153792,-19.9349579],[-44.2154563,-19.9349794],[-44.2156563,-19.9348056],[-44.2158278,-19.935007],[-44.2159506,-19.9349973],[-44.2162154,-19.9347002],[-44.2163933,-19.9346369],[-44.2165075,-19.9344476],[-44.2169526,-19.9342226],[-44.2169485,-19.9341493],[-44.2173882,-19.9341035],[-44.2159086,-19.9328275],[-44.2151498,-19.9327334],[-44.2146694,-19.9328692],[-44.2140571,-19.9325995],[-44.2107919,-19.9326072],[-44.2106009,-19.932962],[-44.2102481,-19.9331069],[-44.2094355,-19.9327126],[-44.2085469,-19.9326404],[-44.2071408,-19.9334302],[-44.206244,-19.9337328]]]}},{"type":"Feature","properties":{"code":"11:147","name":"Granja Pouso Alto","cityCode":"11"},"geometry":{"type":"Polygon","coordinates":[[[-44.1901886,-19.9656926],[-44.1895463,-19.9663918],[-44.190532,-19.9687554],[-44.1902148,-19.9688878],[-44.1902614,-19.9690755],[-44.1902381,-19.96938],[-44.1901519,-19.9694129],[-44.1901838,-19.9698048],[-44.1896003,-19.9698813],[-44.1892175,-19.9698465],[-44.1891789,-19.9703825],[-44.1890862,-19.9704736],[-44.1892125,-19.9707605],[-44.1906143,-19.9707391],[-44.1915986,-19.9708166],[-44.1915133,-19.9694434],[-44.1918701,-19.9681074],[-44.1919586,-19.9680731],[-44.1920523,-19.9677334],[-44.1920522,-19.9660736],[-44.1922382,-19.9656141],[-44.1925034,-19.965228],[-44.1913997,-19.9649347],[-44.1913818,-19.965005],[-44.191109,-19.9649241],[-44.1901886,-19.9656926]]]}},{"type":"Feature","properties":{"code":"11:117","name":"Novo Horizonte","cityCode":"11"},"geometry":{"type":"Polygon","coordinates":[[[-44.2024096,-19.9485305],[-44.2022934,-19.9482727],[-44.2043849,-19.9471937],[-44.20517,-19.9466087],[-44.2059614,-19.945794],[-44.2067319,-19.9445464],[-44.2055659,-19.9438728],[-44.2053343,-19.9441736],[-44.2052279,-19.9441638],[-44.204082,-19.9437129],[-44.2040509,-19.9437608],[-44.2040138,-19.9436558],[-44.2039272,-19.9437848],[-44.2033045,-19.9439033],[-44.203206,-19.9440046],[-44.2031763,-19.9439555],[-44.2028289,-19.9440893],[-44.2025061,-19.9441331],[-44.2022036,-19.943859],[-44.2016847,-19.9441172],[-44.2016238,-19.9442743],[-44.201337,-19.9443816],[-44.2007098,-19.9449848],[-44.2008384,-19.9461042],[-44.2009239,-19.9463297],[-44.1986626,-19.9458276],[-44.1985757,-19.9458654],[-44.1992618,-19.9483654],[-44.2024096,-19.9485305]]]}},{"type":"Feature","properties":{"code":"11:118","name":"Chacaras Bom Repouso","cityCode":"11"},"geometry":{"type":"Polygon","coordinates":[[[-44.2053905,-19.9418901],[-44.205519,-19.941821],[-44.2065809,-19.9421941],[-44.206933,-19.9418694],[-44.2071471,-19.9419374],[-44.2072854,-19.9418077],[-44.2075235,-19.9418969],[-44.2074298,-19.9420403],[-44.2078974,-19.9422209],[-44.2079143,-19.9422835],[-44.2095979,-19.9428624],[-44.2094843,-19.9426789],[-44.2097058,-19.9420444],[-44.2099637,-19.9417536],[-44.2104078,-19.9414302],[-44.2105614,-19.9411453],[-44.2108376,-19.9408989],[-44.2108485,-19.9405188],[-44.2107748,-19.9404867],[-44.2107749,-19.9403084],[-44.2110757,-19.9398623],[-44.2110295,-19.9396202],[-44.2112228,-19.9390202],[-44.2111485,-19.9388748],[-44.2112908,-19.9380315],[-44.2112538,-19.9377015],[-44.2114035,-19.9374698],[-44.2108914,-19.9376128],[-44.2078939,-19.9366952],[-44.2071836,-19.9364015],[-44.2068399,-19.9364603],[-44.2066351,-19.9366464],[-44.2064855,-19.9364654],[-44.2060959,-19.9365128],[-44.2057847,-19.9362147],[-44.2056339,-19.9359765],[-44.2055872,-19.9357126],[-44.2050927,-19.9350434],[-44.2051503,-19.9347227],[-44.2046221,-19.9344171],[-44.2044055,-19.9341722],[-44.2042257,-19.9345565],[-44.2041262,-19.9351871],[-44.203828,-19.9359056],[-44.2036242,-19.9371763],[-44.2030836,-19.9381924],[-44.2027055,-19.9386551],[-44.2024178,-19.9393825],[-44.2024776,-19.9397675],[-44.2028017,-19.939882],[-44.2029051,-19.9400167],[-44.202892,-19.9402332],[-44.203289,-19.9404315],[-44.202989,-19.941269],[-44.2035024,-19.9413053],[-44.2041238,-19.9414822],[-44.2042539,-19.9414553],[-44.2053905,-19.9418901]]]}},{"type":"Feature","properties":{"code":"11:1645","name":"Vale Verde","cityCode":"11"},"geometry":{"type":"Polygon","coordinates":[[[-44.282461,-19.9543542],[-44.2827279,-19.9542313],[-44.2838705,-19.9552636],[-44.2852636,-19.9572078],[-44.2856503,-19.9571562],[-44.2851521,-19.9560918],[-44.2845056,-19.9543872],[-44.2840858,-19.9537023],[-44.2829747,-19.9542043],[-44.2825374,-19.9535635],[-44.2823693,-19.9531276],[-44.2834306,-19.9527286],[-44.2835217,-19.9521651],[-44.283465,-19.9513309],[-44.2840512,-19.9511258],[-44.2833363,-19.9498131],[-44.2826964,-19.9490462],[-44.2821468,-19.9481889],[-44.2820019,-19.9480791],[-44.2817733,-19.9486315],[-44.2789128,-19.9517276],[-44.2784899,-19.9522671],[-44.2781791,-19.9528337],[-44.2780734,-19.9528187],[-44.2776552,-19.9523205],[-44.2768194,-19.9515867],[-44.2755628,-19.9500803],[-44.2750649,-19.9496778],[-44.2749414,-19.949658],[-44.2747106,-19.9497316],[-44.2744023,-19.9500814],[-44.2740679,-19.9501872],[-44.2737937,-19.9503821],[-44.2738377,-19.9505253],[-44.2695789,-19.9521801],[-44.269873,-19.9524381],[-44.2705635,-19.9536016],[-44.2723772,-19.9543318],[-44.2732991,-19.9552596],[-44.2744018,-19.9550667],[-44.2742451,-19.9556647],[-44.2775358,-19.9561374],[-44.2773374,-19.9567333],[-44.2774135,-19.9569307],[-44.2771964,-19.9575076],[-44.2771992,-19.9578359],[-44.2788255,-19.958828],[-44.2799156,-19.9584016],[-44.2799899,-19.9583061],[-44.2816507,-19.957729],[-44.2823883,-19.9577018],[-44.2816229,-19.9558249],[-44.2816692,-19.9547744],[-44.2819494,-19.9541144],[-44.282461,-19.9543542]]]}},{"type":"Feature","properties":{"code":"11:1686","name":"Chacaras Varzea Das Flores","cityCode":"11"},"geometry":{"type":"Polygon","coordinates":[[[-44.1801613,-19.917887],[-44.1801485,-19.9201454],[-44.1824291,-19.9182958],[-44.1820215,-19.91634],[-44.1801613,-19.917887]]]}},{"type":"Feature","properties":{"code":"11:108","name":"Jardim Primavera","cityCode":"11"},"geometry":{"type":"Polygon","coordinates":[[[-44.1713159,-19.9989629],[-44.1702324,-19.9955372],[-44.1700731,-19.995441],[-44.1695565,-19.9954854],[-44.1678332,-19.9965687],[-44.1671656,-19.9972009],[-44.1668172,-19.9973838],[-44.1668792,-19.9976243],[-44.1667267,-19.9975859],[-44.1664744,-19.9976962],[-44.1665808,-19.9984968],[-44.1665296,-19.9986282],[-44.1663861,-19.9987863],[-44.1655206,-19.9989026],[-44.1655088,-19.998974],[-44.1649705,-19.9993156],[-44.1646492,-19.9997925],[-44.1647057,-19.9998286],[-44.1644671,-20.0008595],[-44.1666173,-20.0003443],[-44.167215,-20.0002864],[-44.1672273,-20.0002066],[-44.1712605,-19.9991771],[-44.1713159,-19.9989629]]]}},{"type":"Feature","properties":{"code":"11:157","name":"Jardim Central","cityCode":"11"},"geometry":{"type":"Polygon","coordinates":[[[-44.2280537,-19.9510942],[-44.2286232,-19.9506459],[-44.2289173,-19.9504887],[-44.22965,-19.9502729],[-44.2312109,-19.9501274],[-44.2320908,-19.9496749],[-44.2320038,-19.9495599],[-44.2314269,-19.9499009],[-44.2311089,-19.9499543],[-44.230768,-19.9499492],[-44.2295675,-19.9495705],[-44.2290617,-19.9494798],[-44.228509,-19.9495065],[-44.2279555,-19.9496442],[-44.2271478,-19.9501803],[-44.2258157,-19.9520114],[-44.2255682,-19.952239],[-44.2240479,-19.9531283],[-44.2236451,-19.9535468],[-44.2235241,-19.9538262],[-44.2250667,-19.9546607],[-44.2261504,-19.9532938],[-44.2280537,-19.9510942]]]}},{"type":"Feature","properties":{"code":"11:141","name":"Bela Vista","cityCode":"11"},"geometry":{"type":"Polygon","coordinates":[[[-44.1839899,-19.9345872],[-44.1868658,-19.9319984],[-44.1869307,-19.9318677],[-44.1858371,-19.9313614],[-44.1854411,-19.9312991],[-44.1822265,-19.9337277],[-44.1839899,-19.9345872]]]}},{"type":"Feature","properties":{"code":"11:95","name":"Chacaras Santo Antonio","cityCode":"11"},"geometry":{"type":"Polygon","coordinates":[[[-44.1015213,-19.9539675],[-44.1020877,-19.9538911],[-44.1021337,-19.9558782],[-44.1022682,-19.9558899],[-44.1022111,-19.9570109],[-44.1023126,-19.9575732],[-44.1022281,-19.957755],[-44.1022485,-19.9579148],[-44.1027795,-19.9581709],[-44.1030128,-19.9581506],[-44.1033299,-19.9584086],[-44.1034107,-19.9591962],[-44.1035898,-19.95988],[-44.1039883,-19.9604131],[-44.1044886,-19.9603058],[-44.1045652,-19.9600319],[-44.1041666,-19.9583788],[-44.1043787,-19.9579134],[-44.1046874,-19.9574698],[-44.1047693,-19.9564372],[-44.1111926,-19.9560378],[-44.1113983,-19.9554232],[-44.1113687,-19.9545019],[-44.11114,-19.9542662],[-44.1108929,-19.9537562],[-44.1107263,-19.9528632],[-44.110708,-19.952099],[-44.11058,-19.951779],[-44.1105062,-19.9511198],[-44.1108434,-19.9502786],[-44.1108093,-19.9502067],[-44.1114079,-19.9496059],[-44.1115393,-19.9496854],[-44.1118136,-19.9496585],[-44.1120551,-19.9498503],[-44.1124768,-19.9499494],[-44.1132764,-19.9495672],[-44.1134717,-19.9495644],[-44.1136914,-19.9497258],[-44.1137415,-19.9496175],[-44.1138755,-19.9496359],[-44.1140196,-19.9495472],[-44.114328,-19.9485043],[-44.1141737,-19.9464608],[-44.111069,-19.9470126],[-44.109919,-19.947081],[-44.1090487,-19.9469325],[-44.1074923,-19.946304],[-44.1073908,-19.9464386],[-44.1074111,-19.9468859],[-44.1087285,-19.947709],[-44.1089543,-19.9479524],[-44.1088066,-19.948161],[-44.1078349,-19.9488167],[-44.1072739,-19.9488429],[-44.1070146,-19.948944],[-44.1059728,-19.9500057],[-44.1053881,-19.9501815],[-44.1053475,-19.9502417],[-44.1054839,-19.950315],[-44.1052088,-19.9507122],[-44.104769,-19.9517636],[-44.1046458,-19.9517744],[-44.1045464,-19.9520409],[-44.104175,-19.952546],[-44.104201,-19.9529777],[-44.1040345,-19.9534965],[-44.1017497,-19.9532975],[-44.1015119,-19.953476],[-44.1015213,-19.9539675]]]}},{"type":"Feature","properties":{"code":"11:143","name":"Santa Fe","cityCode":"11"},"geometry":{"type":"Polygon","coordinates":[[[-44.2064266,-19.9556856],[-44.2068473,-19.9559103],[-44.2068846,-19.956105],[-44.2074861,-19.9560015],[-44.2075317,-19.9562094],[-44.2075921,-19.9562177],[-44.2073253,-19.9548456],[-44.2073691,-19.9536377],[-44.2071169,-19.9533705],[-44.2065456,-19.9530742],[-44.2059066,-19.9528661],[-44.2060165,-19.9521086],[-44.2059589,-19.9519796],[-44.2055783,-19.952118],[-44.2048967,-19.9525485],[-44.2044575,-19.9530721],[-44.2044196,-19.9532672],[-44.2039697,-19.9536968],[-44.2039658,-19.9538218],[-44.2041576,-19.9541085],[-44.2047357,-19.9556122],[-44.205584,-19.9558243],[-44.2064266,-19.9556856]]]}},{"type":"Feature","properties":{"code":"11:144","name":"Inga","cityCode":"11"},"geometry":{"type":"Polygon","coordinates":[[[-44.1964676,-19.9564264],[-44.1986447,-19.9559712],[-44.2002126,-19.9558589],[-44.1998995,-19.9546863],[-44.1976192,-19.9539014],[-44.197546,-19.9529925],[-44.1973588,-19.9530371],[-44.1968168,-19.9528603],[-44.1969982,-19.9526619],[-44.1970761,-19.9521013],[-44.1971647,-19.952087],[-44.1991839,-19.9522017],[-44.2003789,-19.9526241],[-44.2004139,-19.9511306],[-44.1997619,-19.9503969],[-44.1987775,-19.9464262],[-44.1968414,-19.9470366],[-44.1967724,-19.9464781],[-44.1963734,-19.9464287],[-44.1945413,-19.9459138],[-44.1923617,-19.9448541],[-44.1914947,-19.9450421],[-44.1889258,-19.9463297],[-44.1888152,-19.9465555],[-44.1894381,-19.9470931],[-44.1927363,-19.9486693],[-44.1926013,-19.9489583],[-44.1919383,-19.9492489],[-44.1919634,-19.9504676],[-44.191134,-19.951212],[-44.1901446,-19.9526137],[-44.1898567,-19.9531705],[-44.1896139,-19.9531938],[-44.1895879,-19.9532767],[-44.1879127,-19.9533703],[-44.1870979,-19.9540845],[-44.1881559,-19.9562816],[-44.1881493,-19.9564794],[-44.1879825,-19.9567456],[-44.187576,-19.9569546],[-44.1873651,-19.9571893],[-44.1873597,-19.9576268],[-44.1880088,-19.9585301],[-44.1891135,-19.9586891],[-44.1896393,-19.9589282],[-44.1899925,-19.9591789],[-44.192382,-19.9616686],[-44.1930902,-19.960991],[-44.1933477,-19.9600478],[-44.1938317,-19.9595136],[-44.1941707,-19.9588846],[-44.1948472,-19.9593543],[-44.1956654,-19.9594664],[-44.195728,-19.9596668],[-44.1968292,-19.959336],[-44.1967391,-19.9591006],[-44.1973848,-19.9587997],[-44.1964676,-19.9564264]]]}},{"type":"Feature","properties":{"code":"11:145","name":"Vila Universal","cityCode":"11"},"geometry":{"type":"Polygon","coordinates":[[[-44.1087216,-19.9353515],[-44.1100569,-19.9348456],[-44.1112316,-19.9341875],[-44.1093927,-19.9317892],[-44.1083866,-19.9284734],[-44.107408,-19.9275328],[-44.1058687,-19.9275196],[-44.1044215,-19.9282501],[-44.1040859,-19.9284245],[-44.104328,-19.9289444],[-44.1037962,-19.9293728],[-44.1045426,-19.9298263],[-44.1048269,-19.9301746],[-44.1049198,-19.9310104],[-44.1057793,-19.9325638],[-44.1050953,-19.9349236],[-44.1049065,-19.9353544],[-44.1047723,-19.9362706],[-44.1053045,-19.9373472],[-44.1054036,-19.9373487],[-44.1057644,-19.9378824],[-44.1067077,-19.9373517],[-44.1062903,-19.9367502],[-44.1061139,-19.9362972],[-44.1061199,-19.9357529],[-44.1087216,-19.9353515]]]}},{"type":"Feature","properties":{"code":"11:146","name":"Ponte Alta","cityCode":"11"},"geometry":{"type":"Polygon","coordinates":[[[-44.185012,-19.9270767],[-44.185746,-19.9269892],[-44.1860962,-19.9268638],[-44.1866907,-19.9261971],[-44.1871998,-19.9261187],[-44.1878666,-19.9263892],[-44.188234,-19.9267062],[-44.188684,-19.9268991],[-44.1887755,-19.9271032],[-44.1889179,-19.9271059],[-44.1888358,-19.9264493],[-44.1889607,-19.9260971],[-44.1890082,-19.9252577],[-44.1888787,-19.9246753],[-44.1886976,-19.9246531],[-44.1885428,-19.9243458],[-44.1884675,-19.9244059],[-44.188373,-19.9243434],[-44.188159,-19.9239851],[-44.1880427,-19.9239167],[-44.187853,-19.9241216],[-44.1876883,-19.9240807],[-44.1874805,-19.923829],[-44.1870532,-19.9237319],[-44.1872528,-19.9235455],[-44.1874687,-19.9236008],[-44.1876777,-19.9232501],[-44.1877244,-19.9228956],[-44.1878321,-19.9227653],[-44.1888765,-19.92227],[-44.1889632,-19.9221408],[-44.1889612,-19.9214965],[-44.1890938,-19.9213448],[-44.1896524,-19.921501],[-44.1899359,-19.9212151],[-44.1903716,-19.9214217],[-44.1909275,-19.9209214],[-44.1906929,-19.9206701],[-44.1910147,-19.9204027],[-44.190085,-19.9193625],[-44.1903749,-19.9182202],[-44.1908658,-19.9171177],[-44.1905937,-19.9166809],[-44.1907713,-19.9162819],[-44.1903885,-19.9160447],[-44.190624,-19.9157045],[-44.1903364,-19.9155263],[-44.1903626,-19.9153336],[-44.1900484,-19.9150443],[-44.1902372,-19.9148292],[-44.1895611,-19.9129276],[-44.1877913,-19.9140559],[-44.1874865,-19.9147641],[-44.1864103,-19.9160784],[-44.1853072,-19.9168522],[-44.1849233,-19.9187916],[-44.1847824,-19.9190377],[-44.1844694,-19.9192814],[-44.1843628,-19.9195127],[-44.1847116,-19.9212922],[-44.1845214,-19.9230195],[-44.1854858,-19.92361],[-44.186477,-19.9235824],[-44.1863493,-19.9243191],[-44.184838,-19.9243085],[-44.1837862,-19.9244016],[-44.1837589,-19.9241256],[-44.183319,-19.9241093],[-44.1808999,-19.9245069],[-44.1816135,-19.9255132],[-44.1816346,-19.9257478],[-44.1814701,-19.9264045],[-44.1829696,-19.9266252],[-44.185012,-19.9270767]]]}},{"type":"Feature","properties":{"code":"11:137","name":"Sitios Guarani","cityCode":"11"},"geometry":{"type":"Polygon","coordinates":[[[-44.1325679,-19.9628425],[-44.1326006,-19.9666452],[-44.134037,-19.9666833],[-44.1349623,-19.9649332],[-44.1351357,-19.9648765],[-44.135238,-19.9645688],[-44.1359274,-19.9633418],[-44.1361142,-19.9628054],[-44.1373098,-19.9569313],[-44.1338253,-19.9564113],[-44.1336886,-19.9570766],[-44.1337259,-19.9571962],[-44.1336495,-19.9572495],[-44.133411,-19.9583526],[-44.1332986,-19.9585739],[-44.1333522,-19.9586733],[-44.1325679,-19.9628425]]]}},{"type":"Feature","properties":{"code":"11:138","name":"Jardim Piemonte","cityCode":"11"},"geometry":{"type":"Polygon","coordinates":[[[-44.0791338,-19.9523688],[-44.0783066,-19.9513802],[-44.0772918,-19.9507988],[-44.0761254,-19.9497293],[-44.0757901,-19.9496625],[-44.0750342,-19.9498506],[-44.0736652,-19.9494277],[-44.0736517,-19.9491583],[-44.0729766,-19.947951],[-44.0722124,-19.948321],[-44.071972,-19.9483579],[-44.0692236,-19.9485107],[-44.0688083,-19.949326],[-44.0683961,-19.9504789],[-44.0681968,-19.9512817],[-44.0677251,-19.9515001],[-44.0673835,-19.9523097],[-44.0678193,-19.9538584],[-44.067768,-19.9549579],[-44.0680159,-19.9567794],[-44.0681187,-19.9570175],[-44.0687724,-19.9576576],[-44.0688201,-19.9578429],[-44.0689618,-19.9579933],[-44.0694589,-19.9593282],[-44.0700215,-19.9603405],[-44.070138,-19.9604046],[-44.0704584,-19.9605486],[-44.0705041,-19.9606062],[-44.0708587,-19.9608015],[-44.0713873,-19.9607758],[-44.0713612,-19.9592158],[-44.0714759,-19.9592153],[-44.0714826,-19.9606904],[-44.0715567,-19.9607877],[-44.0751283,-19.9607677],[-44.0756203,-19.9606768],[-44.0761544,-19.9603856],[-44.0765299,-19.9598654],[-44.0767622,-19.9587771],[-44.0769397,-19.9583661],[-44.0768333,-19.9583124],[-44.0783954,-19.9577999],[-44.0788953,-19.9578006],[-44.0793111,-19.9579151],[-44.0794107,-19.9577233],[-44.079314,-19.9575627],[-44.0793661,-19.9572868],[-44.0795854,-19.9567376],[-44.0794785,-19.9561474],[-44.0795256,-19.9556287],[-44.0797158,-19.9550335],[-44.0799841,-19.9546384],[-44.079888,-19.9542681],[-44.0801025,-19.9537992],[-44.0802444,-19.9537304],[-44.080374,-19.9534825],[-44.0799596,-19.9530192],[-44.0791338,-19.9523688]],[[-44.0800379,-19.9538305],[-44.0801072,-19.9537889],[-44.0801025,-19.9537992],[-44.0800379,-19.9538305]]]}},{"type":"Feature","properties":{"code":"11:139","name":"Vargem Das Flores","cityCode":"11"},"geometry":{"type":"Polygon","coordinates":[[[-44.1711031,-19.9278084],[-44.171847,-19.928834],[-44.1719235,-19.9290385],[-44.1717263,-19.9291289],[-44.1717772,-19.9292255],[-44.1719126,-19.9291639],[-44.1720372,-19.9294942],[-44.1722776,-19.9293906],[-44.1730532,-19.9310009],[-44.1731963,-19.9310281],[-44.1731653,-19.9312191],[-44.1733537,-19.9312132],[-44.1735354,-19.9313684],[-44.1735195,-19.9315009],[-44.1737573,-19.9314847],[-44.1739472,-19.9316259],[-44.1744806,-19.9322037],[-44.1744498,-19.9323298],[-44.1727436,-19.9335857],[-44.1734073,-19.9341353],[-44.1738751,-19.9352938],[-44.1739478,-19.9353555],[-44.1740241,-19.9351603],[-44.1741615,-19.9350759],[-44.1750212,-19.9347267],[-44.1750791,-19.9347093],[-44.1750787,-19.9348127],[-44.1764885,-19.9343011],[-44.1768156,-19.9338623],[-44.1769212,-19.9335965],[-44.1767548,-19.9335347],[-44.1767553,-19.9334406],[-44.1774904,-19.9332457],[-44.1777779,-19.9327614],[-44.1774837,-19.9327783],[-44.177419,-19.9326685],[-44.177473,-19.9324181],[-44.177408,-19.9322112],[-44.1775984,-19.9318404],[-44.1772587,-19.9312498],[-44.1772518,-19.931041],[-44.1771584,-19.9308982],[-44.1773908,-19.9304224],[-44.1776267,-19.9301354],[-44.1778742,-19.9300203],[-44.1782789,-19.9300736],[-44.1786486,-19.930029],[-44.1792668,-19.9291782],[-44.1795351,-19.9290394],[-44.1796518,-19.9288774],[-44.1795963,-19.92875],[-44.1791669,-19.9287198],[-44.179155,-19.9285876],[-44.1792117,-19.927559],[-44.1794046,-19.9271187],[-44.1791922,-19.9266779],[-44.1793088,-19.9263874],[-44.1794539,-19.9263897],[-44.1795803,-19.9262085],[-44.1795425,-19.9258207],[-44.1794563,-19.925773],[-44.1791193,-19.9259155],[-44.1789708,-19.9258864],[-44.1782845,-19.9260666],[-44.1772988,-19.925989],[-44.1772261,-19.9258967],[-44.1772878,-19.925545],[-44.1772084,-19.9251982],[-44.1773619,-19.924785],[-44.1770897,-19.9240422],[-44.1768707,-19.9237173],[-44.1768291,-19.9235174],[-44.1761202,-19.9232238],[-44.1751677,-19.9235619],[-44.1747156,-19.923615],[-44.174719,-19.9239101],[-44.1745863,-19.9238573],[-44.1744966,-19.923931],[-44.174686,-19.9240171],[-44.1746426,-19.9246047],[-44.1747716,-19.9248495],[-44.1757778,-19.9254304],[-44.1746736,-19.9261158],[-44.1745583,-19.9264116],[-44.1716611,-19.9267645],[-44.1718153,-19.9271108],[-44.1719847,-19.9272359],[-44.1711031,-19.9278084]]]}},{"type":"Feature","properties":{"code":"11:140","name":"Vila Presidente Kennedy","cityCode":"11"},"geometry":{"type":"Polygon","coordinates":[[[-44.1510492,-19.9756822],[-44.1508291,-19.9755742],[-44.1505573,-19.9752998],[-44.1506076,-19.9749067],[-44.1501618,-19.9745359],[-44.1499932,-19.9744763],[-44.1499467,-19.9742878],[-44.1489345,-19.9740971],[-44.1487238,-19.9736416],[-44.148562,-19.9736165],[-44.1483949,-19.9734757],[-44.1480094,-19.9734168],[-44.1478736,-19.9731381],[-44.1478868,-19.9729756],[-44.1474989,-19.9723636],[-44.1475243,-19.9721505],[-44.1472772,-19.9718059],[-44.1472802,-19.9717079],[-44.1467709,-19.9713128],[-44.1466634,-19.9711242],[-44.1466853,-19.9709513],[-44.1465727,-19.9708609],[-44.1462972,-19.9708695],[-44.1460546,-19.9707338],[-44.1457583,-19.9706921],[-44.1456127,-19.9703137],[-44.1454529,-19.9701946],[-44.1453289,-19.9699168],[-44.1451335,-19.9697858],[-44.1449538,-19.9695179],[-44.1444723,-19.9691869],[-44.1440322,-19.9687026],[-44.1433858,-19.9687239],[-44.1430625,-19.9685576],[-44.1420268,-19.9683965],[-44.1418518,-19.968985],[-44.1417709,-19.9689736],[-44.1415023,-19.9695808],[-44.1416496,-19.9697194],[-44.1449426,-19.9748809],[-44.1451009,-19.9749236],[-44.1464371,-19.9768495],[-44.146341,-19.9769719],[-44.14663,-19.9774083],[-44.1467308,-19.9774224],[-44.1466769,-19.9775217],[-44.1472934,-19.9783753],[-44.1475977,-19.9790568],[-44.1478373,-19.979197],[-44.1481587,-19.979881],[-44.1481412,-19.9801181],[-44.1479571,-19.98059],[-44.1479803,-19.980829],[-44.1480942,-19.9810416],[-44.1484174,-19.9813212],[-44.1485599,-19.9816152],[-44.1488263,-19.9814181],[-44.1490301,-19.9815613],[-44.1490697,-19.9788359],[-44.1497154,-19.9780939],[-44.1508079,-19.9779302],[-44.1513679,-19.9773191],[-44.1513802,-19.9769419],[-44.1511426,-19.9764938],[-44.1511481,-19.9759248],[-44.1510955,-19.9760218],[-44.1510492,-19.9756822]]]}},{"type":"Feature","properties":{"code":"11:128","name":"Vila Triangulo","cityCode":"11"},"geometry":{"type":"Polygon","coordinates":[[[-44.1857857,-19.9589811],[-44.1859096,-19.9591323],[-44.1859191,-19.960612],[-44.1864067,-19.9604681],[-44.1869551,-19.9604086],[-44.1876528,-19.960866],[-44.1877747,-19.9608522],[-44.188464,-19.9599131],[-44.1870053,-19.9589803],[-44.1868451,-19.9587485],[-44.186471,-19.9587733],[-44.1857857,-19.9589811]]]}},{"type":"Feature","properties":{"code":"11:129","name":"Vianopolis","cityCode":"11"},"geometry":{"type":"Polygon","coordinates":[[[-44.2730128,-19.9440922],[-44.271715,-19.9424942],[-44.2706414,-19.9423656],[-44.2706222,-19.9422828],[-44.2700963,-19.9421811],[-44.2694416,-19.9421626],[-44.2696047,-19.9423777],[-44.2703835,-19.9425445],[-44.2701844,-19.9430986],[-44.2703374,-19.9431518],[-44.2701093,-19.9445635],[-44.272993,-19.9441867],[-44.2730128,-19.9440922]]]}},{"type":"Feature","properties":{"code":"11:130","name":"Sao Caetano","cityCode":"11"},"geometry":{"type":"Polygon","coordinates":[[[-44.1114663,-19.9389207],[-44.1120414,-19.9393939],[-44.1126662,-19.9397292],[-44.1134234,-19.9383511],[-44.1147525,-19.9391823],[-44.1146841,-19.9393904],[-44.1147488,-19.9400334],[-44.1145745,-19.9402822],[-44.1146357,-19.9404071],[-44.1156378,-19.9411897],[-44.1159639,-19.9413581],[-44.1159717,-19.9414353],[-44.1162021,-19.9416036],[-44.1162488,-19.9415362],[-44.1166749,-19.9419717],[-44.1168789,-19.9418292],[-44.118266,-19.940088],[-44.1186965,-19.9393401],[-44.1189342,-19.9383805],[-44.1194617,-19.9367873],[-44.1195817,-19.935579],[-44.1194598,-19.9350324],[-44.1197117,-19.9348623],[-44.114049,-19.9360204],[-44.1130763,-19.9358858],[-44.1113933,-19.9343984],[-44.1112316,-19.9341875],[-44.1103627,-19.9346903],[-44.1111114,-19.9352835],[-44.1109713,-19.9354492],[-44.1109139,-19.9370398],[-44.1109308,-19.9374828],[-44.1110231,-19.9376497],[-44.1108412,-19.9380716],[-44.1101272,-19.938823],[-44.1097095,-19.9393826],[-44.1089455,-19.9395469],[-44.1086132,-19.9394549],[-44.1081388,-19.9391789],[-44.1070118,-19.9404707],[-44.1068432,-19.9407749],[-44.1114663,-19.9389207]]]}},{"type":"Feature","properties":{"code":"11:132","name":"Vila Nova Montese","cityCode":"11"},"geometry":{"type":"Polygon","coordinates":[[[-44.112873,-19.9412739],[-44.1128985,-19.9411438],[-44.1126172,-19.9407711],[-44.1134944,-19.941001],[-44.1136561,-19.9407714],[-44.1135292,-19.9404719],[-44.112841,-19.9400869],[-44.1126662,-19.9397292],[-44.1120414,-19.9393939],[-44.1114663,-19.9389207],[-44.1109261,-19.9401754],[-44.1103985,-19.9410944],[-44.1106505,-19.9412261],[-44.112873,-19.9412739]]]}},{"type":"Feature","properties":{"code":"11:134","name":"Sao Miguel","cityCode":"11"},"geometry":{"type":"Polygon","coordinates":[[[-44.1281022,-19.9402781],[-44.127743,-19.9402616],[-44.1275385,-19.9401063],[-44.1266041,-19.9398347],[-44.125939,-19.9398058],[-44.1256202,-19.9397394],[-44.125295,-19.9395702],[-44.1277455,-19.9425969],[-44.1281192,-19.9429214],[-44.1287241,-19.9432741],[-44.1295989,-19.9399929],[-44.1281022,-19.9402781]]]}},{"type":"Feature","properties":{"code":"11:1585","name":"Valle Da Serra","cityCode":"11"},"geometry":{"type":"Polygon","coordinates":[[[-44.2958257,-19.9441765],[-44.2956207,-19.944394],[-44.2957667,-19.9447835],[-44.2942755,-19.9454713],[-44.2948032,-19.945486],[-44.2961789,-19.9449155],[-44.2959977,-19.9444065],[-44.2965301,-19.9442479],[-44.2973689,-19.9442171],[-44.2976374,-19.9438216],[-44.2982489,-19.9436426],[-44.2985149,-19.9433802],[-44.2987378,-19.942941],[-44.2985241,-19.9429208],[-44.2986001,-19.9427527],[-44.2995283,-19.9429351],[-44.299459,-19.9425421],[-44.3000841,-19.9430661],[-44.3010786,-19.943187],[-44.3011265,-19.9431108],[-44.3011004,-19.9426661],[-44.3008604,-19.9426214],[-44.3007631,-19.9424383],[-44.3006653,-19.9407281],[-44.3007364,-19.9404201],[-44.3004876,-19.9390572],[-44.300336,-19.9389555],[-44.2999738,-19.9389304],[-44.2996236,-19.9386617],[-44.2997689,-19.9385836],[-44.2997552,-19.9383415],[-44.2995587,-19.9379336],[-44.2991288,-19.9379401],[-44.2989994,-19.9376648],[-44.298397,-19.9374312],[-44.2984423,-19.9372469],[-44.2980543,-19.9372073],[-44.2979491,-19.9370696],[-44.2979298,-19.9368229],[-44.2975623,-19.9363792],[-44.2972793,-19.9365371],[-44.2971755,-19.9362936],[-44.2970567,-19.9362732],[-44.2967944,-19.9357202],[-44.2970582,-19.9355125],[-44.2970525,-19.9352014],[-44.2973394,-19.9349744],[-44.2967225,-19.9347848],[-44.2964259,-19.9345153],[-44.2958583,-19.9343821],[-44.2956842,-19.9341663],[-44.2956489,-19.9338816],[-44.2927051,-19.9330176],[-44.2916158,-19.9328766],[-44.2914361,-19.9328875],[-44.2908393,-19.9331479],[-44.2896403,-19.9333465],[-44.2889921,-19.9337967],[-44.2884398,-19.9340425],[-44.2867791,-19.9343199],[-44.2859864,-19.9347253],[-44.2851947,-19.9349867],[-44.2848086,-19.9349212],[-44.2849555,-19.9359174],[-44.2856729,-19.9358577],[-44.2896028,-19.935174],[-44.291864,-19.9354612],[-44.2913896,-19.9360451],[-44.2915441,-19.9362188],[-44.2917713,-19.9364542],[-44.2920663,-19.936573],[-44.2928953,-19.9366479],[-44.2930441,-19.9367729],[-44.2932707,-19.936565],[-44.2934208,-19.9365815],[-44.2935128,-19.9365128],[-44.2941547,-19.9359064],[-44.2944228,-19.9358133],[-44.2947399,-19.9358298],[-44.2945091,-19.9370191],[-44.2942495,-19.9370728],[-44.2938858,-19.9372771],[-44.2932259,-19.9374361],[-44.2928721,-19.9373476],[-44.2926991,-19.9373966],[-44.2922535,-19.9373323],[-44.2915949,-19.9380842],[-44.2909513,-19.9385666],[-44.2899373,-19.9390525],[-44.2893974,-19.9394996],[-44.289484,-19.9402769],[-44.2905008,-19.9422029],[-44.2970691,-19.9431276],[-44.2969951,-19.9433902],[-44.2967834,-19.9436287],[-44.2958257,-19.9441765]]]}},{"type":"Feature","properties":{"code":"11:1606","name":"Chacara","cityCode":"11"},"geometry":{"type":"Polygon","coordinates":[[[-44.1911679,-19.9626511],[-44.1908967,-19.9629183],[-44.1906691,-19.9627895],[-44.1904309,-19.962462],[-44.1902242,-19.9626039],[-44.1900823,-19.9624236],[-44.1899763,-19.9624938],[-44.1902423,-19.9627457],[-44.1889895,-19.9638435],[-44.1897472,-19.9638357],[-44.1912678,-19.9640949],[-44.1916371,-19.9633961],[-44.1915705,-19.9632744],[-44.1917066,-19.9631277],[-44.1911679,-19.9626511]]]}},{"type":"Feature","properties":{"code":"11:1607","name":"Granja Lilia","cityCode":"11"},"geometry":{"type":"Polygon","coordinates":[[[-44.1975376,-19.9745912],[-44.1974962,-19.9745434],[-44.1973867,-19.9748528],[-44.1968832,-19.9753702],[-44.1980998,-19.9754603],[-44.1991527,-19.975665],[-44.1992872,-19.9756268],[-44.1987057,-19.974836],[-44.1982969,-19.9745818],[-44.1975376,-19.9745912]]]}},{"type":"Feature","properties":{"code":"11:1608","name":"Vila Santa Terezinha","cityCode":"11"},"geometry":{"type":"Polygon","coordinates":[[[-44.1999156,-19.9743364],[-44.1997666,-19.9741136],[-44.1987953,-19.9744825],[-44.1986176,-19.9747502],[-44.1992872,-19.9756268],[-44.1996361,-19.9754973],[-44.2001445,-19.9751669],[-44.1999156,-19.9743364]]]}},{"type":"Feature","properties":{"code":"11:121","name":"Campos Eliseos","cityCode":"11"},"geometry":{"type":"Polygon","coordinates":[[[-44.1420286,-19.981406],[-44.1391096,-19.9858748],[-44.1432434,-19.9854028],[-44.1434175,-19.9857096],[-44.14517,-19.9844845],[-44.1470472,-19.9830522],[-44.1475256,-19.9825694],[-44.1481582,-19.9822133],[-44.1482426,-19.9819415],[-44.1485938,-19.9817692],[-44.1484796,-19.9814141],[-44.1480942,-19.9810416],[-44.1479803,-19.980829],[-44.1479571,-19.98059],[-44.1481412,-19.9801181],[-44.1481587,-19.979881],[-44.1478373,-19.979197],[-44.1475977,-19.9790568],[-44.1472934,-19.9783753],[-44.1466769,-19.9775217],[-44.1467308,-19.9774224],[-44.14663,-19.9774083],[-44.146341,-19.9769719],[-44.1464371,-19.9768495],[-44.1451009,-19.9749236],[-44.1449426,-19.9748809],[-44.1446493,-19.9743995],[-44.1440911,-19.974696],[-44.1437569,-19.9746922],[-44.1421231,-19.9749611],[-44.1418153,-19.9760578],[-44.1413489,-19.9760167],[-44.1411214,-19.9758528],[-44.140971,-19.9758739],[-44.1406525,-19.9757517],[-44.1403735,-19.9757904],[-44.1397715,-19.975639],[-44.139721,-19.9757126],[-44.1395152,-19.9756734],[-44.1394175,-19.975747],[-44.1385886,-19.9766468],[-44.138506,-19.976922],[-44.1389491,-19.9788938],[-44.1388726,-19.9792239],[-44.1384657,-19.9795997],[-44.1390525,-19.9799473],[-44.1390795,-19.9799093],[-44.1420286,-19.981406]]]}},{"type":"Feature","properties":{"code":"11:167","name":"Vila Esperanca","cityCode":"11"},"geometry":{"type":"Polygon","coordinates":[[[-44.1717841,-19.9612677],[-44.1717237,-19.9615035],[-44.170211,-19.9631624],[-44.1701275,-19.963179],[-44.1701632,-19.9632396],[-44.1699305,-19.9639841],[-44.1726198,-19.9646979],[-44.174188,-19.9623691],[-44.1739577,-19.9611473],[-44.1717841,-19.9612677]]]}},{"type":"Feature","properties":{"code":"11:158","name":"Fazenda Do Acude","cityCode":"11"},"geometry":{"type":"Polygon","coordinates":[[[-44.2410155,-19.9344615],[-44.2401293,-19.9347525],[-44.2395433,-19.9351506],[-44.2392466,-19.9361533],[-44.2392914,-19.9364412],[-44.2395641,-19.9367144],[-44.2398327,-19.9368622],[-44.240126,-19.9372114],[-44.240276,-19.9372387],[-44.2403086,-19.9374279],[-44.2399942,-19.9382481],[-44.2396253,-19.9385956],[-44.2396368,-19.9390348],[-44.239511,-19.9393915],[-44.2399432,-19.9398772],[-44.2400146,-19.9400943],[-44.2409372,-19.9400835],[-44.2417586,-19.9403067],[-44.2431022,-19.9407993],[-44.2434317,-19.9407688],[-44.2438505,-19.9405802],[-44.2434893,-19.9399321],[-44.2434264,-19.9393925],[-44.2437704,-19.9391647],[-44.2437563,-19.9387634],[-44.2438175,-19.9387177],[-44.2437302,-19.9386188],[-44.244242,-19.9378487],[-44.2446762,-19.9365094],[-44.2449879,-19.9352428],[-44.2449455,-19.9350762],[-44.2447586,-19.9350652],[-44.244054,-19.9352759],[-44.2435633,-19.9352649],[-44.2422937,-19.9347154],[-44.2422568,-19.934577],[-44.2410155,-19.9344615]]]}},{"type":"Feature","properties":{"code":"11:159","name":"Vila Castanheira","cityCode":"11"},"geometry":{"type":"Polygon","coordinates":[[[-44.1897495,-19.97254],[-44.1897798,-19.9724394],[-44.1892868,-19.9718055],[-44.1888539,-19.9717583],[-44.1885444,-19.9718205],[-44.1881002,-19.9723422],[-44.1879554,-19.9728476],[-44.188004,-19.9739919],[-44.1883496,-19.9743463],[-44.1890221,-19.9739211],[-44.189076,-19.9737761],[-44.1892966,-19.9735843],[-44.1890828,-19.973011],[-44.1897495,-19.97254]]]}},{"type":"Feature","properties":{"code":"11:96","name":"Vila Bandeirante/Centro","cityCode":"11"},"geometry":{"type":"Polygon","coordinates":[[[-44.1954712,-19.965852],[-44.1960223,-19.9659594],[-44.1960317,-19.9657942],[-44.1966598,-19.9657814],[-44.1969704,-19.9652243],[-44.1956086,-19.964569],[-44.1937918,-19.9644833],[-44.1932138,-19.9642466],[-44.1926277,-19.9638191],[-44.1913343,-19.9624777],[-44.1911679,-19.9626511],[-44.1917066,-19.9631277],[-44.1915705,-19.9632744],[-44.1916371,-19.9633961],[-44.1912678,-19.9640949],[-44.1924287,-19.9651115],[-44.1924244,-19.9652258],[-44.1925276,-19.9651928],[-44.1927977,-19.9653547],[-44.1936625,-19.9659848],[-44.1939793,-19.9659865],[-44.1940966,-19.9658252],[-44.1950716,-19.9658257],[-44.1954205,-19.965926],[-44.1954712,-19.965852]]]}},{"type":"Feature","properties":{"code":"11:1464","name":"Pintados","cityCode":"11"},"geometry":{"type":"Polygon","coordinates":[[[-44.0951822,-19.9560684],[-44.0913231,-19.9586323],[-44.0910893,-19.959037],[-44.0910766,-19.9593464],[-44.0911932,-19.9593887],[-44.0882814,-19.9660749],[-44.0881805,-19.9679988],[-44.0884157,-19.9680573],[-44.088891,-19.9660031],[-44.0893739,-19.9657792],[-44.0900932,-19.965789],[-44.0904976,-19.9656298],[-44.0908126,-19.9651183],[-44.0912949,-19.964775],[-44.092615,-19.9642425],[-44.093519,-19.9640169],[-44.0939424,-19.9649474],[-44.0957824,-19.9660039],[-44.0963534,-19.9667251],[-44.0940836,-19.9681514],[-44.0915894,-19.9687727],[-44.0903596,-19.9691543],[-44.0891205,-19.9688899],[-44.0888582,-19.9701682],[-44.0898573,-19.970394],[-44.0899597,-19.9705483],[-44.0897143,-19.9716736],[-44.089205,-19.9715828],[-44.0898317,-19.9736714],[-44.0888839,-19.9737509],[-44.0884095,-19.9737237],[-44.0881065,-19.9736165],[-44.0881503,-19.9801478],[-44.0895258,-19.9795664],[-44.0905673,-19.9794647],[-44.0924267,-19.9803824],[-44.0954316,-19.982573],[-44.0967732,-19.9845886],[-44.1022127,-19.9857086],[-44.0997135,-19.9832845],[-44.1033622,-19.9816958],[-44.1038077,-19.9800081],[-44.1031383,-19.9789634],[-44.1020388,-19.9785122],[-44.1016255,-19.9782392],[-44.1014801,-19.9777605],[-44.1014178,-19.9771403],[-44.1014265,-19.9755242],[-44.1013075,-19.9748621],[-44.0998451,-19.9733946],[-44.0997147,-19.9726056],[-44.0998041,-19.9718983],[-44.101419,-19.9721282],[-44.1009317,-19.9703492],[-44.1008181,-19.9695769],[-44.1004689,-19.9685854],[-44.1002028,-19.9686843],[-44.0993061,-19.9687306],[-44.0991987,-19.9687976],[-44.0979292,-19.9655572],[-44.0978665,-19.9633908],[-44.097541,-19.9609491],[-44.0979039,-19.95926],[-44.0992205,-19.9592503],[-44.0992445,-19.9580975],[-44.10034,-19.957811],[-44.1000458,-19.9571381],[-44.1018878,-19.956262],[-44.1007232,-19.9560006],[-44.100705,-19.9557694],[-44.1014055,-19.954794],[-44.1000847,-19.954674],[-44.1001294,-19.9542189],[-44.0987156,-19.9540911],[-44.09873,-19.9545288],[-44.0986408,-19.954522],[-44.0986571,-19.9547974],[-44.097178,-19.9553781],[-44.0986819,-19.9554631],[-44.0986473,-19.9556445],[-44.0985547,-19.9557014],[-44.0974164,-19.9556154],[-44.0964309,-19.9556667],[-44.0951822,-19.9560684]]]}},{"type":"Feature","properties":{"code":"11:1544","name":"Parque Fernao Dias","cityCode":"11"},"geometry":{"type":"Polygon","coordinates":[[[-44.2138028,-19.9771578],[-44.214092,-19.9766548],[-44.2139447,-19.9752485],[-44.2131698,-19.9752259],[-44.2125527,-19.9753236],[-44.2120149,-19.9752845],[-44.2120248,-19.9751998],[-44.2112776,-19.975111],[-44.2104723,-19.9747538],[-44.2103031,-19.9748865],[-44.2099889,-19.9755527],[-44.2096896,-19.9781547],[-44.2092052,-19.9792366],[-44.2091724,-19.979682],[-44.2093407,-19.9801943],[-44.2097881,-19.9804014],[-44.2102999,-19.980297],[-44.2108516,-19.9800588],[-44.2121586,-19.9801633],[-44.2134034,-19.9797959],[-44.213983,-19.9795525],[-44.2137274,-19.9788011],[-44.2137409,-19.9785631],[-44.2139697,-19.9780169],[-44.2138257,-19.9776922],[-44.2138698,-19.9772926],[-44.2138028,-19.9771578]]]}},{"type":"Feature","properties":{"code":"11:80","name":"Bom Retiro","cityCode":"11"},"geometry":{"type":"Polygon","coordinates":[[[-44.2052404,-19.9321733],[-44.2015878,-19.9305308],[-44.2013549,-19.9301568],[-44.2010233,-19.9293575],[-44.2000838,-19.9282888],[-44.1984966,-19.929548],[-44.1966516,-19.9307784],[-44.1945057,-19.9315096],[-44.1938842,-19.9315383],[-44.1930218,-19.9308233],[-44.1930338,-19.9307622],[-44.1929368,-19.9307504],[-44.1915881,-19.9287523],[-44.1907808,-19.9278337],[-44.1903955,-19.9282599],[-44.1894119,-19.9274238],[-44.1889459,-19.9271354],[-44.1889695,-19.9273838],[-44.1886508,-19.9284836],[-44.1885555,-19.9285734],[-44.1884673,-19.9292097],[-44.1883723,-19.9292146],[-44.1883731,-19.9294295],[-44.1882116,-19.9298315],[-44.1879119,-19.9302422],[-44.1878568,-19.9303753],[-44.1879057,-19.9305315],[-44.1876781,-19.9310578],[-44.1871829,-19.9318753],[-44.1885256,-19.932566],[-44.1888635,-19.9328754],[-44.1888165,-19.9329285],[-44.189226,-19.9334732],[-44.189909,-19.9339005],[-44.1902516,-19.9342662],[-44.1906479,-19.9341609],[-44.1909119,-19.93422],[-44.191323,-19.9349018],[-44.19209,-19.9355312],[-44.1942218,-19.9363106],[-44.1953385,-19.9373083],[-44.1978515,-19.9417815],[-44.1985256,-19.9424],[-44.1985958,-19.9423121],[-44.1987223,-19.9426384],[-44.1986582,-19.9444897],[-44.1995491,-19.9423062],[-44.2000718,-19.941967],[-44.201148,-19.9414622],[-44.2014169,-19.9409039],[-44.2015066,-19.9404972],[-44.2014939,-19.939908],[-44.2014105,-19.9396885],[-44.2011997,-19.9395943],[-44.199197,-19.9394301],[-44.1993917,-19.9389315],[-44.1993487,-19.9388865],[-44.1994377,-19.9388594],[-44.2004989,-19.9393421],[-44.200663,-19.9390996],[-44.2009299,-19.9391929],[-44.2009695,-19.9390901],[-44.2012501,-19.9391965],[-44.2013881,-19.9391314],[-44.2016505,-19.9392227],[-44.2016846,-19.9391419],[-44.2019545,-19.9392443],[-44.2021598,-19.9392253],[-44.2024326,-19.9393477],[-44.2027055,-19.9386551],[-44.2031518,-19.9380568],[-44.2020783,-19.9375571],[-44.2018728,-19.9377631],[-44.201374,-19.937491],[-44.2018631,-19.9368986],[-44.202144,-19.9371185],[-44.2024579,-19.9364075],[-44.2041163,-19.935069],[-44.2043026,-19.9343287],[-44.2047774,-19.9335509],[-44.2048989,-19.9335333],[-44.2055542,-19.9323866],[-44.2052404,-19.9321733]]]}},{"type":"Feature","properties":{"code":"11:89","name":"Residencial Montserrat","cityCode":"11"},"geometry":{"type":"Polygon","coordinates":[[[-44.238764,-19.9526736],[-44.2391912,-19.953141],[-44.2395379,-19.9538027],[-44.2393769,-19.9538771],[-44.2395697,-19.9542501],[-44.2394101,-19.9543291],[-44.2395644,-19.955061],[-44.2401425,-19.9562044],[-44.2413388,-19.9567782],[-44.241786,-19.9561711],[-44.2421873,-19.9559471],[-44.2423508,-19.9559421],[-44.2425342,-19.9557667],[-44.2428156,-19.9557622],[-44.2431372,-19.9554061],[-44.2439652,-19.9548014],[-44.2445539,-19.9540484],[-44.245492,-19.9536214],[-44.2461506,-19.953536],[-44.2463962,-19.9533489],[-44.2479571,-19.9533759],[-44.2480246,-19.9539388],[-44.2484465,-19.9540634],[-44.2485304,-19.9544395],[-44.2487225,-19.9546876],[-44.2487675,-19.9550435],[-44.2487421,-19.9551293],[-44.2486297,-19.9551687],[-44.2487131,-19.9554428],[-44.2486392,-19.9555254],[-44.2488323,-19.95594],[-44.2548933,-19.9536928],[-44.2544142,-19.9518651],[-44.253055,-19.9510109],[-44.2524405,-19.9509985],[-44.2521356,-19.9511208],[-44.2518888,-19.9511345],[-44.2501073,-19.9510602],[-44.2496544,-19.9513932],[-44.2490104,-19.9516737],[-44.2487339,-19.9521406],[-44.2486421,-19.9518286],[-44.2486444,-19.9513967],[-44.2479948,-19.9509686],[-44.2479701,-19.9505921],[-44.2478436,-19.9504256],[-44.2475434,-19.9503056],[-44.2474055,-19.9504559],[-44.2474243,-19.9505752],[-44.2473338,-19.9507027],[-44.2468862,-19.9506926],[-44.2467459,-19.9503583],[-44.2469137,-19.9498965],[-44.2467447,-19.9493234],[-44.2468302,-19.9487987],[-44.2466947,-19.9485376],[-44.2465817,-19.9475084],[-44.2466083,-19.9472965],[-44.2469235,-19.9467275],[-44.2469452,-19.9465148],[-44.2460177,-19.9449345],[-44.2444096,-19.9460217],[-44.2444009,-19.9478619],[-44.2429909,-19.9493495],[-44.2390571,-19.9509736],[-44.2387658,-19.952303],[-44.238764,-19.9526736]]]}},{"type":"Feature","properties":{"code":"11:90","name":"Vila Inconfidencia","cityCode":"11"},"geometry":{"type":"Polygon","coordinates":[[[-44.1344704,-19.9413919],[-44.1339607,-19.9414654],[-44.13336,-19.9438514],[-44.1340469,-19.9439384],[-44.1342814,-19.9440418],[-44.1362467,-19.9451663],[-44.137732,-19.9476604],[-44.1391556,-19.9474469],[-44.1396653,-19.9474555],[-44.1394708,-19.9468512],[-44.1395075,-19.945718],[-44.1393861,-19.9455259],[-44.140078,-19.9449393],[-44.1395571,-19.9447883],[-44.1391331,-19.9441139],[-44.1387333,-19.9438997],[-44.1385959,-19.9436109],[-44.1383032,-19.9433618],[-44.1344704,-19.9413919]]]}},{"type":"Feature","properties":{"code":"11:91","name":"Vila Tangara","cityCode":"11"},"geometry":{"type":"Polygon","coordinates":[[[-44.1850551,-19.9604762],[-44.1852477,-19.9610299],[-44.1857476,-19.9606627],[-44.1853042,-19.9591525],[-44.1847773,-19.9592821],[-44.1850551,-19.9604762]]]}},{"type":"Feature","properties":{"code":"11:72","name":"Parque Betim Industrial","cityCode":"11"},"geometry":{"type":"Polygon","coordinates":[[[-44.1713974,-19.9610436],[-44.171082,-19.9607455],[-44.169784,-19.95858],[-44.1691724,-19.95792],[-44.1686104,-19.9576181],[-44.1663308,-19.9570604],[-44.1652853,-19.9564743],[-44.1649065,-19.9560683],[-44.1645659,-19.9555145],[-44.1644329,-19.9551916],[-44.1643859,-19.95456],[-44.1642232,-19.9546163],[-44.1634723,-19.9552784],[-44.1634662,-19.955356],[-44.1633591,-19.9553402],[-44.1632415,-19.9555839],[-44.1632788,-19.9556668],[-44.1631937,-19.9556915],[-44.1627026,-19.9568502],[-44.1627206,-19.9569615],[-44.1626499,-19.9569588],[-44.1624914,-19.9573218],[-44.162569,-19.9574268],[-44.1624182,-19.9577478],[-44.1607819,-19.959174],[-44.1609154,-19.9596757],[-44.1608538,-19.9600216],[-44.1610219,-19.9600672],[-44.1612599,-19.9607995],[-44.1610494,-19.9616088],[-44.1699305,-19.9639841],[-44.1701632,-19.9632396],[-44.1701275,-19.963179],[-44.170211,-19.9631624],[-44.1717237,-19.9615035],[-44.1717463,-19.9612458],[-44.1713974,-19.9610436]]]}},{"type":"Feature","properties":{"code":"11:160","name":"Conjunto Habitacional Paulo Camilo I","cityCode":"11"},"geometry":{"type":"Polygon","coordinates":[[[-44.1283319,-19.9624954],[-44.1287398,-19.9628575],[-44.1289723,-19.9632675],[-44.12964,-19.9651205],[-44.130893,-19.9655807],[-44.1311919,-19.9655307],[-44.1318512,-19.9659703],[-44.1316943,-19.9661172],[-44.1319798,-19.9666275],[-44.1326006,-19.9666452],[-44.1325679,-19.9628425],[-44.1331995,-19.9596037],[-44.1328095,-19.9598631],[-44.1328066,-19.9599716],[-44.1318163,-19.9609691],[-44.1283319,-19.9624954]]]}},{"type":"Feature","properties":{"code":"11:2105","name":"Alta Villa","cityCode":"11"},"geometry":{"type":"Polygon","coordinates":[[[-44.1983378,-19.9250125],[-44.1971834,-19.9239253],[-44.196082,-19.9251993],[-44.1955156,-19.9261424],[-44.1932952,-19.9258258],[-44.1939608,-19.9270855],[-44.1948343,-19.9282663],[-44.1945241,-19.9288751],[-44.1943989,-19.9289583],[-44.1944841,-19.9290604],[-44.1945387,-19.9294041],[-44.1941876,-19.9296154],[-44.1929883,-19.9300355],[-44.1931131,-19.9306232],[-44.1941095,-19.9314199],[-44.1943927,-19.9310602],[-44.1945291,-19.9311651],[-44.1945578,-19.931493],[-44.1963995,-19.9308938],[-44.1970018,-19.9305853],[-44.1984966,-19.929548],[-44.2000838,-19.9282888],[-44.1991685,-19.9273407],[-44.1990529,-19.9265912],[-44.1983378,-19.9250125]]]}},{"type":"Feature","properties":{"code":"11:1825","name":"Fazenda Do Paiol Velho","cityCode":"11"},"geometry":{"type":"Polygon","coordinates":[[[-44.2759984,-19.9335192],[-44.2763513,-19.9327638],[-44.27654,-19.9314225],[-44.2766908,-19.9311092],[-44.2776502,-19.9301452],[-44.2777752,-19.9298893],[-44.2777759,-19.9297167],[-44.2773504,-19.9284043],[-44.2773295,-19.928045],[-44.2774201,-19.9276826],[-44.2781062,-19.9264297],[-44.2784481,-19.9260701],[-44.2792209,-19.9258299],[-44.2808896,-19.9256797],[-44.2817667,-19.9258022],[-44.2818649,-19.9257043],[-44.2827001,-19.9227746],[-44.2822844,-19.9215356],[-44.282366,-19.9210241],[-44.2826863,-19.919994],[-44.2813986,-19.919535],[-44.2783382,-19.9196661],[-44.2768175,-19.9211068],[-44.2760756,-19.9226845],[-44.275343,-19.9246769],[-44.2749286,-19.9254465],[-44.2748168,-19.926436],[-44.2749424,-19.9265558],[-44.2748971,-19.9268061],[-44.2757809,-19.927238],[-44.2751969,-19.9277741],[-44.2750243,-19.9280481],[-44.2751307,-19.9284191],[-44.2754553,-19.9286827],[-44.2749929,-19.9290781],[-44.2746299,-19.9296789],[-44.2742461,-19.9309893],[-44.2735247,-19.9310563],[-44.2732829,-19.9313151],[-44.2723507,-19.9317339],[-44.2710871,-19.9322484],[-44.2701872,-19.9325189],[-44.2710985,-19.934556],[-44.2712995,-19.9348112],[-44.2716103,-19.9349332],[-44.2723225,-19.935018],[-44.2729392,-19.9352849],[-44.2733763,-19.9360841],[-44.2737239,-19.9377042],[-44.2751927,-19.9359118],[-44.275068,-19.9356565],[-44.2751125,-19.9354946],[-44.2750441,-19.935172],[-44.2751332,-19.9350747],[-44.2750458,-19.934697],[-44.2751726,-19.9342786],[-44.2759984,-19.9335192]]]}},{"type":"Feature","properties":{"code":"11:1704","name":"Vila Cristina - 3A. Secao","cityCode":"11"},"geometry":{"type":"Polygon","coordinates":[[[-44.1331876,-19.9332333],[-44.1330638,-19.9339394],[-44.1326783,-19.9336663],[-44.1321859,-19.9340815],[-44.1321145,-19.9344455],[-44.1317646,-19.9347146],[-44.1316587,-19.9347633],[-44.1315864,-19.9346792],[-44.131168,-19.9348204],[-44.1307832,-19.9348469],[-44.1309067,-19.9370434],[-44.1310877,-19.9370263],[-44.1310606,-19.9369049],[-44.1319317,-19.9362933],[-44.1338641,-19.9351114],[-44.1346626,-19.9336143],[-44.13488,-19.9329083],[-44.134967,-19.931769],[-44.134912,-19.9317247],[-44.1331876,-19.9332333]]]}},{"type":"Feature","properties":{"code":"11:179","name":"Vargem Alegre","cityCode":"11"},"geometry":{"type":"Polygon","coordinates":[[[-44.1973588,-19.9530371],[-44.197546,-19.9529925],[-44.1976192,-19.9539014],[-44.1998995,-19.9546863],[-44.2003178,-19.9532608],[-44.2003789,-19.9526241],[-44.2003055,-19.9525599],[-44.1991839,-19.9522017],[-44.1971647,-19.952087],[-44.1970761,-19.9521013],[-44.1969982,-19.9526619],[-44.1968168,-19.9528603],[-44.1973588,-19.9530371]]]}},{"type":"Feature","properties":{"code":"11:1745","name":"Arvoredos Club Residencia","cityCode":"11"},"geometry":{"type":"Polygon","coordinates":[[[-44.1038511,-19.9488904],[-44.1037616,-19.9490978],[-44.1038188,-19.9492456],[-44.1045838,-19.9496134],[-44.1050539,-19.950249],[-44.1055574,-19.9501636],[-44.1059728,-19.9500057],[-44.1070146,-19.948944],[-44.1072739,-19.9488429],[-44.1078731,-19.9487809],[-44.1072126,-19.9480651],[-44.1053445,-19.9478897],[-44.104462,-19.9482729],[-44.1044711,-19.9483697],[-44.1038511,-19.9488904]]]}},{"type":"Feature","properties":{"code":"11:1765","name":"Riviera - 2A Seção","cityCode":"11"},"geometry":{"type":"Polygon","coordinates":[[[-44.1929898,-19.9757029],[-44.1926457,-19.9762261],[-44.1926774,-19.9764698],[-44.1925941,-19.9766833],[-44.192275,-19.9768213],[-44.1920188,-19.9770985],[-44.1919845,-19.9778029],[-44.1927333,-19.9778396],[-44.1945299,-19.9777708],[-44.1946173,-19.9770445],[-44.1944299,-19.9757551],[-44.1929392,-19.975552],[-44.1929898,-19.9757029]]]}},{"type":"Feature","properties":{"code":"11:82","name":"Fernao Dias","cityCode":"11"},"geometry":{"type":"Polygon","coordinates":[[[-44.2320445,-20.0187607],[-44.2335405,-20.0182581],[-44.2335937,-20.018299],[-44.2335131,-20.0179742],[-44.2343725,-20.0176853],[-44.2344268,-20.0175184],[-44.2342751,-20.0171657],[-44.2340013,-20.0171034],[-44.2297405,-20.0183906],[-44.2290386,-20.0186363],[-44.2283122,-20.0189951],[-44.2287631,-20.0197924],[-44.2297585,-20.0194928],[-44.2297395,-20.0194417],[-44.2300597,-20.0193359],[-44.2301877,-20.0196786],[-44.2321435,-20.0190323],[-44.2320445,-20.0187607]]]}},{"type":"Feature","properties":{"code":"11:83","name":"Granja Das Candeias","cityCode":"11"},"geometry":{"type":"Polygon","coordinates":[[[-44.1509089,-19.9902017],[-44.1507815,-19.9902021],[-44.150436,-19.9881039],[-44.1504461,-19.9876456],[-44.1502632,-19.9867546],[-44.1502878,-19.9863414],[-44.1505864,-19.98511],[-44.1495236,-19.9843172],[-44.1493294,-19.9853061],[-44.1488334,-19.9865644],[-44.1485511,-19.9870517],[-44.1484025,-19.9877685],[-44.1466463,-19.9886808],[-44.1467985,-19.9890313],[-44.1469735,-19.9890526],[-44.1468803,-19.9892157],[-44.1466511,-19.98929],[-44.1468144,-19.9894749],[-44.1467943,-19.9895802],[-44.1466956,-19.989605],[-44.1470035,-19.9898476],[-44.1472505,-19.9898911],[-44.1473778,-19.9900795],[-44.1474636,-19.9904947],[-44.1472724,-19.990674],[-44.1473829,-19.9909559],[-44.1478468,-19.991259],[-44.1479638,-19.9914696],[-44.148153,-19.9915983],[-44.1481926,-19.9918223],[-44.1485605,-19.992232],[-44.1486628,-19.9920979],[-44.1487944,-19.9920963],[-44.1489301,-19.9922016],[-44.1487654,-19.9925086],[-44.1487976,-19.9926066],[-44.1490754,-19.9925769],[-44.1491994,-19.9927334],[-44.1496056,-19.9926419],[-44.1497691,-19.9926923],[-44.1499645,-19.9929483],[-44.149987,-19.9930784],[-44.1499136,-19.9931437],[-44.1500292,-19.9932877],[-44.150291,-19.9932318],[-44.1503878,-19.9931287],[-44.1505561,-19.9932952],[-44.1506579,-19.9931622],[-44.1507707,-19.9931563],[-44.1508269,-19.9933259],[-44.1510331,-19.9934534],[-44.1509735,-19.9936741],[-44.1514011,-19.9945394],[-44.1516715,-19.9945048],[-44.1516559,-19.9946866],[-44.1517456,-19.9947653],[-44.1519213,-19.9946902],[-44.1518793,-19.9948097],[-44.1519718,-19.9948032],[-44.1522165,-19.9945742],[-44.1527627,-19.9945216],[-44.1522813,-19.9931704],[-44.1520709,-19.9920148],[-44.1509089,-19.9902017]]]}},{"type":"Feature","properties":{"code":"11:84","name":"Estancias Flores E Florestas","cityCode":"11"},"geometry":{"type":"Polygon","coordinates":[[[-44.268773,-19.9552997],[-44.2681765,-19.9548076],[-44.2672077,-19.9551105],[-44.2667896,-19.955001],[-44.2665528,-19.954834],[-44.2662276,-19.9545113],[-44.266024,-19.9541757],[-44.265656,-19.9528061],[-44.2643834,-19.9515634],[-44.2630457,-19.9507347],[-44.2625064,-19.9502411],[-44.26209,-19.9501406],[-44.2616065,-19.9501429],[-44.2597028,-19.9491911],[-44.2590578,-19.9492175],[-44.2587821,-19.949042],[-44.2582668,-19.94843],[-44.2573515,-19.9471193],[-44.2571029,-19.9469077],[-44.2570449,-19.9470018],[-44.2570576,-19.9475501],[-44.2569806,-19.9476223],[-44.2568119,-19.9475636],[-44.256704,-19.9476393],[-44.2566828,-19.9489171],[-44.2553189,-19.948287],[-44.2549178,-19.9486919],[-44.2541109,-19.9504746],[-44.2551319,-19.9546029],[-44.255576,-19.9548878],[-44.2560532,-19.9556794],[-44.25662,-19.9560324],[-44.2569037,-19.9566614],[-44.2570461,-19.9574098],[-44.2568885,-19.9582659],[-44.2568265,-19.9583927],[-44.2562809,-19.9584739],[-44.2561268,-19.9585749],[-44.2562105,-19.9587422],[-44.2563179,-19.9587975],[-44.2590226,-19.9583767],[-44.2597056,-19.9581523],[-44.2610543,-19.9588406],[-44.2616477,-19.9592951],[-44.2625769,-19.9597143],[-44.2642092,-19.958819],[-44.268773,-19.9552997]]]}},{"type":"Feature","properties":{"code":"11:109","name":"Jardim Perla","cityCode":"11"},"geometry":{"type":"Polygon","coordinates":[[[-44.1163849,-19.9451431],[-44.1173622,-19.9448994],[-44.1175218,-19.9447852],[-44.1187389,-19.945042],[-44.1190995,-19.944984],[-44.1207705,-19.9445237],[-44.1213505,-19.9422158],[-44.117985,-19.9419585],[-44.1177173,-19.9425891],[-44.1164579,-19.9424292],[-44.1159251,-19.9429568],[-44.115795,-19.9431762],[-44.1163849,-19.9451431]]]}},{"type":"Feature","properties":{"code":"11:110","name":"Parque Brasileia","cityCode":"11"},"geometry":{"type":"Polygon","coordinates":[[[-44.2096334,-19.9744511],[-44.2095961,-19.9748834],[-44.209938,-19.9749088],[-44.2102073,-19.9750794],[-44.2103031,-19.9748865],[-44.2104723,-19.9747538],[-44.2112776,-19.975111],[-44.2118487,-19.9751415],[-44.211845,-19.9751909],[-44.2120248,-19.9751998],[-44.2120149,-19.9752845],[-44.2122461,-19.9753133],[-44.2132769,-19.9752207],[-44.2148149,-19.9752733],[-44.2149553,-19.9739609],[-44.2143931,-19.9738551],[-44.2144735,-19.9728605],[-44.2128701,-19.9727488],[-44.2124777,-19.9723919],[-44.2123297,-19.9718936],[-44.2123732,-19.9710471],[-44.2122799,-19.9704886],[-44.2125756,-19.9702232],[-44.212222,-19.9698735],[-44.2095449,-19.967799],[-44.2090068,-19.9676652],[-44.2086791,-19.9677092],[-44.2076704,-19.9681917],[-44.2073915,-19.9682234],[-44.2071038,-19.968183],[-44.2062965,-19.9677131],[-44.2057716,-19.9681643],[-44.205044,-19.9686236],[-44.2046966,-19.968751],[-44.2045046,-19.9689552],[-44.2049311,-19.9692774],[-44.2049714,-19.9694339],[-44.2048639,-19.9702283],[-44.2041554,-19.9701352],[-44.2035525,-19.9699277],[-44.2033,-19.9699184],[-44.203094,-19.9697878],[-44.2028517,-19.9700303],[-44.2017288,-19.9687541],[-44.2016426,-19.9687521],[-44.2011917,-19.9692085],[-44.2006584,-19.9701075],[-44.1995661,-19.9710474],[-44.1991591,-19.9715098],[-44.1981246,-19.9729915],[-44.1974962,-19.9745434],[-44.1975376,-19.9745912],[-44.1982969,-19.9745818],[-44.1986176,-19.9747502],[-44.1987953,-19.9744825],[-44.1997666,-19.9741136],[-44.1999156,-19.9743364],[-44.2001445,-19.9751669],[-44.1996361,-19.9754973],[-44.1991527,-19.975665],[-44.1990681,-19.9759535],[-44.1997369,-19.9769347],[-44.1999112,-19.9775583],[-44.2001125,-19.9775753],[-44.2006294,-19.9775318],[-44.2007611,-19.9774867],[-44.2008017,-19.9773824],[-44.2010984,-19.9761508],[-44.2008245,-19.9761067],[-44.2013037,-19.974016],[-44.2012103,-19.9739971],[-44.2012883,-19.9737445],[-44.2096334,-19.9744511]]]}},{"type":"Feature","properties":{"code":"11:111","name":"Vila Nossa Senhora Das Gracas","cityCode":"11"},"geometry":{"type":"Polygon","coordinates":[[[-44.201194,-19.944494],[-44.2016238,-19.9442743],[-44.2016847,-19.9441172],[-44.2022036,-19.943859],[-44.2025061,-19.9441331],[-44.2039272,-19.9437848],[-44.2040138,-19.9436558],[-44.2040509,-19.9437608],[-44.204082,-19.9437129],[-44.2053343,-19.9441736],[-44.2055659,-19.9438728],[-44.2054733,-19.9438673],[-44.2058045,-19.9435876],[-44.2059543,-19.9430656],[-44.2062774,-19.9427175],[-44.2063669,-19.942409],[-44.2065809,-19.9421941],[-44.205519,-19.941821],[-44.2053905,-19.9418901],[-44.2051192,-19.9418022],[-44.2045329,-19.9415232],[-44.2038106,-19.9414189],[-44.2035024,-19.9413053],[-44.202989,-19.941269],[-44.203289,-19.9404315],[-44.202892,-19.9402332],[-44.2029051,-19.9400167],[-44.2028017,-19.939882],[-44.2024776,-19.9397675],[-44.2024326,-19.9393477],[-44.2021598,-19.9392253],[-44.2019545,-19.9392443],[-44.2016846,-19.9391419],[-44.2016505,-19.9392227],[-44.2013881,-19.9391314],[-44.2012501,-19.9391965],[-44.2009695,-19.9390901],[-44.2009299,-19.9391929],[-44.200663,-19.9390996],[-44.2004989,-19.9393421],[-44.1994377,-19.9388594],[-44.1993487,-19.9388865],[-44.1993917,-19.9389315],[-44.199197,-19.9394301],[-44.2013106,-19.9396259],[-44.2014105,-19.9396885],[-44.2014939,-19.939908],[-44.2015066,-19.9404972],[-44.2014169,-19.9409039],[-44.201148,-19.9414622],[-44.2000718,-19.941967],[-44.1995491,-19.9423062],[-44.1986582,-19.9444897],[-44.1986049,-19.9448699],[-44.1986918,-19.9449255],[-44.1986626,-19.9458276],[-44.2009239,-19.9463297],[-44.2006983,-19.9450653],[-44.201194,-19.944494]]]}},{"type":"Feature","properties":{"code":"11:73","name":"Jardim Das Alterosas - 2A. Secao","cityCode":"11"},"geometry":{"type":"Polygon","coordinates":[[[-44.1721969,-19.9371014],[-44.1723287,-19.9370319],[-44.1727735,-19.9364698],[-44.1740976,-19.9356845],[-44.17369,-19.9349416],[-44.1733352,-19.9340459],[-44.1720198,-19.9330203],[-44.1719931,-19.9329288],[-44.1719371,-19.9329823],[-44.1713307,-19.9324373],[-44.171255,-19.9324529],[-44.1708954,-19.9321837],[-44.1709279,-19.9320521],[-44.170828,-19.9321078],[-44.1704527,-19.9315956],[-44.1704499,-19.931437],[-44.1703403,-19.9313875],[-44.1689407,-19.9316483],[-44.1678605,-19.9316817],[-44.1660295,-19.9319242],[-44.1647171,-19.9319672],[-44.164787,-19.9323838],[-44.164631,-19.9329942],[-44.163596,-19.9345954],[-44.1633247,-19.9347362],[-44.1630056,-19.9350932],[-44.1625654,-19.9358296],[-44.1625619,-19.936079],[-44.1620673,-19.9357615],[-44.1613582,-19.9355114],[-44.160756,-19.9348402],[-44.1597273,-19.9342167],[-44.1591962,-19.935495],[-44.1591864,-19.9356654],[-44.1578508,-19.9347103],[-44.1568687,-19.9337536],[-44.1563965,-19.9337909],[-44.155838,-19.9330575],[-44.1543246,-19.9337335],[-44.1543992,-19.9339174],[-44.1540593,-19.9342598],[-44.1577802,-19.9402774],[-44.158058,-19.9412421],[-44.1545333,-19.9426906],[-44.1544812,-19.9428017],[-44.1545957,-19.9443989],[-44.1553688,-19.9441274],[-44.1557928,-19.9446806],[-44.1563685,-19.9444263],[-44.1571189,-19.9442704],[-44.1576461,-19.944246],[-44.1578093,-19.9443899],[-44.1578195,-19.9460813],[-44.1577619,-19.9463624],[-44.1594392,-19.9454671],[-44.160211,-19.945454],[-44.1609115,-19.9457361],[-44.1628003,-19.9469387],[-44.1633739,-19.9474161],[-44.1635747,-19.9477113],[-44.1637716,-19.9482235],[-44.1647553,-19.9517759],[-44.1647544,-19.95247],[-44.1643668,-19.9546649],[-44.1644329,-19.9551916],[-44.1649065,-19.9560683],[-44.1652853,-19.9564743],[-44.1656272,-19.9566937],[-44.1666661,-19.9556381],[-44.1671524,-19.9552195],[-44.1673826,-19.9551533],[-44.166956,-19.9546816],[-44.1666571,-19.9538215],[-44.1668393,-19.9537032],[-44.1672287,-19.9531196],[-44.1680237,-19.9526318],[-44.1682523,-19.9525736],[-44.1682692,-19.9523922],[-44.1683725,-19.9523609],[-44.1703153,-19.9489894],[-44.170273,-19.9489083],[-44.1703447,-19.9488771],[-44.1702277,-19.9486893],[-44.1702744,-19.9483971],[-44.1697482,-19.9477278],[-44.1695163,-19.9475865],[-44.1695638,-19.9474464],[-44.1696679,-19.9474011],[-44.16984,-19.9474952],[-44.1700723,-19.9474538],[-44.1701085,-19.9472689],[-44.1700738,-19.9469671],[-44.1701399,-19.9465987],[-44.1699348,-19.9460911],[-44.1700881,-19.9446347],[-44.1700597,-19.9442307],[-44.1701723,-19.9440544],[-44.1699374,-19.9432547],[-44.1700018,-19.9431919],[-44.1700494,-19.9422721],[-44.1699981,-19.9419751],[-44.1694975,-19.940778],[-44.1693856,-19.940065],[-44.1710569,-19.9386988],[-44.1718029,-19.937973],[-44.1717556,-19.9378004],[-44.1721969,-19.9371014]]]}},{"type":"Feature","properties":{"code":"11:104","name":"Granja Bandeirantes","cityCode":"11"},"geometry":{"type":"Polygon","coordinates":[[[-44.2203703,-20.0101854],[-44.2190326,-20.0089528],[-44.2183104,-20.008593],[-44.2174544,-20.0085482],[-44.216765,-20.009154],[-44.2159375,-20.0081984],[-44.2153668,-20.0090116],[-44.2151134,-20.009556],[-44.2154322,-20.0096643],[-44.2154324,-20.0098799],[-44.2151375,-20.0100917],[-44.2146961,-20.0108357],[-44.2144019,-20.0121121],[-44.2140898,-20.0124719],[-44.2146206,-20.0129331],[-44.21511,-20.0131743],[-44.2155193,-20.01325],[-44.2160688,-20.0131696],[-44.2171283,-20.0135233],[-44.216739,-20.013104],[-44.2183314,-20.0119569],[-44.2189924,-20.0120308],[-44.2193807,-20.0122796],[-44.2215929,-20.0107562],[-44.2203703,-20.0101854]]]}},{"type":"Feature","properties":{"code":"11:105","name":"Parque Das Videiras","cityCode":"11"},"geometry":{"type":"Polygon","coordinates":[[[-44.2148485,-20.0227546],[-44.2151253,-20.0229473],[-44.2153014,-20.0232043],[-44.2153584,-20.0234883],[-44.2148998,-20.0248066],[-44.2150766,-20.0253223],[-44.2156642,-20.0259278],[-44.2161599,-20.0256053],[-44.2165196,-20.025175],[-44.2172541,-20.0246813],[-44.2183091,-20.0235074],[-44.2178566,-20.0224474],[-44.2177634,-20.021799],[-44.2178242,-20.0210669],[-44.2166777,-20.0206601],[-44.2162962,-20.0206729],[-44.2160898,-20.020528],[-44.2108431,-20.0187112],[-44.2107399,-20.018696],[-44.2069335,-20.0211868],[-44.207182,-20.0215274],[-44.2071736,-20.0216247],[-44.2093308,-20.0216972],[-44.2134845,-20.0220042],[-44.2148485,-20.0227546]]]}},{"type":"Feature","properties":{"code":"11:107","name":"Sao Jose","cityCode":"11"},"geometry":{"type":"Polygon","coordinates":[[[-44.231469,-20.0271625],[-44.2309016,-20.0271333],[-44.230544,-20.0277458],[-44.2301383,-20.028],[-44.2302021,-20.0283562],[-44.2303544,-20.028747],[-44.2307955,-20.028892],[-44.2309675,-20.0287523],[-44.2318389,-20.0284077],[-44.2320895,-20.0290787],[-44.2325149,-20.0297676],[-44.2344832,-20.0288675],[-44.2337616,-20.0282652],[-44.233594,-20.0278992],[-44.231469,-20.0271625]]]}},{"type":"Feature","properties":{"code":"11:173","name":"Amarante","cityCode":"11"},"geometry":{"type":"Polygon","coordinates":[[[-44.1417324,-19.9498257],[-44.1418825,-19.9496289],[-44.141437,-19.9490437],[-44.1410932,-19.9487608],[-44.1407708,-19.9486288],[-44.1406584,-19.9484844],[-44.1406785,-19.9483757],[-44.14049,-19.948162],[-44.1405684,-19.9478591],[-44.1403851,-19.9475356],[-44.1391556,-19.9474469],[-44.137732,-19.9476604],[-44.1384762,-19.9490452],[-44.1384336,-19.949127],[-44.1385636,-19.9492739],[-44.1397898,-19.9501578],[-44.1398583,-19.9501017],[-44.1398795,-19.9502072],[-44.1405336,-19.9506473],[-44.1417324,-19.9498257]]]}},{"type":"Feature","properties":{"code":"11:32","name":"Guaruja","cityCode":"11"},"geometry":{"type":"Polygon","coordinates":[[[-44.2052446,-19.9638603],[-44.205521,-19.9659898],[-44.2065627,-19.9659815],[-44.2065372,-19.9649666],[-44.2070121,-19.9649196],[-44.2069582,-19.9648579],[-44.2070027,-19.9642597],[-44.2070939,-19.9642498],[-44.2070359,-19.9641405],[-44.2071978,-19.9629088],[-44.2073497,-19.9628518],[-44.2088497,-19.9636021],[-44.209122,-19.9630529],[-44.2092108,-19.9630214],[-44.2095666,-19.9631808],[-44.2099305,-19.9632393],[-44.2101703,-19.9628827],[-44.2091025,-19.9623331],[-44.2090809,-19.9611629],[-44.2067024,-19.9617133],[-44.206326,-19.961665],[-44.2064054,-19.9617754],[-44.205689,-19.9628189],[-44.2053459,-19.9633789],[-44.2052446,-19.9638603]]]}},{"type":"Feature","properties":{"code":"11:102","name":"Sao Jorge","cityCode":"11"},"geometry":{"type":"Polygon","coordinates":[[[-44.229001,-20.0224736],[-44.2287488,-20.0224091],[-44.2284736,-20.0225008],[-44.2281376,-20.022972],[-44.2282888,-20.0232184],[-44.2288051,-20.023496],[-44.2288999,-20.0236175],[-44.2285716,-20.0241048],[-44.2295253,-20.0243289],[-44.2297621,-20.0230688],[-44.2300299,-20.0236564],[-44.2316166,-20.0259911],[-44.2322121,-20.0267092],[-44.232435,-20.0267385],[-44.2323255,-20.0265493],[-44.2323574,-20.0264534],[-44.2334063,-20.0251667],[-44.2340148,-20.0250647],[-44.2344663,-20.0247937],[-44.2351772,-20.0240732],[-44.2358056,-20.0232657],[-44.2350497,-20.0226241],[-44.2348088,-20.0221041],[-44.2299545,-20.022542],[-44.2296257,-20.0226456],[-44.2295201,-20.0223355],[-44.229001,-20.0224736]]]}},{"type":"Feature","properties":{"code":"11:103","name":"Parque Ipiranga","cityCode":"11"},"geometry":{"type":"Polygon","coordinates":[[[-44.2134437,-20.0116393],[-44.2129389,-20.0114856],[-44.2119878,-20.0117339],[-44.2114832,-20.0117486],[-44.2117025,-20.012258],[-44.2096039,-20.0129764],[-44.2027523,-20.015659],[-44.2107399,-20.018696],[-44.2112199,-20.0188066],[-44.213367,-20.0196277],[-44.2160898,-20.020528],[-44.2162962,-20.0206729],[-44.2166777,-20.0206601],[-44.2178242,-20.0210669],[-44.2171885,-20.0198631],[-44.2171573,-20.017844],[-44.216917,-20.0171745],[-44.2169509,-20.0155407],[-44.2170873,-20.0151266],[-44.2174291,-20.0145831],[-44.2172857,-20.0137538],[-44.2171283,-20.0135233],[-44.2160688,-20.0131696],[-44.2155193,-20.01325],[-44.2148548,-20.013061],[-44.214191,-20.0125942],[-44.2134437,-20.0116393]]]}},{"type":"Feature","properties":{"code":"11:92","name":"Nova Baden","cityCode":"11"},"geometry":{"type":"Polygon","coordinates":[[[-44.1426589,-19.9532371],[-44.1430964,-19.9528221],[-44.1432115,-19.9524405],[-44.1430798,-19.9522562],[-44.1430609,-19.9520434],[-44.1428108,-19.952023],[-44.1419386,-19.9511691],[-44.140694,-19.9505712],[-44.1405336,-19.9506473],[-44.1398795,-19.9502072],[-44.1398583,-19.9501017],[-44.1397898,-19.9501578],[-44.1386305,-19.9493359],[-44.1384336,-19.949127],[-44.1384762,-19.9490452],[-44.1383761,-19.9489051],[-44.1368945,-19.9497921],[-44.1378364,-19.9510207],[-44.1380882,-19.9515101],[-44.1382754,-19.9538819],[-44.1384738,-19.9544203],[-44.1389136,-19.9550373],[-44.1386871,-19.9551715],[-44.1384652,-19.9549636],[-44.1382679,-19.9551098],[-44.1382757,-19.9552314],[-44.1381314,-19.9553728],[-44.138653,-19.9558672],[-44.139616,-19.9561957],[-44.1401116,-19.9561622],[-44.1405143,-19.9559997],[-44.1421667,-19.9543978],[-44.1427822,-19.9536376],[-44.1426902,-19.9535034],[-44.1426589,-19.9532371]]]}},{"type":"Feature","properties":{"code":"11:76","name":"Miguel Haddad","cityCode":"11"},"geometry":{"type":"Polygon","coordinates":[[[-44.1898507,-19.9733641],[-44.1892185,-19.9736134],[-44.1890221,-19.9739211],[-44.1882029,-19.9744551],[-44.1879538,-19.9748564],[-44.1880796,-19.9754889],[-44.1894397,-19.9756628],[-44.1904937,-19.975934],[-44.1909001,-19.9758788],[-44.19189,-19.9753857],[-44.1914543,-19.9751273],[-44.1915192,-19.9742767],[-44.1907958,-19.9733363],[-44.1905832,-19.9732855],[-44.1898507,-19.9733641]]]}},{"type":"Feature","properties":{"code":"11:1987","name":"Residencial Quintas Da Gentileza","cityCode":"11"},"geometry":{"type":"Polygon","coordinates":[[[-44.2575124,-19.9200121],[-44.2574582,-19.9196736],[-44.2570653,-19.919497],[-44.2567484,-19.9192365],[-44.2559824,-19.918924],[-44.2545279,-19.9186066],[-44.2539068,-19.919056],[-44.2526406,-19.9196415],[-44.2508281,-19.9211347],[-44.2501223,-19.9219153],[-44.2500796,-19.9224896],[-44.2496885,-19.923106],[-44.2492659,-19.9227728],[-44.2488616,-19.9227605],[-44.2477816,-19.9229665],[-44.2464955,-19.9227418],[-44.2459256,-19.9230715],[-44.2455831,-19.9231512],[-44.2457254,-19.9236385],[-44.2456839,-19.9244534],[-44.2459879,-19.9244456],[-44.2463144,-19.9242417],[-44.2494332,-19.9287976],[-44.2533248,-19.9300448],[-44.2535249,-19.9297186],[-44.2535135,-19.9295086],[-44.2537533,-19.9292343],[-44.25415,-19.9292007],[-44.2543925,-19.9290683],[-44.2545159,-19.928747],[-44.2549516,-19.9286731],[-44.2549173,-19.9284602],[-44.254784,-19.9283037],[-44.2549415,-19.9280056],[-44.254909,-19.9274755],[-44.2550908,-19.9272199],[-44.2556005,-19.9270213],[-44.255566,-19.9266684],[-44.2552453,-19.926897],[-44.254796,-19.9269293],[-44.254537,-19.9265879],[-44.2541769,-19.9266251],[-44.2540736,-19.9263583],[-44.2543666,-19.925497],[-44.2541674,-19.9251532],[-44.2545014,-19.9248992],[-44.2547865,-19.9247687],[-44.2561788,-19.9244947],[-44.2566946,-19.9251643],[-44.25746,-19.9244006],[-44.2577733,-19.9243915],[-44.2577115,-19.9257168],[-44.257654,-19.9259375],[-44.2573777,-19.9263809],[-44.2573484,-19.9268436],[-44.2576005,-19.9268061],[-44.2574495,-19.9264941],[-44.2577478,-19.9259554],[-44.2578197,-19.9253102],[-44.2600193,-19.9251795],[-44.2600012,-19.925455],[-44.2601771,-19.9257307],[-44.2599905,-19.9259456],[-44.2603844,-19.9261924],[-44.2604837,-19.9261601],[-44.2605107,-19.9260067],[-44.2606552,-19.9261203],[-44.2605981,-19.9263132],[-44.2607224,-19.9263699],[-44.2607615,-19.9265078],[-44.2611029,-19.9267998],[-44.2612881,-19.9267179],[-44.2614077,-19.9270449],[-44.2629296,-19.925483],[-44.2633399,-19.9249636],[-44.263464,-19.9238796],[-44.2633505,-19.9233932],[-44.263371,-19.9231572],[-44.2636878,-19.9224372],[-44.2635898,-19.9201509],[-44.2634443,-19.9195504],[-44.2633523,-19.9194702],[-44.2632167,-19.919444],[-44.262693,-19.9198135],[-44.262195,-19.9200519],[-44.2615062,-19.9201528],[-44.261145,-19.9202997],[-44.2608917,-19.9202913],[-44.2604143,-19.9205216],[-44.2601343,-19.9208188],[-44.2585967,-19.9212967],[-44.2581402,-19.9210999],[-44.2578701,-19.9208115],[-44.2575124,-19.9200121]]]}},{"type":"Feature","properties":{"code":"11:1944","name":"Jardim Casa Branca - 2ª Seção","cityCode":"11"},"geometry":{"type":"Polygon","coordinates":[[[-44.1889733,-19.9799736],[-44.1879291,-19.9836403],[-44.1905079,-19.9838132],[-44.1906319,-19.9818743],[-44.1905422,-19.9817643],[-44.1905467,-19.9816017],[-44.1908081,-19.9812915],[-44.1910355,-19.9803362],[-44.1889733,-19.9799736]]]}},{"type":"Feature","properties":{"code":"11:1824","name":"Pintos-Riacho De Areia","cityCode":"11"},"geometry":{"type":"Polygon","coordinates":[[[-44.1434422,-19.9513218],[-44.1433415,-19.9504234],[-44.1447778,-19.9490971],[-44.1456072,-19.9500443],[-44.1463979,-19.9492591],[-44.1479391,-19.948033],[-44.1479689,-19.9478427],[-44.1473967,-19.9476299],[-44.1471469,-19.9473127],[-44.147062,-19.9470402],[-44.1471222,-19.9465598],[-44.147615,-19.9458819],[-44.1472691,-19.9449077],[-44.1472304,-19.9442657],[-44.145214,-19.9446822],[-44.1441752,-19.9452305],[-44.1437999,-19.9454645],[-44.1423918,-19.9468998],[-44.1438047,-19.948131],[-44.1431586,-19.9487718],[-44.1418223,-19.9475682],[-44.1412151,-19.9481094],[-44.1412238,-19.9482818],[-44.1413854,-19.9485365],[-44.1421673,-19.9494019],[-44.1417324,-19.9498257],[-44.140694,-19.9505712],[-44.1419386,-19.9511691],[-44.1428716,-19.9520531],[-44.1430985,-19.9519226],[-44.1430943,-19.951818],[-44.1434422,-19.9513218]]]}},{"type":"Feature","properties":{"code":"11:57","name":"Santa Rita","cityCode":"11"},"geometry":{"type":"Polygon","coordinates":[[[-44.1781174,-19.8895178],[-44.1781292,-19.8895982],[-44.1780422,-19.8896073],[-44.1776769,-19.8899839],[-44.1777001,-19.8900474],[-44.1772367,-19.8904504],[-44.1772461,-19.8905228],[-44.1771594,-19.8905305],[-44.1768007,-19.8909151],[-44.1768112,-19.890978],[-44.1767212,-19.8909905],[-44.1763518,-19.8913865],[-44.1763518,-19.891459],[-44.1762602,-19.891473],[-44.1762626,-19.8916398],[-44.1768093,-19.8927159],[-44.1776363,-19.8934042],[-44.1779631,-19.8931024],[-44.1781616,-19.8930823],[-44.179374,-19.8936536],[-44.1808455,-19.8936759],[-44.1811426,-19.8894829],[-44.1812274,-19.8894766],[-44.1809837,-19.8888646],[-44.1808629,-19.8887704],[-44.1784887,-19.889139],[-44.1781174,-19.8895178]]]}},{"type":"Feature","properties":{"code":"11:58","name":"Sao Joao","cityCode":"11"},"geometry":{"type":"Polygon","coordinates":[[[-44.1731063,-19.9671345],[-44.1733844,-19.9673187],[-44.1734811,-19.9671124],[-44.173409,-19.9669384],[-44.173353,-19.9656932],[-44.1729978,-19.9656057],[-44.1732402,-19.9648568],[-44.1654396,-19.9627824],[-44.1652846,-19.9629887],[-44.1652227,-19.9629725],[-44.1650893,-19.9640241],[-44.1647971,-19.9651124],[-44.1652003,-19.9657208],[-44.1653312,-19.9664206],[-44.16561,-19.9667998],[-44.165551,-19.9668693],[-44.1657517,-19.9679145],[-44.1658763,-19.9680594],[-44.1661766,-19.9680681],[-44.1662131,-19.9683339],[-44.1660117,-19.9684505],[-44.1651548,-19.969634],[-44.1648392,-19.9698581],[-44.1643832,-19.9705023],[-44.1633667,-19.9708413],[-44.1627752,-19.9714284],[-44.1622108,-19.9715965],[-44.1612545,-19.9722088],[-44.1608038,-19.9727695],[-44.1600984,-19.9732899],[-44.159978,-19.9732975],[-44.159892,-19.9751526],[-44.1595823,-19.9758276],[-44.1596105,-19.9759199],[-44.1598387,-19.9759926],[-44.1598963,-19.9761326],[-44.1599617,-19.9783002],[-44.1598319,-19.9794268],[-44.1600411,-19.9798444],[-44.1604543,-19.9803217],[-44.1603758,-19.9810756],[-44.1604951,-19.9812014],[-44.1611571,-19.9813534],[-44.1612132,-19.9814122],[-44.1610928,-19.9818527],[-44.1614601,-19.9820364],[-44.1617305,-19.9824029],[-44.1621683,-19.9824187],[-44.1634251,-19.9806343],[-44.1672606,-19.97584],[-44.1680866,-19.9744684],[-44.1714634,-19.9711679],[-44.1714268,-19.9711219],[-44.1716042,-19.9709533],[-44.172045,-19.970051],[-44.1717847,-19.9699373],[-44.1731063,-19.9671345]]]}},{"type":"Feature","properties":{"code":"11:59","name":"Vila Padre Eustaquio","cityCode":"11"},"geometry":{"type":"Polygon","coordinates":[[[-44.1808629,-19.8887704],[-44.1809157,-19.8884887],[-44.1809087,-19.888064],[-44.1807044,-19.8875732],[-44.179874,-19.8865129],[-44.179568,-19.8860045],[-44.178905,-19.8852896],[-44.1785333,-19.8856288],[-44.1762539,-19.8871967],[-44.1754738,-19.8879911],[-44.174802,-19.8885062],[-44.1731134,-19.8894686],[-44.1726646,-19.8902639],[-44.1711538,-19.8919223],[-44.1712164,-19.8921585],[-44.171756,-19.8923702],[-44.171794,-19.8924739],[-44.1717325,-19.8925626],[-44.172368,-19.8930533],[-44.1734534,-19.8934212],[-44.1736092,-19.8935497],[-44.1737436,-19.8939024],[-44.1741533,-19.894245],[-44.1745973,-19.8943508],[-44.1749373,-19.8942854],[-44.1750169,-19.8942006],[-44.1753068,-19.8942839],[-44.1757748,-19.8942168],[-44.1752461,-19.8961066],[-44.1742984,-19.8962489],[-44.1718454,-19.895943],[-44.1701364,-19.8955198],[-44.1694659,-19.8955752],[-44.1691056,-19.8954574],[-44.1685665,-19.8958468],[-44.1676475,-19.8954133],[-44.167226,-19.8964886],[-44.1671587,-19.8969516],[-44.1672325,-19.8973363],[-44.1671957,-19.8977049],[-44.1668825,-19.8986282],[-44.1666483,-19.898847],[-44.1697253,-19.8986199],[-44.1700996,-19.8986679],[-44.1707961,-19.8989326],[-44.173911,-19.9006451],[-44.1746371,-19.9006019],[-44.1759681,-19.8998547],[-44.1769122,-19.8996786],[-44.1777328,-19.8993882],[-44.1789673,-19.8991295],[-44.1803431,-19.8996103],[-44.1824868,-19.9019699],[-44.1826435,-19.9020183],[-44.1827959,-19.901115],[-44.1833291,-19.9001185],[-44.1833587,-19.8991906],[-44.1822094,-19.8965173],[-44.1819084,-19.8956268],[-44.1808455,-19.8936759],[-44.179374,-19.8936536],[-44.1781616,-19.8930823],[-44.1779631,-19.8931024],[-44.1776135,-19.8933981],[-44.1768093,-19.8927159],[-44.1762626,-19.8916398],[-44.1762602,-19.891473],[-44.1763518,-19.891459],[-44.1763518,-19.8913865],[-44.1767212,-19.8909905],[-44.1768112,-19.890978],[-44.1768007,-19.8909151],[-44.1771594,-19.8905305],[-44.1772461,-19.8905228],[-44.1772367,-19.8904504],[-44.1777001,-19.8900474],[-44.1776769,-19.8899839],[-44.1780422,-19.8896073],[-44.1781292,-19.8895982],[-44.1781174,-19.8895178],[-44.1784887,-19.889139],[-44.1808629,-19.8887704]]]}},{"type":"Feature","properties":{"code":"11:60","name":"Sidon","cityCode":"11"},"geometry":{"type":"Polygon","coordinates":[[[-44.1746833,-19.9642863],[-44.1748075,-19.9643061],[-44.174984,-19.963901],[-44.1748456,-19.963835],[-44.1760055,-19.9633751],[-44.1759201,-19.9633263],[-44.1756292,-19.9623842],[-44.1752578,-19.9617073],[-44.1749463,-19.9614354],[-44.174599,-19.9612519],[-44.1739782,-19.9611129],[-44.174188,-19.9623691],[-44.1726198,-19.9646979],[-44.1744215,-19.9651788],[-44.1745166,-19.9651432],[-44.1746261,-19.964896],[-44.1746833,-19.9642863]]]}},{"type":"Feature","properties":{"code":"11:61","name":"Dom Bosco","cityCode":"11"},"geometry":{"type":"Polygon","coordinates":[[[-44.1530709,-19.9552946],[-44.1524033,-19.9555627],[-44.151868,-19.9559729],[-44.151194,-19.9562326],[-44.1510947,-19.9563462],[-44.1506045,-19.9564641],[-44.1502466,-19.9567244],[-44.1517936,-19.9575739],[-44.1523739,-19.9579944],[-44.154015,-19.9594394],[-44.1546143,-19.9598027],[-44.1552268,-19.9600358],[-44.1610494,-19.9616088],[-44.1612599,-19.9607995],[-44.1610219,-19.9600672],[-44.1608538,-19.9600216],[-44.1609154,-19.9596757],[-44.1607819,-19.959174],[-44.1624182,-19.9577478],[-44.162569,-19.9574268],[-44.1624914,-19.9573218],[-44.1620864,-19.9571711],[-44.1614218,-19.9561006],[-44.1613176,-19.956093],[-44.1597141,-19.9533199],[-44.1599736,-19.9531028],[-44.1603482,-19.9522667],[-44.1597451,-19.9513573],[-44.1593712,-19.9511476],[-44.158899,-19.951029],[-44.1584387,-19.9511151],[-44.1583305,-19.9510755],[-44.1556814,-19.9515859],[-44.1551613,-19.9524778],[-44.1552765,-19.9526372],[-44.1550697,-19.9526337],[-44.1545737,-19.9534851],[-44.1530709,-19.9552946]]]}},{"type":"Feature","properties":{"code":"11:624","name":"Conjunto Habitacional Celso Alves Pedrosa","cityCode":"11"},"geometry":{"type":"Polygon","coordinates":[[[-44.1435992,-19.9397353],[-44.1408132,-19.9406215],[-44.1414293,-19.9412998],[-44.1416246,-19.9416644],[-44.1426478,-19.9446084],[-44.1436858,-19.9433631],[-44.1439043,-19.9432664],[-44.1449442,-19.9424105],[-44.1448353,-19.9423718],[-44.1448477,-19.9422586],[-44.143823,-19.9397814],[-44.1435992,-19.9397353]]]}},{"type":"Feature","properties":{"code":"11:12","name":"Itacolomi","cityCode":"11"},"geometry":{"type":"Polygon","coordinates":[[[-44.1736837,-19.921746],[-44.1735814,-19.922079],[-44.173242,-19.9220696],[-44.173205,-19.9219474],[-44.1729103,-19.9217476],[-44.1726812,-19.9213241],[-44.1727533,-19.9208361],[-44.1726619,-19.9204004],[-44.1727003,-19.9199754],[-44.1723039,-19.9202518],[-44.1721668,-19.9200708],[-44.171862,-19.9198896],[-44.1714351,-19.9197785],[-44.1713907,-19.9196869],[-44.1717116,-19.9193631],[-44.1719804,-19.9188683],[-44.1720048,-19.9185183],[-44.1715695,-19.9184481],[-44.1715364,-19.918324],[-44.1712561,-19.9183806],[-44.1708144,-19.9181012],[-44.1704215,-19.9181165],[-44.1696509,-19.9185432],[-44.1691171,-19.9186755],[-44.1692941,-19.9210915],[-44.169168,-19.9224421],[-44.1688983,-19.9233494],[-44.1683938,-19.9234447],[-44.1684893,-19.9235614],[-44.1685779,-19.9239838],[-44.1685166,-19.9240644],[-44.1686451,-19.9252494],[-44.1685863,-19.9253332],[-44.1686039,-19.9263683],[-44.1688257,-19.9266638],[-44.1691546,-19.9268548],[-44.1697544,-19.9270313],[-44.1704156,-19.9273433],[-44.1706221,-19.9275504],[-44.1707154,-19.9278097],[-44.1709645,-19.927745],[-44.1710686,-19.9278495],[-44.1719847,-19.9272359],[-44.1718153,-19.9271108],[-44.1716611,-19.9267645],[-44.1745583,-19.9264116],[-44.1746736,-19.9261158],[-44.1757778,-19.9254304],[-44.1747716,-19.9248495],[-44.1746426,-19.9246047],[-44.174686,-19.9240171],[-44.1744966,-19.923931],[-44.1745863,-19.9238573],[-44.174719,-19.9239101],[-44.1747156,-19.923615],[-44.1746434,-19.9236635],[-44.1742371,-19.9231738],[-44.1743473,-19.9227597],[-44.1745271,-19.9226173],[-44.1749253,-19.9225784],[-44.1750499,-19.9223908],[-44.1750291,-19.9222737],[-44.1748786,-19.9222426],[-44.174761,-19.9221199],[-44.1746749,-19.9221144],[-44.1744966,-19.9222865],[-44.1741322,-19.9221685],[-44.1741555,-19.9219938],[-44.1739927,-19.9217879],[-44.1736837,-19.921746]]]}},{"type":"Feature","properties":{"code":"11:54","name":"Chacaras Santa Filomena","cityCode":"11"},"geometry":{"type":"Polygon","coordinates":[[[-44.2266564,-20.0071064],[-44.2274051,-20.005178],[-44.2264833,-20.004817],[-44.2260673,-20.0024073],[-44.2256886,-20.0018595],[-44.2254343,-20.0018101],[-44.225055,-20.0018716],[-44.2248245,-20.0021997],[-44.2246053,-20.0022552],[-44.2237662,-20.0029381],[-44.2216162,-20.0047408],[-44.2212434,-20.0051552],[-44.220529,-20.0055479],[-44.2195629,-20.0071429],[-44.2207215,-20.007797],[-44.2224262,-20.0089001],[-44.2214627,-20.0067641],[-44.2218615,-20.0059122],[-44.2222884,-20.0059298],[-44.2227946,-20.0057335],[-44.2227898,-20.0082521],[-44.2247512,-20.0087927],[-44.2263389,-20.0093261],[-44.2262416,-20.0084629],[-44.2256545,-20.0074094],[-44.2256559,-20.0069335],[-44.2256898,-20.0069928],[-44.2266564,-20.0071064]]]}},{"type":"Feature","properties":{"code":"11:55","name":"Chacaras Cinco Ilhas","cityCode":"11"},"geometry":{"type":"Polygon","coordinates":[[[-44.2547891,-20.0069292],[-44.2548788,-20.0071035],[-44.2553403,-20.0075953],[-44.2593918,-20.0078446],[-44.2605079,-20.0060275],[-44.2605107,-20.0058113],[-44.2603628,-20.0056438],[-44.2602523,-20.005629],[-44.2587256,-20.0057959],[-44.2577878,-20.0055267],[-44.2576537,-20.0054251],[-44.2560033,-20.0060914],[-44.2547891,-20.0069292]]]}},{"type":"Feature","properties":{"code":"11:56","name":"Conjunto Habitacional Paulo Camilo Iii","cityCode":"11"},"geometry":{"type":"Polygon","coordinates":[[[-44.1337259,-19.9571962],[-44.1336886,-19.9570766],[-44.1333312,-19.9569464],[-44.1324149,-19.9568376],[-44.1318428,-19.9570886],[-44.1320029,-19.9561429],[-44.1305389,-19.9560797],[-44.1305345,-19.9563372],[-44.1297974,-19.9567996],[-44.1308402,-19.9596296],[-44.1309351,-19.9598325],[-44.1311802,-19.9598721],[-44.1328095,-19.9598631],[-44.1331995,-19.9596037],[-44.1333522,-19.9586733],[-44.1332986,-19.9585739],[-44.133411,-19.9583526],[-44.1336495,-19.9572495],[-44.1337259,-19.9571962]]]}},{"type":"Feature","properties":{"code":"11:48","name":"Chacaras Sao Jose","cityCode":"11"},"geometry":{"type":"Polygon","coordinates":[[[-44.1616764,-19.9185071],[-44.1614173,-19.9180386],[-44.1608042,-19.9170787],[-44.1606001,-19.9169929],[-44.160335,-19.9170717],[-44.1602317,-19.917221],[-44.160224,-19.9178192],[-44.1605251,-19.918853],[-44.1608039,-19.919109],[-44.161559,-19.9190376],[-44.1616764,-19.9185071]]]}},{"type":"Feature","properties":{"code":"11:31","name":"Residencial Taquaril","cityCode":"11"},"geometry":{"type":"Polygon","coordinates":[[[-44.2060922,-19.9268582],[-44.2061765,-19.9266039],[-44.2066374,-19.9257617],[-44.2068399,-19.9255566],[-44.2064603,-19.9250962],[-44.2063949,-19.9245974],[-44.2061387,-19.9243016],[-44.2017551,-19.9296472],[-44.2012921,-19.9300073],[-44.2015878,-19.9305308],[-44.2052404,-19.9321733],[-44.2055542,-19.9323866],[-44.2048989,-19.9335333],[-44.2060243,-19.9337363],[-44.2068278,-19.9335748],[-44.2080978,-19.9329393],[-44.2077696,-19.9325351],[-44.2073372,-19.9322672],[-44.2067896,-19.9313451],[-44.206881,-19.9305823],[-44.2066407,-19.929908],[-44.2065264,-19.9286036],[-44.2061501,-19.9280894],[-44.2061595,-19.9278304],[-44.2062633,-19.9277809],[-44.2064084,-19.9273347],[-44.2060922,-19.9268582]]]}},{"type":"Feature","properties":{"code":"11:156","name":"Riviera","cityCode":"11"},"geometry":{"type":"Polygon","coordinates":[[[-44.1946173,-19.9770445],[-44.1945299,-19.9777708],[-44.1945855,-19.9778318],[-44.1940933,-19.9801097],[-44.1941568,-19.9801982],[-44.1954034,-19.9804918],[-44.1958879,-19.9803144],[-44.1968802,-19.9801506],[-44.1971035,-19.9782863],[-44.1972464,-19.9782756],[-44.1970295,-19.977748],[-44.1969246,-19.9777204],[-44.1966753,-19.9771787],[-44.1966386,-19.9769766],[-44.1967377,-19.9766074],[-44.196753,-19.9760168],[-44.1944299,-19.9757551],[-44.1946173,-19.9770445]]]}},{"type":"Feature","properties":{"code":"11:1904","name":"Fazenda Pocoes","cityCode":"11"},"geometry":{"type":"Polygon","coordinates":[[[-44.1845277,-19.9311864],[-44.1841021,-19.931061],[-44.1837297,-19.9306983],[-44.1833251,-19.9299777],[-44.1830865,-19.9298419],[-44.1825331,-19.9292383],[-44.1816902,-19.9294711],[-44.1814832,-19.9295535],[-44.1814201,-19.9296781],[-44.1812187,-19.9296714],[-44.1793417,-19.9291167],[-44.1786486,-19.930029],[-44.1782789,-19.9300736],[-44.1778742,-19.9300203],[-44.1776267,-19.9301354],[-44.1773908,-19.9304224],[-44.1771584,-19.9308982],[-44.1772518,-19.931041],[-44.1772587,-19.9312498],[-44.1775984,-19.9318404],[-44.177408,-19.9322112],[-44.177473,-19.9324181],[-44.177419,-19.9326685],[-44.1774837,-19.9327783],[-44.1777779,-19.9327614],[-44.1774904,-19.9332457],[-44.1768551,-19.93338],[-44.1767553,-19.9334406],[-44.1767548,-19.9335347],[-44.1772056,-19.9337263],[-44.177551,-19.9342006],[-44.178358,-19.9345902],[-44.1806419,-19.9328533],[-44.1808145,-19.932616],[-44.180891,-19.9321812],[-44.1810149,-19.9320819],[-44.1815186,-19.9326875],[-44.1821251,-19.9332204],[-44.1821758,-19.9334704],[-44.1823292,-19.9336782],[-44.1853782,-19.9313884],[-44.1854411,-19.9312991],[-44.1845277,-19.9311864]]]}},{"type":"Feature","properties":{"code":"11:3206","name":"Fazenda Talmandia","cityCode":"11"},"geometry":{"type":"Polygon","coordinates":[[[-44.1664547,-19.9784948],[-44.1656141,-19.9793572],[-44.1650781,-19.9785642],[-44.1636837,-19.9803168],[-44.1646816,-19.9816897],[-44.1661246,-19.9827056],[-44.1675128,-19.9815414],[-44.1681053,-19.9809205],[-44.1670591,-19.9795335],[-44.1664547,-19.9784948]]]}},{"type":"Feature","properties":{"code":"11:66","name":"Sao Cristovao","cityCode":"11"},"geometry":{"type":"Polygon","coordinates":[[[-44.1215351,-19.9411009],[-44.121639,-19.9404247],[-44.121788,-19.9401282],[-44.1217077,-19.9399348],[-44.1217559,-19.9390924],[-44.1214538,-19.9383035],[-44.1214959,-19.9380784],[-44.1214091,-19.9380325],[-44.121864,-19.9359972],[-44.1219953,-19.9359265],[-44.121997,-19.9358379],[-44.1218208,-19.9355031],[-44.1214372,-19.9351604],[-44.1196187,-19.9348794],[-44.1194598,-19.9350324],[-44.1195817,-19.935579],[-44.1194617,-19.9367873],[-44.1189342,-19.9383805],[-44.1186965,-19.9393401],[-44.118266,-19.940088],[-44.1168789,-19.9418292],[-44.1213505,-19.9422158],[-44.1215113,-19.9415687],[-44.1215826,-19.9416],[-44.1215351,-19.9411009]]]}},{"type":"Feature","properties":{"code":"11:67","name":"Colonia Santa Izabel","cityCode":"11"},"geometry":{"type":"Polygon","coordinates":[[[-44.2188093,-20.0351763],[-44.2184893,-20.0353586],[-44.2187402,-20.0357847],[-44.2187162,-20.0358755],[-44.218827,-20.0358229],[-44.2188281,-20.0360145],[-44.218627,-20.0359903],[-44.218618,-20.0360678],[-44.2184975,-20.0360502],[-44.218487,-20.0361513],[-44.2190042,-20.0362212],[-44.2189409,-20.0372209],[-44.2178226,-20.0374325],[-44.2180956,-20.0384077],[-44.2181967,-20.0385201],[-44.2180987,-20.0385565],[-44.2181139,-20.0388138],[-44.2185817,-20.0414085],[-44.2189523,-20.0421867],[-44.219551,-20.0417288],[-44.2201489,-20.0414295],[-44.2205965,-20.0413711],[-44.2211407,-20.0411621],[-44.2218718,-20.0410081],[-44.2222219,-20.0408879],[-44.2224939,-20.0406941],[-44.2227889,-20.0404734],[-44.2233367,-20.0398527],[-44.2238604,-20.0390505],[-44.2244628,-20.0383059],[-44.2248082,-20.0381535],[-44.2249582,-20.0378927],[-44.2264155,-20.0367766],[-44.2263542,-20.0356896],[-44.2265178,-20.0352885],[-44.2262784,-20.0350191],[-44.225799,-20.0342239],[-44.2254892,-20.0344137],[-44.2252063,-20.0344634],[-44.2244357,-20.0343601],[-44.2239894,-20.0341732],[-44.2233273,-20.0340237],[-44.2231322,-20.0329781],[-44.2229608,-20.0324732],[-44.2231795,-20.0320381],[-44.2233779,-20.0319101],[-44.2236312,-20.0313531],[-44.2231973,-20.0308905],[-44.2228658,-20.0299022],[-44.2226129,-20.029642],[-44.2225478,-20.0298843],[-44.2222805,-20.0300961],[-44.2220687,-20.0300646],[-44.2219501,-20.0303459],[-44.2220852,-20.0310169],[-44.2219508,-20.031287],[-44.2218732,-20.0319207],[-44.2216108,-20.0322064],[-44.2203072,-20.0331015],[-44.220909,-20.034161],[-44.2206901,-20.0342657],[-44.2210761,-20.0348209],[-44.2204204,-20.0349791],[-44.2198935,-20.0349113],[-44.2193236,-20.0349441],[-44.2189658,-20.0351488],[-44.2185646,-20.0344475],[-44.218455,-20.0339941],[-44.2181403,-20.0342556],[-44.2188093,-20.0351763]]]}},{"type":"Feature","properties":{"code":"11:68","name":"Vila Cruzeiro","cityCode":"11"},"geometry":{"type":"Polygon","coordinates":[[[-44.2182275,-20.0395075],[-44.2180798,-20.0395263],[-44.2179272,-20.0401868],[-44.2175908,-20.0405469],[-44.2173527,-20.0404116],[-44.2169239,-20.0403784],[-44.2170361,-20.0411701],[-44.2169782,-20.041441],[-44.2165579,-20.0413722],[-44.2158562,-20.0411267],[-44.2149054,-20.0411389],[-44.2147283,-20.0408331],[-44.214571,-20.0400266],[-44.2134546,-20.04119],[-44.2133994,-20.0411619],[-44.2134067,-20.0412466],[-44.2127811,-20.0419299],[-44.2121339,-20.0422918],[-44.2110781,-20.0425594],[-44.2104093,-20.042649],[-44.2101676,-20.0425825],[-44.2091171,-20.0417992],[-44.2085014,-20.0416331],[-44.2081583,-20.0422686],[-44.2076542,-20.0428272],[-44.2075956,-20.0430284],[-44.2072601,-20.0432774],[-44.2069368,-20.0433958],[-44.2081243,-20.0456009],[-44.2084002,-20.0457329],[-44.2085143,-20.0459512],[-44.2098096,-20.0473509],[-44.2103269,-20.0476146],[-44.2110053,-20.0479117],[-44.2121909,-20.0482001],[-44.2126056,-20.0482346],[-44.2142665,-20.0479589],[-44.2157989,-20.0480201],[-44.2175431,-20.0483655],[-44.2181874,-20.0485861],[-44.218562,-20.0485823],[-44.2188631,-20.0482678],[-44.2189738,-20.0480396],[-44.2188142,-20.0476795],[-44.2180755,-20.0467451],[-44.2163649,-20.0454253],[-44.2154131,-20.0444845],[-44.2150778,-20.0435464],[-44.2149555,-20.0426583],[-44.2150208,-20.0422556],[-44.2154612,-20.0417621],[-44.2156636,-20.0416051],[-44.2158655,-20.0415624],[-44.2163375,-20.041668],[-44.2171073,-20.0421233],[-44.2178207,-20.0423388],[-44.2183508,-20.0423466],[-44.2189523,-20.0421867],[-44.2185634,-20.0413048],[-44.2182275,-20.0395075]]]}},{"type":"Feature","properties":{"code":"11:2325","name":"Fazenda Dos Limas","cityCode":"11"},"geometry":{"type":"Polygon","coordinates":[[[-44.2198869,-20.0127525],[-44.2191924,-20.0121553],[-44.2189599,-20.0120226],[-44.2183314,-20.0119569],[-44.216739,-20.013104],[-44.2172857,-20.0137538],[-44.217377,-20.014418],[-44.2201915,-20.0132239],[-44.2198869,-20.0127525]]]}},{"type":"Feature","properties":{"code":"11:2368","name":"Bandeirinha De Cima","cityCode":"11"},"geometry":{"type":"Polygon","coordinates":[[[-44.1788057,-20.0079042],[-44.1785999,-20.0081928],[-44.1783271,-20.0088623],[-44.1780997,-20.0090849],[-44.1781391,-20.0092329],[-44.1779823,-20.0100067],[-44.1788765,-20.0095292],[-44.1789392,-20.0095993],[-44.1799736,-20.0089426],[-44.1798568,-20.0082933],[-44.1796062,-20.0075792],[-44.1794084,-20.0074794],[-44.1788092,-20.0075309],[-44.1788057,-20.0079042]]]}},{"type":"Feature","properties":{"code":"11:2404","name":"Joao Leite","cityCode":"11"},"geometry":{"type":"Polygon","coordinates":[[[-44.1470398,-20.0136051],[-44.1466397,-20.0140542],[-44.1446768,-20.0153031],[-44.1442706,-20.0156645],[-44.1438811,-20.0163477],[-44.1443399,-20.0166421],[-44.1447925,-20.0166642],[-44.1452141,-20.0163899],[-44.1459169,-20.0160873],[-44.1462619,-20.0157293],[-44.1471577,-20.015457],[-44.148011,-20.0148114],[-44.1470398,-20.0136051]]]}},{"type":"Feature","properties":{"code":"11:663","name":"Vila Verde","cityCode":"11"},"geometry":{"type":"Polygon","coordinates":[[[-44.1536767,-19.9939043],[-44.1539128,-19.9942216],[-44.1540157,-19.9940322],[-44.1542842,-19.9941113],[-44.1545711,-19.9940123],[-44.1551629,-19.9942223],[-44.1581106,-19.9919722],[-44.1581653,-19.9911933],[-44.1580567,-19.9906806],[-44.1580994,-19.98995],[-44.1579255,-19.9892025],[-44.1574616,-19.9884912],[-44.156262,-19.9874918],[-44.1560867,-19.9871623],[-44.1559153,-19.987036],[-44.1553494,-19.9869381],[-44.154811,-19.9870718],[-44.1530639,-19.9899672],[-44.1531162,-19.9903353],[-44.1530498,-19.9905187],[-44.1531518,-19.9907315],[-44.1520709,-19.9920148],[-44.1522813,-19.9931704],[-44.1525591,-19.993985],[-44.1527953,-19.9939819],[-44.1530596,-19.9937409],[-44.1532631,-19.9937198],[-44.1534011,-19.9937455],[-44.1534868,-19.9939768],[-44.1536767,-19.9939043]]]}},{"type":"Feature","properties":{"code":"11:2","name":"Niteroi","cityCode":"11"},"geometry":{"type":"Polygon","coordinates":[[[-44.1807817,-19.9385346],[-44.1803987,-19.9397142],[-44.1787423,-19.9405694],[-44.1765157,-19.9397121],[-44.1764553,-19.9397418],[-44.1764786,-19.9398591],[-44.1763208,-19.9401385],[-44.1758217,-19.9407425],[-44.1755502,-19.9411973],[-44.175401,-19.9415787],[-44.1753718,-19.9421957],[-44.1752366,-19.942459],[-44.1748786,-19.9422758],[-44.174536,-19.9424097],[-44.1742285,-19.9435262],[-44.1740523,-19.9436142],[-44.1731853,-19.9453954],[-44.1731831,-19.9455917],[-44.1731058,-19.9456427],[-44.1725854,-19.9473458],[-44.1724075,-19.9475015],[-44.1723327,-19.948026],[-44.1719574,-19.9482854],[-44.1715896,-19.9483344],[-44.1709147,-19.9486559],[-44.1703727,-19.9487533],[-44.170134,-19.9492838],[-44.1707832,-19.9497129],[-44.1723288,-19.9505016],[-44.173683,-19.9508721],[-44.1748716,-19.9510179],[-44.1755354,-19.9511829],[-44.1768813,-19.9518727],[-44.1769639,-19.9518535],[-44.1772316,-19.9522985],[-44.1776696,-19.9526334],[-44.1789269,-19.953072],[-44.1792085,-19.9513618],[-44.1791673,-19.9509954],[-44.1803501,-19.9496061],[-44.1805818,-19.9491804],[-44.1813491,-19.9484421],[-44.1812268,-19.9483106],[-44.1819192,-19.9475035],[-44.1818558,-19.9475182],[-44.1813021,-19.9466252],[-44.1811052,-19.9460252],[-44.1810156,-19.9459785],[-44.1808965,-19.9457097],[-44.1809447,-19.9456483],[-44.1808266,-19.94558],[-44.1809346,-19.94522],[-44.1810197,-19.9451768],[-44.180975,-19.9451179],[-44.1811248,-19.9444985],[-44.1807081,-19.943906],[-44.1807049,-19.9437741],[-44.1802352,-19.9431576],[-44.1812141,-19.9395182],[-44.1812916,-19.9395237],[-44.1815662,-19.9391842],[-44.1818644,-19.9386305],[-44.1807817,-19.9385346]]]}},{"type":"Feature","properties":{"code":"11:79","name":"Sitio Amoras","cityCode":"11"},"geometry":{"type":"Polygon","coordinates":[[[-44.1800359,-19.9383615],[-44.179396,-19.9385606],[-44.1787078,-19.9386162],[-44.1782303,-19.9384582],[-44.177802,-19.93814],[-44.1765157,-19.9397121],[-44.1787423,-19.9405694],[-44.1803987,-19.9397142],[-44.1807817,-19.9385346],[-44.1800359,-19.9383615]]]}},{"type":"Feature","properties":{"code":"11:81","name":"Centro","cityCode":"11"},"geometry":{"type":"Polygon","coordinates":[[[-44.1940966,-19.9658252],[-44.1939793,-19.9659865],[-44.1936625,-19.9659848],[-44.1925276,-19.9651928],[-44.1922382,-19.9656141],[-44.1920522,-19.9660736],[-44.1920963,-19.9673767],[-44.1919901,-19.9680028],[-44.1932118,-19.9682247],[-44.1940267,-19.9692905],[-44.1934076,-19.970455],[-44.193202,-19.9715046],[-44.1915564,-19.9711677],[-44.1914188,-19.9717947],[-44.1906362,-19.9732912],[-44.1907958,-19.9733363],[-44.1915192,-19.9742767],[-44.1914682,-19.9749447],[-44.1926288,-19.9751734],[-44.1937699,-19.9751509],[-44.1949337,-19.9753027],[-44.1968832,-19.9753702],[-44.1973867,-19.9748528],[-44.1981246,-19.9729915],[-44.1991591,-19.9715098],[-44.1995661,-19.9710474],[-44.2006584,-19.9701075],[-44.2011917,-19.9692085],[-44.2016426,-19.9687521],[-44.2017288,-19.9687541],[-44.2028517,-19.9700303],[-44.203094,-19.9697878],[-44.2033,-19.9699184],[-44.2035525,-19.9699277],[-44.2041554,-19.9701352],[-44.2048639,-19.9702283],[-44.2049714,-19.9694339],[-44.2049311,-19.9692774],[-44.2045046,-19.9689552],[-44.2046966,-19.968751],[-44.205044,-19.9686236],[-44.2057716,-19.9681643],[-44.2062965,-19.9677131],[-44.204573,-19.9665226],[-44.2041504,-19.966322],[-44.2005481,-19.9640504],[-44.200362,-19.9641706],[-44.2002344,-19.9648618],[-44.2002859,-19.9650542],[-44.2005365,-19.9650982],[-44.2011595,-19.9653827],[-44.2006319,-19.9656448],[-44.200528,-19.9657929],[-44.2006426,-19.9660308],[-44.199858,-19.9669208],[-44.1997014,-19.966827],[-44.1996113,-19.9666286],[-44.1999206,-19.9662217],[-44.1999265,-19.96608],[-44.1998241,-19.9659568],[-44.1991472,-19.9656013],[-44.1992522,-19.9651101],[-44.1976545,-19.9652201],[-44.1976508,-19.9645988],[-44.1974571,-19.9646397],[-44.1971462,-19.9645705],[-44.1963269,-19.964033],[-44.1945438,-19.9636522],[-44.1936531,-19.9644289],[-44.1943701,-19.9645352],[-44.1951179,-19.9645096],[-44.1956086,-19.964569],[-44.1969704,-19.9652243],[-44.1966598,-19.9657814],[-44.1960317,-19.9657942],[-44.1960223,-19.9659594],[-44.1954712,-19.965852],[-44.1954205,-19.965926],[-44.1951894,-19.9658468],[-44.1940966,-19.9658252]]]}},{"type":"Feature","properties":{"code":"11:5246","name":"Gorduras E Manga","cityCode":"11"},"geometry":{"type":"Polygon","coordinates":[[[-44.1945146,-20.0449093],[-44.1935143,-20.0445344],[-44.1932212,-20.044543],[-44.1923235,-20.0449965],[-44.1910045,-20.045337],[-44.1898928,-20.0454518],[-44.1898803,-20.0455025],[-44.1899471,-20.0455702],[-44.1900073,-20.0455698],[-44.1904778,-20.0460612],[-44.1904791,-20.0461095],[-44.1906749,-20.0463079],[-44.1906148,-20.046668],[-44.1908938,-20.0470464],[-44.1909184,-20.0472883],[-44.1910347,-20.0475015],[-44.1909728,-20.0475884],[-44.190792,-20.0476289],[-44.1903159,-20.047331],[-44.1898209,-20.0477033],[-44.1902023,-20.047692],[-44.1903372,-20.0477554],[-44.1908582,-20.0486184],[-44.191116,-20.0485508],[-44.1913015,-20.0488408],[-44.1912367,-20.0490869],[-44.1912788,-20.0491964],[-44.1910942,-20.0498002],[-44.1915334,-20.0500461],[-44.1918013,-20.0495737],[-44.1922619,-20.0497564],[-44.1925257,-20.0501138],[-44.1932964,-20.0496653],[-44.1940869,-20.0498451],[-44.1941369,-20.0505461],[-44.1943809,-20.0509838],[-44.1943379,-20.0513128],[-44.1952158,-20.0507896],[-44.1964499,-20.0494536],[-44.1967588,-20.0489198],[-44.1970828,-20.0479385],[-44.1967956,-20.046488],[-44.1967741,-20.0458797],[-44.1945097,-20.0450738],[-44.1945146,-20.0449093]]]}},{"type":"Feature","properties":{"code":"11:69","name":"Granjas Santo Afonso","cityCode":"11"},"geometry":{"type":"Polygon","coordinates":[[[-44.2904479,-19.8979173],[-44.2905023,-19.8965754],[-44.2896765,-19.8968992],[-44.2894844,-19.8969032],[-44.2887798,-19.8966914],[-44.287544,-19.8968064],[-44.2873736,-19.8972902],[-44.2862974,-19.898471],[-44.2858591,-19.8988029],[-44.2858888,-19.8988945],[-44.2856913,-19.898984],[-44.2850618,-19.898726],[-44.2848797,-19.8985508],[-44.284365,-19.8983319],[-44.2834999,-19.8982816],[-44.2832435,-19.8983637],[-44.2830699,-19.8986039],[-44.2824431,-19.8985772],[-44.2821893,-19.8984857],[-44.2821202,-19.8987393],[-44.2817544,-19.8987368],[-44.2817109,-19.8989488],[-44.2800118,-19.8972363],[-44.2795337,-19.8964918],[-44.2780366,-19.8970018],[-44.2778749,-19.8974821],[-44.2774005,-19.8974455],[-44.2775744,-19.8980593],[-44.2780313,-19.8990381],[-44.2787905,-19.8999648],[-44.2797666,-19.9009354],[-44.2821801,-19.9028608],[-44.2819149,-19.903115],[-44.2817069,-19.903576],[-44.2837649,-19.9052112],[-44.2845266,-19.9051489],[-44.2858147,-19.9048099],[-44.2876533,-19.906805],[-44.2884983,-19.9074421],[-44.2887883,-19.90775],[-44.288831,-19.9087572],[-44.2893502,-19.9099542],[-44.2895774,-19.9099738],[-44.2901845,-19.9099755],[-44.2902688,-19.9094257],[-44.290766,-19.9081569],[-44.290901,-19.9072742],[-44.2902148,-19.9068529],[-44.289413,-19.9059507],[-44.2892616,-19.9057061],[-44.2893525,-19.9050898],[-44.2896348,-19.9046422],[-44.2902431,-19.9041797],[-44.2905891,-19.9037472],[-44.2906724,-19.9034376],[-44.2915764,-19.9027903],[-44.291023,-19.9019667],[-44.2907006,-19.9007721],[-44.2907189,-19.9003692],[-44.2911426,-19.8999409],[-44.2913748,-19.8993219],[-44.2910843,-19.8991186],[-44.2904479,-19.8979173]]]}},{"type":"Feature","properties":{"code":"11:74","name":"Morada Do Trevo","cityCode":"11"},"geometry":{"type":"Polygon","coordinates":[[[-44.2040108,-19.9777709],[-44.203658,-19.9772713],[-44.2031438,-19.9770486],[-44.2027349,-19.9770609],[-44.2021671,-19.9773021],[-44.2011272,-19.9773866],[-44.2006294,-19.9775318],[-44.200147,-19.9775808],[-44.2007519,-19.979838],[-44.2008492,-19.9798826],[-44.2010576,-19.9803852],[-44.2009909,-19.980467],[-44.2011127,-19.9805005],[-44.2013289,-19.9810155],[-44.2012574,-19.9811299],[-44.2013746,-19.981167],[-44.2019254,-19.9823839],[-44.2024507,-19.9819963],[-44.2028305,-19.9818652],[-44.2041153,-19.981716],[-44.2045713,-19.9813109],[-44.2052305,-19.9813507],[-44.205435,-19.9810401],[-44.2058405,-19.9792939],[-44.2054627,-19.9789687],[-44.2048853,-19.9786646],[-44.2040108,-19.9777709]]]}},{"type":"Feature","properties":{"code":"11:3265","name":"Fazenda Do Capao","cityCode":"11"},"geometry":{"type":"Polygon","coordinates":[[[-44.2083684,-19.9571005],[-44.2085938,-19.9570559],[-44.2090435,-19.957182],[-44.2093244,-19.9571334],[-44.2094294,-19.9572589],[-44.2099741,-19.9573301],[-44.2100957,-19.9574139],[-44.2103837,-19.9573465],[-44.210312,-19.9572067],[-44.2104695,-19.9570952],[-44.2108935,-19.9573618],[-44.2116009,-19.9570187],[-44.2124269,-19.9569375],[-44.2124455,-19.9567384],[-44.2128012,-19.9564158],[-44.2133567,-19.956191],[-44.2134008,-19.9560775],[-44.2127639,-19.9537419],[-44.212449,-19.9535951],[-44.2124255,-19.9522861],[-44.2124023,-19.9505679],[-44.213334,-19.9496018],[-44.2135012,-19.9492633],[-44.2135226,-19.9489981],[-44.213257,-19.948002],[-44.2132415,-19.9470491],[-44.213068,-19.9470548],[-44.2121226,-19.9465027],[-44.2114061,-19.9462428],[-44.2092778,-19.9457004],[-44.209209,-19.9456989],[-44.2092692,-19.9459601],[-44.2091235,-19.9464988],[-44.2090945,-19.9469467],[-44.2091945,-19.9470905],[-44.2090604,-19.9472562],[-44.2090932,-19.9476292],[-44.2080749,-19.9481428],[-44.2074711,-19.9487074],[-44.2077422,-19.9489231],[-44.207615,-19.9491425],[-44.2072889,-19.9492734],[-44.2070705,-19.949621],[-44.2069748,-19.949538],[-44.206595,-19.9497369],[-44.2061559,-19.9512362],[-44.2059066,-19.9528661],[-44.2065456,-19.9530742],[-44.2071169,-19.9533705],[-44.2073691,-19.9536377],[-44.2073253,-19.9548456],[-44.2077196,-19.9567291],[-44.2079217,-19.9570649],[-44.2078888,-19.9572245],[-44.2083004,-19.957185],[-44.2083684,-19.9571005]]]}},{"type":"Feature","properties":{"code":"11:3266","name":"Moreiras","cityCode":"11"},"geometry":{"type":"Polygon","coordinates":[[[-44.2733445,-19.9431378],[-44.2749044,-19.9431518],[-44.2762657,-19.9433988],[-44.2758672,-19.9429057],[-44.2756635,-19.942891],[-44.275625,-19.9428008],[-44.2761798,-19.9421343],[-44.2757871,-19.9419053],[-44.2754388,-19.9414753],[-44.2741236,-19.9409263],[-44.2735463,-19.9416374],[-44.2740157,-19.942605],[-44.2733445,-19.9431378]]]}},{"type":"Feature","properties":{"code":"11:18","name":"Dona Izabel","cityCode":"11"},"geometry":{"type":"Polygon","coordinates":[[[-44.1475765,-19.9826466],[-44.1475256,-19.9825694],[-44.1470472,-19.9830522],[-44.14517,-19.9844845],[-44.145661,-19.9853976],[-44.1473382,-19.9840204],[-44.1478736,-19.9841108],[-44.1481576,-19.9840698],[-44.1483758,-19.9839985],[-44.1486709,-19.9837704],[-44.1480216,-19.983224],[-44.1477961,-19.9824957],[-44.1475765,-19.9826466]]]}},{"type":"Feature","properties":{"code":"11:142","name":"Santa Ines","cityCode":"11"},"geometry":{"type":"Polygon","coordinates":[[[-44.2095666,-19.9631808],[-44.2092108,-19.9630214],[-44.209122,-19.9630529],[-44.2088497,-19.9636021],[-44.2073497,-19.9628518],[-44.2071978,-19.9629088],[-44.2070359,-19.9641405],[-44.2070939,-19.9642498],[-44.2070027,-19.9642597],[-44.2069582,-19.9648579],[-44.2070475,-19.9649626],[-44.2074354,-19.9649297],[-44.208005,-19.9647565],[-44.2080097,-19.9649113],[-44.2082614,-19.9646848],[-44.2089498,-19.9645949],[-44.2088264,-19.9649727],[-44.2083884,-19.9654125],[-44.2078547,-19.9661159],[-44.2084126,-19.966462],[-44.208633,-19.9665167],[-44.2085813,-19.966428],[-44.2087745,-19.9663236],[-44.2091215,-19.9662698],[-44.2104034,-19.9662244],[-44.2125221,-19.966242],[-44.2127892,-19.9663791],[-44.2142468,-19.9663487],[-44.2150202,-19.9660666],[-44.2181861,-19.9642622],[-44.217682,-19.9638557],[-44.2174396,-19.9638005],[-44.2173225,-19.9630744],[-44.2171215,-19.9625759],[-44.2170258,-19.9626008],[-44.216739,-19.962958],[-44.2166421,-19.9628505],[-44.2164969,-19.9628838],[-44.2164725,-19.9630357],[-44.2165881,-19.9631095],[-44.2163103,-19.9630924],[-44.2160026,-19.9632396],[-44.2160243,-19.963078],[-44.215895,-19.9630186],[-44.2157847,-19.9630696],[-44.2157516,-19.9631932],[-44.2159163,-19.9633145],[-44.2157233,-19.9634495],[-44.2156125,-19.9634856],[-44.2153746,-19.9633199],[-44.2152663,-19.9633599],[-44.215295,-19.9636172],[-44.2151653,-19.9639173],[-44.2149815,-19.9641011],[-44.2150965,-19.9645557],[-44.2144925,-19.9646785],[-44.213914,-19.9646523],[-44.2137726,-19.964748],[-44.2131945,-19.9643189],[-44.2129954,-19.9643996],[-44.212759,-19.9643437],[-44.2125777,-19.9640724],[-44.2122014,-19.9638738],[-44.2116389,-19.9638767],[-44.2114277,-19.9641181],[-44.2109997,-19.9637223],[-44.209985,-19.963219],[-44.2095666,-19.9631808]]]}},{"type":"Feature","properties":{"code":"11:7","name":"Quintas Das Aroeiras","cityCode":"11"},"geometry":{"type":"Polygon","coordinates":[[[-44.2268056,-20.0010724],[-44.2266564,-20.0008488],[-44.2263403,-19.9981215],[-44.2284249,-19.9974375],[-44.2240147,-19.9951091],[-44.2241302,-19.9959623],[-44.2238514,-19.9962314],[-44.2232327,-19.9962926],[-44.2222915,-19.9965105],[-44.2219127,-19.9967532],[-44.2215405,-19.9973227],[-44.221197,-19.997523],[-44.2203329,-19.9977925],[-44.2191796,-19.9985232],[-44.2181718,-19.9990359],[-44.2181715,-19.9991074],[-44.2183703,-19.999073],[-44.218984,-19.9993863],[-44.2192086,-19.9999957],[-44.2192287,-20.0009435],[-44.2187135,-20.0021123],[-44.2199268,-20.0021143],[-44.2267828,-20.0013998],[-44.2268056,-20.0010724]]]}},{"type":"Feature","properties":{"code":"11:9","name":"Alvorada","cityCode":"11"},"geometry":{"type":"Polygon","coordinates":[[[-44.0963064,-19.9412502],[-44.097256,-19.9411735],[-44.0976455,-19.9408946],[-44.0976241,-19.9408169],[-44.0977041,-19.9408083],[-44.0978802,-19.9404568],[-44.0983189,-19.9400271],[-44.0986977,-19.93977],[-44.0994808,-19.9395353],[-44.0994304,-19.9393594],[-44.0988574,-19.9386696],[-44.0986941,-19.9386601],[-44.0985739,-19.9376237],[-44.0982874,-19.9369098],[-44.0981617,-19.9367379],[-44.0975981,-19.9363376],[-44.0962372,-19.936987],[-44.0953572,-19.937321],[-44.0950806,-19.9376831],[-44.0943289,-19.9381766],[-44.0930146,-19.9382871],[-44.0938682,-19.9393397],[-44.0941707,-19.9394656],[-44.0941903,-19.93955],[-44.0939061,-19.9397283],[-44.0938325,-19.9406492],[-44.0946545,-19.9410105],[-44.095417,-19.9416798],[-44.0963064,-19.9412502]]]}},{"type":"Feature","properties":{"code":"11:10","name":"Santo Afonso","cityCode":"11"},"geometry":{"type":"Polygon","coordinates":[[[-44.2786774,-19.9170202],[-44.2787793,-19.9163811],[-44.2789401,-19.9160873],[-44.278244,-19.9151154],[-44.2775849,-19.9146169],[-44.2772815,-19.9146974],[-44.2773637,-19.9146446],[-44.2768023,-19.9143024],[-44.2756548,-19.9142774],[-44.2754415,-19.914167],[-44.274862,-19.9135342],[-44.2746189,-19.9130052],[-44.2741788,-19.9125904],[-44.2739832,-19.9122314],[-44.2739319,-19.9116635],[-44.2742117,-19.9109237],[-44.2753,-19.9102959],[-44.2752165,-19.9099094],[-44.2752942,-19.9094051],[-44.2756311,-19.9081691],[-44.2760765,-19.9058829],[-44.2764163,-19.9050741],[-44.2747134,-19.9053728],[-44.2744443,-19.9053392],[-44.2720044,-19.907122],[-44.2714761,-19.9077035],[-44.2712335,-19.9082674],[-44.2712782,-19.9093344],[-44.2715135,-19.9099013],[-44.2715502,-19.9119266],[-44.2711244,-19.9160175],[-44.2713065,-19.9162231],[-44.2711591,-19.9161903],[-44.2714748,-19.916756],[-44.2717662,-19.9167257],[-44.2753082,-19.9157001],[-44.2759016,-19.9169071],[-44.2762113,-19.9173361],[-44.2766987,-19.9174798],[-44.2770297,-19.9179018],[-44.2773961,-19.9181287],[-44.2784245,-19.9180893],[-44.278379,-19.9179937],[-44.2785335,-19.9173208],[-44.2786774,-19.9170202]]]}},{"type":"Feature","properties":{"code":"11:11","name":"Monte Calvario","cityCode":"11"},"geometry":{"type":"Polygon","coordinates":[[[-44.2174999,-20.0405476],[-44.2177167,-20.0404472],[-44.2179272,-20.0401868],[-44.2180798,-20.0395263],[-44.2182275,-20.0395075],[-44.2180987,-20.0385565],[-44.2181967,-20.0385201],[-44.2180849,-20.0382981],[-44.2174504,-20.0382673],[-44.2155384,-20.0376453],[-44.2155,-20.0374566],[-44.2150317,-20.0374849],[-44.2134609,-20.0369081],[-44.2071657,-20.0335646],[-44.2063861,-20.0337775],[-44.206307,-20.0341776],[-44.2059903,-20.0344111],[-44.2057702,-20.0344011],[-44.2055217,-20.0345723],[-44.2053279,-20.0349503],[-44.2055734,-20.035549],[-44.2062065,-20.0356808],[-44.2070968,-20.0361721],[-44.2073767,-20.036394],[-44.2076398,-20.0369164],[-44.2080707,-20.0374363],[-44.2080354,-20.0375196],[-44.2076667,-20.0374058],[-44.2075075,-20.0374718],[-44.2074574,-20.0376026],[-44.2073976,-20.0374829],[-44.206994,-20.0377097],[-44.2068591,-20.0380176],[-44.2067984,-20.037905],[-44.2067305,-20.0379388],[-44.2068068,-20.0382363],[-44.2067514,-20.0392356],[-44.2069812,-20.0398243],[-44.2077319,-20.0412792],[-44.207749,-20.0414443],[-44.2091171,-20.0417992],[-44.2101676,-20.0425825],[-44.2106398,-20.0426391],[-44.2121339,-20.0422918],[-44.2124804,-20.0421354],[-44.2127811,-20.0419299],[-44.2134067,-20.0412466],[-44.2133994,-20.0411619],[-44.2134546,-20.04119],[-44.214571,-20.0400266],[-44.2147283,-20.0408331],[-44.2149054,-20.0411389],[-44.2158562,-20.0411267],[-44.2165579,-20.0413722],[-44.2169782,-20.041441],[-44.2170361,-20.0411701],[-44.2169239,-20.0403784],[-44.2173093,-20.0404009],[-44.2174999,-20.0405476]]]}},{"type":"Feature","properties":{"code":"11:13","name":"Parque Do Cedro","cityCode":"11"},"geometry":{"type":"Polygon","coordinates":[[[-44.1685619,-19.8582237],[-44.1695216,-19.8573823],[-44.1696869,-19.8571336],[-44.1703125,-19.8570548],[-44.1707817,-19.856799],[-44.1708641,-19.8566546],[-44.1708636,-19.8562487],[-44.1711769,-19.8554599],[-44.170568,-19.8543],[-44.1702756,-19.8533358],[-44.1697727,-19.8521732],[-44.1692611,-19.8518548],[-44.1682865,-19.8516028],[-44.167583,-19.850812],[-44.1674417,-19.850492],[-44.1674885,-19.8500391],[-44.167435,-19.8493328],[-44.1672456,-19.8483504],[-44.1675239,-19.8480682],[-44.1687523,-19.8476821],[-44.169652,-19.8465027],[-44.1698386,-19.8456948],[-44.1699276,-19.8449558],[-44.1697952,-19.8434388],[-44.1698461,-19.8426427],[-44.1696449,-19.8424712],[-44.1698652,-19.8454153],[-44.1693277,-19.8468246],[-44.1673326,-19.8468219],[-44.1659869,-19.8449416],[-44.1643453,-19.8444173],[-44.1629528,-19.8424302],[-44.1620391,-19.8422158],[-44.1604811,-19.8433623],[-44.1586523,-19.8439023],[-44.1581292,-19.8459312],[-44.1564094,-19.8483478],[-44.1537777,-19.8493111],[-44.1537777,-19.8493111],[-44.1529599,-19.850147],[-44.1528359,-19.8508499],[-44.1529985,-19.8511602],[-44.1530127,-19.8514774],[-44.1525274,-19.8525435],[-44.1529371,-19.8528882],[-44.1539676,-19.8534599],[-44.1542279,-19.8537385],[-44.1545978,-19.8538236],[-44.154396,-19.8539678],[-44.1547532,-19.8544221],[-44.1553303,-19.8554651],[-44.1559226,-19.8558389],[-44.1568051,-19.8562585],[-44.157064,-19.8565406],[-44.157165,-19.8569463],[-44.1575601,-19.8576237],[-44.1583746,-19.8581933],[-44.1583494,-19.8584624],[-44.1585498,-19.8585615],[-44.1587947,-19.8586488],[-44.1594623,-19.8586741],[-44.1597976,-19.8587856],[-44.1613668,-19.858829],[-44.1615659,-19.8587319],[-44.1619788,-19.8588684],[-44.1620455,-19.8586106],[-44.1623434,-19.8586401],[-44.1631658,-19.8574036],[-44.163695,-19.8568136],[-44.1638944,-19.8570192],[-44.1643198,-19.8571013],[-44.1649102,-19.8569028],[-44.1657606,-19.8564403],[-44.1660145,-19.8561967],[-44.1663447,-19.8564105],[-44.1666514,-19.8573642],[-44.1670184,-19.8577436],[-44.1673074,-19.8582648],[-44.1678711,-19.8586518],[-44.1681761,-19.8585622],[-44.168256,-19.8586408],[-44.1685619,-19.8582237]]]}},{"type":"Feature","properties":{"code":"11:3285","name":"Barreiro De Cima","cityCode":"11"},"geometry":{"type":"Polygon","coordinates":[[[-44.0992445,-19.9580975],[-44.0992205,-19.9592503],[-44.0979039,-19.95926],[-44.097541,-19.9609491],[-44.0979355,-19.9613413],[-44.0984239,-19.962009],[-44.0988347,-19.9628776],[-44.1013812,-19.9632094],[-44.1012794,-19.9608583],[-44.1007639,-19.9580447],[-44.0992445,-19.9580975]]]}},{"type":"Feature","properties":{"code":"11:3305","name":"Porcoes E Vargem Dos Pirias","cityCode":"11"},"geometry":{"type":"Polygon","coordinates":[[[-44.1890133,-19.9381446],[-44.1892075,-19.9371075],[-44.1896184,-19.9358228],[-44.189986,-19.9354081],[-44.1902608,-19.9349543],[-44.1903082,-19.9343276],[-44.1907929,-19.9342102],[-44.1906479,-19.9341609],[-44.1902516,-19.9342662],[-44.189909,-19.9339005],[-44.1893253,-19.9335673],[-44.1888165,-19.9329285],[-44.1862091,-19.9376173],[-44.1850273,-19.9385936],[-44.186461,-19.9399476],[-44.1869677,-19.9406592],[-44.1876371,-19.940337],[-44.1876553,-19.9400417],[-44.1879229,-19.9397208],[-44.1881189,-19.9396011],[-44.1881538,-19.9394727],[-44.188522,-19.9391903],[-44.1890133,-19.9381446]]]}},{"type":"Feature","properties":{"code":"11:4","name":"Nossa Senhora De Fatima","cityCode":"11"},"geometry":{"type":"Polygon","coordinates":[[[-44.1784916,-19.9367239],[-44.1786009,-19.9366279],[-44.1785949,-19.9364799],[-44.1783841,-19.9364694],[-44.1783765,-19.9366108],[-44.1782605,-19.936681],[-44.1780703,-19.9366287],[-44.1782027,-19.9360182],[-44.1781151,-19.9358633],[-44.1779791,-19.9358499],[-44.1779116,-19.9357402],[-44.177762,-19.9357395],[-44.1771407,-19.9361548],[-44.1769642,-19.9360961],[-44.1773166,-19.9350491],[-44.1773664,-19.9346054],[-44.177551,-19.9342006],[-44.1775184,-19.9340901],[-44.177085,-19.933657],[-44.1769212,-19.9335965],[-44.1768156,-19.9338623],[-44.1764885,-19.9343011],[-44.1750787,-19.9348127],[-44.1750791,-19.9347093],[-44.1750212,-19.9347267],[-44.1740241,-19.9351603],[-44.1739128,-19.935343],[-44.1740976,-19.9356845],[-44.1727735,-19.9364698],[-44.1723287,-19.9370319],[-44.1721969,-19.9371014],[-44.1717556,-19.9378004],[-44.1718029,-19.937973],[-44.1710569,-19.9386988],[-44.1693856,-19.940065],[-44.1694975,-19.940778],[-44.1699981,-19.9419751],[-44.1700494,-19.9422721],[-44.1700018,-19.9431919],[-44.1699374,-19.9432547],[-44.1700516,-19.9436633],[-44.1708772,-19.9429129],[-44.1716581,-19.9424671],[-44.1718364,-19.9426062],[-44.1718558,-19.94256],[-44.1719969,-19.9427289],[-44.171964,-19.9432557],[-44.1721527,-19.9433989],[-44.1722811,-19.9433758],[-44.1723526,-19.943243],[-44.1724699,-19.9434627],[-44.1726127,-19.9435188],[-44.1734753,-19.9436061],[-44.1736306,-19.9437028],[-44.1739936,-19.9437383],[-44.1740523,-19.9436142],[-44.1742285,-19.9435262],[-44.1743485,-19.9432523],[-44.174536,-19.9424097],[-44.1748786,-19.9422758],[-44.1752366,-19.942459],[-44.1753942,-19.9420889],[-44.175401,-19.9415787],[-44.1756085,-19.9410862],[-44.1763208,-19.9401385],[-44.1764786,-19.9398591],[-44.1764553,-19.9397418],[-44.177802,-19.93814],[-44.1777525,-19.938088],[-44.1781003,-19.9378563],[-44.1779722,-19.9375679],[-44.1779777,-19.9373658],[-44.178572,-19.9369559],[-44.1784916,-19.9367239]]]}},{"type":"Feature","properties":{"code":"11:5","name":"Estancias Terra Rica","cityCode":"11"},"geometry":{"type":"Polygon","coordinates":[[[-44.282461,-19.9543542],[-44.2819494,-19.9541144],[-44.2816692,-19.9547744],[-44.2816176,-19.9552034],[-44.2816229,-19.9558249],[-44.2823883,-19.9577018],[-44.2816507,-19.957729],[-44.2799899,-19.9583061],[-44.2799156,-19.9584016],[-44.2814904,-19.9592751],[-44.2816019,-19.9600742],[-44.2822921,-19.9616728],[-44.2822921,-19.9616728],[-44.2834517,-19.9607999],[-44.2837225,-19.9606783],[-44.2837562,-19.9606549],[-44.283782,-19.9606516],[-44.2839033,-19.9605972],[-44.285456,-19.9603308],[-44.2874574,-19.9601848],[-44.2882438,-19.9603756],[-44.2890817,-19.9608038],[-44.290062,-19.9619205],[-44.2901482,-19.9611039],[-44.2899895,-19.9600009],[-44.2898066,-19.9596952],[-44.2889149,-19.9591104],[-44.2881682,-19.9583311],[-44.2862039,-19.9572314],[-44.2866388,-19.9561904],[-44.2876614,-19.9529756],[-44.287763,-19.9524687],[-44.2877502,-19.9517195],[-44.2875301,-19.9505375],[-44.2869136,-19.9502903],[-44.2864989,-19.9502958],[-44.2850163,-19.9507034],[-44.2843083,-19.95072],[-44.283931,-19.9509214],[-44.2840512,-19.9511258],[-44.283465,-19.9513309],[-44.2835217,-19.9521651],[-44.2834306,-19.9527286],[-44.2823693,-19.9531276],[-44.2825374,-19.9535635],[-44.2829747,-19.9542043],[-44.2840858,-19.9537023],[-44.2845056,-19.9543872],[-44.2851521,-19.9560918],[-44.2856503,-19.9571562],[-44.2852636,-19.9572078],[-44.2838705,-19.9552636],[-44.2826919,-19.954239],[-44.282461,-19.9543542]]]}},{"type":"Feature","properties":{"code":"11:2685","name":"Fazenda Saraiva","cityCode":"11"},"geometry":{"type":"Polygon","coordinates":[[[-44.220818,-19.9209995],[-44.2208267,-19.9211967],[-44.2209728,-19.921323],[-44.2209562,-19.9214556],[-44.2212583,-19.9217145],[-44.2211019,-19.9220232],[-44.2212423,-19.9220906],[-44.2212843,-19.9222879],[-44.2213926,-19.9222847],[-44.2213201,-19.9224674],[-44.2214024,-19.9228402],[-44.2213039,-19.9230908],[-44.221381,-19.9232752],[-44.2215232,-19.9232416],[-44.2216019,-19.9233514],[-44.2213358,-19.9236298],[-44.2214102,-19.9237484],[-44.2213391,-19.9238947],[-44.22139,-19.9240032],[-44.2215001,-19.9240263],[-44.2215758,-19.9237846],[-44.2217591,-19.9238076],[-44.2219698,-19.9239937],[-44.221932,-19.9242094],[-44.2220556,-19.9242508],[-44.2217929,-19.9243465],[-44.221744,-19.9244752],[-44.2221381,-19.9246888],[-44.2221966,-19.9246762],[-44.2221939,-19.9245627],[-44.2222876,-19.9245577],[-44.2223321,-19.9247605],[-44.2226122,-19.9247654],[-44.2226521,-19.9249268],[-44.2225829,-19.9250424],[-44.2223823,-19.9250605],[-44.2222765,-19.9253211],[-44.2227832,-19.9256496],[-44.2228623,-19.9260506],[-44.2229863,-19.9262469],[-44.2233499,-19.9264924],[-44.2234702,-19.9274564],[-44.2231479,-19.9286604],[-44.2231855,-19.9288638],[-44.2234018,-19.92904],[-44.2237192,-19.929151],[-44.223802,-19.9296843],[-44.2242203,-19.9304361],[-44.2247512,-19.9305923],[-44.2249207,-19.9308899],[-44.2252048,-19.9308792],[-44.225698,-19.9306788],[-44.2259007,-19.9307002],[-44.2261398,-19.930949],[-44.2263608,-19.9310049],[-44.2267702,-19.9317074],[-44.2268319,-19.932078],[-44.2271495,-19.932682],[-44.2285656,-19.9317871],[-44.2293903,-19.9335576],[-44.2292439,-19.9339119],[-44.2292951,-19.9344762],[-44.2296044,-19.9343492],[-44.2297568,-19.9345147],[-44.2298674,-19.9345357],[-44.2297497,-19.9348975],[-44.229962,-19.935035],[-44.2299756,-19.9352394],[-44.2300512,-19.9352662],[-44.2306122,-19.9352244],[-44.230117,-19.934436],[-44.2300718,-19.9342164],[-44.230723,-19.9334378],[-44.2324049,-19.9342671],[-44.2333416,-19.9324685],[-44.2352491,-19.9305371],[-44.2366087,-19.9293125],[-44.23743,-19.9286918],[-44.2374449,-19.9286027],[-44.2380795,-19.9281662],[-44.2395874,-19.9275972],[-44.2399634,-19.927321],[-44.2408981,-19.9264141],[-44.2410996,-19.9261348],[-44.2414125,-19.924237],[-44.2417194,-19.9234842],[-44.2420188,-19.9230949],[-44.2425967,-19.9226702],[-44.2430271,-19.922084],[-44.2423168,-19.9212715],[-44.241794,-19.9212984],[-44.2402154,-19.917764],[-44.2400368,-19.9171333],[-44.2285329,-19.9162609],[-44.2275195,-19.9153393],[-44.2273204,-19.9154932],[-44.22673,-19.9151573],[-44.225627,-19.9147627],[-44.224647,-19.9151652],[-44.2228868,-19.9160563],[-44.221989,-19.91619],[-44.2216334,-19.9165112],[-44.2210347,-19.9173578],[-44.220393,-19.9178914],[-44.2202669,-19.9182131],[-44.2202909,-19.9189038],[-44.2196962,-19.9198862],[-44.2199185,-19.919872],[-44.2203902,-19.9200459],[-44.2203228,-19.9201937],[-44.2204865,-19.9204773],[-44.2204688,-19.9205808],[-44.220818,-19.9209995]]]}},{"type":"Feature","properties":{"code":"11:2705","name":"Viva Betim","cityCode":"11"},"geometry":{"type":"Polygon","coordinates":[[[-44.2071736,-20.0216247],[-44.2070132,-20.0226707],[-44.2070565,-20.022734],[-44.2084141,-20.0234123],[-44.2087734,-20.0234743],[-44.2089898,-20.0234161],[-44.209297,-20.0237744],[-44.2103859,-20.0242428],[-44.2104444,-20.0246093],[-44.2104207,-20.024813],[-44.2096931,-20.0253433],[-44.2087318,-20.0254787],[-44.2084651,-20.0256746],[-44.2084159,-20.0260137],[-44.2084726,-20.0262256],[-44.2092966,-20.0270728],[-44.2093037,-20.0273511],[-44.2091531,-20.027568],[-44.2088457,-20.0276739],[-44.2085672,-20.0275895],[-44.208438,-20.0274583],[-44.2083213,-20.0271461],[-44.2078458,-20.0266769],[-44.2072619,-20.0271724],[-44.2072485,-20.0277149],[-44.2073308,-20.0276959],[-44.2078811,-20.0282661],[-44.2082844,-20.0284723],[-44.2081904,-20.0288095],[-44.2078557,-20.0289991],[-44.2076378,-20.0289547],[-44.2074062,-20.0297811],[-44.2069101,-20.0296868],[-44.2065877,-20.029762],[-44.2062727,-20.0299564],[-44.2062578,-20.0302494],[-44.2066449,-20.0300267],[-44.207001,-20.0302054],[-44.2070933,-20.030533],[-44.2070897,-20.0308845],[-44.2074958,-20.031047],[-44.2077482,-20.0314392],[-44.2082469,-20.03102],[-44.2086318,-20.0305239],[-44.2091343,-20.0301348],[-44.2094771,-20.0300048],[-44.2095153,-20.0290997],[-44.2112217,-20.0280084],[-44.2128762,-20.0268018],[-44.214949,-20.0228236],[-44.213556,-20.0220296],[-44.2132904,-20.0219582],[-44.2071736,-20.0216247]]]}},{"type":"Feature","properties":{"code":"11:2765","name":"Olhos Dagua","cityCode":"11"},"geometry":{"type":"Polygon","coordinates":[[[-44.1815285,-19.9662576],[-44.1805391,-19.9663452],[-44.1799165,-19.9671383],[-44.1796754,-19.9673351],[-44.1801036,-19.9678451],[-44.1803223,-19.9676791],[-44.1811855,-19.9675744],[-44.1815285,-19.9662576]]]}},{"type":"Feature","properties":{"code":"11:2525","name":"Distrito Industrial Joaquim Celestino Tavares","cityCode":"11"},"geometry":{"type":"Polygon","coordinates":[[[-44.2426427,-20.0380568],[-44.2424067,-20.0387018],[-44.2425158,-20.0391728],[-44.2419123,-20.0397521],[-44.2439496,-20.0404099],[-44.2442792,-20.0389386],[-44.2461684,-20.0369089],[-44.2454098,-20.0365278],[-44.2439879,-20.03814],[-44.2426323,-20.0370778],[-44.2423702,-20.0372068],[-44.2426427,-20.0380568]]]}},{"type":"Feature","properties":{"code":"11:2465","name":"Sao Sebastiao","cityCode":"11"},"geometry":{"type":"Polygon","coordinates":[[[-44.2105085,-19.9666311],[-44.2102585,-19.9683419],[-44.2107416,-19.9687094],[-44.2110686,-19.9686771],[-44.2114071,-19.9683661],[-44.211285,-19.96667],[-44.2105085,-19.9666311]]]}},{"type":"Feature","properties":{"code":"11:2545","name":"Parque Industrial De Betim","cityCode":"11"},"geometry":{"type":"Polygon","coordinates":[[[-44.243652,-20.0040838],[-44.2438423,-20.0036886],[-44.2444996,-20.0025196],[-44.2447202,-20.0021738],[-44.2447841,-20.0022013],[-44.24512,-20.0012289],[-44.245297,-19.9998803],[-44.2451152,-19.9992019],[-44.2447357,-19.9987736],[-44.2445226,-19.9978955],[-44.2445172,-19.9973297],[-44.2439667,-19.9961949],[-44.2438902,-19.9956634],[-44.2454127,-19.9960481],[-44.2457015,-19.9959511],[-44.2464757,-19.9946012],[-44.2473501,-19.9951203],[-44.2481916,-19.996255],[-44.2486747,-19.9966976],[-44.2487989,-19.9971145],[-44.2488105,-19.997654],[-44.249068,-19.9975382],[-44.2514794,-19.9972943],[-44.251958,-19.9974736],[-44.2522352,-19.9976808],[-44.2524745,-19.9980406],[-44.2526159,-19.9980822],[-44.2534372,-19.9973179],[-44.2536211,-19.9970162],[-44.2540377,-19.9966704],[-44.2548831,-19.9964268],[-44.2552391,-19.9962203],[-44.2569025,-19.999501],[-44.2569128,-20.0001512],[-44.2573435,-20.0001385],[-44.2583379,-20.0003257],[-44.259251,-20.0001333],[-44.2584032,-20.0019659],[-44.259198,-20.0029281],[-44.2594305,-20.0035736],[-44.2609184,-20.0022824],[-44.2661912,-19.9999922],[-44.2668621,-20.0002851],[-44.2678712,-20.0011458],[-44.2680231,-20.0024927],[-44.2691126,-20.0044198],[-44.2695253,-20.0049532],[-44.2701603,-20.0051991],[-44.2706433,-20.0052892],[-44.2713313,-20.0047564],[-44.2718671,-20.0034853],[-44.2718342,-20.0026362],[-44.2714539,-19.999444],[-44.2716279,-19.998956],[-44.2717518,-19.9979801],[-44.2712353,-19.9976515],[-44.2705476,-19.9969958],[-44.2703365,-19.9959748],[-44.2706435,-19.994915],[-44.2711651,-19.9941418],[-44.2714267,-19.9935716],[-44.2715594,-19.9928784],[-44.2716576,-19.990308],[-44.2722139,-19.9890584],[-44.2737615,-19.9871583],[-44.2740742,-19.986473],[-44.2745944,-19.9847227],[-44.2754071,-19.9830714],[-44.2754947,-19.9823173],[-44.2752904,-19.9816525],[-44.2752904,-19.9816525],[-44.2748755,-19.9812602],[-44.2741345,-19.9809544],[-44.2724973,-19.9804439],[-44.2719249,-19.9800927],[-44.2717668,-19.9798633],[-44.2717441,-19.9796371],[-44.2720464,-19.9790492],[-44.2720438,-19.97893],[-44.2724014,-19.9785824],[-44.2725947,-19.9781579],[-44.2733838,-19.9772506],[-44.2746896,-19.9759608],[-44.2756933,-19.9751441],[-44.2762732,-19.9745088],[-44.2766512,-19.9738401],[-44.276721,-19.9732768],[-44.2730799,-19.9738694],[-44.2727829,-19.9732584],[-44.270888,-19.9735669],[-44.2698866,-19.9735945],[-44.2700187,-19.9734464],[-44.2696615,-19.9733926],[-44.2703691,-19.9725976],[-44.2704733,-19.972563],[-44.2700584,-19.9716713],[-44.2693621,-19.9712086],[-44.2693085,-19.9710584],[-44.2692604,-19.9703815],[-44.2696814,-19.9698174],[-44.2695699,-19.969626],[-44.2680792,-19.9699384],[-44.267749,-19.9695668],[-44.2682278,-19.9689222],[-44.2680427,-19.9686693],[-44.2672665,-19.9689117],[-44.2669644,-19.9685997],[-44.2667265,-19.9680056],[-44.2663686,-19.9677454],[-44.2660401,-19.9677818],[-44.265823,-19.9683688],[-44.265399,-19.9683687],[-44.2651976,-19.967707],[-44.2642305,-19.9678318],[-44.26304,-19.9678815],[-44.262695,-19.9677674],[-44.2623959,-19.9675137],[-44.2622429,-19.9675991],[-44.2627143,-19.9683014],[-44.2626527,-19.9686141],[-44.2621257,-19.9687925],[-44.2618876,-19.9693884],[-44.2619402,-19.9699155],[-44.2613021,-19.9698133],[-44.2612202,-19.97009],[-44.2614615,-19.9707156],[-44.2609554,-19.9710261],[-44.2610166,-19.9734707],[-44.2598715,-19.9742868],[-44.2592136,-19.9742288],[-44.257801,-19.9749391],[-44.2576544,-19.9754141],[-44.2570918,-19.9753879],[-44.2570114,-19.9751224],[-44.2567373,-19.9753913],[-44.256743,-19.9764124],[-44.25637,-19.9776897],[-44.2507686,-19.9804273],[-44.2437281,-19.984058],[-44.2425051,-19.9843968],[-44.2415428,-19.9845685],[-44.2401591,-19.9845774],[-44.2330973,-19.9831091],[-44.2319952,-19.982798],[-44.2304367,-19.984413],[-44.2301117,-19.9855798],[-44.2298637,-19.9876068],[-44.2289132,-19.9935419],[-44.2342883,-19.9916396],[-44.2346382,-19.9914694],[-44.2350822,-19.9906811],[-44.2351695,-19.9906351],[-44.2371899,-19.9921126],[-44.2380075,-19.9928373],[-44.2380952,-19.993501],[-44.2385592,-19.9937202],[-44.2379602,-19.9943795],[-44.2340902,-19.9969225],[-44.2339712,-19.9970658],[-44.2342251,-19.9980646],[-44.2353055,-19.9993534],[-44.2341062,-19.9999327],[-44.2340434,-19.9997361],[-44.2336815,-19.999921],[-44.2331769,-19.9997616],[-44.2324932,-19.9997901],[-44.232369,-19.9999286],[-44.2323959,-20.0001094],[-44.2314618,-20.0007364],[-44.2307503,-20.0008995],[-44.2279067,-20.0072349],[-44.2283939,-20.0071326],[-44.2285834,-20.0070195],[-44.2294687,-20.0068876],[-44.2296394,-20.0068872],[-44.2304254,-20.0072412],[-44.2318364,-20.0069734],[-44.232232,-20.0068535],[-44.2326835,-20.0066038],[-44.2331698,-20.0061039],[-44.2335333,-20.0059163],[-44.2355763,-20.0060162],[-44.2363947,-20.0065259],[-44.2364848,-20.0068196],[-44.2369951,-20.0069455],[-44.237222,-20.0075663],[-44.2376889,-20.0082635],[-44.2376242,-20.0087231],[-44.2378801,-20.0090462],[-44.237686,-20.009178],[-44.2377477,-20.0094725],[-44.2384096,-20.0098182],[-44.238577,-20.0101424],[-44.2388247,-20.0102696],[-44.2395413,-20.0105829],[-44.239678,-20.0103488],[-44.2398247,-20.0104372],[-44.2401045,-20.0110755],[-44.240059,-20.0114577],[-44.2403374,-20.011416],[-44.2405326,-20.0114931],[-44.2408819,-20.0110032],[-44.2412677,-20.0101878],[-44.2422684,-20.0089201],[-44.2425651,-20.0075717],[-44.2429243,-20.006374],[-44.2428859,-20.0061537],[-44.2429716,-20.0061465],[-44.2436353,-20.0045563],[-44.243652,-20.0040838]]]}},{"type":"Feature","properties":{"code":"11:2565","name":"Batatal","cityCode":"11"},"geometry":{"type":"Polygon","coordinates":[[[-44.1602692,-19.9254254],[-44.1599478,-19.9261878],[-44.1591005,-19.9276178],[-44.1596042,-19.9283206],[-44.1598458,-19.9283729],[-44.1602386,-19.9286235],[-44.1603916,-19.9286205],[-44.1607021,-19.9271979],[-44.1622458,-19.927549],[-44.1621458,-19.9270858],[-44.1624179,-19.9258555],[-44.1602692,-19.9254254]]]}},{"type":"Feature","properties":{"code":"11:1624","name":"Fazenda Do Estreito","cityCode":"11"},"geometry":{"type":"Polygon","coordinates":[[[-44.1385315,-19.9288018],[-44.1367921,-19.9287179],[-44.1358576,-19.9285298],[-44.1347301,-19.9276963],[-44.1341291,-19.927854],[-44.1335826,-19.9277645],[-44.1328381,-19.9270405],[-44.1321927,-19.9266447],[-44.1316254,-19.9267234],[-44.1315445,-19.9267632],[-44.1313725,-19.9268478],[-44.1317921,-19.927855],[-44.1318836,-19.9282435],[-44.1319177,-19.9285841],[-44.1316821,-19.929543],[-44.1317354,-19.9303262],[-44.1321552,-19.9313747],[-44.1327184,-19.9322565],[-44.1327656,-19.9325242],[-44.1337718,-19.9311419],[-44.1341825,-19.930771],[-44.1343469,-19.9310462],[-44.1347778,-19.930825],[-44.1355402,-19.930707],[-44.1362292,-19.9308142],[-44.1375085,-19.9306833],[-44.1385038,-19.9309682],[-44.139266,-19.9313574],[-44.1398844,-19.9314251],[-44.1402659,-19.9317044],[-44.1408086,-19.9317012],[-44.1413444,-19.9320385],[-44.1419018,-19.9314773],[-44.1423349,-19.9320848],[-44.1426445,-19.9327151],[-44.1428236,-19.9333221],[-44.142966,-19.9333413],[-44.1451698,-19.9363617],[-44.1453068,-19.9364483],[-44.1453532,-19.9362584],[-44.1454788,-19.9361404],[-44.1467873,-19.9359249],[-44.1476292,-19.9354003],[-44.1478081,-19.9349728],[-44.1478116,-19.9342318],[-44.1474905,-19.9335255],[-44.1465867,-19.9327983],[-44.1461411,-19.9308185],[-44.145943,-19.9303625],[-44.1451979,-19.9296496],[-44.1448493,-19.9291831],[-44.1444948,-19.9278236],[-44.1441479,-19.9269338],[-44.1439557,-19.9266326],[-44.1437093,-19.9264159],[-44.1430552,-19.9260612],[-44.1418746,-19.9249833],[-44.1407781,-19.9244276],[-44.1402245,-19.9242228],[-44.1400992,-19.9240867],[-44.1401377,-19.9235813],[-44.1400235,-19.9235763],[-44.1400235,-19.9235763],[-44.1399284,-19.9243128],[-44.1391316,-19.9245608],[-44.1390118,-19.9246629],[-44.1390118,-19.9246629],[-44.1387082,-19.9252383],[-44.1385103,-19.9254282],[-44.1384069,-19.9258683],[-44.1384443,-19.9265222],[-44.1386523,-19.9265193],[-44.1391141,-19.9275089],[-44.1397929,-19.9276728],[-44.140334,-19.9281777],[-44.1400049,-19.9286783],[-44.1391202,-19.9293731],[-44.1390281,-19.9292995],[-44.1390153,-19.9293564],[-44.1385315,-19.9288018]]]}},{"type":"Feature","properties":{"code":"11:2585","name":"Fazenda Caete","cityCode":"11"},"geometry":{"type":"Polygon","coordinates":[[[-44.2587182,-19.8995754],[-44.2593131,-19.8993773],[-44.2595589,-19.8991657],[-44.2588366,-19.8984476],[-44.2585324,-19.8979743],[-44.257633,-19.8975135],[-44.2565405,-19.8972178],[-44.2560668,-19.8969504],[-44.2557996,-19.8968904],[-44.254656,-19.8971175],[-44.2541195,-19.8974248],[-44.2536396,-19.8974968],[-44.2533267,-19.8986363],[-44.2532804,-19.8992267],[-44.2527598,-19.9000144],[-44.2522351,-19.9005222],[-44.2521405,-19.9009528],[-44.251922,-19.9013859],[-44.2518882,-19.9019173],[-44.2514843,-19.9032052],[-44.2516096,-19.9036841],[-44.251579,-19.9040264],[-44.2537941,-19.9043605],[-44.2539809,-19.9056104],[-44.2546637,-19.9062564],[-44.2546767,-19.9066479],[-44.2551289,-19.9074332],[-44.2559478,-19.9076983],[-44.2564818,-19.9077443],[-44.2564828,-19.9088311],[-44.2574722,-19.908907],[-44.2575613,-19.9088405],[-44.2576468,-19.9089327],[-44.2580851,-19.9090179],[-44.2589963,-19.90909],[-44.2592957,-19.9091997],[-44.2603412,-19.9093512],[-44.2604391,-19.9093033],[-44.2600891,-19.9083535],[-44.2597942,-19.9070807],[-44.2601653,-19.9062155],[-44.2609636,-19.9051373],[-44.2614234,-19.9037468],[-44.2609572,-19.9035761],[-44.2605931,-19.9035601],[-44.2602801,-19.9036606],[-44.2598054,-19.9036135],[-44.2590995,-19.9037013],[-44.2588188,-19.9036351],[-44.258508,-19.9037872],[-44.2580465,-19.9024229],[-44.257727,-19.9020295],[-44.2578238,-19.9013343],[-44.2580163,-19.9009749],[-44.2581483,-19.9000625],[-44.2583632,-19.8999706],[-44.2587182,-19.8995754]]]}},{"type":"Feature","properties":{"code":"11:625","name":"Duque De Caxias","cityCode":"11"},"geometry":{"type":"Polygon","coordinates":[[[-44.15783,-19.930021],[-44.1564108,-19.9305284],[-44.1540017,-19.9303008],[-44.1536371,-19.9301869],[-44.1512393,-19.9288531],[-44.1511221,-19.92844],[-44.150433,-19.9279883],[-44.1498014,-19.928645],[-44.1476419,-19.9305112],[-44.1462607,-19.9312335],[-44.1465867,-19.9327983],[-44.1474905,-19.9335255],[-44.1478116,-19.9342318],[-44.1478081,-19.9349728],[-44.1476292,-19.9354003],[-44.1467778,-19.9359284],[-44.1454177,-19.936173],[-44.1452466,-19.9365968],[-44.1451688,-19.9375938],[-44.144408,-19.9384928],[-44.1434538,-19.9382784],[-44.142931,-19.9378565],[-44.1428564,-19.9379163],[-44.1422428,-19.9376942],[-44.1420143,-19.9379183],[-44.1417863,-19.9403347],[-44.1435992,-19.9397353],[-44.1441712,-19.9398646],[-44.145131,-19.9403442],[-44.1463243,-19.9406229],[-44.1470259,-19.9411836],[-44.1474322,-19.9418729],[-44.1475603,-19.9423201],[-44.1475755,-19.9429547],[-44.1474369,-19.9444757],[-44.1475213,-19.9449579],[-44.1477482,-19.945523],[-44.1480254,-19.945965],[-44.1495561,-19.9478524],[-44.1499667,-19.9477545],[-44.1502908,-19.947568],[-44.1505595,-19.9472873],[-44.1511393,-19.9457566],[-44.1515647,-19.9452064],[-44.1518266,-19.9450373],[-44.1545871,-19.9442796],[-44.1544812,-19.9428017],[-44.1545333,-19.9426906],[-44.158058,-19.9412421],[-44.1577802,-19.9402774],[-44.1540593,-19.9342598],[-44.1543992,-19.9339174],[-44.1543246,-19.9337335],[-44.155838,-19.9330575],[-44.1563965,-19.9337909],[-44.1568687,-19.9337536],[-44.1576743,-19.9311498],[-44.15783,-19.930021]]]}},{"type":"Feature","properties":{"code":"11:50","name":"Recanto Da Lagoa","cityCode":"11"},"geometry":{"type":"Polygon","coordinates":[[[-44.1206488,-20.0194013],[-44.1217767,-20.0188934],[-44.121978,-20.0189769],[-44.1226454,-20.0187096],[-44.1230197,-20.0186894],[-44.1230654,-20.01898],[-44.1235365,-20.0195426],[-44.1244342,-20.0190625],[-44.124547,-20.0193637],[-44.1247648,-20.0195567],[-44.1265546,-20.0176626],[-44.1268817,-20.0176033],[-44.1268505,-20.0173271],[-44.1257311,-20.0167919],[-44.125271,-20.0173167],[-44.1235146,-20.0158187],[-44.1234774,-20.0156642],[-44.1233842,-20.0156247],[-44.1223153,-20.016664],[-44.1211244,-20.0190065],[-44.1205601,-20.0189959],[-44.1206488,-20.0194013]]]}},{"type":"Feature","properties":{"code":"11:52","name":"Sitio Pocoes","cityCode":"11"},"geometry":{"type":"Polygon","coordinates":[[[-44.1773664,-19.9346054],[-44.1773166,-19.9350491],[-44.1769642,-19.9360961],[-44.1771407,-19.9361548],[-44.177762,-19.9357395],[-44.1779116,-19.9357402],[-44.1779791,-19.9358499],[-44.1781151,-19.9358633],[-44.1782027,-19.9360182],[-44.1780703,-19.9366287],[-44.178172,-19.9366936],[-44.178356,-19.9366365],[-44.1783841,-19.9364694],[-44.1786287,-19.9365122],[-44.1784916,-19.9367239],[-44.1785553,-19.9370008],[-44.1816417,-19.9354778],[-44.1821668,-19.933824],[-44.1822958,-19.9336713],[-44.1821251,-19.9332204],[-44.1815186,-19.9326875],[-44.1810149,-19.9320819],[-44.180891,-19.9321812],[-44.1808145,-19.932616],[-44.1806419,-19.9328533],[-44.178358,-19.9345902],[-44.177551,-19.9342006],[-44.1773664,-19.9346054]]]}},{"type":"Feature","properties":{"code":"11:41","name":"Jardim Santa Cruz","cityCode":"11"},"geometry":{"type":"Polygon","coordinates":[[[-44.134032,-19.9468275],[-44.1330048,-19.9470306],[-44.1322171,-19.9485804],[-44.1323136,-19.9487624],[-44.1334504,-19.9487307],[-44.1342096,-19.9488151],[-44.1347948,-19.9490293],[-44.1352767,-19.9493808],[-44.1371415,-19.951688],[-44.1373932,-19.9521098],[-44.1379105,-19.9549216],[-44.1380627,-19.955335],[-44.1381722,-19.9553516],[-44.1382757,-19.9552314],[-44.1382679,-19.9551098],[-44.1384652,-19.9549636],[-44.1386871,-19.9551715],[-44.1389136,-19.9550373],[-44.1384738,-19.9544203],[-44.1382754,-19.9538819],[-44.1381449,-19.9519846],[-44.1380028,-19.9513041],[-44.1348935,-19.9471939],[-44.134519,-19.9469175],[-44.134032,-19.9468275]]]}},{"type":"Feature","properties":{"code":"11:44","name":"Icaivera","cityCode":"11"},"geometry":{"type":"Polygon","coordinates":[[[-44.1498009,-19.8552298],[-44.1497554,-19.8552809],[-44.1496935,-19.8553504],[-44.1500978,-19.8556546],[-44.1499853,-19.8580178],[-44.1499903,-19.8580218],[-44.1502561,-19.858762],[-44.1505372,-19.8589454],[-44.1505376,-19.8591244],[-44.1504232,-19.8592276],[-44.1504623,-19.8593365],[-44.1504766,-19.8593763],[-44.1506605,-19.8595368],[-44.1506117,-19.8597124],[-44.150818,-19.8598762],[-44.1507261,-19.8600713],[-44.1508349,-19.8603743],[-44.1508569,-19.8608268],[-44.1503959,-19.8614604],[-44.1503482,-19.8616721],[-44.150589,-19.8628035],[-44.1508685,-19.8630437],[-44.151047,-19.8630634],[-44.151597,-19.8636695],[-44.1511603,-19.8650497],[-44.1512378,-19.8656755],[-44.1514865,-19.8663135],[-44.1518779,-19.8664688],[-44.1520204,-19.8666187],[-44.1528726,-19.8670154],[-44.1531409,-19.8672196],[-44.1532742,-19.8674842],[-44.1532563,-19.8679329],[-44.1530924,-19.8684005],[-44.1532037,-19.8684993],[-44.1533798,-19.8684939],[-44.1535609,-19.8687004],[-44.1538794,-19.8687537],[-44.1547494,-19.8692236],[-44.1553215,-19.8692317],[-44.1558729,-19.8691641],[-44.1562278,-19.8688856],[-44.156502,-19.86892],[-44.156823,-19.8688596],[-44.1570763,-19.8689355],[-44.1575419,-19.8688523],[-44.1579484,-19.8685672],[-44.1581891,-19.8686039],[-44.1587083,-19.8685149],[-44.1590295,-19.8683455],[-44.1595646,-19.8682169],[-44.1598821,-19.8679578],[-44.1601083,-19.86804],[-44.1601994,-19.8683264],[-44.1604981,-19.8686358],[-44.1610097,-19.8688444],[-44.1621593,-19.868681],[-44.1640899,-19.8688674],[-44.1646007,-19.8687972],[-44.1649027,-19.8686234],[-44.1651101,-19.8682558],[-44.1653302,-19.8682056],[-44.1659126,-19.8683394],[-44.1667678,-19.8682752],[-44.1673246,-19.8681414],[-44.1676259,-19.8676361],[-44.1671939,-19.8675367],[-44.1668974,-19.8671261],[-44.1665282,-19.8668223],[-44.1659941,-19.866547],[-44.1653748,-19.8664696],[-44.1651603,-19.8665767],[-44.1649438,-19.8664442],[-44.1645214,-19.8654206],[-44.1639836,-19.8644492],[-44.1630396,-19.8634758],[-44.1644682,-19.8629493],[-44.1658206,-19.8623223],[-44.1668819,-19.8622006],[-44.167372,-19.8620421],[-44.1675143,-19.8618991],[-44.1679336,-19.8617652],[-44.1682409,-19.8615105],[-44.1688177,-19.8612467],[-44.1703771,-19.8607455],[-44.1698083,-19.8600815],[-44.1693901,-19.8598195],[-44.1692714,-19.8595168],[-44.1687034,-19.8589553],[-44.1683724,-19.8585086],[-44.168256,-19.8586408],[-44.1681761,-19.8585622],[-44.1678711,-19.8586518],[-44.1673074,-19.8582648],[-44.1670184,-19.8577436],[-44.1666514,-19.8573642],[-44.1663447,-19.8564105],[-44.1660145,-19.8561967],[-44.1657606,-19.8564403],[-44.1649102,-19.8569028],[-44.1643198,-19.8571013],[-44.1638944,-19.8570192],[-44.163695,-19.8568136],[-44.1631658,-19.8574036],[-44.1623434,-19.8586401],[-44.1620455,-19.8586106],[-44.1619788,-19.8588684],[-44.1615659,-19.8587319],[-44.1613668,-19.858829],[-44.1597976,-19.8587856],[-44.1594623,-19.8586741],[-44.1587947,-19.8586488],[-44.1583494,-19.8584624],[-44.1583746,-19.8581933],[-44.1575601,-19.8576237],[-44.157165,-19.8569463],[-44.157064,-19.8565406],[-44.1568051,-19.8562585],[-44.1559226,-19.8558389],[-44.1553303,-19.8554651],[-44.1547532,-19.8544221],[-44.154396,-19.8539678],[-44.1545978,-19.8538236],[-44.1542279,-19.8537385],[-44.1539676,-19.8534599],[-44.1529371,-19.8528882],[-44.1525274,-19.8525435],[-44.1520049,-19.8528701],[-44.1517309,-19.8534824],[-44.151467,-19.8534083],[-44.1513348,-19.8537892],[-44.1511364,-19.8537306],[-44.1510352,-19.8538443],[-44.1505565,-19.8546903],[-44.1505697,-19.8548403],[-44.1504064,-19.8549161],[-44.150174,-19.8552591],[-44.1498009,-19.8552298]]]}},{"type":"Feature","properties":{"code":"11:45","name":"Jardim Nazareno","cityCode":"11"},"geometry":{"type":"Polygon","coordinates":[[[-44.1283268,-19.9983004],[-44.130381,-19.9987164],[-44.1310436,-19.9986033],[-44.1312908,-19.9987047],[-44.1316396,-19.9990535],[-44.131546,-19.9995276],[-44.1316235,-20.0000315],[-44.131566,-20.000686],[-44.1316851,-20.0008904],[-44.1317483,-20.0012812],[-44.1319764,-20.0015514],[-44.1323492,-20.0013622],[-44.1325072,-20.0014072],[-44.1326855,-20.0012843],[-44.1329203,-20.0012532],[-44.1330196,-20.0011337],[-44.1332931,-20.0013105],[-44.1334038,-20.0013084],[-44.1334658,-20.0013992],[-44.1337321,-20.0013404],[-44.1338489,-20.0015828],[-44.1341424,-20.0015074],[-44.1345683,-20.0017725],[-44.1348568,-20.0001249],[-44.1354487,-19.9987114],[-44.136284,-19.9971366],[-44.1368312,-19.9963213],[-44.1366898,-19.9959871],[-44.136728,-19.9958331],[-44.1366244,-19.9956444],[-44.1361293,-19.995359],[-44.1359287,-19.9949779],[-44.135253,-19.9948064],[-44.1349189,-19.9945101],[-44.1347893,-19.9945392],[-44.1344188,-19.9946516],[-44.1339224,-19.9949477],[-44.1337424,-19.9949528],[-44.1321635,-19.9960712],[-44.1310354,-19.9967366],[-44.1309819,-19.996876],[-44.1308099,-19.9969566],[-44.1300213,-19.9968115],[-44.1295157,-19.9968213],[-44.1293353,-19.9968955],[-44.1288295,-19.9967838],[-44.12818,-19.9971611],[-44.127718,-19.9972065],[-44.1275533,-19.99729],[-44.1274135,-19.9973879],[-44.1277512,-19.9983141],[-44.1283268,-19.9983004]]]}},{"type":"Feature","properties":{"code":"11:46","name":"Industrial Sao Pedro","cityCode":"11"},"geometry":{"type":"Polygon","coordinates":[[[-44.1699348,-19.9460911],[-44.1701399,-19.9465987],[-44.1700723,-19.9474538],[-44.16984,-19.9474952],[-44.1696679,-19.9474011],[-44.1695638,-19.9474464],[-44.1695163,-19.9475865],[-44.1697482,-19.9477278],[-44.1702744,-19.9483971],[-44.1702277,-19.9486893],[-44.1703447,-19.9488771],[-44.1703727,-19.9487533],[-44.1709147,-19.9486559],[-44.1715896,-19.9483344],[-44.1719574,-19.9482854],[-44.1723327,-19.948026],[-44.1724075,-19.9475015],[-44.1725854,-19.9473458],[-44.1731058,-19.9456427],[-44.1731831,-19.9455917],[-44.1731853,-19.9453954],[-44.1739936,-19.9437383],[-44.1736306,-19.9437028],[-44.1734753,-19.9436061],[-44.1726127,-19.9435188],[-44.1724699,-19.9434627],[-44.1723526,-19.943243],[-44.1722811,-19.9433758],[-44.1721527,-19.9433989],[-44.171964,-19.9432557],[-44.1719969,-19.9427289],[-44.1718558,-19.94256],[-44.1718364,-19.9426062],[-44.1716367,-19.9424703],[-44.1708772,-19.9429129],[-44.1700516,-19.9436633],[-44.1701723,-19.9440544],[-44.1700597,-19.9442307],[-44.1699348,-19.9460911]]]}},{"type":"Feature","properties":{"code":"11:30","name":"Sao Salvador","cityCode":"11"},"geometry":{"type":"Polygon","coordinates":[[[-44.2250471,-20.0229504],[-44.2248897,-20.0227823],[-44.2252491,-20.0221821],[-44.2255777,-20.0220054],[-44.2262951,-20.0219737],[-44.2260683,-20.0224198],[-44.2261158,-20.022673],[-44.2281213,-20.0240917],[-44.228554,-20.0241338],[-44.2288999,-20.0236175],[-44.2288051,-20.023496],[-44.2282888,-20.0232184],[-44.2281376,-20.022972],[-44.2284736,-20.0225008],[-44.2287488,-20.0224091],[-44.229001,-20.0224736],[-44.2295201,-20.0223355],[-44.2296257,-20.0226456],[-44.2299545,-20.022542],[-44.2305262,-20.0224957],[-44.2305817,-20.0222668],[-44.2304446,-20.0221914],[-44.2304432,-20.021977],[-44.2305486,-20.0219166],[-44.2323918,-20.0214979],[-44.2353043,-20.0207087],[-44.2353497,-20.0185924],[-44.2348052,-20.0175418],[-44.2344028,-20.0176187],[-44.2343725,-20.0176853],[-44.2335131,-20.0179742],[-44.2335937,-20.018299],[-44.2335405,-20.0182581],[-44.2320445,-20.0187607],[-44.2321435,-20.0190323],[-44.2301877,-20.0196786],[-44.2300597,-20.0193359],[-44.2292175,-20.019673],[-44.2291985,-20.0196219],[-44.228928,-20.0197118],[-44.2286587,-20.0199032],[-44.2284058,-20.0199797],[-44.2281955,-20.0199116],[-44.2281108,-20.0197719],[-44.2279519,-20.0191979],[-44.2275219,-20.0190104],[-44.2269286,-20.018928],[-44.2268216,-20.0188583],[-44.2264467,-20.0203518],[-44.2260416,-20.0209259],[-44.2260704,-20.0210125],[-44.2256528,-20.0211706],[-44.2242332,-20.0223039],[-44.2249957,-20.0230309],[-44.2250471,-20.0229504]]]}},{"type":"Feature","properties":{"code":"11:33","name":"Vila Filadelfia","cityCode":"11"},"geometry":{"type":"Polygon","coordinates":[[[-44.1892966,-19.9735843],[-44.1898507,-19.9733641],[-44.1906362,-19.9732912],[-44.1914188,-19.9717947],[-44.1915986,-19.9708166],[-44.1906143,-19.9707391],[-44.1892125,-19.9707605],[-44.1890862,-19.9704736],[-44.1891789,-19.9703825],[-44.1892175,-19.9698465],[-44.1896003,-19.9698813],[-44.1901838,-19.9698048],[-44.1901519,-19.9694129],[-44.1902381,-19.96938],[-44.1902614,-19.9690755],[-44.1902148,-19.9688878],[-44.190532,-19.9687554],[-44.1895463,-19.9663918],[-44.1890001,-19.9666738],[-44.1887506,-19.9668829],[-44.1852657,-19.9669712],[-44.1853497,-19.9672895],[-44.1853754,-19.9680095],[-44.1853963,-19.9713219],[-44.1887166,-19.9711742],[-44.188776,-19.9713172],[-44.1885444,-19.9718205],[-44.1888539,-19.9717583],[-44.1892868,-19.9718055],[-44.1897798,-19.9724394],[-44.1897495,-19.97254],[-44.1890828,-19.973011],[-44.1892966,-19.9735843]]]}},{"type":"Feature","properties":{"code":"11:35","name":"Vila Recreio","cityCode":"11"},"geometry":{"type":"Polygon","coordinates":[[[-44.1803351,-19.9612453],[-44.1794025,-19.9613698],[-44.1786866,-19.9617118],[-44.1784222,-19.9617649],[-44.1776037,-19.9616127],[-44.1780307,-19.9619896],[-44.1772131,-19.9623884],[-44.1760684,-19.9633584],[-44.1749378,-19.9637712],[-44.1748456,-19.963835],[-44.174984,-19.963901],[-44.1748075,-19.9643061],[-44.1746833,-19.9642863],[-44.1746495,-19.9649301],[-44.1773803,-19.9656466],[-44.17757,-19.9660096],[-44.1767668,-19.9663432],[-44.1752809,-19.967223],[-44.1752152,-19.9672889],[-44.1752753,-19.9673779],[-44.1758485,-19.9676523],[-44.1776262,-19.9682808],[-44.1778715,-19.9685122],[-44.1784621,-19.9688315],[-44.1790335,-19.9693712],[-44.1800424,-19.9681124],[-44.1801036,-19.9678451],[-44.1796754,-19.9673351],[-44.1799165,-19.9671383],[-44.1805391,-19.9663452],[-44.1815285,-19.9662576],[-44.1813029,-19.9672976],[-44.1821871,-19.9671899],[-44.1826322,-19.9669414],[-44.1831047,-19.9673493],[-44.1832178,-19.9673603],[-44.1837303,-19.9669871],[-44.1849302,-19.9669996],[-44.1849722,-19.9669007],[-44.1852303,-19.9669716],[-44.1859771,-19.966974],[-44.1887506,-19.9668829],[-44.1890001,-19.9666738],[-44.189691,-19.9662997],[-44.1901886,-19.9656926],[-44.1910887,-19.9650014],[-44.191109,-19.9649241],[-44.1924485,-19.9651834],[-44.1912678,-19.9640949],[-44.1897472,-19.9638357],[-44.1889895,-19.9638435],[-44.1902423,-19.9627457],[-44.1899763,-19.9624938],[-44.1900823,-19.9624236],[-44.1902242,-19.9626039],[-44.1904309,-19.962462],[-44.1906691,-19.9627895],[-44.1908967,-19.9629183],[-44.1913343,-19.9624777],[-44.1927996,-19.9639776],[-44.1936531,-19.9644289],[-44.1945438,-19.9636522],[-44.1941756,-19.9634579],[-44.1938449,-19.9631584],[-44.1899925,-19.9591789],[-44.1893814,-19.9587888],[-44.1888115,-19.9586108],[-44.1880088,-19.9585301],[-44.1876296,-19.9584112],[-44.1868872,-19.9584182],[-44.1868405,-19.9587914],[-44.1870053,-19.9589803],[-44.1884828,-19.959952],[-44.1877747,-19.9608522],[-44.1876528,-19.960866],[-44.1871019,-19.9604696],[-44.1867827,-19.960414],[-44.1857476,-19.9606627],[-44.1852477,-19.9610299],[-44.1847147,-19.9589945],[-44.1830056,-19.9593958],[-44.1806843,-19.961084],[-44.1803351,-19.9612453]]]}},{"type":"Feature","properties":{"code":"11:136","name":"Conjunto Residencial Alto Das Flores","cityCode":"11"},"geometry":{"type":"Polygon","coordinates":[[[-44.1780669,-19.937264],[-44.177952,-19.9374118],[-44.1781003,-19.9378563],[-44.1788846,-19.9374477],[-44.1794105,-19.9372986],[-44.1829189,-19.9373392],[-44.1833633,-19.937547],[-44.1847492,-19.9388766],[-44.1862091,-19.9376173],[-44.1888635,-19.9328754],[-44.1883493,-19.9324394],[-44.1871829,-19.9318753],[-44.1869307,-19.9318677],[-44.1868658,-19.9319984],[-44.1839899,-19.9345872],[-44.1822265,-19.9337277],[-44.1816417,-19.9354778],[-44.1780669,-19.937264]]]}},{"type":"Feature","properties":{"code":"11:182","name":"Vila Boa Esperanca","cityCode":"11"},"geometry":{"type":"Polygon","coordinates":[[[-44.1006793,-19.9505503],[-44.100541,-19.9510087],[-44.1000457,-19.9510474],[-44.1000344,-19.9511368],[-44.1007115,-19.9514811],[-44.1011353,-19.9521202],[-44.1012813,-19.9532604],[-44.1040345,-19.9534965],[-44.104201,-19.9529777],[-44.104175,-19.952546],[-44.1045464,-19.9520409],[-44.1046458,-19.9517744],[-44.104769,-19.9517636],[-44.1052088,-19.9507122],[-44.1054839,-19.950315],[-44.1053475,-19.9502417],[-44.1053881,-19.9501815],[-44.1050539,-19.950249],[-44.1045838,-19.9496134],[-44.1038188,-19.9492456],[-44.1037771,-19.9489737],[-44.1043756,-19.9484691],[-44.1044756,-19.9483654],[-44.104462,-19.9482729],[-44.1037823,-19.9482739],[-44.1031481,-19.9488077],[-44.1016703,-19.9494859],[-44.1006793,-19.9505503]]]}},{"type":"Feature","properties":{"code":"11:37","name":"Independencia","cityCode":"11"},"geometry":{"type":"Polygon","coordinates":[[[-44.16687,-19.9241735],[-44.1669017,-19.9235807],[-44.1645585,-19.9236779],[-44.1640295,-19.9258601],[-44.1654664,-19.9262198],[-44.1661228,-19.9262933],[-44.1663485,-19.9252374],[-44.16687,-19.9241735]]]}},{"type":"Feature","properties":{"code":"11:181","name":"Sagrado Coracao De Jesus","cityCode":"11"},"geometry":{"type":"Polygon","coordinates":[[[-44.2043849,-19.9471937],[-44.2022934,-19.9482727],[-44.2024096,-19.9485305],[-44.2031817,-19.948581],[-44.2033194,-19.9489052],[-44.2052311,-19.9494788],[-44.2054505,-19.9488021],[-44.2061329,-19.9483323],[-44.2057234,-19.9475065],[-44.2063246,-19.9469418],[-44.2054189,-19.9463616],[-44.2043849,-19.9471937]]]}},{"type":"Feature","properties":{"code":"11:1084","name":"Monte Verde","cityCode":"11"},"geometry":{"type":"Polygon","coordinates":[[[-44.1681053,-19.9809205],[-44.1685976,-19.9791814],[-44.1686784,-19.9790954],[-44.1693984,-19.9792123],[-44.1695149,-19.9792857],[-44.1693409,-19.9801699],[-44.1689758,-19.9810515],[-44.1684463,-19.9816059],[-44.1700464,-19.9833427],[-44.17114,-19.9849576],[-44.1730233,-19.9833392],[-44.1730806,-19.9831984],[-44.1728414,-19.9825143],[-44.1727579,-19.9824787],[-44.17275,-19.982184],[-44.1729015,-19.9818891],[-44.1729445,-19.9815201],[-44.1740386,-19.9806183],[-44.1740263,-19.9805292],[-44.1742698,-19.9801522],[-44.1748017,-19.9798067],[-44.173725,-19.9787667],[-44.1737631,-19.9780434],[-44.1736633,-19.9776506],[-44.1747489,-19.9769573],[-44.175177,-19.9761283],[-44.1758482,-19.9754807],[-44.1768786,-19.9756865],[-44.1776426,-19.9757179],[-44.1776003,-19.9755587],[-44.1778007,-19.9743914],[-44.1781336,-19.9735112],[-44.1780933,-19.9732993],[-44.1779134,-19.973123],[-44.1775119,-19.9730854],[-44.177565,-19.9729494],[-44.1773727,-19.9730967],[-44.1772602,-19.972983],[-44.1769642,-19.9729254],[-44.1764374,-19.9730167],[-44.1761681,-19.9729318],[-44.1760794,-19.9729916],[-44.1759773,-19.9729142],[-44.1757772,-19.9729894],[-44.1756119,-19.9729437],[-44.1755599,-19.9729825],[-44.1757442,-19.973094],[-44.1755213,-19.9733108],[-44.1751714,-19.973299],[-44.1749864,-19.9731323],[-44.1741566,-19.9736036],[-44.1738815,-19.9736159],[-44.1738082,-19.9737623],[-44.1736228,-19.9738443],[-44.1735565,-19.9738535],[-44.1735193,-19.9737351],[-44.1719365,-19.9748108],[-44.1721415,-19.9752251],[-44.1713443,-19.9757354],[-44.1712915,-19.9761084],[-44.1716059,-19.9770669],[-44.1706415,-19.9773977],[-44.1705181,-19.9777229],[-44.1702837,-19.9779901],[-44.1702713,-19.9784307],[-44.1672074,-19.9775978],[-44.1664256,-19.9784905],[-44.1668436,-19.9792518],[-44.1681053,-19.9809205]]]}},{"type":"Feature","properties":{"code":"11:23","name":"Jardim Casa Branca","cityCode":"11"},"geometry":{"type":"Polygon","coordinates":[[[-44.1914338,-19.9791672],[-44.1920176,-19.9781909],[-44.1920517,-19.9779151],[-44.1919621,-19.977673],[-44.1920188,-19.9770985],[-44.192275,-19.9768213],[-44.1925941,-19.9766833],[-44.1926774,-19.9764698],[-44.1926457,-19.9762261],[-44.1929861,-19.9757133],[-44.1929392,-19.975552],[-44.1919188,-19.9754383],[-44.19189,-19.9753857],[-44.1909001,-19.9758788],[-44.1901931,-19.9760217],[-44.1900768,-19.9761203],[-44.1899814,-19.9760251],[-44.1882271,-19.9762896],[-44.1869787,-19.9763023],[-44.1866634,-19.9764281],[-44.186314,-19.9775618],[-44.1862902,-19.9785458],[-44.1864018,-19.9785762],[-44.1862856,-19.978587],[-44.1861267,-19.9790302],[-44.1861656,-19.9791662],[-44.1856448,-19.9796713],[-44.1858825,-19.9803328],[-44.1864998,-19.980183],[-44.1870719,-19.9820571],[-44.1882652,-19.9816398],[-44.1885601,-19.9814555],[-44.1889733,-19.9799736],[-44.1895629,-19.9801327],[-44.1910355,-19.9803362],[-44.1914338,-19.9791672]]]}},{"type":"Feature","properties":{"code":"11:24","name":"Nossa Senhora Do Carmo","cityCode":"11"},"geometry":{"type":"Polygon","coordinates":[[[-44.1934076,-19.970455],[-44.1940267,-19.9692905],[-44.1932118,-19.9682247],[-44.1919901,-19.9680028],[-44.1918701,-19.9681074],[-44.1915133,-19.9694434],[-44.1916117,-19.9707639],[-44.1915564,-19.9711677],[-44.193202,-19.9715046],[-44.1934076,-19.970455]]]}},{"type":"Feature","properties":{"code":"11:26","name":"Chacaras Arapua","cityCode":"11"},"geometry":{"type":"Polygon","coordinates":[[[-44.1768502,-19.9974826],[-44.1767705,-19.9971276],[-44.176555,-19.9970192],[-44.1764627,-19.9968495],[-44.1730469,-19.9984517],[-44.1728185,-19.9987317],[-44.1727277,-19.9987119],[-44.1726647,-19.9985402],[-44.1724183,-19.9986549],[-44.1722573,-19.9985767],[-44.1722126,-19.9987423],[-44.1719789,-19.9989339],[-44.1718713,-19.9992533],[-44.1713159,-19.9989629],[-44.1712419,-19.9991858],[-44.1672273,-20.0002066],[-44.167215,-20.0002864],[-44.1666173,-20.0003443],[-44.1644671,-20.0008595],[-44.1642204,-20.0016201],[-44.1642138,-20.0019607],[-44.1650284,-20.0028017],[-44.1653072,-20.0032199],[-44.1654103,-20.0039506],[-44.165823,-20.0042421],[-44.1655532,-20.0050655],[-44.16571,-20.0051277],[-44.1704569,-20.0038885],[-44.1710696,-20.0033331],[-44.1732836,-20.0019953],[-44.1739314,-20.0016873],[-44.174615,-20.0015352],[-44.1750928,-20.0015164],[-44.1750835,-20.0016281],[-44.1769399,-20.0033577],[-44.1771391,-20.0031363],[-44.1771481,-20.0028603],[-44.1773648,-20.0029462],[-44.1776914,-20.0027778],[-44.1777444,-20.0026754],[-44.1776628,-20.0025158],[-44.1772667,-20.0023618],[-44.1774145,-20.0020333],[-44.1775424,-20.001917],[-44.1778984,-20.0018621],[-44.1783475,-20.001896],[-44.1784603,-20.0018045],[-44.1784203,-20.0015778],[-44.1784884,-20.001433],[-44.1782997,-20.0010145],[-44.178167,-20.0009625],[-44.1779102,-20.0010268],[-44.177393,-20.0007714],[-44.1774203,-20.0005503],[-44.1772319,-20.0000609],[-44.1770572,-19.9998159],[-44.1770219,-19.9994034],[-44.176925,-19.9993074],[-44.1769109,-19.9991427],[-44.1773258,-19.9990029],[-44.1774063,-19.9989309],[-44.1773881,-19.9988211],[-44.1776178,-19.9985886],[-44.1775689,-19.9984027],[-44.1773199,-19.9982651],[-44.1770467,-19.9978943],[-44.1770417,-19.9977072],[-44.1768502,-19.9974826]]]}},{"type":"Feature","properties":{"code":"11:27","name":"Sitios Brodoski","cityCode":"11"},"geometry":{"type":"Polygon","coordinates":[[[-44.2459135,-19.9358038],[-44.2456234,-19.9351052],[-44.2455361,-19.9352269],[-44.2449879,-19.9352428],[-44.2446762,-19.9365094],[-44.244242,-19.9378487],[-44.2437302,-19.9386188],[-44.2438175,-19.9387177],[-44.2437563,-19.9387634],[-44.2437704,-19.9391647],[-44.2434264,-19.9393925],[-44.2434893,-19.9399321],[-44.2438505,-19.9405802],[-44.2434317,-19.9407688],[-44.2431022,-19.9407993],[-44.2460173,-19.9419821],[-44.2465026,-19.9427763],[-44.2472214,-19.943052],[-44.2475093,-19.9430364],[-44.2477258,-19.9431774],[-44.248223,-19.9431315],[-44.2481811,-19.9422918],[-44.2478466,-19.9400361],[-44.2478933,-19.939582],[-44.2459135,-19.9358038]]]}},{"type":"Feature","properties":{"code":"11:28","name":"Quintas Dos Godoy","cityCode":"11"},"geometry":{"type":"Polygon","coordinates":[[[-44.2320289,-19.9429501],[-44.2321328,-19.9435988],[-44.2321103,-19.9446213],[-44.2329731,-19.9445071],[-44.2327423,-19.9428655],[-44.2327445,-19.9421888],[-44.2329915,-19.9413748],[-44.2334828,-19.9407479],[-44.2340149,-19.9403658],[-44.234725,-19.9401299],[-44.237731,-19.93996],[-44.2375455,-19.9397398],[-44.2374024,-19.9393405],[-44.2380051,-19.9391902],[-44.2384082,-19.9388892],[-44.2391103,-19.9385627],[-44.2396253,-19.9385956],[-44.2399942,-19.9382481],[-44.2403086,-19.9374279],[-44.2402856,-19.9372616],[-44.240126,-19.9372114],[-44.2398327,-19.9368622],[-44.2395641,-19.9367144],[-44.2392914,-19.9364412],[-44.2392507,-19.9361871],[-44.2395947,-19.935104],[-44.2401293,-19.9347525],[-44.2404011,-19.9346579],[-44.2410155,-19.9344615],[-44.2414528,-19.9344613],[-44.2422587,-19.9345636],[-44.2422937,-19.9347154],[-44.2431085,-19.9351075],[-44.2437728,-19.9353103],[-44.2447586,-19.9350652],[-44.2449455,-19.9350762],[-44.2449879,-19.9352428],[-44.2455361,-19.9352269],[-44.2456234,-19.9351052],[-44.2455506,-19.9349106],[-44.2452088,-19.9345305],[-44.2447462,-19.934236],[-44.2441554,-19.9341358],[-44.24246,-19.9342983],[-44.2417459,-19.9341125],[-44.2396965,-19.9328405],[-44.238115,-19.9323779],[-44.2365772,-19.9313573],[-44.2360954,-19.931191],[-44.2353596,-19.9312641],[-44.2348692,-19.9314624],[-44.234897,-19.9315519],[-44.234395,-19.9320451],[-44.2341976,-19.9326347],[-44.2342314,-19.9340433],[-44.2339983,-19.9344785],[-44.233551,-19.9348855],[-44.2322789,-19.9354486],[-44.2319122,-19.9356716],[-44.2316517,-19.9360154],[-44.2315501,-19.9359932],[-44.2315495,-19.93613],[-44.2308135,-19.9375595],[-44.230877,-19.9375941],[-44.2304397,-19.9384708],[-44.2303844,-19.9389982],[-44.2320289,-19.9429501]]]}},{"type":"Feature","properties":{"code":"11:21","name":"Novo Guaruja","cityCode":"11"},"geometry":{"type":"Polygon","coordinates":[[[-44.2114277,-19.9641181],[-44.2116389,-19.9638767],[-44.2122014,-19.9638738],[-44.2125777,-19.9640724],[-44.212759,-19.9643437],[-44.2129954,-19.9643996],[-44.2131945,-19.9643189],[-44.2137726,-19.964748],[-44.213914,-19.9646523],[-44.2144925,-19.9646785],[-44.2150965,-19.9645557],[-44.2149815,-19.9641011],[-44.2151653,-19.9639173],[-44.215295,-19.9636172],[-44.2152663,-19.9633599],[-44.2153746,-19.9633199],[-44.2156125,-19.9634856],[-44.2157233,-19.9634495],[-44.2159163,-19.9633145],[-44.2157516,-19.9631932],[-44.2157847,-19.9630696],[-44.215895,-19.9630186],[-44.2160243,-19.963078],[-44.2160026,-19.9632396],[-44.2163103,-19.9630924],[-44.2165881,-19.9631095],[-44.2164725,-19.9630357],[-44.2164969,-19.9628838],[-44.2166421,-19.9628505],[-44.216739,-19.962958],[-44.2170258,-19.9626008],[-44.2171215,-19.9625759],[-44.2161626,-19.960156],[-44.2141033,-19.9601975],[-44.2117666,-19.9594523],[-44.2112246,-19.9597544],[-44.2097922,-19.9609599],[-44.2090809,-19.9611629],[-44.2091025,-19.9623331],[-44.2101703,-19.9628827],[-44.209985,-19.963219],[-44.2106586,-19.9635222],[-44.2114277,-19.9641181]]]}},{"type":"Feature","properties":{"code":"11:22","name":"Distrito Industrial Bandeirinha","cityCode":"11"},"geometry":{"type":"Polygon","coordinates":[[[-44.1827774,-19.9906431],[-44.1822511,-19.9907962],[-44.1821764,-19.990679],[-44.1811735,-19.9909093],[-44.1798195,-19.9915486],[-44.1792012,-19.991763],[-44.1791956,-19.9918348],[-44.1776409,-19.9924121],[-44.1775246,-19.9923324],[-44.177781,-19.9920927],[-44.1777897,-19.9918701],[-44.1780896,-19.9912527],[-44.1780944,-19.9905189],[-44.1783004,-19.9892024],[-44.1762311,-19.9881989],[-44.1746254,-19.9872723],[-44.1743388,-19.9876981],[-44.17421,-19.9883168],[-44.1740581,-19.9884699],[-44.1734098,-19.9884566],[-44.1731017,-19.9885408],[-44.1716819,-19.9893503],[-44.1712887,-19.9898108],[-44.1707187,-19.9912056],[-44.1707515,-19.9913315],[-44.170898,-19.9914467],[-44.1708972,-19.9915883],[-44.1711419,-19.9917945],[-44.1711383,-19.9923309],[-44.1702053,-19.995479],[-44.1713159,-19.9989629],[-44.171459,-19.9990191],[-44.1718581,-19.998293],[-44.1735992,-19.9969855],[-44.1737748,-19.9971536],[-44.175044,-19.9961904],[-44.1756533,-19.9965507],[-44.1756814,-19.9966989],[-44.1757679,-19.996654],[-44.1762564,-19.9968621],[-44.1763244,-19.9968157],[-44.1779995,-19.9971671],[-44.1793851,-19.9972192],[-44.1828509,-19.997793],[-44.1831592,-19.9971476],[-44.1838449,-19.9952383],[-44.1841731,-19.9949184],[-44.1842881,-19.994666],[-44.1843101,-19.9945947],[-44.1841167,-19.9943408],[-44.1841569,-19.9942576],[-44.1845126,-19.9940751],[-44.1846122,-19.9936632],[-44.1847254,-19.9935998],[-44.1848269,-19.9932661],[-44.1850352,-19.9932551],[-44.1854482,-19.9928152],[-44.1854416,-19.9925004],[-44.1858365,-19.992337],[-44.1859651,-19.9921084],[-44.1861416,-19.9920478],[-44.1860953,-19.9915369],[-44.1859831,-19.991606],[-44.1857305,-19.9915561],[-44.1857232,-19.9914523],[-44.1851274,-19.9911593],[-44.1827774,-19.9906431]]]}},{"type":"Feature","properties":{"code":"11:63","name":"Parque Jardim Terezopolis","cityCode":"11"},"geometry":{"type":"Polygon","coordinates":[[[-44.114328,-19.9485043],[-44.1140196,-19.9495472],[-44.1138755,-19.9496359],[-44.1137415,-19.9496175],[-44.1136914,-19.9497258],[-44.1134717,-19.9495644],[-44.1132764,-19.9495672],[-44.1124768,-19.9499494],[-44.1120551,-19.9498503],[-44.1118136,-19.9496585],[-44.1115393,-19.9496854],[-44.1114079,-19.9496059],[-44.1108093,-19.9502067],[-44.1108434,-19.9502786],[-44.1105062,-19.9511198],[-44.11058,-19.951779],[-44.110708,-19.952099],[-44.1107263,-19.9528632],[-44.1108929,-19.9537562],[-44.11114,-19.9542662],[-44.1113687,-19.9545019],[-44.1113983,-19.9554232],[-44.1111926,-19.9560378],[-44.1148003,-19.9557433],[-44.1148268,-19.9552393],[-44.1153127,-19.9553727],[-44.115416,-19.9551941],[-44.1171403,-19.9551615],[-44.1173685,-19.9552284],[-44.1176167,-19.9554977],[-44.117697,-19.9553457],[-44.117946,-19.9554897],[-44.1188302,-19.9562706],[-44.1189659,-19.9565313],[-44.1198248,-19.9571976],[-44.1202275,-19.9576003],[-44.1205929,-19.9577013],[-44.1223479,-19.9573639],[-44.1246599,-19.9567903],[-44.125917,-19.9566603],[-44.1272452,-19.9563409],[-44.1275984,-19.9545925],[-44.1276424,-19.9536289],[-44.1277995,-19.9525989],[-44.1275725,-19.951812],[-44.127442,-19.9507494],[-44.1275536,-19.949961],[-44.1278057,-19.9493841],[-44.1277802,-19.9489687],[-44.1280095,-19.9485418],[-44.1274047,-19.9483274],[-44.1269639,-19.9482823],[-44.1257404,-19.9483336],[-44.1250182,-19.948192],[-44.1211537,-19.9459924],[-44.1206054,-19.9457962],[-44.1199224,-19.9458067],[-44.1178729,-19.9463509],[-44.1165401,-19.9462156],[-44.1160174,-19.9460355],[-44.1153837,-19.9459567],[-44.1141737,-19.9464608],[-44.114328,-19.9485043]]]}},{"type":"Feature","properties":{"code":"11:34","name":"Marajoara","cityCode":"11"},"geometry":{"type":"Polygon","coordinates":[[[-44.188776,-19.9713172],[-44.1887166,-19.9711742],[-44.1853963,-19.9713219],[-44.1853754,-19.9680095],[-44.1853497,-19.9672895],[-44.1852657,-19.9669712],[-44.1849722,-19.9669007],[-44.1849302,-19.9669996],[-44.1836874,-19.9669938],[-44.1832178,-19.9673603],[-44.1831047,-19.9673493],[-44.1826322,-19.9669414],[-44.1821871,-19.9671899],[-44.1812658,-19.9672893],[-44.1811855,-19.9675744],[-44.1803223,-19.9676791],[-44.1801036,-19.9678451],[-44.1805244,-19.968359],[-44.1804318,-19.968555],[-44.1809186,-19.9692702],[-44.1810437,-19.9696225],[-44.1816142,-19.9730298],[-44.1819244,-19.9733881],[-44.1828656,-19.973921],[-44.182511,-19.9745967],[-44.1833508,-19.9746984],[-44.1820805,-19.9762974],[-44.1833511,-19.9764577],[-44.1882271,-19.9762896],[-44.1899814,-19.9760251],[-44.1900768,-19.9761203],[-44.1904937,-19.975934],[-44.1894397,-19.9756628],[-44.1880796,-19.9754889],[-44.1879838,-19.9747294],[-44.1883496,-19.9743463],[-44.188004,-19.9739919],[-44.1879554,-19.9728476],[-44.1881002,-19.9723422],[-44.1885444,-19.9718205],[-44.188776,-19.9713172]]]}},{"type":"Feature","properties":{"code":"11:17","name":"Arquipelago Verde","cityCode":"11"},"geometry":{"type":"Polygon","coordinates":[[[-44.1805575,-19.982626],[-44.1798068,-19.9821779],[-44.1794282,-19.9817446],[-44.1790554,-19.9810749],[-44.1781651,-19.9806068],[-44.1779953,-19.9803999],[-44.1779833,-19.9802149],[-44.1766386,-19.9809958],[-44.1762004,-19.9814737],[-44.1761817,-19.9850676],[-44.1759944,-19.9852724],[-44.1753151,-19.9852692],[-44.1753095,-19.9863446],[-44.1751775,-19.9863395],[-44.1746254,-19.9872723],[-44.1762311,-19.9881989],[-44.1783004,-19.9892024],[-44.1780944,-19.9905189],[-44.1780896,-19.9912527],[-44.1777897,-19.9918701],[-44.177781,-19.9920927],[-44.1775246,-19.9923324],[-44.1776465,-19.992414],[-44.1791956,-19.9918348],[-44.1792012,-19.991763],[-44.1798195,-19.9915486],[-44.1811735,-19.9909093],[-44.1821764,-19.990679],[-44.1822511,-19.9907962],[-44.1824097,-19.9906449],[-44.1827678,-19.9898823],[-44.1848815,-19.9873157],[-44.185424,-19.9870084],[-44.1867307,-19.9867108],[-44.1869857,-19.9865152],[-44.187178,-19.9861341],[-44.1873414,-19.9860237],[-44.1875012,-19.9854471],[-44.1873398,-19.9853638],[-44.1872337,-19.9851285],[-44.1871018,-19.9850308],[-44.1871519,-19.9848763],[-44.1867263,-19.9841069],[-44.186465,-19.9832647],[-44.1863618,-19.9825889],[-44.1861958,-19.9822227],[-44.1857884,-19.9818475],[-44.1851117,-19.981581],[-44.1847747,-19.9813263],[-44.1844027,-19.9806032],[-44.1845485,-19.9802414],[-44.185488,-19.979828],[-44.1861656,-19.9791662],[-44.1861267,-19.9790302],[-44.1862856,-19.978587],[-44.1864018,-19.9785762],[-44.1862902,-19.9785458],[-44.186314,-19.9775618],[-44.1866634,-19.9764281],[-44.1868677,-19.9763483],[-44.1851434,-19.9764081],[-44.1852581,-19.9766244],[-44.1813781,-19.97837],[-44.180847,-19.9814288],[-44.1817813,-19.9821327],[-44.1818018,-19.982566],[-44.1815101,-19.9829008],[-44.1805575,-19.982626]]]}},{"type":"Feature","properties":{"code":"11:3005","name":"Fazenda Varzea De Betim","cityCode":"11"},"geometry":{"type":"Polygon","coordinates":[[[-44.230002,-19.96025],[-44.2295457,-19.9600967],[-44.2286837,-19.9600085],[-44.2281063,-19.9596729],[-44.2274477,-19.9594836],[-44.2271011,-19.9594564],[-44.2241375,-19.9598159],[-44.223463,-19.9598259],[-44.2232687,-19.9601913],[-44.2235531,-19.9612448],[-44.2243689,-19.9616598],[-44.224592,-19.9619014],[-44.2248247,-19.9623361],[-44.2250108,-19.9629149],[-44.2250464,-19.9635857],[-44.2255015,-19.9645196],[-44.2257613,-19.9655134],[-44.2307295,-19.9616509],[-44.2328036,-19.9626249],[-44.2326576,-19.9614466],[-44.230002,-19.96025]]]}},{"type":"Feature","properties":{"code":"11:2225","name":"Distrito Industrial Barreiro De Cima Norte","cityCode":"11"},"geometry":{"type":"MultiPolygon","coordinates":[[[[-44.0801072,-19.9537889],[-44.0800379,-19.9538305],[-44.0801025,-19.9537992],[-44.0801072,-19.9537889]]],[[[-44.0991694,-19.9511207],[-44.0992941,-19.9511018],[-44.0992591,-19.9509559],[-44.0983062,-19.9503856],[-44.098267,-19.9502793],[-44.0980763,-19.9503027],[-44.0980155,-19.9501195],[-44.0979275,-19.9501536],[-44.0977104,-19.9498899],[-44.0974046,-19.9492791],[-44.0973166,-19.9492235],[-44.0967582,-19.9491103],[-44.0964703,-19.9491595],[-44.0964148,-19.9490899],[-44.0955691,-19.9490259],[-44.0944296,-19.9493267],[-44.0943603,-19.9494516],[-44.0932908,-19.949792],[-44.0924967,-19.9497753],[-44.0918068,-19.9496513],[-44.0910795,-19.9491136],[-44.0915119,-19.9485758],[-44.0922724,-19.9480128],[-44.0926946,-19.947448],[-44.0928254,-19.9468819],[-44.0927834,-19.946343],[-44.0929289,-19.9456193],[-44.0936726,-19.9446695],[-44.0938146,-19.9434642],[-44.094078,-19.943004],[-44.0946671,-19.9423643],[-44.0955566,-19.9418878],[-44.0953551,-19.9415795],[-44.0946545,-19.9410105],[-44.0938325,-19.9406492],[-44.0939061,-19.9397283],[-44.0941903,-19.93955],[-44.0941707,-19.9394656],[-44.0938682,-19.9393397],[-44.0927988,-19.9381491],[-44.0923197,-19.938263],[-44.0918697,-19.9385687],[-44.0910751,-19.9398343],[-44.0905307,-19.9402894],[-44.0902084,-19.940418],[-44.0897118,-19.9404743],[-44.0892778,-19.9403784],[-44.0889367,-19.9401976],[-44.0884656,-19.9397598],[-44.0882083,-19.9391629],[-44.0883403,-19.9370325],[-44.0882944,-19.9366291],[-44.088146,-19.9362488],[-44.0878569,-19.9358918],[-44.0874244,-19.9356134],[-44.085852,-19.9352622],[-44.0851916,-19.9353085],[-44.0830291,-19.9360753],[-44.082605,-19.9361148],[-44.0823548,-19.9360644],[-44.0823548,-19.9360644],[-44.0815436,-19.9369287],[-44.0790512,-19.938513],[-44.0775594,-19.9399076],[-44.077019,-19.9411219],[-44.0770429,-19.9433414],[-44.0777588,-19.9434922],[-44.0785665,-19.9434336],[-44.0797784,-19.9429826],[-44.0804719,-19.9435574],[-44.0794535,-19.945347],[-44.0783971,-19.9459526],[-44.0774334,-19.9450333],[-44.0759869,-19.9464217],[-44.0763278,-19.9467221],[-44.0756279,-19.9474581],[-44.0755621,-19.9476725],[-44.0752083,-19.9480224],[-44.0736517,-19.9491583],[-44.0736652,-19.9494277],[-44.0750342,-19.9498506],[-44.0758084,-19.9496606],[-44.0761562,-19.9497482],[-44.0771795,-19.9507034],[-44.0783299,-19.9513698],[-44.0791338,-19.9523688],[-44.0799596,-19.9530192],[-44.080374,-19.9534825],[-44.0802444,-19.9537304],[-44.0801025,-19.9537992],[-44.079888,-19.9542681],[-44.0799841,-19.9546384],[-44.0797158,-19.9550335],[-44.0795256,-19.9556287],[-44.0794785,-19.9561474],[-44.0795854,-19.9567376],[-44.0793661,-19.9572868],[-44.079314,-19.9575627],[-44.0794107,-19.9577233],[-44.0793111,-19.9579151],[-44.0797829,-19.9582107],[-44.0806778,-19.9591314],[-44.0812097,-19.9595499],[-44.0818548,-19.9598613],[-44.0826906,-19.9600623],[-44.0867273,-19.9599218],[-44.0867282,-19.9597398],[-44.0888793,-19.9595457],[-44.0888899,-19.9596419],[-44.089964,-19.9594938],[-44.0901728,-19.9593438],[-44.0910893,-19.959037],[-44.0913137,-19.9586378],[-44.0944702,-19.9564876],[-44.0951822,-19.9560684],[-44.095743,-19.9558425],[-44.0967091,-19.955641],[-44.0967127,-19.9552789],[-44.097112,-19.954449],[-44.09873,-19.9545288],[-44.0977562,-19.9538194],[-44.0972649,-19.9531289],[-44.0972675,-19.9530358],[-44.0997985,-19.9532121],[-44.0991694,-19.9511207]]]]}},{"type":"Feature","properties":{"code":"11:3385","name":"Toscana","cityCode":"11"},"geometry":{"type":"Polygon","coordinates":[[[-44.1644033,-19.9835813],[-44.1635196,-19.9829524],[-44.1624161,-19.9825178],[-44.1617305,-19.9824029],[-44.1614601,-19.9820364],[-44.1610928,-19.9818527],[-44.1612132,-19.9814122],[-44.1611571,-19.9813534],[-44.1604951,-19.9812014],[-44.1603758,-19.9810756],[-44.1604543,-19.9803217],[-44.1600411,-19.9798444],[-44.1598319,-19.9794268],[-44.1599617,-19.9783002],[-44.1598963,-19.9761326],[-44.1598387,-19.9759926],[-44.1596105,-19.9759199],[-44.1595823,-19.9758276],[-44.159892,-19.9751526],[-44.159978,-19.9732975],[-44.1600984,-19.9732899],[-44.1608038,-19.9727695],[-44.1612545,-19.9722088],[-44.1622108,-19.9715965],[-44.1627752,-19.9714284],[-44.1633667,-19.9708413],[-44.1643832,-19.9705023],[-44.1648392,-19.9698581],[-44.1651548,-19.969634],[-44.1660117,-19.9684505],[-44.1662131,-19.9683339],[-44.1661766,-19.9680681],[-44.1658763,-19.9680594],[-44.1657517,-19.9679145],[-44.165551,-19.9668693],[-44.16561,-19.9667998],[-44.1653312,-19.9664206],[-44.1652003,-19.9657208],[-44.1647971,-19.9651124],[-44.1650893,-19.9640241],[-44.1652227,-19.9629725],[-44.1627917,-19.9622845],[-44.1629201,-19.9624924],[-44.1627783,-19.9629882],[-44.1623687,-19.9634938],[-44.1624861,-19.9638067],[-44.1611389,-19.9640107],[-44.1610529,-19.9634124],[-44.1608067,-19.9633559],[-44.1587636,-19.96441],[-44.1580181,-19.9646967],[-44.1569298,-19.9634127],[-44.1565961,-19.9634755],[-44.1564529,-19.963376],[-44.1565201,-19.9630869],[-44.1563673,-19.9629692],[-44.1542986,-19.962519],[-44.1545538,-19.9614715],[-44.1542273,-19.9613605],[-44.1541326,-19.9611455],[-44.153521,-19.9606766],[-44.152683,-19.9612209],[-44.1512921,-19.96033],[-44.1517355,-19.9597027],[-44.1517543,-19.9595799],[-44.1504728,-19.9584355],[-44.1487578,-19.9605233],[-44.1498783,-19.9654396],[-44.1506523,-19.9673923],[-44.150509,-19.9675862],[-44.1499625,-19.9675196],[-44.149735,-19.9677517],[-44.1495301,-19.9681322],[-44.1483964,-19.9685457],[-44.1490171,-19.9687444],[-44.1491112,-19.969104],[-44.149616,-19.9693039],[-44.1500083,-19.9687382],[-44.1500713,-19.9683093],[-44.1508718,-19.967953],[-44.1517587,-19.9701901],[-44.1553107,-19.9736296],[-44.1571304,-19.974562],[-44.1568647,-19.9787082],[-44.162248,-19.9866284],[-44.1644033,-19.9835813]]]}},{"type":"Feature","properties":{"code":"11:5127","name":"Sitio Limeira","cityCode":"11"},"geometry":{"type":"Polygon","coordinates":[[[-44.1283792,-19.9714303],[-44.1276276,-19.9714652],[-44.1274656,-19.9715859],[-44.1275275,-19.9717407],[-44.1274357,-19.9717661],[-44.1271676,-19.9716086],[-44.127085,-19.9716433],[-44.1269207,-19.9719148],[-44.1266085,-19.9719698],[-44.126588,-19.9721286],[-44.1264588,-19.9722451],[-44.1262527,-19.9721971],[-44.1260535,-19.9724759],[-44.1258997,-19.972504],[-44.1258634,-19.972752],[-44.1257519,-19.9727446],[-44.1255803,-19.9729309],[-44.125209,-19.9728469],[-44.1250813,-19.9730531],[-44.1249691,-19.9730439],[-44.1245371,-19.9733189],[-44.124382,-19.9733407],[-44.1242784,-19.9735251],[-44.1244689,-19.9736835],[-44.1243548,-19.9742506],[-44.1244078,-19.9748059],[-44.1242357,-19.9749861],[-44.1241312,-19.9752775],[-44.1241374,-19.9756249],[-44.1243074,-19.9757729],[-44.1219279,-19.977545],[-44.1227962,-19.9789863],[-44.1231187,-19.9794216],[-44.1234802,-19.9797306],[-44.1243485,-19.9799969],[-44.1248363,-19.9799361],[-44.1248735,-19.980117],[-44.1261232,-19.9822737],[-44.126448,-19.9830238],[-44.1275197,-19.9831719],[-44.1276209,-19.9833637],[-44.1277074,-19.984054],[-44.12874,-19.9832156],[-44.1288033,-19.9713407],[-44.1287204,-19.9713022],[-44.1283792,-19.9714303]]]}},{"type":"Feature","properties":{"code":"11:3505","name":"Cabana","cityCode":"11"},"geometry":{"type":"Polygon","coordinates":[[[-44.2299696,-19.9715925],[-44.2296373,-19.9709679],[-44.2295803,-19.9707122],[-44.2288768,-19.9708327],[-44.228293,-19.9710774],[-44.2279364,-19.9709906],[-44.2276888,-19.9710292],[-44.2276092,-19.9711254],[-44.2269021,-19.9714504],[-44.2267029,-19.9716549],[-44.2261723,-19.9731153],[-44.2259408,-19.9733965],[-44.2257886,-19.9740973],[-44.2256364,-19.9742751],[-44.2252541,-19.974389],[-44.2252711,-19.9745913],[-44.225475,-19.974953],[-44.2254018,-19.9750579],[-44.2253872,-19.9753959],[-44.2251156,-19.9756015],[-44.225188,-19.9759881],[-44.2251202,-19.976469],[-44.2270903,-19.9764009],[-44.2275418,-19.9756547],[-44.2268237,-19.9747701],[-44.2268687,-19.9746443],[-44.2270422,-19.9744252],[-44.2279589,-19.9741946],[-44.2287431,-19.9737672],[-44.2294427,-19.9742953],[-44.2296531,-19.9745991],[-44.2301755,-19.9748153],[-44.2310362,-19.9749762],[-44.2311901,-19.9754411],[-44.2313995,-19.9757717],[-44.2315156,-19.9757398],[-44.2331194,-19.9760916],[-44.2338177,-19.9761481],[-44.2346423,-19.9760001],[-44.236059,-19.975619],[-44.2352396,-19.9740057],[-44.2352336,-19.9735401],[-44.234639,-19.9739092],[-44.2336666,-19.974151],[-44.2330444,-19.9748706],[-44.2323658,-19.9747942],[-44.2308471,-19.9724575],[-44.2299391,-19.9724605],[-44.2299696,-19.9715925]]]}},{"type":"Feature","properties":{"code":"11:3525","name":"Modulo Bico De Papagaio","cityCode":"11"},"geometry":{"type":"Polygon","coordinates":[[[-44.2213675,-19.8828387],[-44.2215309,-19.8829738],[-44.2218062,-19.8830319],[-44.2218694,-19.8831999],[-44.2237883,-19.8830732],[-44.2232495,-19.8819091],[-44.2213662,-19.8826326],[-44.2213675,-19.8828387]]]}},{"type":"Feature","properties":{"code":"11:3526","name":"Cava Joao Leite E Mata Do Espigao","cityCode":"11"},"geometry":{"type":"Polygon","coordinates":[[[-44.1312256,-20.0167803],[-44.1299448,-20.0186473],[-44.1305266,-20.019445],[-44.1307851,-20.0193972],[-44.1310145,-20.0191596],[-44.1311108,-20.0189868],[-44.1311314,-20.0186128],[-44.1316814,-20.018038],[-44.1328067,-20.0173224],[-44.133526,-20.017002],[-44.1338506,-20.0167132],[-44.1345127,-20.0166007],[-44.1348808,-20.0164657],[-44.1352289,-20.0162362],[-44.1340839,-20.0148249],[-44.1350605,-20.0144296],[-44.1377093,-20.0130786],[-44.1398495,-20.0140334],[-44.1405731,-20.0143827],[-44.1405527,-20.0144454],[-44.1408144,-20.0145052],[-44.1406462,-20.0148201],[-44.1396653,-20.0160599],[-44.1392932,-20.0161407],[-44.1387201,-20.0165946],[-44.1383913,-20.0169604],[-44.1373566,-20.017364],[-44.1370104,-20.0174148],[-44.1353989,-20.0173439],[-44.1349402,-20.0179231],[-44.1344314,-20.018002],[-44.1344803,-20.0185258],[-44.1348696,-20.0196335],[-44.1357962,-20.0203746],[-44.1362875,-20.0204785],[-44.135802,-20.0188094],[-44.1416539,-20.0168103],[-44.1429929,-20.0175808],[-44.1431047,-20.0174093],[-44.1430911,-20.0172633],[-44.1435319,-20.0168628],[-44.1435351,-20.0161745],[-44.1437883,-20.0160971],[-44.1443739,-20.0152785],[-44.1438893,-20.0152509],[-44.1432512,-20.0153513],[-44.1431132,-20.0151918],[-44.1431991,-20.014804],[-44.1429863,-20.0144911],[-44.143099,-20.0141441],[-44.1430862,-20.0137191],[-44.1428651,-20.0134197],[-44.1428257,-20.0128568],[-44.1426566,-20.0125111],[-44.1424535,-20.0122943],[-44.1424789,-20.0120996],[-44.1423384,-20.0120112],[-44.142047,-20.0122278],[-44.1412438,-20.0124635],[-44.1407259,-20.0122121],[-44.1402711,-20.0121945],[-44.1400867,-20.0121177],[-44.1397592,-20.0115626],[-44.1381323,-20.0113951],[-44.1377889,-20.0114196],[-44.1371882,-20.0116224],[-44.1362489,-20.0111806],[-44.1348276,-20.0108558],[-44.1340125,-20.0105876],[-44.130411,-20.0092267],[-44.130423,-20.0092899],[-44.1304466,-20.0093013],[-44.1307127,-20.0108069],[-44.1302814,-20.0147205],[-44.1291678,-20.0149295],[-44.1294081,-20.0153184],[-44.1295385,-20.0153606],[-44.1316686,-20.0155961],[-44.1316705,-20.0163867],[-44.1312256,-20.0167803]]]}},{"type":"Feature","properties":{"code":"11:3365","name":"Fazenda Taquaril","cityCode":"11"},"geometry":{"type":"Polygon","coordinates":[[[-44.2009045,-19.9112671],[-44.2020581,-19.9059926],[-44.1995885,-19.9018757],[-44.1985204,-19.9015963],[-44.1975519,-19.9014386],[-44.1958016,-19.9009518],[-44.1958406,-19.9007497],[-44.1955259,-19.8996786],[-44.1953871,-19.8985315],[-44.194581,-19.8982667],[-44.1946005,-19.8980971],[-44.1940037,-19.898077],[-44.1929148,-19.8982829],[-44.1919485,-19.8981985],[-44.1900231,-19.8983884],[-44.1897185,-19.8984558],[-44.1895533,-19.8986071],[-44.1889348,-19.9007738],[-44.1887752,-19.9007694],[-44.1887645,-19.9018721],[-44.1882824,-19.9033452],[-44.188296,-19.9038338],[-44.1885976,-19.9048209],[-44.1887369,-19.9056226],[-44.1886658,-19.9068374],[-44.1876585,-19.9097673],[-44.1871575,-19.9115344],[-44.1856985,-19.9113772],[-44.1848819,-19.911186],[-44.1845478,-19.9110006],[-44.18489,-19.9115867],[-44.1853854,-19.9119598],[-44.1844583,-19.9121556],[-44.1838183,-19.9123792],[-44.1836283,-19.9123643],[-44.1807726,-19.9135403],[-44.1812054,-19.9147362],[-44.1819969,-19.9162261],[-44.1824291,-19.9182958],[-44.1856647,-19.9156246],[-44.1869437,-19.9134866],[-44.1866742,-19.9123588],[-44.1867776,-19.9123471],[-44.1870389,-19.9134012],[-44.1875317,-19.9135801],[-44.187666,-19.9134557],[-44.1879065,-19.9134152],[-44.1880742,-19.913295],[-44.1882215,-19.913415],[-44.1880379,-19.9136794],[-44.1878962,-19.9136986],[-44.1876256,-19.9139576],[-44.1873439,-19.9146635],[-44.1869768,-19.9151644],[-44.1867698,-19.9151664],[-44.1864445,-19.9153344],[-44.1861307,-19.9160299],[-44.1858257,-19.9161118],[-44.185683,-19.9163654],[-44.1850456,-19.9162406],[-44.1824218,-19.9184119],[-44.1833207,-19.9184226],[-44.1839064,-19.9185624],[-44.1839936,-19.9186423],[-44.1838255,-19.9191714],[-44.1835853,-19.9195171],[-44.1840711,-19.9206929],[-44.1842628,-19.920941],[-44.184297,-19.9218345],[-44.1846081,-19.9221759],[-44.1846975,-19.9210253],[-44.1843628,-19.9195127],[-44.1844694,-19.9192814],[-44.1847824,-19.9190377],[-44.1849233,-19.9187916],[-44.1853072,-19.9168522],[-44.1864103,-19.9160784],[-44.1874865,-19.9147641],[-44.1877913,-19.9140559],[-44.1895611,-19.9129276],[-44.1902372,-19.9148292],[-44.1900484,-19.9150443],[-44.1903626,-19.9153336],[-44.1903364,-19.9155263],[-44.190624,-19.9157045],[-44.1903885,-19.9160447],[-44.1907713,-19.9162819],[-44.1905937,-19.9166809],[-44.1908658,-19.9171177],[-44.1903749,-19.9182202],[-44.190085,-19.9193625],[-44.1910147,-19.9204027],[-44.1906929,-19.9206701],[-44.1909275,-19.9209214],[-44.1908816,-19.9209721],[-44.1910659,-19.9212393],[-44.1915633,-19.9213155],[-44.1921711,-19.9210553],[-44.1933789,-19.9199154],[-44.1935017,-19.9193158],[-44.1936933,-19.919098],[-44.1941449,-19.9195017],[-44.1942166,-19.9196717],[-44.1945536,-19.9197851],[-44.1961708,-19.9210128],[-44.1967455,-19.9217193],[-44.1982365,-19.9230754],[-44.1971385,-19.9238907],[-44.1994324,-19.9260625],[-44.1992797,-19.9274453],[-44.201004,-19.9292856],[-44.2012921,-19.9300073],[-44.2017551,-19.9296472],[-44.2051195,-19.9254953],[-44.2049327,-19.9245491],[-44.2057849,-19.9238398],[-44.2059353,-19.9236139],[-44.2053349,-19.9227422],[-44.2042931,-19.9221767],[-44.2031296,-19.921102],[-44.2042837,-19.9193066],[-44.204754,-19.9182358],[-44.2048655,-19.9181488],[-44.2047203,-19.9179835],[-44.2042382,-19.9168043],[-44.203983,-19.9157372],[-44.2026618,-19.9157252],[-44.2020393,-19.9138435],[-44.2009045,-19.9112671]]]}},{"type":"Feature","properties":{"code":"11:4166","name":"Fazenda Gorduras","cityCode":"11"},"geometry":{"type":"Polygon","coordinates":[[[-44.1818274,-20.0347212],[-44.1839869,-20.0342392],[-44.1840133,-20.0346878],[-44.1849485,-20.0344682],[-44.185028,-20.033542],[-44.1858099,-20.0310733],[-44.1855706,-20.0301134],[-44.1855698,-20.029335],[-44.1851219,-20.0280853],[-44.1842096,-20.0269356],[-44.1834461,-20.0253081],[-44.182086,-20.0238529],[-44.1817682,-20.0233439],[-44.1815421,-20.0231392],[-44.1797991,-20.0222471],[-44.1788988,-20.0242963],[-44.1808552,-20.0287448],[-44.1811969,-20.0288781],[-44.1815472,-20.0298538],[-44.1801077,-20.0308016],[-44.1803452,-20.0315435],[-44.1803636,-20.0319384],[-44.1800496,-20.0323395],[-44.1797431,-20.0324861],[-44.1795643,-20.0324473],[-44.1795179,-20.0329209],[-44.1797688,-20.0331225],[-44.1801459,-20.0329598],[-44.180176,-20.0334458],[-44.1817325,-20.0344102],[-44.1818274,-20.0347212]]]}},{"type":"Feature","properties":{"code":"11:5146","name":"Estancia Do Sereno","cityCode":"11"},"geometry":{"type":"Polygon","coordinates":[[[-44.1611961,-20.0095612],[-44.161482,-20.0096939],[-44.162201,-20.0098094],[-44.1616578,-20.0076004],[-44.160126,-20.0077688],[-44.1611961,-20.0095612]]]}},{"type":"Feature","properties":{"code":"11:5166","name":"Fazenda Saraiva 2ª Seção","cityCode":"11"},"geometry":{"type":"Polygon","coordinates":[[[-44.2186856,-19.9311182],[-44.2188309,-19.9307937],[-44.2185179,-19.9302379],[-44.2185599,-19.9301153],[-44.2184667,-19.9299088],[-44.2186077,-19.929793],[-44.2187421,-19.9292116],[-44.2190259,-19.9291039],[-44.2191207,-19.9289732],[-44.2190866,-19.9288373],[-44.2192021,-19.9287838],[-44.2192584,-19.9288252],[-44.2192746,-19.9284157],[-44.2196736,-19.9282422],[-44.2197563,-19.9279418],[-44.2198809,-19.9278895],[-44.219964,-19.9273156],[-44.2201705,-19.9272951],[-44.2201894,-19.9270768],[-44.2203097,-19.9269801],[-44.22031,-19.9267211],[-44.2204618,-19.9264737],[-44.2204573,-19.9262859],[-44.2206157,-19.9262742],[-44.220689,-19.9260663],[-44.2212467,-19.9259943],[-44.2217108,-19.9257386],[-44.2220898,-19.9259594],[-44.2222498,-19.9258997],[-44.2223297,-19.9260463],[-44.22228,-19.9262354],[-44.2224181,-19.9261898],[-44.2225852,-19.9263313],[-44.2227437,-19.9261641],[-44.2228397,-19.9259652],[-44.2227832,-19.9256496],[-44.2222765,-19.9253211],[-44.2223823,-19.9250605],[-44.2225829,-19.9250424],[-44.2226521,-19.9249268],[-44.2226122,-19.9247654],[-44.2223321,-19.9247605],[-44.2222876,-19.9245577],[-44.2221939,-19.9245627],[-44.2221966,-19.9246762],[-44.2221381,-19.9246888],[-44.221744,-19.9244752],[-44.2217929,-19.9243465],[-44.2220556,-19.9242508],[-44.221932,-19.9242094],[-44.2219698,-19.9239937],[-44.2217591,-19.9238076],[-44.2215758,-19.9237846],[-44.2215001,-19.9240263],[-44.22139,-19.9240032],[-44.2213391,-19.9238947],[-44.2214102,-19.9237484],[-44.2213358,-19.9236298],[-44.2216019,-19.9233514],[-44.2215232,-19.9232416],[-44.221381,-19.9232752],[-44.2213039,-19.9230908],[-44.2214024,-19.9228402],[-44.2213201,-19.9224674],[-44.2213926,-19.9222847],[-44.2212843,-19.9222879],[-44.2212423,-19.9220906],[-44.2211019,-19.9220232],[-44.2212583,-19.9217145],[-44.2209562,-19.9214556],[-44.2209728,-19.921323],[-44.2208267,-19.9211967],[-44.220818,-19.9209995],[-44.2206142,-19.9208032],[-44.2204349,-19.9204636],[-44.2201376,-19.9203669],[-44.2201071,-19.9201203],[-44.2197161,-19.9199755],[-44.2196362,-19.9203101],[-44.2193613,-19.9201959],[-44.2193231,-19.9203175],[-44.2189154,-19.9202973],[-44.2189277,-19.9204306],[-44.2188269,-19.9204561],[-44.2187672,-19.9203337],[-44.2185417,-19.9202401],[-44.2184154,-19.9203938],[-44.2182921,-19.9204219],[-44.218099,-19.9201798],[-44.2179456,-19.9202958],[-44.2178565,-19.9202698],[-44.2178174,-19.9205948],[-44.2175942,-19.9204929],[-44.2173037,-19.9207461],[-44.2174276,-19.9208404],[-44.2174305,-19.9211692],[-44.2173418,-19.9212622],[-44.2167264,-19.921219],[-44.2165758,-19.9210698],[-44.2164431,-19.921073],[-44.2165136,-19.9207794],[-44.2163946,-19.9207169],[-44.2158339,-19.9208786],[-44.2156238,-19.9208023],[-44.2155094,-19.9210378],[-44.2152841,-19.9211737],[-44.2152071,-19.9213968],[-44.2150685,-19.9213852],[-44.2151215,-19.9215299],[-44.2137831,-19.9235276],[-44.2128564,-19.924651],[-44.2127363,-19.9248432],[-44.2141326,-19.9266589],[-44.2145413,-19.9270837],[-44.2139957,-19.9296786],[-44.2186856,-19.9311182]]]}},{"type":"Feature","properties":{"code":"11:5206","name":"Fazenda Dom Orione","cityCode":"11"},"geometry":{"type":"Polygon","coordinates":[[[-44.1239392,-20.0060556],[-44.1242567,-20.0052338],[-44.1240731,-20.0052403],[-44.1237382,-20.0056692],[-44.123457,-20.0053899],[-44.123491,-20.0049693],[-44.1234229,-20.0047508],[-44.1224601,-20.0056077],[-44.1236032,-20.0062734],[-44.1239392,-20.0060556]]]}},{"type":"Feature","properties":{"code":"11:5226","name":"Fazenda Candeias_-2ª Seção","cityCode":"11"},"geometry":{"type":"Polygon","coordinates":[[[-44.1295464,-19.9885015],[-44.1301911,-19.9887442],[-44.1312453,-19.9895731],[-44.1320034,-19.9899612],[-44.1330913,-19.9880153],[-44.1347174,-19.9872261],[-44.1329904,-19.985562],[-44.1305148,-19.9870828],[-44.1297501,-19.9873812],[-44.1288329,-19.9880491],[-44.129005,-19.9880921],[-44.1295464,-19.9885015]]]}},{"type":"Feature","properties":{"code":"11:3565","name":"Espirito Santo - 2ª Gleba","cityCode":"11"},"geometry":{"type":"Polygon","coordinates":[[[-44.1857729,-19.9491967],[-44.1855696,-19.9493444],[-44.1857909,-19.9496228],[-44.1853348,-19.9499513],[-44.1855628,-19.9502362],[-44.1850873,-19.9505643],[-44.1853035,-19.9507754],[-44.1851195,-19.9509616],[-44.1857319,-19.9515734],[-44.1859894,-19.9519593],[-44.1891095,-19.9517882],[-44.1890885,-19.9514962],[-44.1887473,-19.9515169],[-44.1886487,-19.9500017],[-44.1883082,-19.9500218],[-44.1882164,-19.9487782],[-44.1872362,-19.9487793],[-44.1856008,-19.9489817],[-44.1857729,-19.9491967]]]}},{"type":"Feature","properties":{"code":"11:3325","name":"Fazenda Da Porteira","cityCode":"11"},"geometry":{"type":"Polygon","coordinates":[[[-44.251048,-20.015238],[-44.2505692,-20.0153573],[-44.2490552,-20.0149887],[-44.2489255,-20.0155783],[-44.2482423,-20.0163187],[-44.247602,-20.0166717],[-44.2468048,-20.0179553],[-44.2466929,-20.0183876],[-44.2458574,-20.018957],[-44.2455584,-20.0198093],[-44.2448416,-20.0204122],[-44.2447146,-20.0208368],[-44.2438706,-20.0219298],[-44.2439887,-20.0227624],[-44.2438191,-20.0234485],[-44.2436195,-20.023837],[-44.2436801,-20.0246413],[-44.2434107,-20.0255442],[-44.2431609,-20.0261016],[-44.2424562,-20.0271051],[-44.2432281,-20.0271243],[-44.2446962,-20.0270123],[-44.2457676,-20.0266616],[-44.2465385,-20.0267142],[-44.2466277,-20.0264822],[-44.2472556,-20.0260662],[-44.2479557,-20.0258848],[-44.24867,-20.0258466],[-44.2494444,-20.0260238],[-44.2500925,-20.0242817],[-44.250322,-20.0233238],[-44.2502657,-20.0232648],[-44.2516876,-20.0199391],[-44.2518477,-20.0198423],[-44.2525109,-20.0201998],[-44.2527951,-20.020017],[-44.2537282,-20.0192795],[-44.2546563,-20.0179874],[-44.2536424,-20.0177708],[-44.2529868,-20.0174436],[-44.251048,-20.015238]]]}},{"type":"Feature","properties":{"code":"11:3066","name":"Palmeiras","cityCode":"11"},"geometry":{"type":"Polygon","coordinates":[[[-44.0915894,-19.9687727],[-44.0940836,-19.9681514],[-44.0963534,-19.9667251],[-44.0957824,-19.9660039],[-44.0939424,-19.9649474],[-44.093519,-19.9640169],[-44.0922974,-19.9643545],[-44.0912949,-19.964775],[-44.0909016,-19.9650408],[-44.0906798,-19.9652641],[-44.0904976,-19.9656298],[-44.0900932,-19.965789],[-44.0893739,-19.9657792],[-44.088891,-19.9660031],[-44.0886666,-19.9669727],[-44.0888192,-19.967072],[-44.0888859,-19.9673061],[-44.0895886,-19.9679116],[-44.0892626,-19.9681736],[-44.0897015,-19.9684825],[-44.0895279,-19.9687126],[-44.0897895,-19.9690306],[-44.0903596,-19.9691543],[-44.0915894,-19.9687727]]]}},{"type":"Feature","properties":{"code":"11:3086","name":"Palmeiras 2ª Secao","cityCode":"11"},"geometry":{"type":"Polygon","coordinates":[[[-44.0841316,-19.9751611],[-44.0844119,-19.9740311],[-44.0845135,-19.972769],[-44.0844474,-19.9726277],[-44.0845547,-19.9720883],[-44.0847113,-19.9719006],[-44.0849788,-19.9718216],[-44.0853552,-19.9715137],[-44.0855729,-19.9716203],[-44.0859428,-19.9721578],[-44.0869252,-19.9720815],[-44.0866128,-19.9729658],[-44.0869329,-19.9734181],[-44.0875733,-19.973428],[-44.0884095,-19.9737237],[-44.0898317,-19.9736714],[-44.089205,-19.9715828],[-44.0897143,-19.9716736],[-44.0899597,-19.9705483],[-44.0898573,-19.970394],[-44.0888582,-19.9701682],[-44.0891205,-19.9688899],[-44.0897895,-19.9690306],[-44.0895279,-19.9687126],[-44.0897015,-19.9684825],[-44.0892626,-19.9681736],[-44.0895886,-19.9679116],[-44.0888859,-19.9673061],[-44.0887355,-19.9669869],[-44.0886666,-19.9669727],[-44.0884157,-19.9680573],[-44.0820654,-19.9664785],[-44.08153,-19.9667853],[-44.0826422,-19.968244],[-44.0830217,-19.9692813],[-44.0832823,-19.9722731],[-44.0828075,-19.9741333],[-44.0833374,-19.9750677],[-44.08344,-19.9752486],[-44.0841316,-19.9751611]]]}},{"type":"Feature","properties":{"code":"11:3105","name":"Fazenda Do Marimba","cityCode":"11"},"geometry":{"type":"Polygon","coordinates":[[[-44.261429,-19.9270435],[-44.2600006,-19.9282368],[-44.2605481,-19.9281578],[-44.2607899,-19.9280547],[-44.2603033,-19.9299757],[-44.2591095,-19.9326084],[-44.257158,-19.9310908],[-44.2567852,-19.9320228],[-44.2559675,-19.9333264],[-44.2570106,-19.933908],[-44.2581663,-19.9343672],[-44.2584969,-19.9343682],[-44.2592524,-19.9341785],[-44.2600379,-19.9342404],[-44.2607856,-19.9346348],[-44.26113,-19.9349892],[-44.2619684,-19.9347645],[-44.2625267,-19.9347502],[-44.2632443,-19.9349895],[-44.2636632,-19.934878],[-44.2644272,-19.9344518],[-44.2647563,-19.9341806],[-44.2662842,-19.9316788],[-44.2668898,-19.9295423],[-44.2676925,-19.9292099],[-44.2685438,-19.9290268],[-44.2687374,-19.9280448],[-44.2705635,-19.9257639],[-44.2708007,-19.9251692],[-44.2711935,-19.9222964],[-44.2697912,-19.9219072],[-44.2686948,-19.9213808],[-44.2684573,-19.9230284],[-44.2684337,-19.9236936],[-44.268287,-19.9241238],[-44.2675667,-19.9245509],[-44.2673288,-19.9245769],[-44.2669282,-19.9255798],[-44.2669436,-19.9257092],[-44.2667758,-19.9259463],[-44.2667776,-19.9260615],[-44.2663785,-19.9264975],[-44.2663654,-19.9266525],[-44.2655488,-19.926992],[-44.2651269,-19.9268748],[-44.2649251,-19.9270193],[-44.2647544,-19.9273083],[-44.2648271,-19.9279853],[-44.2633431,-19.9271848],[-44.2630419,-19.9271615],[-44.2627495,-19.9272693],[-44.2624551,-19.9272719],[-44.2620425,-19.9272235],[-44.261429,-19.9270435]]]}},{"type":"Feature","properties":{"code":"11:4285","name":"Vargem Do Portugues","cityCode":"11"},"geometry":{"type":"Polygon","coordinates":[[[-44.2461684,-20.0369089],[-44.2457774,-20.0374236],[-44.2445983,-20.0385342],[-44.2443015,-20.03891],[-44.2463613,-20.0389344],[-44.2467264,-20.0371811],[-44.2461684,-20.0369089]]]}},{"type":"Feature","properties":{"code":"11:3125","name":"Itaipava","cityCode":"11"},"geometry":{"type":"Polygon","coordinates":[[[-44.177674,-19.9718953],[-44.1769877,-19.9722955],[-44.1756211,-19.9716946],[-44.176125,-19.9711323],[-44.1750139,-19.9708167],[-44.1742286,-19.9713894],[-44.1739865,-19.972194],[-44.1738167,-19.9724392],[-44.1734806,-19.9725957],[-44.1730548,-19.9725596],[-44.173123,-19.9726742],[-44.1745062,-19.9728038],[-44.1746369,-19.9726051],[-44.174853,-19.9726505],[-44.1750306,-19.9726005],[-44.1752197,-19.9723099],[-44.1751778,-19.9722579],[-44.1747626,-19.9722446],[-44.1745591,-19.972094],[-44.1749032,-19.9718107],[-44.1763265,-19.972445],[-44.176899,-19.9724035],[-44.1773104,-19.972459],[-44.1775556,-19.9727388],[-44.1775119,-19.9730854],[-44.1784446,-19.9731725],[-44.1784328,-19.9726096],[-44.177674,-19.9718953]]]}},{"type":"Feature","properties":{"code":"11:3165","name":"Teixeirinhas - 2ª Secao","cityCode":"11"},"geometry":{"type":"Polygon","coordinates":[[[-44.2059829,-19.9483959],[-44.2055159,-19.9487533],[-44.2057137,-19.9490145],[-44.206595,-19.9497369],[-44.2069749,-19.949538],[-44.2070705,-19.949621],[-44.2071469,-19.9495732],[-44.2072889,-19.9492734],[-44.207615,-19.9491425],[-44.2077422,-19.9489231],[-44.2074533,-19.9486914],[-44.207389,-19.9484909],[-44.2066944,-19.9480471],[-44.2059829,-19.9483959]]]}},{"type":"Feature","properties":{"code":"11:3185","name":"Fazenda Lava Pes","cityCode":"11"},"geometry":{"type":"Polygon","coordinates":[[[-44.1867136,-19.9887023],[-44.1862933,-19.9888402],[-44.1854171,-19.9895736],[-44.1851164,-19.9897199],[-44.1837908,-19.9897221],[-44.1834478,-19.989811],[-44.1830271,-19.9901171],[-44.1828483,-19.9904077],[-44.1827774,-19.9906431],[-44.1848496,-19.9910801],[-44.185484,-19.9913021],[-44.1857232,-19.9914523],[-44.1857305,-19.9915561],[-44.1859831,-19.991606],[-44.1860953,-19.9915369],[-44.1861416,-19.9920478],[-44.1859651,-19.9921084],[-44.1858365,-19.992337],[-44.1854416,-19.9925004],[-44.1854482,-19.9928152],[-44.1850352,-19.9932551],[-44.1848269,-19.9932661],[-44.1847254,-19.9935998],[-44.1846122,-19.9936632],[-44.1845126,-19.9940751],[-44.1841569,-19.9942576],[-44.1841167,-19.9943408],[-44.1843101,-19.9945947],[-44.1842881,-19.994666],[-44.1841731,-19.9949184],[-44.1838449,-19.9952383],[-44.1831592,-19.9971476],[-44.1827142,-19.998063],[-44.1823139,-19.9984473],[-44.1817439,-19.9984994],[-44.1814705,-19.9989087],[-44.1808546,-20.0001438],[-44.1809637,-20.0006584],[-44.1807989,-20.0011077],[-44.1808186,-20.0013469],[-44.1814607,-20.0014384],[-44.1820863,-20.0017306],[-44.1821193,-20.0016718],[-44.1837269,-20.0021903],[-44.1852586,-20.0018177],[-44.1853521,-20.0017644],[-44.1853371,-20.0017001],[-44.1860083,-20.0015804],[-44.1860946,-20.0015689],[-44.1861158,-20.0016796],[-44.1867845,-20.0017569],[-44.1872223,-20.0019134],[-44.1876462,-20.0022319],[-44.188351,-20.0030089],[-44.1884534,-20.0033062],[-44.1887399,-20.0035677],[-44.1892971,-20.0036396],[-44.1894491,-20.0037297],[-44.1897189,-20.003575],[-44.1897963,-20.003302],[-44.1905282,-20.0023644],[-44.1907212,-20.0006639],[-44.1929766,-19.9959459],[-44.1954134,-19.9976975],[-44.196042,-19.9978419],[-44.1969877,-19.9979196],[-44.1980365,-19.9968014],[-44.1948272,-19.9965744],[-44.1953695,-19.9949517],[-44.1938895,-19.9935788],[-44.1938337,-19.9932465],[-44.1936089,-19.9927085],[-44.193445,-19.9925328],[-44.1934183,-19.9923133],[-44.1929773,-19.9919352],[-44.1927854,-19.9914281],[-44.1925848,-19.9911501],[-44.1925765,-19.9901451],[-44.1922952,-19.9900244],[-44.1912431,-19.99002],[-44.1902197,-19.9898424],[-44.187197,-19.9886851],[-44.1867136,-19.9887023]]]}},{"type":"Feature","properties":{"code":"11:3225","name":"Fazenda Candeia","cityCode":"11"},"geometry":{"type":"Polygon","coordinates":[[[-44.1372275,-19.9736366],[-44.1366584,-19.9745114],[-44.1358665,-19.9752581],[-44.1317319,-19.9799515],[-44.1319572,-19.9801015],[-44.1385886,-19.9766468],[-44.1395402,-19.975625],[-44.138619,-19.9741643],[-44.1372275,-19.9736366]]]}},{"type":"Feature","properties":{"code":"11:3245","name":"Pintos-Riacho De Areia Ii","cityCode":"11"},"geometry":{"type":"Polygon","coordinates":[[[-44.1453506,-19.9426444],[-44.1455913,-19.9425667],[-44.1459076,-19.9425855],[-44.1465636,-19.94327],[-44.1473146,-19.9431275],[-44.1475755,-19.9429547],[-44.1475603,-19.9423201],[-44.1474322,-19.9418729],[-44.1470259,-19.9411836],[-44.146661,-19.940851],[-44.1463243,-19.9406229],[-44.145131,-19.9403442],[-44.1441712,-19.9398646],[-44.143823,-19.9397814],[-44.1448477,-19.9422586],[-44.1448353,-19.9423718],[-44.1449442,-19.9424105],[-44.1450374,-19.9425941],[-44.1453506,-19.9426444]]]}},{"type":"Feature","properties":{"code":"11:3486","name":"Kubitschek","cityCode":"11"},"geometry":{"type":"Polygon","coordinates":[[[-44.2193922,-19.9452854],[-44.2186981,-19.945055],[-44.2182407,-19.9447144],[-44.2178769,-19.9443219],[-44.2174214,-19.9436488],[-44.2173619,-19.9431889],[-44.2170279,-19.9426599],[-44.216839,-19.9425768],[-44.2164246,-19.9427233],[-44.2168384,-19.9434174],[-44.2168543,-19.9438167],[-44.2173928,-19.9444907],[-44.2178426,-19.9449523],[-44.2191936,-19.9455122],[-44.2179648,-19.9469708],[-44.2176125,-19.9469693],[-44.2160678,-19.9456256],[-44.2149739,-19.9456207],[-44.2149673,-19.9469573],[-44.2136975,-19.9469517],[-44.2134668,-19.9467147],[-44.2132734,-19.9469944],[-44.2132853,-19.9479795],[-44.2135508,-19.9489756],[-44.2135294,-19.9492408],[-44.2133623,-19.9495793],[-44.2124306,-19.9505454],[-44.2124773,-19.9535726],[-44.2135143,-19.9540848],[-44.2138868,-19.9558348],[-44.214457,-19.9560593],[-44.2147644,-19.9557161],[-44.2151054,-19.9555036],[-44.2154332,-19.9546837],[-44.2164924,-19.9540577],[-44.2169302,-19.9535325],[-44.2168566,-19.9530037],[-44.2171491,-19.9526846],[-44.2157009,-19.9523253],[-44.2155272,-19.9523871],[-44.2158709,-19.9538553],[-44.2148662,-19.9551239],[-44.2144178,-19.9542974],[-44.2145176,-19.9535286],[-44.2136868,-19.9527787],[-44.2147781,-19.9523314],[-44.2152604,-19.9508657],[-44.2143697,-19.9504856],[-44.2149032,-19.9486943],[-44.2180896,-19.9502534],[-44.2168085,-19.9513178],[-44.2171125,-19.9516376],[-44.2172423,-19.951318],[-44.2174487,-19.9511516],[-44.2177534,-19.9510893],[-44.2180492,-19.9504869],[-44.2183322,-19.9503309],[-44.2186376,-19.9503541],[-44.2190277,-19.9500814],[-44.2191037,-19.9494583],[-44.2200471,-19.9493748],[-44.2200169,-19.9490176],[-44.2203071,-19.9487608],[-44.2200356,-19.9484436],[-44.2197914,-19.946005],[-44.2194563,-19.9460439],[-44.2193922,-19.9452854]]]}},{"type":"Feature","properties":{"code":"11:1486","name":"Granja Nove De Julho","cityCode":"11"},"geometry":{"type":"Polygon","coordinates":[[[-44.2246763,-20.0157585],[-44.2242672,-20.0146061],[-44.2250968,-20.0137537],[-44.2240495,-20.013173],[-44.2239708,-20.0133015],[-44.2233507,-20.0129627],[-44.2230373,-20.0126623],[-44.2230863,-20.0125069],[-44.2222711,-20.0116238],[-44.221899,-20.0109588],[-44.2215929,-20.0107562],[-44.2200998,-20.0118132],[-44.2208112,-20.0126638],[-44.2230496,-20.0162051],[-44.2236065,-20.016659],[-44.2247404,-20.01714],[-44.2246763,-20.0157585]]]}},{"type":"Feature","properties":{"code":"11:2805","name":"Aroeira,Lemos E Arranchados","cityCode":"11"},"geometry":{"type":"Polygon","coordinates":[[[-44.2195629,-20.0071429],[-44.2191752,-20.0078515],[-44.2185082,-20.0087118],[-44.2190326,-20.0089528],[-44.2203703,-20.0101854],[-44.2217589,-20.0108198],[-44.2221583,-20.0113541],[-44.2222711,-20.0116238],[-44.2230863,-20.0125069],[-44.2230373,-20.0126623],[-44.2233507,-20.0129627],[-44.2239708,-20.0133015],[-44.2242291,-20.0129818],[-44.2244652,-20.0124545],[-44.2251159,-20.0119757],[-44.2257641,-20.0110812],[-44.2250275,-20.0104113],[-44.2237556,-20.0098926],[-44.2233165,-20.0096428],[-44.2223328,-20.0088193],[-44.2195629,-20.0071429]]]}},{"type":"Feature","properties":{"code":"11:2866","name":"Riacho Da Mata","cityCode":"11"},"geometry":{"type":"Polygon","coordinates":[[[-44.1539409,-20.0251278],[-44.1540019,-20.0257597],[-44.1537533,-20.0259253],[-44.1532566,-20.0258979],[-44.1533592,-20.026222],[-44.1533324,-20.0263776],[-44.1527674,-20.0262389],[-44.1521915,-20.0264419],[-44.1521915,-20.0264419],[-44.1514957,-20.0269361],[-44.1513424,-20.0272798],[-44.1513881,-20.0278417],[-44.1520411,-20.0278879],[-44.1525762,-20.0280796],[-44.1528621,-20.0292774],[-44.152526,-20.0307358],[-44.1541533,-20.0301553],[-44.15548,-20.0303321],[-44.1557518,-20.0302043],[-44.1558864,-20.0299461],[-44.1562507,-20.0298676],[-44.1564646,-20.0298689],[-44.1565189,-20.0298434],[-44.156544,-20.0298694],[-44.1566902,-20.0298704],[-44.1570521,-20.0303962],[-44.1577267,-20.0299997],[-44.1582076,-20.0298479],[-44.1584386,-20.0298145],[-44.1585489,-20.0299382],[-44.1587264,-20.0299249],[-44.158773,-20.0294006],[-44.1582146,-20.0291874],[-44.1581371,-20.0290905],[-44.1582403,-20.0289423],[-44.1581584,-20.0288535],[-44.1581584,-20.0288535],[-44.1578889,-20.0288504],[-44.1576031,-20.0288471],[-44.1575639,-20.0290672],[-44.1574146,-20.0290647],[-44.1572974,-20.0289076],[-44.1573341,-20.0285545],[-44.1574443,-20.0284615],[-44.1574661,-20.0283324],[-44.1572332,-20.0281714],[-44.1572854,-20.0280091],[-44.1575076,-20.0279189],[-44.1575361,-20.0277836],[-44.1575207,-20.0277571],[-44.1575049,-20.0277299],[-44.1572217,-20.0277156],[-44.1571761,-20.0275906],[-44.1572411,-20.0274162],[-44.1575554,-20.0272826],[-44.1558488,-20.0250918],[-44.1539409,-20.0251278]]]}},{"type":"Feature","properties":{"code":"11:2905","name":"Cruzeiro Do Sul - 2ª Secao","cityCode":"11"},"geometry":{"type":"Polygon","coordinates":[[[-44.1722776,-19.9293906],[-44.1720372,-19.9294942],[-44.1719126,-19.9291639],[-44.1717772,-19.9292255],[-44.1717263,-19.9291289],[-44.1719235,-19.9290385],[-44.171847,-19.928834],[-44.1711031,-19.9278084],[-44.1710686,-19.9278495],[-44.1709645,-19.927745],[-44.1707154,-19.9278097],[-44.1706221,-19.9275504],[-44.1704156,-19.9273433],[-44.1697544,-19.9270313],[-44.1691546,-19.9268548],[-44.1684863,-19.9263728],[-44.167122,-19.9263075],[-44.1664608,-19.9262074],[-44.1661347,-19.9262436],[-44.1660377,-19.9266725],[-44.1657722,-19.9271857],[-44.1653835,-19.9276595],[-44.1653389,-19.9279235],[-44.1643091,-19.9287076],[-44.1640924,-19.928972],[-44.1644484,-19.9293073],[-44.1646785,-19.9298684],[-44.1647784,-19.9315678],[-44.1647389,-19.9319661],[-44.1660295,-19.9319242],[-44.1678605,-19.9316817],[-44.1689407,-19.9316483],[-44.1703403,-19.9313875],[-44.1704499,-19.931437],[-44.1704527,-19.9315956],[-44.170828,-19.9321078],[-44.1709279,-19.9320521],[-44.1708954,-19.9321837],[-44.171255,-19.9324529],[-44.1713307,-19.9324373],[-44.1719371,-19.9329823],[-44.1719931,-19.9329288],[-44.1720198,-19.9330203],[-44.1727436,-19.9335857],[-44.1744498,-19.9323298],[-44.1744806,-19.9322037],[-44.1739472,-19.9316259],[-44.1737573,-19.9314847],[-44.1735195,-19.9315009],[-44.1735354,-19.9313684],[-44.1733537,-19.9312132],[-44.1731653,-19.9312191],[-44.1731963,-19.9310281],[-44.1730532,-19.9310009],[-44.1722776,-19.9293906]]]}},{"type":"Feature","properties":{"code":"11:2965","name":"Fazenda Liberatos","cityCode":"11"},"geometry":{"type":"Polygon","coordinates":[[[-44.2047939,-19.9186632],[-44.2039618,-19.9200504],[-44.2082188,-19.9221005],[-44.2130117,-19.9241382],[-44.2135083,-19.9233982],[-44.2138135,-19.9232521],[-44.214074,-19.9227189],[-44.2047939,-19.9186632]]]}},{"type":"Feature","properties":{"code":"11:4266","name":"Teixeirinhas 3ª Seção","cityCode":"11"},"geometry":{"type":"Polygon","coordinates":[[[-44.2090555,-19.943277],[-44.208419,-19.9444861],[-44.2083923,-19.9445829],[-44.2089459,-19.944812],[-44.2091661,-19.9456998],[-44.2092811,-19.9456647],[-44.2113255,-19.9461805],[-44.2120179,-19.946432],[-44.2127747,-19.9469233],[-44.2131964,-19.947079],[-44.2134431,-19.9467172],[-44.2133356,-19.9451039],[-44.2130823,-19.9445435],[-44.2132883,-19.9440098],[-44.2133879,-19.9439005],[-44.2141109,-19.9435708],[-44.2151497,-19.9434237],[-44.2155725,-19.9431496],[-44.2167675,-19.942611],[-44.2118257,-19.940616],[-44.2099481,-19.9431485],[-44.2090555,-19.943277]]]}},{"type":"Feature","properties":{"code":"11:4267","name":"Parada Do Saraiva","cityCode":"11"},"geometry":{"type":"Polygon","coordinates":[[[-44.234001,-19.9318717],[-44.2333461,-19.9326858],[-44.2340273,-19.9330977],[-44.2340303,-19.9325342],[-44.2342754,-19.9318891],[-44.2346949,-19.9314261],[-44.2352532,-19.931126],[-44.2360545,-19.9310185],[-44.23629,-19.931047],[-44.2369221,-19.9313139],[-44.2372067,-19.9311561],[-44.2361957,-19.9297708],[-44.234001,-19.9318717]]]}},{"type":"Feature","properties":{"code":"11:119","name":"Salome","cityCode":"11"},"geometry":{"type":"Polygon","coordinates":[[[-44.2117869,-19.9594321],[-44.2119501,-19.9588677],[-44.2118503,-19.9588202],[-44.212033,-19.9580738],[-44.2116009,-19.9570187],[-44.2096353,-19.9578995],[-44.2089376,-19.9587907],[-44.2082126,-19.9590341],[-44.2071767,-19.9590908],[-44.2059859,-19.9604033],[-44.206008,-19.9606397],[-44.2058999,-19.960841],[-44.2062567,-19.9615848],[-44.206474,-19.961727],[-44.2081035,-19.9613477],[-44.2081408,-19.9613912],[-44.2097447,-19.9609894],[-44.2112246,-19.9597544],[-44.2118388,-19.9594442],[-44.2117869,-19.9594321]]]}},{"type":"Feature","properties":{"code":"11:3945","name":"Jardins Do Vale","cityCode":"11"},"geometry":{"type":"Polygon","coordinates":[[[-44.2134192,-19.9561403],[-44.2130185,-19.9563716],[-44.2128012,-19.9564158],[-44.2124455,-19.9567384],[-44.2124269,-19.9569375],[-44.2116011,-19.9570239],[-44.212033,-19.9580738],[-44.2118503,-19.9588202],[-44.2119501,-19.9588677],[-44.2117869,-19.9594321],[-44.2142191,-19.9590382],[-44.2161186,-19.9579916],[-44.2156736,-19.9574092],[-44.215133,-19.9560341],[-44.2146712,-19.956305],[-44.2144431,-19.9565566],[-44.2144198,-19.956696],[-44.2140104,-19.956678],[-44.213881,-19.9564833],[-44.213659,-19.9565595],[-44.2135402,-19.9564692],[-44.2134192,-19.9561403]]]}},{"type":"Feature","properties":{"code":"11:3965","name":"Coqueiros","cityCode":"11"},"geometry":{"type":"Polygon","coordinates":[[[-44.1861158,-20.0016796],[-44.1860946,-20.0015689],[-44.1853371,-20.0017001],[-44.1853521,-20.0017644],[-44.1852586,-20.0018177],[-44.184469,-20.0019721],[-44.1840549,-20.0021529],[-44.1837269,-20.0021903],[-44.1831512,-20.0020348],[-44.1829296,-20.0025883],[-44.1836063,-20.0028065],[-44.1841219,-20.0027876],[-44.1858995,-20.0023692],[-44.1860202,-20.0021223],[-44.1861463,-20.0021858],[-44.1866702,-20.0017303],[-44.1861158,-20.0016796]]]}},{"type":"Feature","properties":{"code":"11:3985","name":"Acude","cityCode":"11"},"geometry":{"type":"Polygon","coordinates":[[[-44.2399205,-19.9474795],[-44.2399775,-19.9466275],[-44.2401702,-19.9457602],[-44.2402844,-19.9442165],[-44.2402494,-19.9437713],[-44.2400911,-19.943187],[-44.2401588,-19.9427987],[-44.2398936,-19.9427398],[-44.2398781,-19.9419399],[-44.2402937,-19.9412231],[-44.2404632,-19.9411313],[-44.2419299,-19.9411309],[-44.2430065,-19.9408216],[-44.2415517,-19.94027],[-44.2404448,-19.9401232],[-44.2349767,-19.9403753],[-44.2343619,-19.9405183],[-44.2337754,-19.9408489],[-44.2334101,-19.9412144],[-44.2331783,-19.941586],[-44.2329782,-19.9424231],[-44.2335914,-19.9465831],[-44.2343568,-19.9466205],[-44.2351571,-19.9470703],[-44.2363358,-19.9464491],[-44.2366635,-19.9470103],[-44.2370034,-19.9469988],[-44.2399205,-19.9474795]]]}},{"type":"Feature","properties":{"code":"11:4045","name":"Sitio Mangueira","cityCode":"11"},"geometry":{"type":"Polygon","coordinates":[[[-44.1767591,-20.0222679],[-44.1717683,-20.0220494],[-44.1756297,-20.0240504],[-44.1767591,-20.0222679]]]}},{"type":"Feature","properties":{"code":"11:4065","name":"Aliança","cityCode":"11"},"geometry":{"type":"Polygon","coordinates":[[[-44.1575765,-20.0046893],[-44.1582319,-20.0058335],[-44.1595849,-20.005549],[-44.1589624,-20.0026527],[-44.1575765,-20.0046893]]]}},{"type":"Feature","properties":{"code":"11:4086","name":"Macedo","cityCode":"11"},"geometry":{"type":"Polygon","coordinates":[[[-44.2786024,-19.9647126],[-44.2780968,-19.9652579],[-44.2784107,-19.9653591],[-44.2785107,-19.9655139],[-44.27842,-19.9656085],[-44.2783827,-19.9658272],[-44.2772619,-19.9666469],[-44.2763088,-19.9669748],[-44.2760036,-19.9668731],[-44.2756309,-19.9663027],[-44.2755323,-19.9665235],[-44.2757556,-19.9670643],[-44.2759742,-19.9672578],[-44.2763791,-19.9674272],[-44.2768226,-19.9673288],[-44.2774679,-19.9673271],[-44.2790691,-19.9669061],[-44.2796695,-19.9666495],[-44.2799593,-19.9663404],[-44.2800168,-19.9661303],[-44.2803918,-19.9655411],[-44.2804233,-19.9649347],[-44.2808332,-19.9643459],[-44.2805733,-19.9631642],[-44.2786024,-19.9647126]]]}},{"type":"Feature","properties":{"code":"11:4107","name":"Distrito Industrial Barreiro De Cima Sul","cityCode":"11"},"geometry":{"type":"Polygon","coordinates":[[[-44.0896687,-19.9595453],[-44.0888899,-19.9596419],[-44.0888793,-19.9595457],[-44.0867282,-19.9597398],[-44.0867273,-19.9599218],[-44.0826906,-19.9600623],[-44.0818233,-19.9598491],[-44.0803655,-19.9618204],[-44.0802502,-19.9621701],[-44.0804696,-19.9633427],[-44.0806356,-19.963596],[-44.080956,-19.9638518],[-44.0809435,-19.9639375],[-44.0815305,-19.964855],[-44.0814188,-19.9652019],[-44.0810503,-19.9658073],[-44.0811723,-19.9661735],[-44.0820654,-19.9664785],[-44.0881805,-19.9679988],[-44.0882814,-19.9660749],[-44.0911932,-19.9593887],[-44.0910766,-19.9593464],[-44.0910893,-19.959037],[-44.0896687,-19.9595453]]]}},{"type":"Feature","properties":{"code":"11:4125","name":"Fazenda Do Imbirussu","cityCode":"11"},"geometry":{"type":"Polygon","coordinates":[[[-44.0921092,-19.9377263],[-44.0919881,-19.9377794],[-44.0918553,-19.9377227],[-44.0916371,-19.9374054],[-44.0908958,-19.9369705],[-44.0896997,-19.9366323],[-44.0900661,-19.9357766],[-44.0904616,-19.9343872],[-44.0888434,-19.934617],[-44.0865283,-19.9346353],[-44.0855367,-19.9348276],[-44.0857029,-19.9350636],[-44.0875063,-19.9354767],[-44.0879578,-19.9357655],[-44.0882673,-19.9361279],[-44.0884983,-19.9367526],[-44.0883409,-19.938941],[-44.0883922,-19.9392833],[-44.0886637,-19.9397691],[-44.089239,-19.9401881],[-44.0897009,-19.9403113],[-44.0900393,-19.9402966],[-44.0905185,-19.9401498],[-44.0908096,-19.9399729],[-44.0911612,-19.9395628],[-44.091659,-19.938599],[-44.0920855,-19.9382277],[-44.0923699,-19.9381452],[-44.0922728,-19.9378098],[-44.0921092,-19.9377263]]]}},{"type":"Feature","properties":{"code":"11:5506","name":"Fazenda Das Aroeiras","cityCode":"11"},"geometry":{"type":"Polygon","coordinates":[[[-44.2266718,-20.0070978],[-44.2271455,-20.0069995],[-44.2276742,-20.0072278],[-44.2279067,-20.0072349],[-44.2284391,-20.0060451],[-44.2272689,-20.0055857],[-44.2266718,-20.0070978]]]}},{"type":"Feature","properties":{"code":"11:4145","name":"Varzea Das Flores","cityCode":"11"},"geometry":{"type":"Polygon","coordinates":[[[-44.1703319,-19.916304],[-44.1708489,-19.9166231],[-44.1719009,-19.9169718],[-44.1723775,-19.9172169],[-44.1728466,-19.9177037],[-44.1733835,-19.9186057],[-44.17352,-19.9186696],[-44.1778173,-19.920002],[-44.1778967,-19.9198556],[-44.1782723,-19.9197408],[-44.178374,-19.9196413],[-44.1786707,-19.9191242],[-44.1787433,-19.9189145],[-44.1786641,-19.9188484],[-44.1785908,-19.9190207],[-44.1780253,-19.9190079],[-44.1771793,-19.9191154],[-44.1768019,-19.9189634],[-44.1765602,-19.918704],[-44.1768968,-19.9176434],[-44.1761692,-19.9174221],[-44.1756164,-19.9168781],[-44.1757878,-19.9165939],[-44.1757287,-19.9164263],[-44.1744123,-19.9144474],[-44.1738156,-19.9131338],[-44.1736512,-19.9123722],[-44.1734005,-19.9122093],[-44.1728183,-19.9112412],[-44.1727627,-19.9117404],[-44.1707906,-19.9145036],[-44.1707436,-19.9154536],[-44.1703319,-19.916304]]]}},{"type":"Feature","properties":{"code":"11:29","name":"Lucilio Luiz De Menezes","cityCode":"11"},"geometry":{"type":"Polygon","coordinates":[[[-44.2267858,-20.024854],[-44.2264969,-20.0243837],[-44.2261597,-20.0242806],[-44.2257547,-20.0243949],[-44.225441,-20.0243798],[-44.2249914,-20.0240809],[-44.2246794,-20.0240607],[-44.2244877,-20.0239152],[-44.2241742,-20.0240433],[-44.2239543,-20.0236677],[-44.2220672,-20.0241905],[-44.2225033,-20.0245757],[-44.2230841,-20.0247104],[-44.2233115,-20.0249873],[-44.2227011,-20.0253008],[-44.2222374,-20.0256955],[-44.222513,-20.0261068],[-44.2228078,-20.0263864],[-44.2247617,-20.0261663],[-44.2263469,-20.02528],[-44.2263654,-20.0249671],[-44.2267858,-20.024854]]]}},{"type":"Feature","properties":{"code":"11:4286","name":"Riacho De Areia Ii","cityCode":"11"},"geometry":{"type":"Polygon","coordinates":[[[-44.1465636,-19.94327],[-44.1459076,-19.9425855],[-44.1455913,-19.9425667],[-44.1453506,-19.9426444],[-44.1451047,-19.9426034],[-44.145203,-19.9437001],[-44.1472614,-19.943531],[-44.1473146,-19.9431275],[-44.1465636,-19.94327]]]}},{"type":"Feature","properties":{"code":"11:4305","name":"Fazenda Cachoeira E Boa Vista","cityCode":"11"},"geometry":{"type":"Polygon","coordinates":[[[-44.2102181,-19.98088],[-44.210039,-19.9807794],[-44.2097433,-19.9811767],[-44.20935,-19.9813498],[-44.2092506,-19.9815484],[-44.2092183,-19.9822128],[-44.2089966,-19.9825031],[-44.2090554,-19.9827465],[-44.209224,-19.982754],[-44.2106594,-19.9814166],[-44.2102181,-19.98088]]]}},{"type":"Feature","properties":{"code":"11:5466","name":"Morro Vermelho","cityCode":"11"},"geometry":{"type":"Polygon","coordinates":[[[-44.0942348,-19.932729],[-44.095364,-19.9342964],[-44.096206,-19.9336052],[-44.0958086,-19.9328311],[-44.0952407,-19.932035],[-44.0942348,-19.932729]]]}},{"type":"Feature","properties":{"code":"11:3605","name":"Modulo Anturio","cityCode":"11"},"geometry":{"type":"Polygon","coordinates":[[[-44.2160835,-19.8785793],[-44.217271,-19.8802803],[-44.2181405,-19.8796914],[-44.2171724,-19.8784123],[-44.2166205,-19.8785615],[-44.2160835,-19.8785793]]]}},{"type":"Feature","properties":{"code":"11:3607","name":"Modulo Rosa","cityCode":"11"},"geometry":{"type":"Polygon","coordinates":[[[-44.2150006,-19.8797217],[-44.215111,-19.8798135],[-44.2153667,-19.8814822],[-44.2163535,-19.8811295],[-44.215783,-19.8798813],[-44.2158471,-19.8793482],[-44.2160835,-19.8785793],[-44.2150006,-19.8797217]]]}},{"type":"Feature","properties":{"code":"11:3626","name":"Estreito","cityCode":"11"},"geometry":{"type":"Polygon","coordinates":[[[-44.1390281,-19.9292995],[-44.1391202,-19.9293731],[-44.1400049,-19.9286783],[-44.140334,-19.9281777],[-44.1397929,-19.9276728],[-44.1391141,-19.9275089],[-44.1386523,-19.9265193],[-44.1372447,-19.9265461],[-44.1370189,-19.9267167],[-44.135595,-19.9268155],[-44.1344818,-19.9266],[-44.1321927,-19.9266447],[-44.1328381,-19.9270405],[-44.1335826,-19.9277645],[-44.1341291,-19.927854],[-44.1347301,-19.9276963],[-44.1358576,-19.9285298],[-44.1367921,-19.9287179],[-44.1385315,-19.9288018],[-44.1390153,-19.9293564],[-44.1390281,-19.9292995]]]}},{"type":"Feature","properties":{"code":"11:3645","name":"Gorduras","cityCode":"11"},"geometry":{"type":"Polygon","coordinates":[[[-44.207182,-20.0215274],[-44.2070122,-20.0212622],[-44.2066427,-20.0208518],[-44.2056181,-20.0202521],[-44.2046376,-20.0198182],[-44.2045199,-20.0194409],[-44.1983598,-20.0216605],[-44.1980903,-20.0272488],[-44.1985304,-20.0297183],[-44.1979241,-20.0296765],[-44.1929623,-20.0299153],[-44.19292,-20.0309523],[-44.1930388,-20.031267],[-44.1935902,-20.0320805],[-44.1944141,-20.0319566],[-44.1947227,-20.0320674],[-44.1953036,-20.0319519],[-44.1955959,-20.0315571],[-44.1958452,-20.0317914],[-44.1961995,-20.0317846],[-44.1966584,-20.0315871],[-44.1971658,-20.0321094],[-44.19708,-20.0322597],[-44.1972001,-20.0323135],[-44.1972277,-20.0325781],[-44.1967913,-20.0328101],[-44.196263,-20.0355696],[-44.1959415,-20.0366565],[-44.1958869,-20.0366514],[-44.1959169,-20.0386079],[-44.1960014,-20.0388617],[-44.1963927,-20.0390893],[-44.1973223,-20.0400221],[-44.1977211,-20.040307],[-44.1988074,-20.0406061],[-44.198913,-20.0411991],[-44.1986845,-20.0415525],[-44.1986361,-20.0417974],[-44.1987234,-20.0419127],[-44.2004148,-20.0400947],[-44.200768,-20.0399117],[-44.2015983,-20.039711],[-44.2020738,-20.0398052],[-44.2037114,-20.040866],[-44.2042662,-20.0410218],[-44.204915,-20.0387867],[-44.2063098,-20.0387474],[-44.2066853,-20.0386087],[-44.206598,-20.0383447],[-44.2068068,-20.0382363],[-44.2067305,-20.0379388],[-44.2067984,-20.037905],[-44.2068591,-20.0380175],[-44.206994,-20.0377097],[-44.2073976,-20.0374829],[-44.2074594,-20.0376022],[-44.2075075,-20.0374718],[-44.2076667,-20.0374058],[-44.2080354,-20.0375197],[-44.2080146,-20.0373335],[-44.2076398,-20.0369165],[-44.2073767,-20.036394],[-44.2064851,-20.0358088],[-44.2062065,-20.0356809],[-44.2055733,-20.035549],[-44.2053279,-20.0349503],[-44.2055217,-20.0345723],[-44.2057702,-20.0344011],[-44.2059904,-20.0344112],[-44.2063071,-20.0341776],[-44.2062702,-20.0339064],[-44.2059739,-20.0338783],[-44.2059658,-20.0335888],[-44.2062818,-20.0335731],[-44.2062925,-20.0332649],[-44.2064903,-20.0329901],[-44.2060278,-20.0326672],[-44.2062597,-20.0321805],[-44.2056295,-20.032024],[-44.2052193,-20.0318415],[-44.2055167,-20.031635],[-44.2057572,-20.0313471],[-44.2057399,-20.0308273],[-44.205595,-20.0302097],[-44.2053996,-20.0302158],[-44.2054338,-20.0299685],[-44.2058714,-20.0292536],[-44.2062603,-20.029296],[-44.2066918,-20.0286928],[-44.2056725,-20.0280171],[-44.2059053,-20.0277759],[-44.2054693,-20.0275563],[-44.2047298,-20.0274193],[-44.2043037,-20.0275904],[-44.2040937,-20.0275147],[-44.2042496,-20.0269435],[-44.2043996,-20.0268079],[-44.2059665,-20.0261369],[-44.2060002,-20.025855],[-44.2055903,-20.0251126],[-44.2056167,-20.0247077],[-44.2058933,-20.0241247],[-44.2063459,-20.0238043],[-44.2067325,-20.0233569],[-44.2069907,-20.0228513],[-44.207182,-20.0215274]]]}},{"type":"Feature","properties":{"code":"11:3671","name":"Serra Negra","cityCode":"11"},"geometry":{"type":"Polygon","coordinates":[[[-44.1975401,-19.8566814],[-44.1962124,-19.8556751],[-44.195443,-19.8553391],[-44.1950559,-19.8555392],[-44.1950967,-19.8557768],[-44.1949722,-19.8559933],[-44.1944652,-19.8563027],[-44.1937001,-19.8571589],[-44.1935081,-19.8574794],[-44.1932533,-19.8585814],[-44.1932713,-19.8596616],[-44.1931595,-19.8607476],[-44.192943,-19.8611193],[-44.1931831,-19.8615814],[-44.1939711,-19.8621724],[-44.1944441,-19.8623959],[-44.1950726,-19.8631912],[-44.1953198,-19.8636453],[-44.1957419,-19.8635904],[-44.1960324,-19.8636822],[-44.1963585,-19.8639561],[-44.1966133,-19.8640697],[-44.196844,-19.864655],[-44.1959521,-19.8653075],[-44.1935277,-19.8654544],[-44.1919552,-19.8651443],[-44.1898431,-19.8648471],[-44.1890118,-19.8654139],[-44.1888977,-19.8658392],[-44.18917,-19.8659711],[-44.1891714,-19.8660428],[-44.1888325,-19.8661805],[-44.1886663,-19.8664376],[-44.188522,-19.866445],[-44.188367,-19.866768],[-44.1879413,-19.8671272],[-44.1886453,-19.8678055],[-44.1887035,-19.8680088],[-44.1891092,-19.8682955],[-44.1899352,-19.8692738],[-44.1903006,-19.8699586],[-44.1915997,-19.8713365],[-44.1920868,-19.8717144],[-44.1942409,-19.8714253],[-44.1964422,-19.8712799],[-44.1964825,-19.8707964],[-44.1968614,-19.8700551],[-44.1974327,-19.8694211],[-44.1977864,-19.8692921],[-44.1992149,-19.8691163],[-44.1992641,-19.8660201],[-44.1994501,-19.86553],[-44.199535,-19.8648707],[-44.1992316,-19.864037],[-44.1990562,-19.8638666],[-44.1994435,-19.863499],[-44.2004904,-19.8613237],[-44.2024442,-19.8601896],[-44.202566,-19.8596614],[-44.2014008,-19.85809],[-44.1999808,-19.8583609],[-44.1975401,-19.8566814]]]}},{"type":"Feature","properties":{"code":"11:3690","name":"Liberatos","cityCode":"11"},"geometry":{"type":"Polygon","coordinates":[[[-44.2171388,-19.9147957],[-44.2180485,-19.9146749],[-44.2171451,-19.9134576],[-44.2167836,-19.913088],[-44.2164528,-19.9134209],[-44.217134,-19.9143597],[-44.2169304,-19.9146858],[-44.2171388,-19.9147957]]]}},{"type":"Feature","properties":{"code":"11:3706","name":"Distrito Industrial Aliança","cityCode":"11"},"geometry":{"type":"Polygon","coordinates":[[[-44.1568352,-20.0082298],[-44.1573098,-20.0075718],[-44.1565189,-20.0060741],[-44.1555276,-20.0069244],[-44.154681,-20.0071389],[-44.1545251,-20.0071453],[-44.1529729,-20.0065779],[-44.1524707,-20.006867],[-44.1522335,-20.007115],[-44.1518072,-20.0080643],[-44.1509484,-20.0088636],[-44.1512728,-20.009108],[-44.1522424,-20.0115193],[-44.15254,-20.0116705],[-44.1537767,-20.0118353],[-44.1549431,-20.0123109],[-44.1552961,-20.012343],[-44.1556418,-20.0122793],[-44.1583344,-20.0112863],[-44.1578692,-20.0104879],[-44.1568352,-20.0082298]]]}},{"type":"Feature","properties":{"code":"11:3725","name":"Imbirussu","cityCode":"11"},"geometry":{"type":"Polygon","coordinates":[[[-44.1058471,-19.9379297],[-44.1061667,-19.9384424],[-44.108006,-19.9373298],[-44.1067862,-19.937414],[-44.1058471,-19.9379297]]]}},{"type":"Feature","properties":{"code":"11:3765","name":"Quintas Da Gentileza","cityCode":"11"},"geometry":{"type":"Polygon","coordinates":[[[-44.2573013,-19.9258896],[-44.256949,-19.9257997],[-44.2565885,-19.9261344],[-44.2563364,-19.9262668],[-44.2561836,-19.92649],[-44.2557126,-19.9265301],[-44.2555494,-19.9267196],[-44.2556005,-19.9270213],[-44.2553722,-19.9271398],[-44.2573484,-19.9268436],[-44.2573777,-19.9263809],[-44.257654,-19.9259375],[-44.2577115,-19.9257168],[-44.2577894,-19.9244],[-44.2574646,-19.9243973],[-44.2566946,-19.9251643],[-44.2573013,-19.9258896]]]}},{"type":"Feature","properties":{"code":"11:3805","name":"Aroeiras","cityCode":"11"},"geometry":{"type":"Polygon","coordinates":[[[-44.2296311,-19.9819547],[-44.2296641,-19.9818922],[-44.2258628,-19.9802003],[-44.2256671,-19.9805908],[-44.2256357,-19.9808384],[-44.2253374,-19.9813258],[-44.2253856,-19.9814459],[-44.2253274,-19.9815754],[-44.225481,-19.9818069],[-44.2254134,-19.9818864],[-44.2254425,-19.9820747],[-44.2251928,-19.9821803],[-44.2252518,-19.9826242],[-44.225711,-19.9827423],[-44.2256,-19.982891],[-44.225665,-19.9830422],[-44.2255917,-19.9830885],[-44.2251847,-19.9830481],[-44.2251546,-19.9831889],[-44.2250102,-19.983113],[-44.2249781,-19.9833772],[-44.2250664,-19.9833908],[-44.2251009,-19.9835136],[-44.2248989,-19.9835948],[-44.224839,-19.9835166],[-44.2247338,-19.9836529],[-44.2246393,-19.9836509],[-44.224607,-19.9837989],[-44.2244852,-19.9838926],[-44.2278602,-19.9842044],[-44.2295417,-19.9846531],[-44.229822,-19.9840263],[-44.230245,-19.9835345],[-44.2312194,-19.982662],[-44.2296311,-19.9819547]]]}},{"type":"Feature","properties":{"code":"11:842","name":"Conjunto Habitacional Dicalino Cabral","cityCode":"11"},"geometry":{"type":"Polygon","coordinates":[[[-44.2256528,-20.0211706],[-44.2260704,-20.0210125],[-44.2260387,-20.0209229],[-44.2264439,-20.0203488],[-44.2268385,-20.0188031],[-44.2255934,-20.0182916],[-44.2231468,-20.0208448],[-44.2210762,-20.0213126],[-44.2212223,-20.0233406],[-44.2216283,-20.0232798],[-44.2216508,-20.0233492],[-44.2218186,-20.0233658],[-44.2218936,-20.0232099],[-44.2223594,-20.0230085],[-44.2228958,-20.0229076],[-44.2238813,-20.0225643],[-44.2242252,-20.0224107],[-44.224193,-20.0223307],[-44.2243427,-20.0221895],[-44.2256528,-20.0211706]]]}},{"type":"Feature","properties":{"code":"11:3845","name":"Fazenda Bau","cityCode":"11"},"geometry":{"type":"Polygon","coordinates":[[[-44.2251053,-19.9824994],[-44.225038,-19.9822481],[-44.2252319,-19.9820376],[-44.2251144,-19.9813174],[-44.225574,-19.9802005],[-44.2217314,-19.9786143],[-44.2215635,-19.9785563],[-44.2206333,-19.9785669],[-44.2202009,-19.9786453],[-44.2165989,-19.9795782],[-44.2164586,-19.982322],[-44.2171937,-19.9838423],[-44.2137559,-19.985749],[-44.2126865,-19.9889357],[-44.2149316,-19.9887289],[-44.2149096,-19.9931587],[-44.2246212,-19.9932014],[-44.2246362,-19.9929863],[-44.2243404,-19.9926133],[-44.2241832,-19.9922444],[-44.2239606,-19.9921145],[-44.223526,-19.9915398],[-44.2235183,-19.9909425],[-44.2232797,-19.9906042],[-44.2230618,-19.9904452],[-44.2229107,-19.9900451],[-44.2224086,-19.9898264],[-44.2222654,-19.9895551],[-44.2218727,-19.9893],[-44.2218362,-19.9891328],[-44.2219718,-19.9889168],[-44.2218434,-19.9886715],[-44.2218449,-19.9883631],[-44.2221,-19.9882031],[-44.2224336,-19.987547],[-44.2226909,-19.9874467],[-44.2228012,-19.9869911],[-44.2231088,-19.9867523],[-44.2233098,-19.9867091],[-44.223388,-19.9863953],[-44.2232857,-19.9861616],[-44.2233621,-19.9855473],[-44.2235973,-19.9849424],[-44.2238118,-19.9848785],[-44.2238614,-19.9847064],[-44.224489,-19.9839925],[-44.2245452,-19.9838976],[-44.2244852,-19.9838926],[-44.2246786,-19.9836532],[-44.224783,-19.9832621],[-44.2250753,-19.9830618],[-44.2254234,-19.9830665],[-44.2255318,-19.9827785],[-44.2251053,-19.9824994]]]}},{"type":"Feature","properties":{"code":"11:3885","name":"Fazenda Do Quebra","cityCode":"11"},"geometry":{"type":"Polygon","coordinates":[[[-44.1253166,-19.9928823],[-44.1246931,-19.9929468],[-44.1242731,-19.9928709],[-44.1209191,-19.9937568],[-44.1187821,-19.994593],[-44.119028,-19.9939691],[-44.1187495,-19.9937697],[-44.1178628,-19.9941517],[-44.1177681,-19.9946929],[-44.1176697,-19.9948564],[-44.1177262,-19.9955412],[-44.1194924,-19.9961062],[-44.1189009,-19.9977586],[-44.1209298,-19.9986827],[-44.1216765,-19.9994151],[-44.1210399,-19.9998157],[-44.1217586,-20.0011475],[-44.1281824,-20.000043],[-44.1273067,-19.9970191],[-44.1265105,-19.9932163],[-44.1255016,-19.9930431],[-44.1253166,-19.9928823]]]}},{"type":"Feature","properties":{"code":"11:3925","name":"Sitio Regina","cityCode":"11"},"geometry":{"type":"Polygon","coordinates":[[[-44.2343683,-20.028952],[-44.2325233,-20.0298383],[-44.2323148,-20.0294629],[-44.2319511,-20.0296319],[-44.2313924,-20.0297377],[-44.2313864,-20.0304729],[-44.2310794,-20.0306251],[-44.2311884,-20.0308727],[-44.2313982,-20.0310634],[-44.2315116,-20.0315925],[-44.2318248,-20.0319486],[-44.2319281,-20.0318073],[-44.2322915,-20.0316755],[-44.2326851,-20.0317718],[-44.2327066,-20.0319268],[-44.2325126,-20.0319074],[-44.2324187,-20.0319875],[-44.2346379,-20.0321538],[-44.2347447,-20.0309896],[-44.2351782,-20.0299265],[-44.2343683,-20.028952]]]}},{"type":"Feature","properties":{"code":"11:19","name":"Jardim California","cityCode":"11"},"geometry":{"type":"Polygon","coordinates":[[[-44.109919,-19.947081],[-44.1105438,-19.9470841],[-44.1113232,-19.946967],[-44.111765,-19.9466757],[-44.1120595,-19.9463677],[-44.1123747,-19.9462191],[-44.113831,-19.9459967],[-44.1134619,-19.945227],[-44.1133476,-19.9451845],[-44.1131749,-19.9449597],[-44.1131022,-19.9446942],[-44.1128275,-19.9442303],[-44.1132035,-19.9441815],[-44.1128209,-19.9434275],[-44.1109995,-19.9433636],[-44.1099102,-19.9440187],[-44.1089118,-19.9447284],[-44.1088031,-19.9448359],[-44.1097604,-19.9449542],[-44.109802,-19.9450844],[-44.1095382,-19.9453137],[-44.1099483,-19.9454854],[-44.1100769,-19.9456346],[-44.1101379,-19.9458783],[-44.1086074,-19.9465782],[-44.1085459,-19.9467011],[-44.1090487,-19.9469325],[-44.109919,-19.947081]]]}},{"type":"Feature","properties":{"code":"11:4447","name":"Fazenda Liberatos 2ª Secao","cityCode":"11"},"geometry":{"type":"Polygon","coordinates":[[[-44.2138672,-19.9322088],[-44.2137592,-19.931615],[-44.2130902,-19.9306088],[-44.2115985,-19.9305487],[-44.2116435,-19.9295431],[-44.2118858,-19.9288912],[-44.2123732,-19.928138],[-44.2121931,-19.9278073],[-44.2119367,-19.9279854],[-44.2118601,-19.927925],[-44.2119769,-19.9277192],[-44.211431,-19.9276748],[-44.2111563,-19.9277267],[-44.2107587,-19.9280318],[-44.2103058,-19.9280864],[-44.2101706,-19.9290967],[-44.2102911,-19.9297926],[-44.2102364,-19.930592],[-44.209812,-19.9315522],[-44.2096199,-19.932224],[-44.2092775,-19.9325954],[-44.2089876,-19.9326938],[-44.2094355,-19.9327126],[-44.2102481,-19.9331069],[-44.2106009,-19.932962],[-44.2107919,-19.9326072],[-44.2140867,-19.9325559],[-44.2138672,-19.9322088]]]}},{"type":"Feature","properties":{"code":"11:4465","name":"Fazenda Imbiruçu","cityCode":"11"},"geometry":{"type":"Polygon","coordinates":[[[-44.0997461,-19.9396811],[-44.0994851,-19.9395381],[-44.0992251,-19.9397582],[-44.0993368,-19.9399255],[-44.0992793,-19.9400076],[-44.0990205,-19.9401869],[-44.0987719,-19.9400253],[-44.0985982,-19.9397788],[-44.098207,-19.9401224],[-44.0990432,-19.9406413],[-44.0991873,-19.940862],[-44.0993979,-19.9407053],[-44.0993961,-19.9403271],[-44.0996019,-19.9402286],[-44.1003551,-19.939986],[-44.100499,-19.9401594],[-44.1011459,-19.940439],[-44.1014286,-19.9402719],[-44.1015236,-19.9400917],[-44.1014824,-19.9399085],[-44.1010707,-19.9397086],[-44.1002582,-19.9395007],[-44.0998069,-19.939505],[-44.0997461,-19.9396811]]]}},{"type":"Feature","properties":{"code":"11:4485","name":"Fazenda Piedade","cityCode":"11"},"geometry":{"type":"Polygon","coordinates":[[[-44.1700464,-19.9833427],[-44.1684075,-19.9815756],[-44.1680188,-19.9818887],[-44.1675219,-19.9825087],[-44.1669779,-19.9835471],[-44.1666373,-19.9837476],[-44.1667586,-19.9838676],[-44.1667214,-19.98394],[-44.1689543,-19.9855627],[-44.1696076,-19.9859322],[-44.1700693,-19.9860958],[-44.1703213,-19.9861445],[-44.1714341,-19.985407],[-44.1700464,-19.9833427]]]}},{"type":"Feature","properties":{"code":"11:195","name":"Renascer","cityCode":"11"},"geometry":{"type":"Polygon","coordinates":[[[-44.0929289,-19.9456193],[-44.0927834,-19.946343],[-44.0928254,-19.9468819],[-44.0926946,-19.947448],[-44.0922724,-19.9480128],[-44.0915119,-19.9485758],[-44.0910795,-19.9491136],[-44.0918068,-19.9496513],[-44.0924967,-19.9497753],[-44.0932908,-19.949792],[-44.0943603,-19.9494516],[-44.0944296,-19.9493267],[-44.0955691,-19.9490259],[-44.0964148,-19.9490899],[-44.0964703,-19.9491595],[-44.0965826,-19.9491217],[-44.0998078,-19.9435312],[-44.0983287,-19.9419952],[-44.0975697,-19.9409664],[-44.097256,-19.9411735],[-44.0963064,-19.9412502],[-44.0958117,-19.9414376],[-44.095417,-19.9416798],[-44.0955566,-19.9418878],[-44.0946671,-19.9423643],[-44.094078,-19.943004],[-44.0938146,-19.9434643],[-44.0936726,-19.9446695],[-44.0929289,-19.9456193]]]}},{"type":"Feature","properties":{"code":"11:4765","name":"Sao Salvador 2ª Secao","cityCode":"11"},"geometry":{"type":"Polygon","coordinates":[[[-44.2242252,-20.0224107],[-44.2235646,-20.0227035],[-44.2223594,-20.0230085],[-44.2218936,-20.0232099],[-44.2218186,-20.0233658],[-44.2216508,-20.0233492],[-44.2216897,-20.0234671],[-44.2217857,-20.0234834],[-44.2219782,-20.0241665],[-44.2223677,-20.0241267],[-44.2239543,-20.0236677],[-44.2239839,-20.0237126],[-44.2249818,-20.0230345],[-44.2242332,-20.0223039],[-44.2242252,-20.0224107]]]}},{"type":"Feature","properties":{"code":"11:93","name":"Jardim Brasilia","cityCode":"11"},"geometry":{"type":"Polygon","coordinates":[[[-44.1898567,-19.9531705],[-44.1901446,-19.9526137],[-44.191134,-19.951212],[-44.1919634,-19.9504676],[-44.1919383,-19.9492489],[-44.1926013,-19.9489583],[-44.1927363,-19.9486693],[-44.1894381,-19.9470931],[-44.1888152,-19.9465555],[-44.1888906,-19.9467802],[-44.1889618,-19.9493009],[-44.1882592,-19.949314],[-44.1883082,-19.9500218],[-44.1886487,-19.9500017],[-44.1887473,-19.9515169],[-44.1890885,-19.9514962],[-44.1891095,-19.9517882],[-44.1859894,-19.9519593],[-44.1857319,-19.9515734],[-44.1851973,-19.9510314],[-44.1847777,-19.9519701],[-44.1829155,-19.9522997],[-44.1825708,-19.9524756],[-44.1822811,-19.9525262],[-44.1832079,-19.9536246],[-44.1837278,-19.9550761],[-44.1838775,-19.9552113],[-44.1841455,-19.9558349],[-44.1843377,-19.9560949],[-44.1844437,-19.9566056],[-44.1846381,-19.9569181],[-44.1846678,-19.9576926],[-44.1847495,-19.9579869],[-44.1854746,-19.9585228],[-44.1857343,-19.9586202],[-44.186531,-19.9584258],[-44.1876296,-19.9584112],[-44.1880088,-19.9585301],[-44.1874425,-19.9577853],[-44.1873189,-19.9573213],[-44.187576,-19.9569546],[-44.1879825,-19.9567456],[-44.1881493,-19.9564794],[-44.1881559,-19.9562816],[-44.1870979,-19.9540845],[-44.1879127,-19.9533703],[-44.1895879,-19.9532767],[-44.1896139,-19.9531938],[-44.1898567,-19.9531705]]]}},{"type":"Feature","properties":{"code":"11:114","name":"Jardim Da Cidade","cityCode":"11"},"geometry":{"type":"Polygon","coordinates":[[[-44.1967391,-19.9591006],[-44.1968292,-19.959336],[-44.195728,-19.9596668],[-44.1956654,-19.9594664],[-44.1948472,-19.9593543],[-44.1941707,-19.9588846],[-44.1938317,-19.9595136],[-44.1933477,-19.9600478],[-44.1930902,-19.960991],[-44.192382,-19.9616686],[-44.1938449,-19.9631584],[-44.1943054,-19.9635381],[-44.1947653,-19.9637247],[-44.1963269,-19.964033],[-44.1971462,-19.9645705],[-44.1974571,-19.9646397],[-44.1976508,-19.9645988],[-44.1976545,-19.9652201],[-44.2002859,-19.9650542],[-44.2002345,-19.9648618],[-44.200362,-19.9641706],[-44.2005481,-19.9640504],[-44.2000029,-19.9636402],[-44.1994349,-19.9628229],[-44.1994969,-19.9624219],[-44.1993786,-19.9620085],[-44.1992147,-19.961737],[-44.1983349,-19.9609301],[-44.1980771,-19.9607759],[-44.1977879,-19.9603201],[-44.1976876,-19.9602703],[-44.1975278,-19.9598976],[-44.1975499,-19.9598011],[-44.1977345,-19.9597327],[-44.1973848,-19.9587997],[-44.1967391,-19.9591006]]]}},{"type":"Feature","properties":{"code":"11:4785","name":"Parque Das Amoras","cityCode":"11"},"geometry":{"type":"Polygon","coordinates":[[[-44.1848362,-19.9457558],[-44.1849242,-19.9460474],[-44.1857433,-19.9464921],[-44.1866856,-19.9459127],[-44.1881508,-19.9457217],[-44.1878474,-19.9447569],[-44.1875281,-19.9447071],[-44.1852941,-19.9452572],[-44.1850094,-19.9454914],[-44.1848362,-19.9457558]]]}},{"type":"Feature","properties":{"code":"11:4805","name":"Charneca","cityCode":"11"},"geometry":{"type":"Polygon","coordinates":[[[-44.2444503,-20.0211957],[-44.2447146,-20.0208368],[-44.2449134,-20.0203452],[-44.2439599,-20.0194152],[-44.242658,-20.0178862],[-44.2422069,-20.018306],[-44.2417721,-20.0189913],[-44.2411821,-20.0195519],[-44.2425869,-20.0201264],[-44.2444503,-20.0211957]]]}},{"type":"Feature","properties":{"code":"11:4806","name":"Fazenda Cachoeira_2ª Secao","cityCode":"11"},"geometry":{"type":"Polygon","coordinates":[[[-44.2347755,-19.9550914],[-44.2350021,-19.9552694],[-44.2351909,-19.9556435],[-44.2351849,-19.9559809],[-44.2352669,-19.9561505],[-44.2350154,-19.9559437],[-44.2347916,-19.9561765],[-44.2344578,-19.9562514],[-44.2346836,-19.9565655],[-44.2353223,-19.956217],[-44.2358113,-19.9568289],[-44.2358855,-19.9568085],[-44.2361428,-19.9571956],[-44.2359566,-19.9580767],[-44.2358282,-19.9583425],[-44.2359113,-19.9585872],[-44.2363899,-19.9585252],[-44.2364779,-19.9585959],[-44.2358138,-19.9593019],[-44.2360194,-19.9595738],[-44.2365641,-19.9597545],[-44.2362622,-19.9601846],[-44.2362137,-19.9603811],[-44.2366675,-19.9604295],[-44.236608,-19.9607276],[-44.2368591,-19.9608478],[-44.2367929,-19.9610528],[-44.2369319,-19.9613297],[-44.2379476,-19.9616482],[-44.2384014,-19.9612515],[-44.2385662,-19.9612245],[-44.2387824,-19.9618827],[-44.2388323,-19.9618464],[-44.2392407,-19.9620467],[-44.2392777,-19.962203],[-44.2394446,-19.9623466],[-44.2397559,-19.962397],[-44.2400722,-19.9623537],[-44.2403313,-19.9624619],[-44.2405474,-19.9626725],[-44.2408399,-19.9626727],[-44.2409806,-19.9624969],[-44.2412983,-19.9625787],[-44.2416797,-19.9624353],[-44.2424179,-19.9614878],[-44.2423396,-19.9613388],[-44.2416028,-19.961012],[-44.2412552,-19.9606934],[-44.2409872,-19.9603023],[-44.2407559,-19.9597553],[-44.2407153,-19.9589013],[-44.2413388,-19.9567782],[-44.2401425,-19.9562044],[-44.2395644,-19.955061],[-44.2394101,-19.9543291],[-44.2395697,-19.9542501],[-44.2393769,-19.9538771],[-44.2395379,-19.9538027],[-44.2390887,-19.9530068],[-44.2376867,-19.9539523],[-44.2367961,-19.952999],[-44.2381883,-19.9521316],[-44.238764,-19.9526735],[-44.2387658,-19.952303],[-44.2390347,-19.9510244],[-44.2394643,-19.9497528],[-44.2398374,-19.9490008],[-44.2399205,-19.9474795],[-44.2370034,-19.9469988],[-44.2366635,-19.9470103],[-44.2363358,-19.9464491],[-44.2351571,-19.9470703],[-44.2343568,-19.9466205],[-44.2335914,-19.9465831],[-44.2335333,-19.9466886],[-44.2335623,-19.9476409],[-44.2333106,-19.9484075],[-44.2326007,-19.9492931],[-44.2320908,-19.9496749],[-44.2320345,-19.9503856],[-44.2315284,-19.9507368],[-44.2320356,-19.9520874],[-44.232012,-19.9524671],[-44.2321683,-19.9526636],[-44.2322384,-19.9529789],[-44.232553,-19.9529567],[-44.2326052,-19.95311],[-44.2324862,-19.9532361],[-44.2324951,-19.9533319],[-44.2329654,-19.9539521],[-44.233637,-19.9544687],[-44.2337863,-19.954496],[-44.2340314,-19.9546795],[-44.2341502,-19.9549046],[-44.2347755,-19.9550914]]]}},{"type":"Feature","properties":{"code":"11:154","name":"Fazenda Cachoeira_1ª Secao","cityCode":"11"},"geometry":{"type":"MultiPolygon","coordinates":[[[[-44.2327835,-19.9557406],[-44.2341502,-19.9549046],[-44.2340314,-19.9546795],[-44.2337863,-19.954496],[-44.233637,-19.9544687],[-44.2329654,-19.9539521],[-44.2324951,-19.9533319],[-44.2324862,-19.9532361],[-44.2326052,-19.95311],[-44.232553,-19.9529567],[-44.23226,-19.9530026],[-44.2321683,-19.9526636],[-44.232012,-19.9524671],[-44.2320356,-19.9520874],[-44.2315284,-19.9507367],[-44.2320345,-19.9503856],[-44.2320908,-19.9496749],[-44.2312109,-19.9501274],[-44.22965,-19.9502729],[-44.2289173,-19.9504887],[-44.2286232,-19.9506459],[-44.2280537,-19.9510942],[-44.2270326,-19.952227],[-44.2254181,-19.954193],[-44.2246934,-19.955211],[-44.2239498,-19.9566088],[-44.223646,-19.9574021],[-44.223384,-19.9583349],[-44.2231358,-19.9596718],[-44.2230899,-19.9603093],[-44.2229078,-19.9608076],[-44.2235531,-19.9612448],[-44.2232862,-19.9603764],[-44.2232949,-19.9601067],[-44.2239704,-19.9588764],[-44.2252318,-19.9571706],[-44.2256068,-19.9559384],[-44.2256944,-19.954951],[-44.2262219,-19.9542556],[-44.226849,-19.9541224],[-44.2272351,-19.9541667],[-44.2282351,-19.9546653],[-44.2286721,-19.9547815],[-44.2284317,-19.9552874],[-44.2284522,-19.9557031],[-44.2286224,-19.9559815],[-44.2285421,-19.9561006],[-44.2285955,-19.9562145],[-44.2288536,-19.956372],[-44.2300091,-19.9546795],[-44.2303836,-19.9548446],[-44.2309999,-19.9547596],[-44.2317734,-19.9548002],[-44.2319958,-19.954926],[-44.2327835,-19.9557406]]],[[[-44.2314239,-19.95831],[-44.2322119,-19.9581074],[-44.2322048,-19.9579803],[-44.2331419,-19.9579592],[-44.234441,-19.957723],[-44.2357533,-19.9573655],[-44.2361428,-19.9571956],[-44.2358855,-19.9568085],[-44.2343561,-19.9571642],[-44.2340839,-19.9566168],[-44.2337683,-19.9562326],[-44.2329911,-19.9558947],[-44.2314239,-19.95831]]]]}},{"type":"Feature","properties":{"code":"11:4887","name":"Fazenda Nova Cabana","cityCode":"11"},"geometry":{"type":"Polygon","coordinates":[[[-44.2725073,-19.9727725],[-44.2726881,-19.9722788],[-44.2723272,-19.9721097],[-44.2716454,-19.9730617],[-44.27149,-19.9731454],[-44.2710081,-19.9731756],[-44.2706851,-19.9728597],[-44.2704845,-19.9729264],[-44.2698254,-19.9736668],[-44.2708269,-19.9736392],[-44.2727218,-19.9733307],[-44.2725073,-19.9727725]]]}},{"type":"Feature","properties":{"code":"11:4505","name":"Grota","cityCode":"11"},"geometry":{"type":"Polygon","coordinates":[[[-44.2003553,-19.9835288],[-44.2004339,-19.9839949],[-44.2006225,-19.9843402],[-44.2005682,-19.9846064],[-44.2006272,-19.9849009],[-44.2006455,-19.9849628],[-44.2010374,-19.9850839],[-44.2013961,-19.9849187],[-44.2010191,-19.9841549],[-44.2010528,-19.9838614],[-44.2011335,-19.9836376],[-44.2016066,-19.9833818],[-44.2012353,-19.9826609],[-44.2004355,-19.9829311],[-44.2003553,-19.9835288]]]}},{"type":"Feature","properties":{"code":"11:4525","name":"Corrego Da Lage","cityCode":"11"},"geometry":{"type":"Polygon","coordinates":[[[-44.1600311,-19.920377],[-44.1606934,-19.9208132],[-44.1610464,-19.9206905],[-44.1610614,-19.9203889],[-44.1604909,-19.919704],[-44.1600311,-19.920377]]]}},{"type":"Feature","properties":{"code":"11:4565","name":"Fazenda Da Grota","cityCode":"11"},"geometry":{"type":"Polygon","coordinates":[[[-44.2010554,-19.9763249],[-44.2007611,-19.9774867],[-44.2011544,-19.9773599],[-44.2021948,-19.9772745],[-44.2028913,-19.9770087],[-44.2031482,-19.9770176],[-44.2036317,-19.9772221],[-44.2037098,-19.9768927],[-44.2010554,-19.9763249]]]}},{"type":"Feature","properties":{"code":"11:4605","name":"Ribeiro","cityCode":"11"},"geometry":{"type":"Polygon","coordinates":[[[-44.2487684,-19.9971506],[-44.2486442,-19.9967337],[-44.2481611,-19.9962911],[-44.2473196,-19.9951564],[-44.2464519,-19.9946428],[-44.2457015,-19.9959511],[-44.2454127,-19.9960481],[-44.2438902,-19.9956634],[-44.2439362,-19.996231],[-44.2444866,-19.9973658],[-44.2444921,-19.9979316],[-44.2447052,-19.9988097],[-44.244955,-19.9990256],[-44.2451811,-19.9994526],[-44.2453732,-19.9995878],[-44.2452161,-20.0011319],[-44.244935,-20.0020596],[-44.2450554,-20.0023192],[-44.245568,-20.0030794],[-44.2459097,-20.003949],[-44.2466265,-20.0044611],[-44.2475777,-20.0048619],[-44.2488722,-20.0061172],[-44.2515795,-20.0041814],[-44.2514553,-20.0039238],[-44.2505922,-20.0029585],[-44.2527998,-20.0007998],[-44.2527623,-20.0004565],[-44.2528798,-19.9997357],[-44.2528751,-19.9994663],[-44.2524802,-19.9982393],[-44.2522033,-19.9977437],[-44.2515673,-19.9974077],[-44.2491099,-19.9976305],[-44.2487486,-19.9977221],[-44.2487684,-19.9971506]]]}},{"type":"Feature","properties":{"code":"11:113","name":"Horto","cityCode":"11"},"geometry":{"type":"Polygon","coordinates":[[[-44.2005044,-19.9568847],[-44.2002126,-19.9558589],[-44.1986447,-19.9559712],[-44.1964676,-19.9564264],[-44.1973848,-19.9587997],[-44.1975778,-19.9589471],[-44.2001527,-19.9582333],[-44.20021,-19.9581524],[-44.1998828,-19.9570488],[-44.2005044,-19.9568847]]]}},{"type":"Feature","properties":{"code":"11:4626","name":"Decamao - 2ª Seçao","cityCode":"11"},"geometry":{"type":"Polygon","coordinates":[[[-44.2089498,-19.9645949],[-44.2086034,-19.9646056],[-44.2082614,-19.9646848],[-44.2080097,-19.9649113],[-44.208005,-19.9647565],[-44.2074354,-19.9649297],[-44.2065372,-19.9649666],[-44.2065787,-19.965971],[-44.2072677,-19.9658915],[-44.2074812,-19.9659159],[-44.2078547,-19.9661159],[-44.2083884,-19.9654125],[-44.2088264,-19.9649727],[-44.2089498,-19.9645949]]]}},{"type":"Feature","properties":{"code":"11:883","name":"Decamao","cityCode":"11"},"geometry":{"type":"Polygon","coordinates":[[[-44.2105085,-19.9666311],[-44.211285,-19.96667],[-44.2114071,-19.9683661],[-44.2110686,-19.9686771],[-44.2107416,-19.9687094],[-44.2123226,-19.969973],[-44.2161601,-19.9667467],[-44.2163196,-19.9667379],[-44.2170437,-19.9661534],[-44.2163539,-19.9652975],[-44.2150202,-19.9660666],[-44.2142468,-19.9663487],[-44.2127892,-19.9663791],[-44.2125221,-19.966242],[-44.2091215,-19.9662698],[-44.2087745,-19.9663236],[-44.2085813,-19.966428],[-44.208633,-19.9665167],[-44.2084126,-19.966462],[-44.2074858,-19.9668051],[-44.2068917,-19.9671583],[-44.2062965,-19.9677131],[-44.2071038,-19.968183],[-44.2073915,-19.9682234],[-44.2076704,-19.9681917],[-44.2086791,-19.9677092],[-44.2090068,-19.9676652],[-44.2095449,-19.967799],[-44.2102585,-19.9683419],[-44.2105085,-19.9666311]]]}},{"type":"Feature","properties":{"code":"11:125","name":"Vila Rica","cityCode":"11"},"geometry":{"type":"Polygon","coordinates":[[[-44.226674,-20.0351687],[-44.2267481,-20.0352207],[-44.227085,-20.0348188],[-44.2275199,-20.0352601],[-44.227486,-20.0347635],[-44.2279862,-20.0346154],[-44.2281965,-20.0349184],[-44.2284621,-20.0348072],[-44.2283022,-20.0345414],[-44.2285957,-20.0346013],[-44.2293824,-20.034945],[-44.2298751,-20.0349189],[-44.2307948,-20.0345976],[-44.2312079,-20.0347201],[-44.2314545,-20.0340772],[-44.2318427,-20.0343204],[-44.2320652,-20.0342277],[-44.2321022,-20.0340031],[-44.2325138,-20.0339763],[-44.232461,-20.0333868],[-44.2321266,-20.0331171],[-44.2320949,-20.0329997],[-44.2317958,-20.0329922],[-44.2310827,-20.0328023],[-44.2296477,-20.0332749],[-44.2286557,-20.0336949],[-44.2284033,-20.0336212],[-44.2280059,-20.0336476],[-44.227573,-20.0339831],[-44.2272851,-20.0340908],[-44.2267771,-20.0347079],[-44.2262783,-20.0350191],[-44.2265178,-20.0352885],[-44.226674,-20.0351687]]]}},{"type":"Feature","properties":{"code":"11:4645","name":"Terras Alpha Betim","cityCode":"11"},"geometry":{"type":"Polygon","coordinates":[[[-44.1840913,-19.9004007],[-44.1828661,-19.9093755],[-44.1832925,-19.9094276],[-44.1854304,-19.910834],[-44.1872675,-19.9111098],[-44.1877149,-19.9094012],[-44.188517,-19.9072274],[-44.1886765,-19.9064302],[-44.1886325,-19.9052115],[-44.188274,-19.903977],[-44.1882211,-19.9035209],[-44.1883101,-19.9029778],[-44.188669,-19.9020876],[-44.1887368,-19.901205],[-44.1881172,-19.9011469],[-44.1876657,-19.9012572],[-44.1873191,-19.901101],[-44.1871358,-19.9007819],[-44.1840913,-19.9004007]]]}},{"type":"Feature","properties":{"code":"11:4705","name":"De Fatima","cityCode":"11"},"geometry":{"type":"Polygon","coordinates":[[[-44.2174113,-20.0345959],[-44.2171349,-20.0354584],[-44.2170546,-20.0360477],[-44.2172763,-20.0367672],[-44.2171401,-20.0370147],[-44.2174706,-20.0372488],[-44.2169289,-20.0372987],[-44.2168785,-20.0373744],[-44.2178331,-20.0373216],[-44.2177308,-20.0373766],[-44.2177491,-20.0374466],[-44.2189409,-20.0372209],[-44.2190042,-20.0362212],[-44.218487,-20.0361513],[-44.2184975,-20.0360502],[-44.218618,-20.0360678],[-44.218627,-20.0359903],[-44.2188281,-20.0360145],[-44.218827,-20.0358229],[-44.2187162,-20.0358755],[-44.2187402,-20.0357847],[-44.2184893,-20.0353586],[-44.2188093,-20.0351763],[-44.2181403,-20.0342556],[-44.2174113,-20.0345959]]]}},{"type":"Feature","properties":{"code":"11:4745","name":"Fazenda Da Vargem Do Betim","cityCode":"11"},"geometry":{"type":"Polygon","coordinates":[[[-44.2385865,-19.9612497],[-44.2385161,-19.9612075],[-44.2379476,-19.9616482],[-44.2369319,-19.9613297],[-44.2367929,-19.9610528],[-44.2368591,-19.9608478],[-44.236608,-19.9607276],[-44.2366675,-19.9604295],[-44.2362137,-19.9603811],[-44.2362622,-19.9601846],[-44.2365641,-19.9597545],[-44.2360194,-19.9595738],[-44.2358138,-19.9593019],[-44.2364779,-19.9585959],[-44.2363899,-19.9585252],[-44.2361155,-19.9585828],[-44.2358802,-19.9585409],[-44.2358282,-19.9583425],[-44.2359566,-19.9580767],[-44.2361344,-19.9573398],[-44.2361006,-19.9572297],[-44.234441,-19.957723],[-44.2331419,-19.9579592],[-44.2321766,-19.9579999],[-44.2323105,-19.9584721],[-44.2334277,-19.9674344],[-44.2341822,-19.9676088],[-44.2348969,-19.9675181],[-44.2350754,-19.9675758],[-44.2351607,-19.9676596],[-44.2351381,-19.9678525],[-44.2352781,-19.9685445],[-44.2353808,-19.9686689],[-44.2358284,-19.9686605],[-44.2363675,-19.9684223],[-44.2365826,-19.9683973],[-44.2371365,-19.9686606],[-44.2373628,-19.9689078],[-44.2376408,-19.9688786],[-44.2376076,-19.9685721],[-44.2374016,-19.9682633],[-44.2373569,-19.9678821],[-44.2387824,-19.9618827],[-44.2385865,-19.9612497]]]}},{"type":"Feature","properties":{"code":"11:4326","name":"Fazenda Do Capao - Sede","cityCode":"11"},"geometry":{"type":"Polygon","coordinates":[[[-44.2079217,-19.9570649],[-44.2077196,-19.9567291],[-44.2076168,-19.9562206],[-44.2075317,-19.9562094],[-44.2074864,-19.9560033],[-44.2068255,-19.9561383],[-44.2067789,-19.9558666],[-44.2064266,-19.9556856],[-44.2057324,-19.9557898],[-44.2056009,-19.9558229],[-44.2051453,-19.9573811],[-44.2050842,-19.9574758],[-44.2050369,-19.9574484],[-44.2049584,-19.9577003],[-44.2054749,-19.9577499],[-44.2071647,-19.9576748],[-44.2078864,-19.9572318],[-44.2079217,-19.9570649]]]}},{"type":"Feature","properties":{"code":"11:2786","name":"Fazenda Boa Vista","cityCode":"11"},"geometry":{"type":"Polygon","coordinates":[[[-44.1505817,-19.9948507],[-44.1500796,-19.9946948],[-44.1498952,-19.9947378],[-44.1495776,-19.9953927],[-44.1485343,-19.9963412],[-44.1482206,-19.9969317],[-44.148213,-19.9973649],[-44.148737,-19.9985304],[-44.1487771,-19.9988143],[-44.1486672,-19.9992818],[-44.1480752,-19.9999746],[-44.1499315,-20.0011663],[-44.1493083,-20.0021511],[-44.1476255,-20.0032203],[-44.1479634,-20.0036955],[-44.1464037,-20.0047416],[-44.1474701,-20.0062415],[-44.1476048,-20.0062132],[-44.1495987,-20.0088522],[-44.1496551,-20.0090545],[-44.1498477,-20.0088887],[-44.1501458,-20.0087879],[-44.1509233,-20.0087815],[-44.1510196,-20.007736],[-44.1509351,-20.0062413],[-44.1513352,-20.0052271],[-44.1536446,-20.0046806],[-44.1532432,-20.003428],[-44.1529288,-20.0030542],[-44.1528736,-20.0028661],[-44.1512729,-20.0032743],[-44.150668,-20.0025101],[-44.1528021,-20.002113],[-44.15272,-20.0014079],[-44.1527858,-20.0010747],[-44.1533448,-20.0006578],[-44.1539268,-19.9993126],[-44.1540489,-19.9986798],[-44.153179,-19.9981506],[-44.1532,-19.9979044],[-44.1534494,-19.9976472],[-44.1534921,-19.9974266],[-44.1533809,-19.9964581],[-44.1505817,-19.9948507]]]}},{"type":"Feature","properties":{"code":"11:4386","name":"Fazenda Santo Afonso","cityCode":"11"},"geometry":{"type":"Polygon","coordinates":[[[-44.2789704,-19.9160516],[-44.2788092,-19.9163452],[-44.2787073,-19.9169844],[-44.2785634,-19.917285],[-44.2784089,-19.9179579],[-44.2784347,-19.9182248],[-44.2795563,-19.9164893],[-44.2796492,-19.9164364],[-44.2821167,-19.9161963],[-44.2812487,-19.915364],[-44.2794209,-19.9142795],[-44.2780913,-19.9149579],[-44.2782739,-19.9150796],[-44.2789704,-19.9160516]]]}},{"type":"Feature","properties":{"code":"11:135","name":"Granja Verde","cityCode":"11"},"geometry":{"type":"Polygon","coordinates":[[[-44.1002975,-19.930332],[-44.1007141,-19.9293827],[-44.0995287,-19.9296438],[-44.0991077,-19.9296569],[-44.0991077,-19.9296569],[-44.0995926,-19.9306983],[-44.0995861,-19.9316858],[-44.0994978,-19.9323369],[-44.0997927,-19.93328],[-44.0997959,-19.9342951],[-44.1015794,-19.9357232],[-44.1033647,-19.9361271],[-44.1034666,-19.9358403],[-44.1036776,-19.935592],[-44.103882,-19.9354559],[-44.1040982,-19.9354488],[-44.104516,-19.9357391],[-44.1047723,-19.9362706],[-44.1049065,-19.9353544],[-44.1050953,-19.9349236],[-44.1057793,-19.9325638],[-44.1049198,-19.9310104],[-44.1048269,-19.9301746],[-44.1045426,-19.9298263],[-44.1037962,-19.9293728],[-44.104328,-19.9289444],[-44.1040859,-19.9284245],[-44.1028332,-19.9290079],[-44.1024976,-19.9290675],[-44.1024631,-19.9290841],[-44.1009391,-19.9293443],[-44.1011451,-19.9297727],[-44.1002975,-19.930332]]]}},{"type":"Feature","properties":{"code":"11:2064","name":"Amazonas","cityCode":"11"},"geometry":{"type":"Polygon","coordinates":[[[-44.1042937,-19.9399219],[-44.1036525,-19.9395711],[-44.1032929,-19.9392538],[-44.1029125,-19.9393968],[-44.1026752,-19.9393763],[-44.1025438,-19.9392855],[-44.1021791,-19.9395798],[-44.1018397,-19.9399177],[-44.1014478,-19.9406626],[-44.1011515,-19.9410613],[-44.0992833,-19.944467],[-44.0965826,-19.9491217],[-44.0974046,-19.9492791],[-44.0975846,-19.9496998],[-44.0979275,-19.9501536],[-44.0980155,-19.9501195],[-44.0980763,-19.9503027],[-44.098267,-19.9502793],[-44.0983062,-19.9503856],[-44.0992591,-19.9509559],[-44.0992941,-19.9511018],[-44.100541,-19.9510087],[-44.1006793,-19.9505503],[-44.1014642,-19.9496529],[-44.1016703,-19.9494859],[-44.1031481,-19.9488077],[-44.1037823,-19.9482739],[-44.104462,-19.9482729],[-44.1053445,-19.9478897],[-44.1072126,-19.9480651],[-44.1078731,-19.9487809],[-44.1088066,-19.948161],[-44.1089543,-19.9479524],[-44.1087285,-19.947709],[-44.1074111,-19.9468859],[-44.1073908,-19.9464386],[-44.1074923,-19.946304],[-44.1063648,-19.9462836],[-44.1058529,-19.9460237],[-44.1055666,-19.9457722],[-44.1054125,-19.9455288],[-44.105167,-19.9449171],[-44.1052087,-19.944432],[-44.1050484,-19.943887],[-44.1048326,-19.9435403],[-44.1039842,-19.9427594],[-44.1046176,-19.9421863],[-44.1051463,-19.9418676],[-44.1054619,-19.9417839],[-44.1042937,-19.9399219]]]}},{"type":"Feature","properties":{"code":"11:78","name":"Residencial California","cityCode":"11"},"geometry":{"type":"Polygon","coordinates":[[[-44.2691636,-19.909871],[-44.2690804,-19.9089353],[-44.2689731,-19.9086828],[-44.2687901,-19.9086388],[-44.2688121,-19.908174],[-44.2680272,-19.9080271],[-44.2677676,-19.908026],[-44.2676507,-19.9081998],[-44.2632601,-19.9081583],[-44.2621493,-19.9088027],[-44.2611532,-19.9098676],[-44.2613925,-19.9106084],[-44.2618817,-19.9113353],[-44.2618994,-19.9119356],[-44.2620851,-19.9124456],[-44.2620961,-19.9127108],[-44.2622524,-19.9127706],[-44.2624692,-19.9130293],[-44.2633195,-19.915396],[-44.263386,-19.9160997],[-44.2632758,-19.9165462],[-44.2627807,-19.917599],[-44.2627399,-19.9178995],[-44.2628629,-19.9183876],[-44.2631682,-19.9186207],[-44.2636215,-19.9186574],[-44.2646089,-19.9185619],[-44.2651139,-19.9184095],[-44.2692678,-19.9175856],[-44.2699744,-19.9173463],[-44.2712818,-19.9164912],[-44.2711591,-19.9161903],[-44.2713065,-19.9162231],[-44.2711244,-19.9160175],[-44.2715502,-19.9119266],[-44.2715085,-19.9103456],[-44.2693697,-19.9102935],[-44.2691636,-19.909871]]]}},{"type":"Feature","properties":{"code":"11:124","name":"Alto Boa Vista","cityCode":"11"},"geometry":{"type":"Polygon","coordinates":[[[-44.2177308,-20.0373766],[-44.2178331,-20.0373216],[-44.2168415,-20.0373604],[-44.2169289,-20.0372987],[-44.2174706,-20.0372488],[-44.2171401,-20.0370147],[-44.2172763,-20.0367672],[-44.2170496,-20.0359075],[-44.2174113,-20.0345959],[-44.2181403,-20.0342556],[-44.218455,-20.0339941],[-44.2185646,-20.0344475],[-44.2189658,-20.0351488],[-44.2193236,-20.0349441],[-44.2198935,-20.0349113],[-44.2204204,-20.0349791],[-44.2210761,-20.0348209],[-44.2206901,-20.0342657],[-44.220909,-20.034161],[-44.2203072,-20.0331015],[-44.2216108,-20.0322064],[-44.2218732,-20.0319207],[-44.2219508,-20.031287],[-44.2220852,-20.0310169],[-44.2219501,-20.0303459],[-44.2220687,-20.0300646],[-44.2216626,-20.0294043],[-44.22153,-20.0289628],[-44.2213296,-20.0287006],[-44.2212158,-20.0287551],[-44.2205001,-20.0284076],[-44.2202169,-20.0269718],[-44.2199717,-20.0262417],[-44.2200735,-20.0257718],[-44.2204423,-20.0249856],[-44.2206139,-20.0248],[-44.2194897,-20.0250538],[-44.2168109,-20.0254431],[-44.2159226,-20.0260514],[-44.2171258,-20.0272608],[-44.2174565,-20.0280786],[-44.2175192,-20.0284973],[-44.217442,-20.0288235],[-44.216933,-20.0291376],[-44.2157646,-20.0296018],[-44.2151366,-20.0299562],[-44.2149283,-20.0303108],[-44.2147072,-20.0309803],[-44.2137108,-20.0350058],[-44.2134609,-20.0369081],[-44.2150317,-20.0374849],[-44.2155,-20.0374566],[-44.2155384,-20.0376453],[-44.2174504,-20.0382673],[-44.2180849,-20.0382981],[-44.2178226,-20.0374325],[-44.2177491,-20.0374466],[-44.2177308,-20.0373766]]]}},{"type":"Feature","properties":{"code":"11:100","name":"Jardim Paulista","cityCode":"11"},"geometry":{"type":"Polygon","coordinates":[[[-44.2417644,-20.0270349],[-44.2410069,-20.0270237],[-44.2397551,-20.0266021],[-44.2393042,-20.0267796],[-44.2379262,-20.0276907],[-44.2365128,-20.0284185],[-44.2369115,-20.0299977],[-44.2377316,-20.0315915],[-44.2382109,-20.0323212],[-44.2369277,-20.0330416],[-44.2376852,-20.0335576],[-44.2398473,-20.0346968],[-44.2408717,-20.0344028],[-44.2411481,-20.0340928],[-44.2410903,-20.0338426],[-44.2420543,-20.0337384],[-44.2420127,-20.0329884],[-44.242159,-20.032466],[-44.242504,-20.0317883],[-44.2436743,-20.0302049],[-44.2441804,-20.0303505],[-44.2443108,-20.030229],[-44.2443423,-20.0298679],[-44.2439177,-20.0291311],[-44.2439752,-20.0290549],[-44.2436917,-20.0288747],[-44.2417644,-20.0270349]]]}},{"type":"Feature","properties":{"code":"11:4906","name":"Arquipelago Verde 2ª Secao","cityCode":"11"},"geometry":{"type":"Polygon","coordinates":[[[-44.1753095,-19.9863446],[-44.1753151,-19.9852692],[-44.1759944,-19.9852724],[-44.1761817,-19.9850676],[-44.1762004,-19.9814737],[-44.1765437,-19.9810664],[-44.1779833,-19.9802149],[-44.1784404,-19.979795],[-44.1787398,-19.9793272],[-44.1797986,-19.9782132],[-44.1800191,-19.9778141],[-44.1799081,-19.9769619],[-44.1797148,-19.9767355],[-44.1782564,-19.9767604],[-44.1781571,-19.9768342],[-44.1779916,-19.9780291],[-44.1778324,-19.9784282],[-44.1773844,-19.9786709],[-44.1768616,-19.9778175],[-44.1764157,-19.976808],[-44.1762785,-19.9755202],[-44.1758873,-19.9762279],[-44.1757666,-19.9763048],[-44.1753434,-19.9769304],[-44.1751578,-19.9774154],[-44.1750109,-19.9775746],[-44.1750289,-19.9781517],[-44.1747067,-19.978554],[-44.1747709,-19.9789369],[-44.174992,-19.9794442],[-44.1749717,-19.9796012],[-44.1748017,-19.9798067],[-44.1742698,-19.9801522],[-44.1740263,-19.9805292],[-44.1740386,-19.9806183],[-44.1729445,-19.9815201],[-44.1729015,-19.9818891],[-44.17275,-19.982184],[-44.1727579,-19.9824787],[-44.1728414,-19.9825143],[-44.1730806,-19.9831984],[-44.1730233,-19.9833392],[-44.17114,-19.9849576],[-44.1714341,-19.985407],[-44.1703213,-19.9861445],[-44.1753095,-19.9863446]]]}},{"type":"Feature","properties":{"code":"11:4925","name":"Moreira E Lages","cityCode":"11"},"geometry":{"type":"Polygon","coordinates":[[[-44.2611936,-19.945513],[-44.2616349,-19.9448789],[-44.2617834,-19.9442256],[-44.261888,-19.9441153],[-44.2618505,-19.9437384],[-44.2619799,-19.943581],[-44.2618359,-19.9429712],[-44.2614796,-19.9428541],[-44.2615132,-19.9427126],[-44.2594746,-19.9417287],[-44.2580849,-19.9413547],[-44.2581918,-19.9407979],[-44.2569313,-19.9408885],[-44.2572807,-19.9410314],[-44.2572383,-19.9413027],[-44.2560999,-19.9414147],[-44.254997,-19.9417429],[-44.2562503,-19.9434787],[-44.2550586,-19.9450132],[-44.2554074,-19.9452363],[-44.2557355,-19.9452835],[-44.2559536,-19.945471],[-44.2566137,-19.9456431],[-44.257156,-19.9464899],[-44.2571269,-19.946728],[-44.2575591,-19.9473845],[-44.2583683,-19.9485206],[-44.2587754,-19.9489661],[-44.2591292,-19.9492195],[-44.2596161,-19.9491018],[-44.2605694,-19.9493905],[-44.2610266,-19.9498552],[-44.2616622,-19.9501042],[-44.2624695,-19.9501786],[-44.2630794,-19.9507116],[-44.262996,-19.9504257],[-44.262853,-19.9502261],[-44.2626352,-19.9500948],[-44.2625162,-19.9497547],[-44.262772,-19.9491301],[-44.2632059,-19.9484166],[-44.2623483,-19.9476319],[-44.2611501,-19.9463407],[-44.2611936,-19.945513]]]}},{"type":"Feature","properties":{"code":"11:4945","name":"Fazenda Gorduras - 2A. Secao","cityCode":"11"},"geometry":{"type":"Polygon","coordinates":[[[-44.1894593,-20.0346501],[-44.188481,-20.0348424],[-44.1862995,-20.0340457],[-44.1863427,-20.0357897],[-44.1854741,-20.0413596],[-44.1854899,-20.0417214],[-44.1862327,-20.0419307],[-44.1874326,-20.0427325],[-44.1878142,-20.0428609],[-44.1903705,-20.0348748],[-44.1903545,-20.0344187],[-44.1901799,-20.0343059],[-44.1897293,-20.0344287],[-44.1894593,-20.0346501]]]}},{"type":"Feature","properties":{"code":"11:4965","name":"Vianopolis 2ª Secao","cityCode":"11"},"geometry":{"type":"Polygon","coordinates":[[[-44.2960685,-19.9204524],[-44.2978915,-19.9183111],[-44.2983216,-19.9174748],[-44.297455,-19.9170242],[-44.2965075,-19.9169942],[-44.2954161,-19.9166608],[-44.2945055,-19.9164874],[-44.2936284,-19.9161335],[-44.2927757,-19.9156236],[-44.29258,-19.915588],[-44.2921994,-19.915549],[-44.2916218,-19.9156171],[-44.2906056,-19.91613],[-44.289159,-19.916156],[-44.2891825,-19.9163],[-44.2890276,-19.9165344],[-44.2893319,-19.9171366],[-44.2894574,-19.9176149],[-44.2895461,-19.9176616],[-44.28965,-19.9179033],[-44.2895496,-19.9184154],[-44.2893519,-19.9186794],[-44.2888653,-19.9185217],[-44.2887129,-19.9185719],[-44.2887161,-19.9186462],[-44.2878745,-19.9186672],[-44.2863609,-19.9190047],[-44.2852843,-19.9190073],[-44.2826698,-19.9200059],[-44.2822844,-19.9215356],[-44.282695,-19.9227606],[-44.2830194,-19.9225722],[-44.2835982,-19.9224466],[-44.2849626,-19.9224402],[-44.2860029,-19.9222245],[-44.2872626,-19.9217087],[-44.2889308,-19.9211838],[-44.2906338,-19.9218779],[-44.2907319,-19.921664],[-44.2906054,-19.9216423],[-44.290803,-19.9212398],[-44.2908053,-19.9210606],[-44.2906374,-19.9209162],[-44.2906401,-19.9208009],[-44.2908161,-19.9203528],[-44.2907892,-19.9202308],[-44.2905749,-19.9201256],[-44.29059,-19.9199396],[-44.2904029,-19.9197252],[-44.2905345,-19.919703],[-44.2903769,-19.9193958],[-44.2902415,-19.9193471],[-44.2902984,-19.9189387],[-44.2913887,-19.9191154],[-44.2960685,-19.9204524]]]}},{"type":"Feature","properties":{"code":"11:5006","name":"Charneca-2ª Secao","cityCode":"11"},"geometry":{"type":"Polygon","coordinates":[[[-44.2460984,-20.0126472],[-44.2454499,-20.0126302],[-44.2447502,-20.0134579],[-44.2445812,-20.013544],[-44.2445377,-20.0139229],[-44.2469798,-20.0143419],[-44.2471472,-20.0143283],[-44.2478092,-20.0139679],[-44.2479301,-20.0138067],[-44.2475071,-20.013542],[-44.2463098,-20.012307],[-44.2462114,-20.0125848],[-44.2460984,-20.0126472]]]}},{"type":"Feature","properties":{"code":"11:1564","name":"Olaria","cityCode":"11"},"geometry":{"type":"Polygon","coordinates":[[[-44.2270313,-19.9765152],[-44.2265949,-19.9766008],[-44.22652,-19.9765453],[-44.2255441,-19.9768782],[-44.2251319,-19.9768669],[-44.2251867,-19.9780537],[-44.2253041,-19.9782438],[-44.2257978,-19.9784894],[-44.2261334,-19.9784319],[-44.226318,-19.9785212],[-44.226333,-19.9786037],[-44.2261319,-19.9786821],[-44.2258986,-19.9791093],[-44.2256956,-19.9798102],[-44.2312692,-19.9821551],[-44.2324311,-19.9825465],[-44.2341462,-19.9829685],[-44.2343494,-19.9827083],[-44.2368855,-19.9831908],[-44.2387949,-19.9836422],[-44.2388173,-19.9832516],[-44.2396597,-19.9821327],[-44.239483,-19.9813421],[-44.2398618,-19.9796116],[-44.2393207,-19.9793511],[-44.2381527,-19.9790281],[-44.2378165,-19.9787776],[-44.2377273,-19.9785892],[-44.2377321,-19.978235],[-44.2368492,-19.9770675],[-44.2363601,-19.9760807],[-44.2348482,-19.9788025],[-44.2349329,-19.9788546],[-44.2348835,-19.9789572],[-44.2350826,-19.9795148],[-44.2352178,-19.9795803],[-44.2336526,-19.9811928],[-44.2311852,-19.9796671],[-44.2299757,-19.9790131],[-44.2275871,-19.9774732],[-44.2271482,-19.9771224],[-44.2276776,-19.9763551],[-44.2279798,-19.9763062],[-44.2275418,-19.9756547],[-44.2270313,-19.9765152]]]}},{"type":"Feature","properties":{"code":"11:5031","name":"Limas Tres","cityCode":"11"},"geometry":{"type":"Polygon","coordinates":[[[-44.2189335,-20.0038092],[-44.2184808,-20.0042251],[-44.217531,-20.0055416],[-44.2160531,-20.0071838],[-44.2173254,-20.0086519],[-44.2174544,-20.0085482],[-44.2183104,-20.008593],[-44.2185212,-20.0086702],[-44.2191752,-20.0078515],[-44.2205514,-20.0055075],[-44.2209343,-20.0053188],[-44.221433,-20.0049112],[-44.2207757,-20.0048739],[-44.2196081,-20.0046804],[-44.2192328,-20.0043814],[-44.2189335,-20.0038092]]]}},{"type":"Feature","properties":{"code":"11:5048","name":"Vargem Do Portugues","cityCode":"11"},"geometry":{"type":"Polygon","coordinates":[[[-44.2497376,-20.0364831],[-44.2491105,-20.0372903],[-44.2505859,-20.0376815],[-44.2521203,-20.0379606],[-44.2524925,-20.0375513],[-44.2521885,-20.0373477],[-44.2516349,-20.0372842],[-44.2515613,-20.0371303],[-44.2516188,-20.037014],[-44.2515764,-20.0368056],[-44.2513912,-20.0366927],[-44.2512959,-20.0367945],[-44.2510147,-20.0367198],[-44.2507306,-20.0364239],[-44.2501225,-20.0363878],[-44.2497376,-20.0364831]]]}},{"type":"Feature","properties":{"code":"11:5071","name":"Fazenda Das Flores","cityCode":"11"},"geometry":{"type":"Polygon","coordinates":[[[-44.2645423,-19.9585831],[-44.2640809,-19.9588534],[-44.2640978,-19.9591438],[-44.2637954,-19.9596044],[-44.2637598,-19.9601108],[-44.2635273,-19.9606159],[-44.2634316,-19.9611409],[-44.2636015,-19.9614677],[-44.26434,-19.9618921],[-44.2647968,-19.962014],[-44.2658894,-19.9611151],[-44.2652883,-19.9605235],[-44.2650172,-19.9604269],[-44.2648345,-19.9602445],[-44.269066,-19.9568848],[-44.2684263,-19.9567961],[-44.267265,-19.9564562],[-44.2645423,-19.9585831]]]}},{"type":"Feature","properties":{"code":"11:5646","name":"Charneca 3ª Secao","cityCode":"11"},"geometry":{"type":"Polygon","coordinates":[[[-44.2431449,-20.0364384],[-44.2431983,-20.0364803],[-44.2426658,-20.037071],[-44.2439997,-20.0381234],[-44.2454098,-20.0365278],[-44.2439565,-20.0356867],[-44.2438487,-20.0356721],[-44.2431449,-20.0364384]]]}},{"type":"Feature","properties":{"code":"11:5087","name":"Nogueiras","cityCode":"11"},"geometry":{"type":"Polygon","coordinates":[[[-44.1900534,-19.8983129],[-44.1919497,-19.8980852],[-44.192109,-19.897903],[-44.1920322,-19.8975738],[-44.1917268,-19.8969626],[-44.1911805,-19.8963816],[-44.1907201,-19.8955367],[-44.19057,-19.8953749],[-44.1902029,-19.8953393],[-44.1873666,-19.895265],[-44.1868548,-19.897787],[-44.186468,-19.9001747],[-44.1872547,-19.9003169],[-44.187692,-19.9006132],[-44.1880261,-19.9007162],[-44.1888538,-19.9007805],[-44.1894404,-19.8986232],[-44.189609,-19.8984326],[-44.1900534,-19.8983129]]]}},{"type":"Feature","properties":{"code":"11:85","name":"Estancias Do Vale","cityCode":"11"},"geometry":{"type":"Polygon","coordinates":[[[-44.2948261,-19.9201317],[-44.2915824,-19.9191571],[-44.2902984,-19.9189387],[-44.2902415,-19.9193471],[-44.2903769,-19.9193958],[-44.2905345,-19.919703],[-44.2904029,-19.9197252],[-44.29059,-19.9199396],[-44.2905749,-19.9201256],[-44.2907892,-19.9202308],[-44.2908161,-19.9203528],[-44.2906401,-19.9208009],[-44.2906374,-19.9209162],[-44.2908053,-19.9210606],[-44.290803,-19.9212398],[-44.2906054,-19.9216423],[-44.2907319,-19.921664],[-44.2905715,-19.9222088],[-44.2906934,-19.9226021],[-44.290818,-19.9227203],[-44.2908413,-19.9230133],[-44.2911626,-19.9233933],[-44.2908621,-19.9238237],[-44.2909326,-19.9239457],[-44.290902,-19.9240856],[-44.2907458,-19.9240889],[-44.2906726,-19.9240126],[-44.2905508,-19.9241668],[-44.2906655,-19.9243585],[-44.2906617,-19.9246362],[-44.2909283,-19.9248866],[-44.2911321,-19.9252262],[-44.2915276,-19.9253505],[-44.2916157,-19.9254354],[-44.2916604,-19.9257013],[-44.2918065,-19.9258055],[-44.2919557,-19.9257672],[-44.292291,-19.9261401],[-44.2922751,-19.9262351],[-44.2927012,-19.9266182],[-44.2927737,-19.9265521],[-44.2927523,-19.9261375],[-44.293105,-19.926059],[-44.2934601,-19.9262408],[-44.2936878,-19.9262729],[-44.2938609,-19.9264017],[-44.2939775,-19.9270405],[-44.2960016,-19.9239846],[-44.2962271,-19.9233752],[-44.2962908,-19.9227855],[-44.2966389,-19.9212912],[-44.2960685,-19.9204524],[-44.2948261,-19.9201317]]]}},{"type":"Feature","properties":{"code":"11:5106","name":"Fazenda Saraiva E Liberatos","cityCode":"11"},"geometry":{"type":"Polygon","coordinates":[[[-44.2152071,-19.9213968],[-44.2152841,-19.9211737],[-44.2155094,-19.9210378],[-44.2156238,-19.9208023],[-44.2158339,-19.9208786],[-44.2163946,-19.9207169],[-44.2165136,-19.9207794],[-44.2164224,-19.9210492],[-44.2165758,-19.9210698],[-44.2166352,-19.92118],[-44.2193727,-19.9162139],[-44.2195796,-19.916012],[-44.2202394,-19.9147605],[-44.2193588,-19.9135973],[-44.2193362,-19.9136868],[-44.2182083,-19.9147534],[-44.2180313,-19.9152124],[-44.2167234,-19.9173564],[-44.2160103,-19.91954],[-44.2157278,-19.9199133],[-44.2150685,-19.9213852],[-44.2152071,-19.9213968]]]}},{"type":"Feature","properties":{"code":"11:191","name":"Granjas Santa Helena","cityCode":"11"},"geometry":{"type":"Polygon","coordinates":[[[-44.293105,-19.926059],[-44.2927523,-19.9261375],[-44.2927737,-19.9265521],[-44.2927012,-19.9266182],[-44.2922751,-19.9262351],[-44.292291,-19.9261401],[-44.2919557,-19.9257672],[-44.2918065,-19.9258055],[-44.2916604,-19.9257013],[-44.2916157,-19.9254354],[-44.2915276,-19.9253505],[-44.2911321,-19.9252262],[-44.2909283,-19.9248866],[-44.2906948,-19.924707],[-44.2906655,-19.9243585],[-44.2905508,-19.9241668],[-44.2906726,-19.9240126],[-44.2907458,-19.9240889],[-44.290902,-19.9240856],[-44.2909326,-19.9239457],[-44.2908621,-19.9238237],[-44.2911626,-19.9233933],[-44.2909056,-19.9231282],[-44.290818,-19.9227203],[-44.2906934,-19.9226021],[-44.2905715,-19.9222088],[-44.2906837,-19.9219065],[-44.2889308,-19.9211838],[-44.2872626,-19.9217087],[-44.2860029,-19.9222245],[-44.2849626,-19.9224402],[-44.2835982,-19.9224466],[-44.2830194,-19.9225722],[-44.282695,-19.9227606],[-44.2819423,-19.9255389],[-44.2817667,-19.9258022],[-44.2825777,-19.9266],[-44.2827098,-19.9268225],[-44.2832195,-19.9279793],[-44.2832166,-19.9281932],[-44.2834053,-19.9282447],[-44.2834004,-19.928586],[-44.2847782,-19.9281877],[-44.2865375,-19.9270209],[-44.287484,-19.9265653],[-44.2901229,-19.9278008],[-44.2907706,-19.9277779],[-44.2925502,-19.9280912],[-44.2937068,-19.928938],[-44.294383,-19.9285834],[-44.2946784,-19.9280879],[-44.2941265,-19.9280019],[-44.2940941,-19.9271073],[-44.2939775,-19.9270405],[-44.2938609,-19.9264017],[-44.293105,-19.926059]]]}},{"type":"Feature","properties":{"code":"11:683","name":"Marimba","cityCode":"11"},"geometry":{"type":"Polygon","coordinates":[[[-44.2852843,-19.9190073],[-44.2863288,-19.9176885],[-44.2874646,-19.9166997],[-44.2874505,-19.9162916],[-44.285405,-19.9140434],[-44.2826764,-19.9161958],[-44.2795967,-19.9165058],[-44.2784034,-19.9183502],[-44.2784245,-19.9180893],[-44.2774607,-19.9181538],[-44.2770297,-19.9179018],[-44.2766987,-19.9174798],[-44.2762113,-19.9173361],[-44.2759016,-19.9169071],[-44.2753082,-19.9157001],[-44.2736484,-19.9162187],[-44.2714748,-19.916756],[-44.2722627,-19.9174583],[-44.2725271,-19.9178844],[-44.2723448,-19.9184505],[-44.2714735,-19.920309],[-44.2712979,-19.9220697],[-44.2711929,-19.9222874],[-44.2708007,-19.9251692],[-44.2705635,-19.9257639],[-44.2687374,-19.9280448],[-44.2685438,-19.9290268],[-44.2685505,-19.9291661],[-44.2700526,-19.932563],[-44.2710871,-19.9322484],[-44.2723507,-19.9317339],[-44.2732829,-19.9313151],[-44.2735247,-19.9310563],[-44.2742461,-19.9309893],[-44.2746299,-19.9296789],[-44.2749929,-19.9290781],[-44.2754553,-19.9286827],[-44.2751307,-19.9284191],[-44.2750243,-19.9280481],[-44.2751969,-19.9277741],[-44.2757809,-19.927238],[-44.2748971,-19.9268061],[-44.2749424,-19.9265558],[-44.2748168,-19.926436],[-44.2749286,-19.9254465],[-44.275343,-19.9246769],[-44.2760756,-19.9226845],[-44.2768175,-19.9211068],[-44.2783382,-19.9196661],[-44.2813986,-19.919535],[-44.2826863,-19.919994],[-44.2852843,-19.9190073]]]}},{"type":"Feature","properties":{"code":"11:86","name":"Espirito Santo","cityCode":"11"},"geometry":{"type":"Polygon","coordinates":[[[-44.1849242,-19.9460474],[-44.1848362,-19.9457558],[-44.1850652,-19.9453889],[-44.1848146,-19.9451661],[-44.1838126,-19.9453859],[-44.1828898,-19.9466155],[-44.1819283,-19.9473113],[-44.1818119,-19.9476941],[-44.1812268,-19.9483106],[-44.1813491,-19.9484421],[-44.1805818,-19.9491804],[-44.1803501,-19.9496061],[-44.1791673,-19.9509954],[-44.1792085,-19.9513618],[-44.1789269,-19.953072],[-44.1803699,-19.9530074],[-44.1815886,-19.9526213],[-44.1825708,-19.9524756],[-44.1829155,-19.9522997],[-44.1847777,-19.9519701],[-44.1851973,-19.9510314],[-44.1851195,-19.9509616],[-44.1853035,-19.9507754],[-44.1850873,-19.9505643],[-44.1855628,-19.9502362],[-44.1853348,-19.9499513],[-44.1857909,-19.9496228],[-44.1855696,-19.9493444],[-44.1857729,-19.9491967],[-44.1856008,-19.9489817],[-44.1856799,-19.9489153],[-44.18566,-19.9484051],[-44.1854866,-19.9476954],[-44.1852446,-19.9471006],[-44.1849009,-19.9466123],[-44.1851562,-19.9464909],[-44.1857209,-19.9465059],[-44.1849242,-19.9460474]]]}},{"type":"Feature","properties":{"code":"11:101","name":"Cruzeiro Do Sul - 1ª Secao","cityCode":"11"},"geometry":{"type":"Polygon","coordinates":[[[-44.1568687,-19.9337536],[-44.1578508,-19.9347103],[-44.1591864,-19.9356654],[-44.1591962,-19.935495],[-44.1597273,-19.9342167],[-44.160756,-19.9348401],[-44.1613582,-19.9355114],[-44.1620673,-19.9357615],[-44.1625619,-19.936079],[-44.1625654,-19.9358296],[-44.1630056,-19.9350932],[-44.1633247,-19.9347362],[-44.163596,-19.9345954],[-44.1647201,-19.932792],[-44.1647784,-19.9315678],[-44.1646785,-19.9298684],[-44.1644484,-19.9293073],[-44.1638453,-19.9286851],[-44.1633584,-19.9276715],[-44.163196,-19.9276118],[-44.1624207,-19.9277097],[-44.1623876,-19.927862],[-44.1622223,-19.9279062],[-44.1622045,-19.9280236],[-44.1617617,-19.9284678],[-44.1613217,-19.9286562],[-44.1609418,-19.9285031],[-44.1602089,-19.9287253],[-44.1596391,-19.9284783],[-44.159138,-19.9286776],[-44.1586702,-19.9286832],[-44.1583539,-19.9291039],[-44.15829,-19.9293776],[-44.1578725,-19.9297478],[-44.1576653,-19.9311803],[-44.1568687,-19.9337536]]]}},{"type":"Feature","properties":{"code":"11:5526","name":"Fazenda Do Mota E Lima","cityCode":"11"},"geometry":{"type":"Polygon","coordinates":[[[-44.2076529,-20.0248243],[-44.2070885,-20.0246185],[-44.2060192,-20.0247919],[-44.20566,-20.0246214],[-44.205603,-20.0250241],[-44.2060218,-20.0258377],[-44.2059984,-20.0260993],[-44.2056389,-20.0264506],[-44.2054052,-20.0265747],[-44.2044167,-20.0268102],[-44.2042595,-20.026962],[-44.2041954,-20.0271688],[-44.2043669,-20.0272163],[-44.2045545,-20.0270995],[-44.2048463,-20.027069],[-44.205601,-20.0272282],[-44.2057586,-20.0273356],[-44.2059403,-20.0272701],[-44.2062067,-20.0267292],[-44.2066111,-20.0266587],[-44.2067581,-20.0265664],[-44.2072658,-20.0259403],[-44.2074693,-20.0258258],[-44.2084346,-20.0261383],[-44.2084599,-20.0256229],[-44.2086319,-20.0255167],[-44.2080891,-20.0250698],[-44.2080151,-20.0251062],[-44.2076529,-20.0248243]]]}},{"type":"Feature","properties":{"code":"11:5666","name":"Sitio Trem Das Onze","cityCode":"11"},"geometry":{"type":"Polygon","coordinates":[[[-44.2314354,-19.9357855],[-44.2313129,-19.935675],[-44.2306793,-19.9353479],[-44.2298862,-19.9354224],[-44.2298352,-19.9355879],[-44.230015,-19.935498],[-44.2301273,-19.9355537],[-44.2301543,-19.9357755],[-44.2303484,-19.9359901],[-44.2303876,-19.9361669],[-44.230233,-19.9361582],[-44.2301655,-19.9363023],[-44.230041,-19.9363431],[-44.2300644,-19.9365216],[-44.2299976,-19.9366007],[-44.2296873,-19.9365472],[-44.2294945,-19.9367802],[-44.2295485,-19.9368439],[-44.2294984,-19.9369705],[-44.2296239,-19.9371499],[-44.2293726,-19.9372599],[-44.2299527,-19.9373779],[-44.2301117,-19.9373346],[-44.2306324,-19.9374998],[-44.2314662,-19.9359918],[-44.2314354,-19.9357855]]]}},{"type":"Feature","properties":{"code":"11:1965","name":"Fazenda Arranjador Lima","cityCode":"11"},"geometry":{"type":"Polygon","coordinates":[[[-44.2326397,-20.0155398],[-44.2325373,-20.0152866],[-44.2325394,-20.0145243],[-44.2323287,-20.0138569],[-44.2318459,-20.0131953],[-44.2315896,-20.0129646],[-44.2312171,-20.0119142],[-44.2310072,-20.0115536],[-44.2306811,-20.0111945],[-44.2301745,-20.0108568],[-44.2293706,-20.0120523],[-44.2289452,-20.0125565],[-44.2287758,-20.0127084],[-44.2281415,-20.0128645],[-44.2263126,-20.0116343],[-44.2257533,-20.0111376],[-44.2251159,-20.0119757],[-44.2244652,-20.0124545],[-44.2242291,-20.0129818],[-44.2240495,-20.013173],[-44.2250968,-20.0137537],[-44.2242672,-20.0146061],[-44.2246763,-20.0157585],[-44.2247404,-20.01714],[-44.2275675,-20.0183361],[-44.2283122,-20.0189951],[-44.2290386,-20.0186363],[-44.2297405,-20.0183906],[-44.2317381,-20.0178157],[-44.231571,-20.0174751],[-44.2320113,-20.0172996],[-44.2328326,-20.0171327],[-44.2327183,-20.0169913],[-44.2324212,-20.0157408],[-44.2326397,-20.0155398]]]}},{"type":"Feature","properties":{"code":"11:1","name":"Parque Das Industrias","cityCode":"11"},"geometry":{"type":"Polygon","coordinates":[[[-44.1773976,-19.9524605],[-44.1769639,-19.9518535],[-44.1768813,-19.9518727],[-44.1757486,-19.9512749],[-44.1751085,-19.9510614],[-44.173683,-19.9508721],[-44.1723288,-19.9505016],[-44.1705974,-19.9496231],[-44.170134,-19.9492838],[-44.1683725,-19.9523609],[-44.1682692,-19.9523922],[-44.1682523,-19.9525736],[-44.1680237,-19.9526318],[-44.1672287,-19.9531196],[-44.1668393,-19.9537032],[-44.1666571,-19.9538215],[-44.166956,-19.9546816],[-44.1691389,-19.957039],[-44.1693426,-19.9571524],[-44.1719472,-19.957662],[-44.1750632,-19.9588988],[-44.1773329,-19.9614269],[-44.1776037,-19.9616127],[-44.1784222,-19.9617649],[-44.1786866,-19.9617118],[-44.1794025,-19.9613698],[-44.1803351,-19.9612453],[-44.1806843,-19.961084],[-44.1830056,-19.9593958],[-44.183236,-19.9586382],[-44.183168,-19.9585203],[-44.1827099,-19.9583195],[-44.1825031,-19.9580931],[-44.1821061,-19.9580193],[-44.1815483,-19.9575889],[-44.1810865,-19.957591],[-44.18066,-19.9577171],[-44.1803797,-19.9579547],[-44.1801261,-19.9580253],[-44.1798255,-19.9579968],[-44.1794269,-19.9581743],[-44.1791815,-19.9584267],[-44.1788729,-19.9584146],[-44.1786192,-19.9582871],[-44.1785789,-19.9581397],[-44.178343,-19.9579421],[-44.1780893,-19.9578146],[-44.1776771,-19.9577784],[-44.1771327,-19.9574908],[-44.1776274,-19.956012],[-44.1777434,-19.9552055],[-44.1772576,-19.9544999],[-44.1774547,-19.9543574],[-44.1785857,-19.9529605],[-44.1779307,-19.9527554],[-44.1773976,-19.9524605]]]}},{"type":"Feature","properties":{"code":"11:463","name":"Laranjeiras","cityCode":"11"},"geometry":{"type":"Polygon","coordinates":[[[-44.1368945,-19.9497921],[-44.1383761,-19.9489051],[-44.1364356,-19.9454078],[-44.1362467,-19.9451663],[-44.1359128,-19.9449503],[-44.1340469,-19.9439384],[-44.13336,-19.9438514],[-44.1315346,-19.9438351],[-44.1293727,-19.9435085],[-44.1287241,-19.9432741],[-44.1279209,-19.9427735],[-44.1248552,-19.9390236],[-44.1235958,-19.9384555],[-44.1232072,-19.9380804],[-44.1219953,-19.9359265],[-44.121864,-19.9359972],[-44.1214091,-19.9380325],[-44.1214959,-19.9380784],[-44.1214538,-19.9383035],[-44.1217559,-19.9390924],[-44.1217077,-19.9399348],[-44.121788,-19.9401282],[-44.121639,-19.9404247],[-44.1215351,-19.9411009],[-44.121603,-19.9414611],[-44.1215826,-19.9416],[-44.1215113,-19.9415687],[-44.1207705,-19.9445237],[-44.1195119,-19.9448982],[-44.1187389,-19.945042],[-44.1175218,-19.9447852],[-44.1173622,-19.9448994],[-44.1163849,-19.9451431],[-44.1163645,-19.9452072],[-44.1154616,-19.9455044],[-44.1153463,-19.9458288],[-44.1153837,-19.9459567],[-44.1161134,-19.9459036],[-44.1176132,-19.9462],[-44.1181922,-19.9460467],[-44.1192651,-19.9455919],[-44.1198452,-19.9454599],[-44.1201618,-19.945418],[-44.1207768,-19.9454809],[-44.1212243,-19.9456625],[-44.1248693,-19.9478698],[-44.1256347,-19.9481362],[-44.1270389,-19.9480715],[-44.1280578,-19.948268],[-44.1286716,-19.9468631],[-44.1300961,-19.9473642],[-44.1304918,-19.9473994],[-44.134032,-19.9468275],[-44.134519,-19.9469175],[-44.1348935,-19.9471939],[-44.1368945,-19.9497921]]]}},{"type":"Feature","properties":{"code":"11:3025","name":"Projeto Betcon","cityCode":"11"},"geometry":{"type":"Polygon","coordinates":[[[-44.1445189,-19.92791],[-44.1449135,-19.9292571],[-44.1451979,-19.9296496],[-44.145943,-19.9303625],[-44.1462607,-19.9312335],[-44.1476419,-19.9305112],[-44.1501847,-19.9282251],[-44.1503723,-19.9279827],[-44.1497327,-19.927878],[-44.1496287,-19.9280032],[-44.1495563,-19.9277336],[-44.1493097,-19.927611],[-44.1491387,-19.9274285],[-44.149025,-19.9274438],[-44.1488479,-19.9271153],[-44.1489329,-19.9268585],[-44.1490285,-19.9267556],[-44.1495525,-19.9266719],[-44.1500652,-19.9262331],[-44.1509171,-19.925772],[-44.1518762,-19.9257613],[-44.152242,-19.9256298],[-44.1525283,-19.9253423],[-44.1529799,-19.9242843],[-44.1524995,-19.9240828],[-44.1521488,-19.9237642],[-44.151875,-19.9231839],[-44.1518388,-19.922418],[-44.1508994,-19.9208675],[-44.1504743,-19.9208872],[-44.1503537,-19.9210369],[-44.1501069,-19.9209044],[-44.1485698,-19.9209759],[-44.1476608,-19.9213241],[-44.1443513,-19.9242445],[-44.1431547,-19.9248366],[-44.1420327,-19.9247245],[-44.1413035,-19.9245676],[-44.1409056,-19.9243205],[-44.1401339,-19.9235606],[-44.1400782,-19.9240388],[-44.1402007,-19.9241771],[-44.1409053,-19.9244627],[-44.1418354,-19.9249669],[-44.1429943,-19.9260657],[-44.1436413,-19.926432],[-44.1438832,-19.926653],[-44.1440695,-19.9269575],[-44.144385,-19.9278195],[-44.1445189,-19.92791]]]}},{"type":"Feature","properties":{"code":"11:5486","name":"Marmeleiros","cityCode":"11"},"geometry":{"type":"Polygon","coordinates":[[[-44.2319244,-19.9548708],[-44.2316567,-19.9547725],[-44.2309999,-19.9547596],[-44.2303836,-19.9548446],[-44.2300091,-19.9546795],[-44.2288536,-19.956372],[-44.2285955,-19.9562145],[-44.2286088,-19.9566512],[-44.2284127,-19.9569215],[-44.2284607,-19.9572613],[-44.2286168,-19.9574604],[-44.2290764,-19.9577633],[-44.2290644,-19.9580097],[-44.2291433,-19.9581175],[-44.2300403,-19.9588532],[-44.2314239,-19.95831],[-44.2329911,-19.9558947],[-44.2319244,-19.9548708]]]}},{"type":"Feature","properties":{"code":"11:5606","name":"Varzea Das Flores 2ª Secao","cityCode":"11"},"geometry":{"type":"Polygon","coordinates":[[[-44.1735107,-19.9187496],[-44.1734326,-19.9188234],[-44.1732858,-19.9204355],[-44.1730848,-19.9207881],[-44.1726845,-19.9211859],[-44.1728089,-19.9212642],[-44.1730082,-19.921594],[-44.1733363,-19.9216413],[-44.1734263,-19.9218939],[-44.1735965,-19.9219917],[-44.1736439,-19.9217611],[-44.1739603,-19.9217437],[-44.174158,-19.9219931],[-44.1741439,-19.9220916],[-44.1742895,-19.9221454],[-44.1744836,-19.9218617],[-44.174926,-19.9217853],[-44.175011,-19.9213904],[-44.1746558,-19.9210314],[-44.174169,-19.9200426],[-44.1742858,-19.9190347],[-44.1735107,-19.9187496]]]}},{"type":"Feature","properties":{"code":"11:65","name":"Petrovale","cityCode":"11"},"geometry":{"type":"MultiPolygon","coordinates":[[[[-44.1131997,-19.9902738],[-44.1132243,-19.9890127],[-44.1116612,-19.9889412],[-44.1117791,-19.9901055],[-44.1105213,-19.9917829],[-44.1122224,-19.9944699],[-44.1119228,-19.9953513],[-44.1115798,-19.9957295],[-44.1157853,-20.0012112],[-44.1160012,-20.001658],[-44.1162114,-20.0011769],[-44.116873,-20.0004586],[-44.1170408,-20.0000983],[-44.1171393,-19.9990889],[-44.1175338,-19.9978713],[-44.1177237,-19.9969672],[-44.1181329,-19.9964563],[-44.1179178,-19.9961979],[-44.117774,-19.9957482],[-44.1176272,-19.9948565],[-44.1170411,-19.9947506],[-44.1158136,-19.9943502],[-44.1151733,-19.9940919],[-44.114334,-19.9935955],[-44.1141769,-19.9933575],[-44.1141524,-19.9930811],[-44.1139545,-19.9926829],[-44.1139291,-19.9922512],[-44.1131997,-19.9902738]]],[[[-44.1113428,-19.9879188],[-44.110932,-19.9878587],[-44.1108678,-19.9879057],[-44.1106064,-19.9877529],[-44.1105494,-19.9878311],[-44.1108251,-19.9880699],[-44.111513,-19.9886657],[-44.1113428,-19.9879188]]]]}},{"type":"Feature","properties":{"code":"11:3745","name":"Fazenda Bom Destino","cityCode":"11"},"geometry":{"type":"Polygon","coordinates":[[[-44.2551533,-19.9351189],[-44.2548824,-19.9335337],[-44.2542975,-19.9331682],[-44.2528404,-19.9316596],[-44.2500949,-19.9298192],[-44.2463144,-19.9242417],[-44.2459879,-19.9244456],[-44.2456839,-19.9244534],[-44.2457254,-19.9236385],[-44.2455831,-19.9231512],[-44.2452179,-19.9229345],[-44.2449828,-19.922978],[-44.2436174,-19.9221462],[-44.2430271,-19.922084],[-44.2418277,-19.9235354],[-44.2414476,-19.9245772],[-44.2412964,-19.9260035],[-44.2411732,-19.9263188],[-44.2401891,-19.9272902],[-44.2395832,-19.9277194],[-44.2407089,-19.9282639],[-44.2400496,-19.9297052],[-44.2429689,-19.9308396],[-44.245822,-19.9313625],[-44.2449064,-19.9340417],[-44.2453759,-19.9343545],[-44.2457782,-19.9348721],[-44.2477547,-19.938766],[-44.2497534,-19.9378905],[-44.2502462,-19.9372037],[-44.2513561,-19.9369987],[-44.2519913,-19.937914],[-44.2537699,-19.9376674],[-44.2544531,-19.9386302],[-44.2561013,-19.9384854],[-44.2557332,-19.9376536],[-44.2558369,-19.9362568],[-44.2554249,-19.9357705],[-44.2551533,-19.9351189]]]}},{"type":"Feature","properties":{"code":"11:5266","name":"Fazenda Cachoeira E Boa Vista 2A Secao","cityCode":"11"},"geometry":{"type":"Polygon","coordinates":[[[-44.2395046,-19.9814746],[-44.2396785,-19.9821728],[-44.2388125,-19.9833014],[-44.2388164,-19.9836344],[-44.2408496,-19.9839799],[-44.2417061,-19.9839546],[-44.2425768,-19.9837918],[-44.2425136,-19.9836311],[-44.243584,-19.9832123],[-44.2566817,-19.9764845],[-44.2566761,-19.9754636],[-44.2568944,-19.9752492],[-44.2562688,-19.9750847],[-44.2552821,-19.9742626],[-44.255145,-19.9748175],[-44.2549692,-19.9749778],[-44.2545421,-19.9749809],[-44.2539652,-19.9746861],[-44.2534993,-19.9749522],[-44.2532393,-19.9748655],[-44.2531677,-19.9747956],[-44.2530711,-19.9741207],[-44.2530579,-19.9734596],[-44.2532349,-19.9729665],[-44.2535437,-19.9725855],[-44.2535873,-19.9721709],[-44.2532705,-19.9717355],[-44.2530085,-19.9715428],[-44.2527184,-19.9714579],[-44.2521582,-19.971638],[-44.251993,-19.9714511],[-44.2520851,-19.971079],[-44.25231,-19.9708488],[-44.252322,-19.9707131],[-44.2515908,-19.9705549],[-44.2514984,-19.9703721],[-44.2514794,-19.9700105],[-44.2519527,-19.9697017],[-44.2519284,-19.9693648],[-44.2514482,-19.9696112],[-44.2510432,-19.9699498],[-44.2507983,-19.9699181],[-44.2505903,-19.969575],[-44.250364,-19.9683667],[-44.2501891,-19.9680255],[-44.2499737,-19.9677952],[-44.2499197,-19.9674032],[-44.250009,-19.9670311],[-44.249875,-19.966796],[-44.2496326,-19.9667565],[-44.2493155,-19.9669312],[-44.2490177,-19.9669681],[-44.2487084,-19.9668722],[-44.2484848,-19.966627],[-44.2482751,-19.9665318],[-44.2481337,-19.9665583],[-44.2480349,-19.966492],[-44.2477748,-19.9666082],[-44.2473333,-19.9665555],[-44.2470916,-19.9662008],[-44.2469099,-19.9661007],[-44.2468579,-19.9658517],[-44.2465825,-19.9654156],[-44.2461851,-19.9659176],[-44.2458338,-19.9661273],[-44.2454148,-19.9661267],[-44.2451045,-19.9659475],[-44.2450827,-19.9658178],[-44.2447249,-19.965565],[-44.2445167,-19.9652604],[-44.2442963,-19.9658038],[-44.2441466,-19.9660223],[-44.2440122,-19.9660794],[-44.2434847,-19.9659737],[-44.2429809,-19.9656953],[-44.2425318,-19.9656979],[-44.2422253,-19.9658772],[-44.2424887,-19.9663197],[-44.2425137,-19.9666074],[-44.2423261,-19.9668866],[-44.2410768,-19.9670626],[-44.2406322,-19.9676082],[-44.240278,-19.9678087],[-44.2398844,-19.9676465],[-44.2397726,-19.9678352],[-44.2394513,-19.9678701],[-44.2393483,-19.9676947],[-44.2392116,-19.967713],[-44.2391071,-19.9678604],[-44.2390211,-19.9684919],[-44.2386871,-19.9685781],[-44.2377128,-19.9681466],[-44.2376045,-19.9682194],[-44.237752,-19.9685955],[-44.2377865,-19.9690124],[-44.2375381,-19.9691818],[-44.2371213,-19.9690313],[-44.2365792,-19.9685776],[-44.2355174,-19.9688742],[-44.2351827,-19.9686837],[-44.2349513,-19.968439],[-44.2349574,-19.9677215],[-44.2340087,-19.9677353],[-44.2331928,-19.9674997],[-44.2326667,-19.9674685],[-44.2323767,-19.967558],[-44.231905,-19.9682314],[-44.2316183,-19.9689572],[-44.2315366,-19.9689972],[-44.2310758,-19.9688024],[-44.2304815,-19.9684045],[-44.2302175,-19.9684636],[-44.2299335,-19.9686419],[-44.2295341,-19.969168],[-44.2295244,-19.9695771],[-44.229982,-19.969923],[-44.2303138,-19.9699285],[-44.2304636,-19.9700115],[-44.2304447,-19.9702738],[-44.2301578,-19.9705314],[-44.2303075,-19.9707458],[-44.2309448,-19.9709515],[-44.2330711,-19.971352],[-44.2349773,-19.9729001],[-44.2351957,-19.9732497],[-44.2352292,-19.9739157],[-44.2359316,-19.9754596],[-44.2363808,-19.9760605],[-44.2367076,-19.9768366],[-44.2376281,-19.9780185],[-44.2377452,-19.9782328],[-44.23774,-19.9785812],[-44.2378269,-19.9787546],[-44.2381639,-19.9790118],[-44.2393567,-19.979346],[-44.2398823,-19.979598],[-44.2395046,-19.9814746]]]}},{"type":"Feature","properties":{"code":"11:5306","name":"Gleba Vianópolis","cityCode":"11"},"geometry":{"type":"Polygon","coordinates":[[[-44.2759238,-19.9336945],[-44.2753287,-19.9342162],[-44.2750567,-19.9346013],[-44.2751522,-19.9351568],[-44.2750971,-19.9356315],[-44.2752224,-19.9358833],[-44.275693,-19.9355844],[-44.2762886,-19.9353409],[-44.277434,-19.9351907],[-44.2798793,-19.9351529],[-44.2800949,-19.9350932],[-44.280381,-19.9347821],[-44.2810613,-19.9343294],[-44.2813726,-19.9339637],[-44.2814755,-19.9330748],[-44.2773506,-19.9330337],[-44.2762358,-19.9341384],[-44.2761376,-19.9341638],[-44.2759238,-19.9336945]]]}},{"type":"Feature","properties":{"code":"11:5326","name":"Fazenda Candeia 3ª Secao","cityCode":"11"},"geometry":{"type":"Polygon","coordinates":[[[-44.1406327,-19.9807147],[-44.1383052,-19.9824023],[-44.1370177,-19.9841808],[-44.1362303,-19.9856546],[-44.1369361,-19.9857543],[-44.1372704,-19.9865222],[-44.1377866,-19.9872626],[-44.1380809,-19.9873483],[-44.1420286,-19.981406],[-44.1406327,-19.9807147]]]}},{"type":"Feature","properties":{"code":"11:5346","name":"Varzea Do Felicio","cityCode":"11"},"geometry":{"type":"Polygon","coordinates":[[[-44.1647394,-19.8689257],[-44.1643854,-19.8693784],[-44.1642253,-19.8694103],[-44.163198,-19.8692386],[-44.1619554,-19.8691718],[-44.1614972,-19.8692739],[-44.160539,-19.8693318],[-44.1600645,-19.8692338],[-44.1598441,-19.8690753],[-44.1597098,-19.8684709],[-44.1592353,-19.8685422],[-44.1591871,-19.8683425],[-44.158296,-19.8686443],[-44.1579565,-19.8685753],[-44.1582182,-19.8722149],[-44.1584325,-19.8722051],[-44.1600627,-19.8726654],[-44.1607726,-19.8726075],[-44.1609573,-19.8727598],[-44.1611209,-19.8727656],[-44.1615601,-19.8731286],[-44.1615945,-19.8735895],[-44.1621538,-19.8741696],[-44.16252,-19.8743114],[-44.1627682,-19.8742091],[-44.162973,-19.87421],[-44.1635902,-19.8748505],[-44.1637795,-19.874917],[-44.1643827,-19.8748522],[-44.1651945,-19.8695331],[-44.1652675,-19.8690014],[-44.1647394,-19.8689257]]]}},{"type":"Feature","properties":{"code":"11:5446","name":"Fazenda Santa Maria","cityCode":"11"},"geometry":{"type":"Polygon","coordinates":[[[-44.2020901,-19.9006696],[-44.203483,-19.9000208],[-44.2035683,-19.8999035],[-44.2038208,-19.8998107],[-44.2040088,-19.8995652],[-44.2043689,-19.8988422],[-44.2043424,-19.8982016],[-44.2042456,-19.8978976],[-44.2040051,-19.8976238],[-44.2034555,-19.897408],[-44.2028492,-19.8955726],[-44.202601,-19.8941043],[-44.2024595,-19.8937469],[-44.2015561,-19.8924293],[-44.2010106,-19.8928586],[-44.2001647,-19.8929999],[-44.1992541,-19.8926911],[-44.1984064,-19.8918748],[-44.1972534,-19.8928504],[-44.1967149,-19.8923551],[-44.1947622,-19.8932554],[-44.1954624,-19.8939763],[-44.1955038,-19.8958966],[-44.1916856,-19.8968046],[-44.1923198,-19.8980334],[-44.1926228,-19.8981509],[-44.1930375,-19.8981819],[-44.1938889,-19.8979951],[-44.1949561,-19.8979994],[-44.1957002,-19.8977469],[-44.1957937,-19.8978927],[-44.1955022,-19.8982219],[-44.1953871,-19.8985315],[-44.1955259,-19.8996786],[-44.1958406,-19.9007497],[-44.1958016,-19.9009518],[-44.1975519,-19.9014386],[-44.1985089,-19.9015932],[-44.1995885,-19.9018757],[-44.200299,-19.9011745],[-44.2006787,-19.9009726],[-44.2020901,-19.9006696]]]}},{"type":"Feature","properties":{"code":"11:5407","name":"Teixeirinhas 4 Secao","cityCode":"11"},"geometry":{"type":"Polygon","coordinates":[[[-44.2071262,-19.9433946],[-44.2069381,-19.9437822],[-44.2072329,-19.9439382],[-44.208428,-19.944263],[-44.2085734,-19.9439843],[-44.2071262,-19.9433946]]]}},{"type":"Feature","properties":{"code":"11:43","name":"Chacaras Reunidas Guaraciaba","cityCode":"11"},"geometry":{"type":"Polygon","coordinates":[[[-44.1780873,-20.0088825],[-44.1783982,-20.0081186],[-44.1785506,-20.0079166],[-44.178656,-20.0075324],[-44.1784338,-20.00741],[-44.1783005,-20.006972],[-44.178139,-20.0075863],[-44.1772016,-20.0073604],[-44.1773638,-20.0066573],[-44.1770542,-20.0067674],[-44.177139,-20.0060902],[-44.1770184,-20.0058509],[-44.1762136,-20.0054834],[-44.1758657,-20.0056168],[-44.1746568,-20.0053035],[-44.1744772,-20.0052029],[-44.174393,-20.0050458],[-44.1745162,-20.0046441],[-44.1748598,-20.0044315],[-44.1752584,-20.0043385],[-44.1753341,-20.0043855],[-44.1754152,-20.0043168],[-44.1754921,-20.0039268],[-44.1764043,-20.0036331],[-44.1764048,-20.0034867],[-44.1765363,-20.0033742],[-44.1768319,-20.0034335],[-44.1769399,-20.0033577],[-44.1750835,-20.0016281],[-44.1750928,-20.0015164],[-44.1742585,-20.0015918],[-44.1736373,-20.0018045],[-44.1710696,-20.0033331],[-44.1704569,-20.0038885],[-44.16571,-20.0051277],[-44.1646663,-20.00522],[-44.1652104,-20.0081695],[-44.1670467,-20.008721],[-44.167819,-20.0090714],[-44.1683634,-20.0095095],[-44.1687168,-20.0099915],[-44.169356,-20.0113775],[-44.1696018,-20.0111467],[-44.1706493,-20.0107928],[-44.1714887,-20.0102792],[-44.1730385,-20.0102081],[-44.175053,-20.010631],[-44.1757252,-20.0103165],[-44.1762878,-20.0096967],[-44.1766948,-20.0097583],[-44.1775859,-20.0096995],[-44.1778106,-20.0092043],[-44.1775755,-20.0089799],[-44.1780873,-20.0088825]]]}},{"type":"Feature","properties":{"code":"11:2384","name":"Parque Das Cachoeiras","cityCode":"11"},"geometry":{"type":"Polygon","coordinates":[[[-44.2258986,-19.9791093],[-44.2261319,-19.9786821],[-44.226333,-19.9786037],[-44.2262435,-19.9784485],[-44.2257978,-19.9784894],[-44.2253776,-19.9783128],[-44.2251867,-19.9780537],[-44.2252062,-19.9776419],[-44.2250737,-19.976676],[-44.225188,-19.9759881],[-44.2251156,-19.9756015],[-44.2253872,-19.9753959],[-44.2254018,-19.9750579],[-44.225475,-19.974953],[-44.2252711,-19.9745913],[-44.2252541,-19.974389],[-44.224993,-19.9740986],[-44.2247809,-19.9739784],[-44.2247106,-19.9740104],[-44.2242732,-19.9745019],[-44.2239634,-19.9749821],[-44.2239678,-19.9752845],[-44.2237287,-19.9754763],[-44.2232242,-19.9753485],[-44.2228041,-19.9753764],[-44.222496,-19.9752987],[-44.2223516,-19.9751377],[-44.2222268,-19.974739],[-44.2224205,-19.9736957],[-44.222175,-19.9731321],[-44.2214919,-19.9723096],[-44.2212083,-19.9717958],[-44.221031,-19.9712418],[-44.2203437,-19.9710074],[-44.2194662,-19.9710902],[-44.2188779,-19.9712242],[-44.2184428,-19.9715203],[-44.2180887,-19.9715419],[-44.2177697,-19.9719145],[-44.2174665,-19.9719981],[-44.2172929,-19.972161],[-44.2169815,-19.9721045],[-44.2171518,-19.9728172],[-44.2174678,-19.973065],[-44.2168398,-19.9738844],[-44.2173959,-19.9747039],[-44.2175912,-19.97515],[-44.2175873,-19.9756328],[-44.2173912,-19.9767761],[-44.2168745,-19.9769759],[-44.2164096,-19.976523],[-44.2154294,-19.9759269],[-44.2147374,-19.9753892],[-44.2139447,-19.9752485],[-44.2139453,-19.9755487],[-44.2141278,-19.9759206],[-44.2141374,-19.9762732],[-44.214026,-19.9770893],[-44.2138257,-19.9776922],[-44.2139697,-19.9780169],[-44.2137968,-19.9784654],[-44.2139436,-19.9790497],[-44.2139118,-19.9793225],[-44.2142117,-19.979681],[-44.2149625,-19.9794116],[-44.21725,-19.9788014],[-44.2203681,-19.9780208],[-44.2210745,-19.9779104],[-44.2217484,-19.9779572],[-44.2225359,-19.9781548],[-44.2257944,-19.9795152],[-44.2258986,-19.9791093]]]}},{"type":"Feature","properties":{"code":"11:5366","name":"Condominio Residencial Mangabeiras","cityCode":"11"},"geometry":{"type":"Polygon","coordinates":[[[-44.2353223,-19.956217],[-44.2346836,-19.9565655],[-44.2344578,-19.9562514],[-44.2347916,-19.9561765],[-44.2350154,-19.9559437],[-44.2352669,-19.9561505],[-44.2351849,-19.9559809],[-44.2351909,-19.9556435],[-44.2350615,-19.9553265],[-44.2348675,-19.9551564],[-44.2341921,-19.95488],[-44.2327835,-19.9557406],[-44.2331066,-19.9559635],[-44.2335285,-19.9560807],[-44.2337683,-19.9562326],[-44.2340839,-19.9566168],[-44.2343561,-19.9571642],[-44.2358113,-19.9568289],[-44.2353223,-19.956217]]]}},{"type":"Feature","properties":{"code":"11:5546","name":"Fazenda Do Sitio Ou Matta","cityCode":"11"},"geometry":{"type":"Polygon","coordinates":[[[-44.2092647,-19.9921266],[-44.2091241,-19.9917993],[-44.2091809,-19.9909084],[-44.2090771,-19.9907228],[-44.2078911,-19.9894811],[-44.2078021,-19.9891324],[-44.2077809,-19.9885194],[-44.2067659,-19.9885729],[-44.2070163,-19.9864342],[-44.2065761,-19.9859569],[-44.2060589,-19.9857522],[-44.2057688,-19.9857156],[-44.2054429,-19.9858176],[-44.2054216,-19.9864925],[-44.2050558,-19.9874429],[-44.205048,-19.9878926],[-44.2051506,-19.9882058],[-44.2057172,-19.9889899],[-44.206777,-19.9902214],[-44.2071077,-19.9907359],[-44.2075468,-19.9916785],[-44.2078345,-19.9920512],[-44.2092647,-19.9921266]]]}},{"type":"Feature","properties":{"code":"11:5566","name":"Fazenda Santa Cruz","cityCode":"11"},"geometry":{"type":"Polygon","coordinates":[[[-44.2492659,-19.9227728],[-44.249153,-19.9226964],[-44.2467015,-19.917278],[-44.2453019,-19.9175865],[-44.2437676,-19.9190813],[-44.2435003,-19.919091],[-44.2433279,-19.9191873],[-44.2428683,-19.9201247],[-44.2424421,-19.920467],[-44.2423168,-19.9212715],[-44.2430271,-19.922084],[-44.2436174,-19.9221462],[-44.2449828,-19.922978],[-44.2452179,-19.9229345],[-44.2455831,-19.9231512],[-44.2459256,-19.9230715],[-44.2464955,-19.9227418],[-44.2477816,-19.9229665],[-44.2488616,-19.9227605],[-44.2492659,-19.9227728]]]}},{"type":"Feature","properties":{"code":"11:5586","name":"Ribeiro 2ª Seção","cityCode":"11"},"geometry":{"type":"Polygon","coordinates":[[[-44.2335537,-19.9971705],[-44.2311159,-19.9987873],[-44.2324932,-19.9997901],[-44.2331769,-19.9997616],[-44.2336815,-19.999921],[-44.2340434,-19.9997361],[-44.2341071,-19.9999373],[-44.2353065,-19.999358],[-44.2335537,-19.9971705]]]}},{"type":"Feature","properties":{"code":"11:3865","name":"Limas Dois","cityCode":"11"},"geometry":{"type":"Polygon","coordinates":[[[-44.2210338,-20.0156047],[-44.2207613,-20.0154607],[-44.2204089,-20.0147463],[-44.2201446,-20.014525],[-44.218126,-20.0160089],[-44.2169122,-20.0166082],[-44.2169304,-20.0170815],[-44.2171329,-20.017739],[-44.217229,-20.0185744],[-44.2171885,-20.0198631],[-44.2178242,-20.0210669],[-44.2177293,-20.0215339],[-44.2178566,-20.0224474],[-44.2183091,-20.0235074],[-44.2181156,-20.0237712],[-44.2185564,-20.0237424],[-44.21937,-20.0235168],[-44.220109,-20.0235262],[-44.2212207,-20.0233131],[-44.2210762,-20.0213126],[-44.2231468,-20.0208448],[-44.225588,-20.0182913],[-44.2233669,-20.0173936],[-44.2227738,-20.0170332],[-44.2223392,-20.0165832],[-44.2215911,-20.0153681],[-44.2210338,-20.0156047]]]}},{"type":"Feature","properties":{"code":"11:4206","name":"Vila Imbirucu","cityCode":"11"},"geometry":{"type":"Polygon","coordinates":[[[-44.1109261,-19.9401754],[-44.1114663,-19.9389207],[-44.1068432,-19.9407749],[-44.1070247,-19.9411542],[-44.1076432,-19.9417816],[-44.1075015,-19.9417944],[-44.1073164,-19.9416907],[-44.1071863,-19.9417682],[-44.1075048,-19.9430904],[-44.1074685,-19.9431899],[-44.1070529,-19.9428236],[-44.1057924,-19.9421986],[-44.1054619,-19.9417839],[-44.1051463,-19.9418676],[-44.1046176,-19.9421863],[-44.1039842,-19.9427594],[-44.1048326,-19.9435403],[-44.1050484,-19.943887],[-44.1052087,-19.944432],[-44.105167,-19.9449171],[-44.1052663,-19.9452412],[-44.1055666,-19.9457722],[-44.1058529,-19.9460237],[-44.1063648,-19.9462836],[-44.1069249,-19.9463346],[-44.1069667,-19.9462234],[-44.1068518,-19.9457689],[-44.1069857,-19.9449896],[-44.1069204,-19.9444688],[-44.1080167,-19.9444743],[-44.1084664,-19.9445856],[-44.1088031,-19.9448359],[-44.1099102,-19.9440187],[-44.1107418,-19.9434834],[-44.1111174,-19.9433257],[-44.1128209,-19.9434275],[-44.1132035,-19.9441815],[-44.1128275,-19.9442303],[-44.1131022,-19.9446942],[-44.1131749,-19.9449597],[-44.1133476,-19.9451845],[-44.1134619,-19.945227],[-44.113831,-19.9459967],[-44.1153945,-19.9457307],[-44.1154616,-19.9455044],[-44.1163645,-19.9452072],[-44.1163176,-19.9447977],[-44.1157974,-19.943333],[-44.1158404,-19.9430905],[-44.1139676,-19.9429277],[-44.1132278,-19.9416547],[-44.1130868,-19.9416528],[-44.112873,-19.9412739],[-44.1107893,-19.9412478],[-44.1103985,-19.9410944],[-44.1109261,-19.9401754]]]}}]}