{"type":"FeatureCollection","features":[{"type":"Feature","properties":{"code":"0","name":"Jaboticatubas"},"geometry":{"type":"Polygon","coordinates":[[[-43.5426278,-19.5406337],[-43.5426955,-19.5400243],[-43.54214,-19.5384763],[-43.5416627,-19.5385553],[-43.5417113,-19.5381569],[-43.5404211,-19.536771],[-43.539939,-19.5355642],[-43.5391736,-19.5351635],[-43.5388172,-19.5334998],[-43.5389133,-19.5325169],[-43.5378262,-19.5310058],[-43.5370359,-19.5305479],[-43.5331009,-19.5304635],[-43.5318627,-19.5290734],[-43.5301466,-19.5285287],[-43.5292884,-19.5264816],[-43.5267479,-19.5241505],[-43.5262057,-19.5231112],[-43.5260481,-19.5215994],[-43.5240454,-19.5167668],[-43.5242732,-19.5150235],[-43.5234434,-19.5122989],[-43.5237808,-19.5111581],[-43.5235734,-19.5106303],[-43.5225362,-19.5098927],[-43.5207975,-19.5096396],[-43.5186663,-19.5079734],[-43.5180114,-19.5077589],[-43.5168003,-19.5083323],[-43.51362,-19.5080177],[-43.5140769,-19.507378],[-43.5138444,-19.5068573],[-43.5141918,-19.5047697],[-43.513245,-19.5039562],[-43.5133909,-19.5023694],[-43.5123075,-19.5016767],[-43.511836,-19.4984517],[-43.5100551,-19.4964484],[-43.5088324,-19.4943566],[-43.5086464,-19.4933075],[-43.5090359,-19.4920523],[-43.507931,-19.4908872],[-43.5078331,-19.4899684],[-43.5053923,-19.4889341],[-43.5050881,-19.4885471],[-43.5054258,-19.4857436],[-43.5047137,-19.4838791],[-43.5049067,-19.4827189],[-43.5046377,-19.4820601],[-43.5032687,-19.4810356],[-43.5022938,-19.4783576],[-43.5013009,-19.4782374],[-43.5008602,-19.4767996],[-43.5007645,-19.4748825],[-43.4999168,-19.4738736],[-43.50042,-19.4727438],[-43.4996078,-19.4720841],[-43.4989133,-19.4709008],[-43.4971743,-19.4704996],[-43.4961317,-19.4708307],[-43.4951752,-19.4703674],[-43.4945678,-19.4692226],[-43.4931671,-19.4685427],[-43.4937974,-19.4678539],[-43.4937769,-19.4670414],[-43.4930227,-19.464213],[-43.4926102,-19.4637699],[-43.4929529,-19.4626803],[-43.4938827,-19.4622248],[-43.4942608,-19.4613295],[-43.493247,-19.4576043],[-43.4912397,-19.4568507],[-43.4897968,-19.4577943],[-43.4893843,-19.4585118],[-43.4889748,-19.4584879],[-43.4875619,-19.457281],[-43.4873491,-19.4551958],[-43.4853277,-19.4539827],[-43.4833902,-19.4541168],[-43.4827764,-19.4545568],[-43.481403,-19.4542803],[-43.4804655,-19.4547582],[-43.4820229,-19.4502831],[-43.4817893,-19.4495782],[-43.480139,-19.4491366],[-43.4813803,-19.4455458],[-43.480431,-19.4430033],[-43.4823156,-19.4393846],[-43.4828164,-19.4371142],[-43.4848601,-19.4344965],[-43.484606,-19.4338575],[-43.4861305,-19.4292214],[-43.4852647,-19.4294612],[-43.4824286,-19.4293726],[-43.4814437,-19.4292082],[-43.4812385,-19.4286679],[-43.4815222,-19.4276177],[-43.4828783,-19.4261992],[-43.4831534,-19.4231908],[-43.4839608,-19.4218459],[-43.4847254,-19.4192455],[-43.483936,-19.418693],[-43.4840108,-19.4165231],[-43.4835324,-19.416402],[-43.4826382,-19.417567],[-43.4817115,-19.4177125],[-43.4808439,-19.4173752],[-43.4806358,-19.4169498],[-43.4807694,-19.4151505],[-43.4799853,-19.414927],[-43.4790806,-19.4153669],[-43.478047,-19.415311],[-43.478312,-19.4144429],[-43.4800772,-19.412643],[-43.4826079,-19.408376],[-43.4849231,-19.405898],[-43.4849721,-19.404933],[-43.4845558,-19.404119],[-43.4819739,-19.402658],[-43.4808591,-19.40169],[-43.4806031,-19.40127],[-43.4807219,-19.400376],[-43.4833761,-19.396962],[-43.4898879,-19.392416],[-43.4929601,-19.388759],[-43.4937071,-19.386982],[-43.4937531,-19.3860861],[-43.492509,-19.3834819],[-43.491511,-19.379734],[-43.490335,-19.378305],[-43.489728,-19.376382],[-43.4879488,-19.3748471],[-43.4871332,-19.372575],[-43.4873131,-19.3711529],[-43.487878,-19.369878],[-43.4906471,-19.3676859],[-43.491622,-19.366489],[-43.4917649,-19.364606],[-43.491313,-19.36133],[-43.491866,-19.359548],[-43.4934119,-19.3577889],[-43.4942489,-19.3572791],[-43.4956568,-19.357149],[-43.4965702,-19.3574909],[-43.4967289,-19.357932],[-43.496258,-19.3622679],[-43.496771,-19.363085],[-43.499201,-19.36318],[-43.5017139,-19.362154],[-43.5046439,-19.361475],[-43.5070919,-19.36052],[-43.5082331,-19.359513],[-43.5096029,-19.355866],[-43.5105028,-19.354698],[-43.5133862,-19.3538581],[-43.514406,-19.352782],[-43.51504,-19.351521],[-43.5165181,-19.35109],[-43.5188239,-19.3490769],[-43.5197991,-19.34722],[-43.520931,-19.342286],[-43.5211589,-19.3398059],[-43.5206599,-19.337255],[-43.5198669,-19.335989],[-43.5181072,-19.334238],[-43.5179891,-19.3336399],[-43.5188671,-19.33176],[-43.5186742,-19.330312],[-43.520561,-19.331743],[-43.5244792,-19.332193],[-43.5265042,-19.3339681],[-43.5275669,-19.3344541],[-43.5303771,-19.3335451],[-43.532914,-19.334312],[-43.5360359,-19.334299],[-43.5380169,-19.33511],[-43.542446,-19.33455],[-43.5449368,-19.335064],[-43.5468489,-19.334818],[-43.5477668,-19.335096],[-43.5495049,-19.336296],[-43.5525289,-19.336559],[-43.5548239,-19.337508],[-43.5572668,-19.337746],[-43.5592238,-19.338326],[-43.5624171,-19.338589],[-43.565341,-19.3395871],[-43.5672472,-19.3411771],[-43.5683362,-19.341135],[-43.569351,-19.3414831],[-43.572983,-19.340851],[-43.573901,-19.341222],[-43.574864,-19.342764],[-43.5767738,-19.3429529],[-43.5799879,-19.344387],[-43.581488,-19.344484],[-43.585114,-19.34546],[-43.5885772,-19.344667],[-43.58952,-19.344785],[-43.5902929,-19.345269],[-43.5914489,-19.3467889],[-43.5929731,-19.346908],[-43.5944211,-19.34813],[-43.597182,-19.347335],[-43.598228,-19.34573],[-43.599243,-19.346078],[-43.600455,-19.3453919],[-43.6009388,-19.3454399],[-43.602727,-19.3462949],[-43.6032831,-19.3461821],[-43.6041579,-19.345059],[-43.605055,-19.3446479],[-43.6054658,-19.344856],[-43.6052689,-19.3457051],[-43.6056041,-19.3470391],[-43.606111,-19.347247],[-43.606571,-19.3470641],[-43.6069372,-19.346262],[-43.60631,-19.345617],[-43.6063601,-19.34518],[-43.6074998,-19.344334],[-43.6075261,-19.343898],[-43.6068259,-19.343321],[-43.6068029,-19.342885],[-43.6072151,-19.3426341],[-43.6105271,-19.34347],[-43.611998,-19.345266],[-43.613451,-19.344903],[-43.614518,-19.343987],[-43.615027,-19.343943],[-43.6170089,-19.3445001],[-43.617515,-19.345259],[-43.6184089,-19.3454459],[-43.618918,-19.345287],[-43.6213688,-19.342997],[-43.6215161,-19.342538],[-43.6212749,-19.342147],[-43.6216399,-19.34162],[-43.6230681,-19.3414401],[-43.6240159,-19.3402709],[-43.6245239,-19.340227],[-43.624836,-19.341055],[-43.625295,-19.3411709],[-43.626771,-19.341267],[-43.62866,-19.3405831],[-43.629241,-19.340677],[-43.6284079,-19.3437289],[-43.6285508,-19.3446031],[-43.6289371,-19.344856],[-43.6299051,-19.344836],[-43.630753,-19.344356],[-43.6317451,-19.344405],[-43.6344491,-19.346342],[-43.6364349,-19.3458881],[-43.639406,-19.347573],[-43.6404229,-19.347415],[-43.6412959,-19.346867],[-43.641811,-19.344617],[-43.6425649,-19.343356],[-43.6433169,-19.342784],[-43.6442372,-19.342488],[-43.6456149,-19.3429281],[-43.647601,-19.3422449],[-43.6490528,-19.3423179],[-43.649757,-19.3417219],[-43.6495191,-19.340183],[-43.6500299,-19.339265],[-43.6486791,-19.3381589],[-43.6489251,-19.3367819],[-43.6487332,-19.336345],[-43.649438,-19.335129],[-43.650238,-19.3346029],[-43.6505569,-19.333249],[-43.650945,-19.3329289],[-43.6520571,-19.333138],[-43.653703,-19.3328669],[-43.6541872,-19.333075],[-43.6567922,-19.335839],[-43.6576399,-19.335359],[-43.657767,-19.333476],[-43.6581321,-19.3326271],[-43.6596329,-19.332263],[-43.662424,-19.329514],[-43.6633189,-19.3296089],[-43.6628541,-19.33133],[-43.6632869,-19.332135],[-43.6637228,-19.331976],[-43.6651081,-19.330073],[-43.6656161,-19.3300971],[-43.6655401,-19.331429],[-43.6658529,-19.3317981],[-43.6681059,-19.330816],[-43.668566,-19.3308631],[-43.6692409,-19.331554],[-43.6696769,-19.331325],[-43.6703191,-19.3271241],[-43.671218,-19.32584],[-43.671511,-19.324853],[-43.672482,-19.3237991],[-43.6725068,-19.323363],[-43.6721479,-19.322053],[-43.671964,-19.318905],[-43.6713609,-19.318123],[-43.6704429,-19.3177761],[-43.6698159,-19.317131],[-43.669867,-19.316212],[-43.670402,-19.3153179],[-43.6704549,-19.313504],[-43.67227,-19.313486],[-43.6733089,-19.31381],[-43.6781531,-19.312031],[-43.682121,-19.312064],[-43.6826048,-19.311882],[-43.6830908,-19.310964],[-43.6824439,-19.309033],[-43.6808279,-19.3072371],[-43.6809751,-19.306755],[-43.682382,-19.305312],[-43.6824331,-19.30437],[-43.6815381,-19.3041151],[-43.6798901,-19.305214],[-43.6774461,-19.30546],[-43.6769589,-19.306768],[-43.6765241,-19.306606],[-43.6753181,-19.305156],[-43.6757091,-19.3038249],[-43.675664,-19.302837],[-43.675015,-19.301067],[-43.6756961,-19.299828],[-43.6755539,-19.298932],[-43.6747331,-19.2984239],[-43.6727009,-19.298212],[-43.67263,-19.297776],[-43.6738201,-19.296056],[-43.6735101,-19.294769],[-43.6741459,-19.292382],[-43.6733499,-19.2912779],[-43.6740779,-19.290728],[-43.6755549,-19.2903191],[-43.6766759,-19.287129],[-43.678206,-19.285157],[-43.6781362,-19.284238],[-43.6789839,-19.283804],[-43.6797608,-19.282704],[-43.6830992,-19.2828729],[-43.68419,-19.281888],[-43.6855951,-19.281203],[-43.6874051,-19.282562],[-43.688277,-19.282197],[-43.688862,-19.280476],[-43.687687,-19.276867],[-43.6877849,-19.276408],[-43.6885369,-19.2758349],[-43.6887569,-19.274802],[-43.6891928,-19.274551],[-43.690063,-19.2749211],[-43.692516,-19.280118],[-43.692441,-19.2810131],[-43.691494,-19.2822509],[-43.6919501,-19.283608],[-43.6911469,-19.285282],[-43.6908752,-19.2872571],[-43.6915951,-19.289234],[-43.693335,-19.290019],[-43.693627,-19.289492],[-43.6939049,-19.285059],[-43.6945838,-19.284418],[-43.6954799,-19.284214],[-43.6972499,-19.282587],[-43.697106,-19.282127],[-43.696309,-19.281551],[-43.6958049,-19.2802871],[-43.695928,-19.2793911],[-43.6975059,-19.2773739],[-43.697299,-19.273698],[-43.699167,-19.271498],[-43.6998179,-19.27212],[-43.7007611,-19.2722831],[-43.7038841,-19.27128],[-43.7044929,-19.269558],[-43.7061201,-19.2672881],[-43.707087,-19.267498],[-43.7088262,-19.268466],[-43.7105149,-19.270055],[-43.7113328,-19.2717569],[-43.711375,-19.273985],[-43.7126789,-19.2746539],[-43.7148079,-19.2746141],[-43.7168441,-19.2728501],[-43.7170888,-19.2719781],[-43.7201399,-19.27063],[-43.7210831,-19.2707929],[-43.721469,-19.2711381],[-43.720812,-19.272377],[-43.7208841,-19.272882],[-43.7218762,-19.2727241],[-43.7224071,-19.2729321],[-43.7226238,-19.273369],[-43.7223521,-19.2756419],[-43.7212851,-19.276811],[-43.7217188,-19.277088],[-43.7230991,-19.276769],[-43.7237989,-19.277414],[-43.7245701,-19.278587],[-43.7246349,-19.2813211],[-43.7250931,-19.282126],[-43.727053,-19.281878],[-43.728409,-19.281284],[-43.7294001,-19.281607],[-43.729934,-19.280782],[-43.731869,-19.280993],[-43.7331759,-19.280399],[-43.7317539,-19.278443],[-43.7326279,-19.277365],[-43.7330182,-19.275965],[-43.7341331,-19.2751641],[-43.7343591,-19.271604],[-43.7362531,-19.26876],[-43.7359888,-19.2678409],[-43.734159,-19.26492],[-43.734016,-19.263977],[-43.7343098,-19.262531],[-43.7352559,-19.261293],[-43.739155,-19.2592341],[-43.739011,-19.258775],[-43.737925,-19.257945],[-43.7382439,-19.25604],[-43.736896,-19.253556],[-43.7361689,-19.2540831],[-43.7364569,-19.254933],[-43.7361632,-19.2564019],[-43.7353881,-19.257021],[-43.7349279,-19.2570659],[-43.734374,-19.2563289],[-43.7340398,-19.254537],[-43.735689,-19.252795],[-43.7365411,-19.250431],[-43.7373651,-19.249905],[-43.738718,-19.250138],[-43.7391541,-19.249932],[-43.7393491,-19.2494961],[-43.7387281,-19.246279],[-43.740113,-19.243778],[-43.7408629,-19.2432741],[-43.7413709,-19.243299],[-43.741926,-19.244035],[-43.7419951,-19.245367],[-43.7424058,-19.2455749],[-43.7436669,-19.2441311],[-43.743308,-19.242246],[-43.744186,-19.239607],[-43.7442861,-19.2381139],[-43.743465,-19.2374691],[-43.740708,-19.2375091],[-43.7394521,-19.236955],[-43.738001,-19.2370201],[-43.737615,-19.2366979],[-43.7387349,-19.2334391],[-43.7393901,-19.232728],[-43.741085,-19.231744],[-43.7415452,-19.231768],[-43.7422439,-19.2323899],[-43.742097,-19.233331],[-43.7427968,-19.23393],[-43.7427951,-19.234803],[-43.7431568,-19.235171],[-43.7444399,-19.234554],[-43.7457442,-19.235223],[-43.747578,-19.236789],[-43.7485461,-19.236653],[-43.7485939,-19.236366],[-43.7503579,-19.237392],[-43.7517832,-19.237809],[-43.7527519,-19.2374431],[-43.753041,-19.2378111],[-43.7525528,-19.239556],[-43.7539039,-19.240914],[-43.7537571,-19.241787],[-43.7548191,-19.2426159],[-43.754382,-19.243419],[-43.7567231,-19.245193],[-43.7567951,-19.245675],[-43.7555109,-19.2464991],[-43.7554131,-19.246958],[-43.755921,-19.2471429],[-43.7572231,-19.248478],[-43.7574149,-19.249443],[-43.75809,-19.2501569],[-43.7582329,-19.2510989],[-43.76007,-19.251677],[-43.760966,-19.251151],[-43.7606971,-19.2524361],[-43.761736,-19.252645],[-43.7635069,-19.250467],[-43.764426,-19.250492],[-43.765249,-19.250034],[-43.7656839,-19.250196],[-43.7668139,-19.253276],[-43.7659401,-19.254308],[-43.7668071,-19.2559869],[-43.7680148,-19.256701],[-43.7684969,-19.257529],[-43.7690261,-19.258839],[-43.7688061,-19.2597351],[-43.770276,-19.262104],[-43.7701291,-19.263045],[-43.7692331,-19.263434],[-43.769884,-19.264101],[-43.769542,-19.265571],[-43.768696,-19.265293],[-43.768647,-19.26573],[-43.7675322,-19.2665771],[-43.7682809,-19.267038],[-43.7681829,-19.267497],[-43.7677482,-19.267657],[-43.7683759,-19.2679569],[-43.7682781,-19.268393],[-43.769097,-19.269957],[-43.7690229,-19.2703931],[-43.768539,-19.2704841],[-43.768561,-19.271403],[-43.769818,-19.2717961],[-43.770105,-19.2731751],[-43.7707091,-19.273842],[-43.7704898,-19.2742779],[-43.7705071,-19.2771951],[-43.773188,-19.27913],[-43.7746871,-19.2792249],[-43.7750241,-19.280237],[-43.77541,-19.280536],[-43.775744,-19.282466],[-43.7765411,-19.283157],[-43.7766362,-19.284053],[-43.77893,-19.2857569],[-43.7810569,-19.286543],[-43.781684,-19.287233],[-43.7829919,-19.2866839],[-43.7833282,-19.287627],[-43.783812,-19.28772],[-43.784127,-19.287399],[-43.7848751,-19.288296],[-43.784776,-19.289306],[-43.7854989,-19.29064],[-43.7882821,-19.290117],[-43.7891749,-19.290785],[-43.7901188,-19.290902],[-43.7915919,-19.292145],[-43.793091,-19.2923091],[-43.7942991,-19.293046],[-43.7948072,-19.292932],[-43.7948079,-19.292404],[-43.7956329,-19.291303],[-43.796021,-19.291051],[-43.7969149,-19.291283],[-43.7984342,-19.2937201],[-43.799207,-19.2942501],[-43.8000491,-19.296388],[-43.801233,-19.2971941],[-43.8013501,-19.299124],[-43.802293,-19.2994239],[-43.8024859,-19.2998379],[-43.8022418,-19.300779],[-43.8025071,-19.301193],[-43.8029899,-19.301286],[-43.803814,-19.3007369],[-43.8047071,-19.301749],[-43.8048248,-19.303127],[-43.8041452,-19.304343],[-43.8047,-19.305263],[-43.8045289,-19.305722],[-43.805034,-19.307538],[-43.8066771,-19.3083219],[-43.806843,-19.309815],[-43.808098,-19.311311],[-43.8086279,-19.312805],[-43.8085249,-19.315584],[-43.8089331,-19.3169401],[-43.8091391,-19.322981],[-43.808237,-19.326104],[-43.8085209,-19.329182],[-43.80755,-19.3304439],[-43.8073549,-19.331385],[-43.8083921,-19.3329951],[-43.809431,-19.3338701],[-43.8096218,-19.334766],[-43.8090639,-19.3355461],[-43.8056719,-19.33779],[-43.804728,-19.3379949],[-43.8017518,-19.337622],[-43.800687,-19.337873],[-43.797488,-19.340117],[-43.7951379,-19.341215],[-43.794387,-19.341788],[-43.7933161,-19.344588],[-43.7919581,-19.345964],[-43.7942221,-19.3507],[-43.7938279,-19.353938],[-43.794283,-19.356098],[-43.7951042,-19.357064],[-43.7982941,-19.3591379],[-43.7993798,-19.3602651],[-43.8002461,-19.362656],[-43.802081,-19.364658],[-43.802609,-19.3667259],[-43.8035249,-19.368611],[-43.8053591,-19.371073],[-43.809566,-19.373148],[-43.8157148,-19.3725849],[-43.8180851,-19.373371],[-43.8192209,-19.374269],[-43.819606,-19.375119],[-43.819745,-19.37845],[-43.8194001,-19.381481],[-43.818521,-19.385109],[-43.8189779,-19.386419],[-43.820573,-19.3875931],[-43.823453,-19.387828],[-43.8248319,-19.388359],[-43.8257998,-19.388361],[-43.8275688,-19.387468],[-43.8285369,-19.387401],[-43.8307391,-19.387796],[-43.8346851,-19.3875959],[-43.8372742,-19.3881061],[-43.8387999,-19.3876261],[-43.839261,-19.386823],[-43.840666,-19.386274],[-43.8425809,-19.384853],[-43.8430658,-19.384831],[-43.844904,-19.3852479],[-43.845871,-19.386283],[-43.847298,-19.3864921],[-43.847564,-19.3868601],[-43.8504908,-19.387922],[-43.850975,-19.388014],[-43.8522592,-19.3873501],[-43.8537589,-19.3876049],[-43.854894,-19.389008],[-43.8558621,-19.389263],[-43.8565629,-19.390045],[-43.8579658,-19.390208],[-43.8584249,-19.391036],[-43.8588601,-19.391197],[-43.8607491,-19.3909471],[-43.8621278,-19.39134],[-43.8633871,-19.390699],[-43.8643321,-19.3906549],[-43.8656641,-19.389807],[-43.8660291,-19.388958],[-43.8679688,-19.387008],[-43.8693959,-19.387355],[-43.8701001,-19.386598],[-43.8739251,-19.385938],[-43.8744319,-19.38688],[-43.8749161,-19.386927],[-43.8754258,-19.386147],[-43.8771938,-19.385208],[-43.8768332,-19.3842881],[-43.8770999,-19.383875],[-43.8802442,-19.385304],[-43.880751,-19.386109],[-43.8835568,-19.387101],[-43.8849889,-19.385082],[-43.886782,-19.383453],[-43.8886231,-19.382859],[-43.892109,-19.382795],[-43.892496,-19.383048],[-43.8925669,-19.383554],[-43.8940418,-19.384727],[-43.8950099,-19.3850729],[-43.896749,-19.387442],[-43.8972328,-19.387511],[-43.8975961,-19.387236],[-43.899386,-19.387997],[-43.9006651,-19.3905939],[-43.9016332,-19.391101],[-43.902649,-19.391056],[-43.9037601,-19.3926889],[-43.9058892,-19.39361],[-43.9073391,-19.395496],[-43.9086702,-19.3957731],[-43.9080368,-19.3981149],[-43.9091979,-19.3989899],[-43.9088091,-19.399839],[-43.9096072,-19.400185],[-43.9099931,-19.4010811],[-43.90992,-19.401541],[-43.9094361,-19.401609],[-43.9094581,-19.4029409],[-43.9113939,-19.4031511],[-43.9116581,-19.40508],[-43.9119479,-19.4054481],[-43.9135679,-19.4063461],[-43.9145849,-19.40621],[-43.914803,-19.406601],[-43.9152631,-19.406555],[-43.9158669,-19.407222],[-43.9163511,-19.4073381],[-43.9169788,-19.408142],[-43.919738,-19.4089731],[-43.9193491,-19.409845],[-43.91947,-19.4103051],[-43.920413,-19.410536],[-43.921309,-19.410307],[-43.9222291,-19.4106069],[-43.9215981,-19.411893],[-43.9207981,-19.412443],[-43.9210148,-19.4128341],[-43.9219829,-19.413065],[-43.9222241,-19.413892],[-43.9218608,-19.414167],[-43.9204079,-19.41428],[-43.920311,-19.414739],[-43.9208899,-19.415957],[-43.9209129,-19.41644],[-43.92055,-19.4167839],[-43.9207178,-19.417244],[-43.9223378,-19.419014],[-43.922822,-19.419176],[-43.9231111,-19.4201181],[-43.9224811,-19.4208059],[-43.9219969,-19.420645],[-43.9211971,-19.421241],[-43.9210508,-19.421723],[-43.9218979,-19.4221839],[-43.9228429,-19.421794],[-43.923205,-19.422139],[-43.923204,-19.422645],[-43.9244871,-19.423152],[-43.9252841,-19.424301],[-43.9267849,-19.424349],[-43.9276561,-19.42481],[-43.9280201,-19.424534],[-43.9284802,-19.424811],[-43.9285759,-19.425247],[-43.9298572,-19.426604],[-43.9306301,-19.4283051],[-43.9301931,-19.428557],[-43.9301199,-19.428993],[-43.9289831,-19.4281881],[-43.928716,-19.428578],[-43.9288121,-19.429497],[-43.929707,-19.429866],[-43.9299489,-19.430256],[-43.9302622,-19.4316351],[-43.9307219,-19.431705],[-43.93111,-19.430832],[-43.9314502,-19.430534],[-43.9319099,-19.4306029],[-43.9320301,-19.4310629],[-43.93278,-19.431638],[-43.932682,-19.432143],[-43.9331901,-19.432512],[-43.934886,-19.4318711],[-43.9358518,-19.43348],[-43.936385,-19.4334801],[-43.9365561,-19.432562],[-43.9370888,-19.432539],[-43.9377412,-19.433206],[-43.9387581,-19.433368],[-43.941204,-19.432797],[-43.9425141,-19.431558],[-43.9423689,-19.430685],[-43.9427571,-19.430433],[-43.943507,-19.430962],[-43.9445239,-19.4310551],[-43.9445711,-19.431951],[-43.9450312,-19.432089],[-43.9468971,-19.4315121],[-43.946943,-19.43239],[-43.9479591,-19.433632],[-43.950379,-19.434484],[-43.9540351,-19.434948],[-43.9565552,-19.433412],[-43.9571351,-19.434033],[-43.9566952,-19.437087],[-43.9582389,-19.442441],[-43.958237,-19.443383],[-43.9574619,-19.444232],[-43.9559359,-19.444368],[-43.9555,-19.444138],[-43.953421,-19.441746],[-43.950276,-19.439377],[-43.9493321,-19.439077],[-43.9476599,-19.440109],[-43.9467131,-19.441854],[-43.9445549,-19.4446311],[-43.943561,-19.445112],[-43.9389129,-19.44405],[-43.9362028,-19.442691],[-43.933153,-19.44186],[-43.9321118,-19.441859],[-43.9311909,-19.4423631],[-43.9298331,-19.444314],[-43.9300238,-19.4457619],[-43.930387,-19.446153],[-43.933532,-19.448017],[-43.9358062,-19.4501559],[-43.9382509,-19.45071],[-43.9405269,-19.45069],[-43.9414712,-19.451105],[-43.9436722,-19.453129],[-43.9454841,-19.4559329],[-43.9486301,-19.4582109],[-43.9517279,-19.4590181],[-43.9538828,-19.4591819],[-43.95541,-19.458632],[-43.9565018,-19.456979],[-43.9574699,-19.457118],[-43.9583889,-19.4581761],[-43.9593069,-19.459992],[-43.959618,-19.463024],[-43.958696,-19.4643551],[-43.9562239,-19.466121],[-43.9535588,-19.466991],[-43.952324,-19.4670591],[-43.951307,-19.466713],[-43.9452569,-19.463559],[-43.941649,-19.462958],[-43.939517,-19.463323],[-43.937918,-19.464193],[-43.9366561,-19.465754],[-43.9362641,-19.469314],[-43.9368181,-19.471818],[-43.9377609,-19.4728989],[-43.9393831,-19.473131],[-43.9433089,-19.471459],[-43.945852,-19.471048],[-43.946361,-19.4711859],[-43.9484901,-19.473027],[-43.9503509,-19.47567],[-43.9518751,-19.476958],[-43.9527949,-19.477005],[-43.9538879,-19.474778],[-43.9548329,-19.4746191],[-43.9553408,-19.474849],[-43.9563571,-19.476159],[-43.9565479,-19.4784801],[-43.955699,-19.4794211],[-43.953881,-19.480337],[-43.9519432,-19.48084],[-43.9485761,-19.480814],[-43.9469769,-19.4812021],[-43.9466378,-19.481546],[-43.945812,-19.4834979],[-43.9463188,-19.484532],[-43.9471418,-19.485084],[-43.9493462,-19.48534],[-43.950047,-19.486007],[-43.9501899,-19.4881429],[-43.9498501,-19.4890381],[-43.9492921,-19.489359],[-43.9477409,-19.489748],[-43.9467249,-19.4892419],[-43.9449098,-19.487563],[-43.9435091,-19.484942],[-43.9427588,-19.4842981],[-43.941282,-19.4842511],[-43.9407471,-19.485605],[-43.9408109,-19.491807],[-43.9405909,-19.493277],[-43.940057,-19.494126],[-43.9392088,-19.4945849],[-43.9379979,-19.494583],[-43.9342211,-19.493453],[-43.932185,-19.494323],[-43.9316511,-19.4951269],[-43.931043,-19.497124],[-43.9307572,-19.5001341],[-43.929301,-19.503425],[-43.9277749,-19.5046599],[-43.9238589,-19.506444],[-43.9230031,-19.50798],[-43.9220581,-19.5113539],[-43.9214109,-19.512173],[-43.9208251,-19.5125541],[-43.9162999,-19.513725],[-43.915726,-19.5142551],[-43.915383,-19.515376],[-43.9156739,-19.5162319],[-43.9178421,-19.517253],[-43.9208521,-19.5174999],[-43.9228491,-19.518428],[-43.9238711,-19.519482],[-43.9241839,-19.521436],[-43.923448,-19.524324],[-43.923469,-19.526012],[-43.9238319,-19.5272371],[-43.9244039,-19.5279429],[-43.927191,-19.530294],[-43.9272241,-19.532213],[-43.92693,-19.533195],[-43.9257701,-19.5339789],[-43.9214259,-19.535913],[-43.9189971,-19.537735],[-43.9168619,-19.5385059],[-43.915789,-19.538585],[-43.911482,-19.540496],[-43.9090769,-19.542122],[-43.9078569,-19.54257],[-43.9043811,-19.543246],[-43.9025281,-19.5431619],[-43.8987999,-19.541987],[-43.8950361,-19.5403281],[-43.893999,-19.540464],[-43.8932408,-19.541515],[-43.8926929,-19.5473391],[-43.8915399,-19.5507],[-43.8914869,-19.552642],[-43.8921079,-19.553094],[-43.8935821,-19.553408],[-43.8967912,-19.552571],[-43.8983759,-19.552643],[-43.9028089,-19.554697],[-43.9046741,-19.555105],[-43.9076009,-19.55489],[-43.9107188,-19.556422],[-43.911252,-19.558249],[-43.910712,-19.559901],[-43.9095398,-19.560823],[-43.9087349,-19.560972],[-43.9042731,-19.560259],[-43.9029939,-19.559656],[-43.901572,-19.557677],[-43.9001841,-19.55653],[-43.8989169,-19.556227],[-43.8972459,-19.5564779],[-43.8965219,-19.558673],[-43.8960139,-19.56281],[-43.8945829,-19.564899],[-43.891907,-19.567333],[-43.8912821,-19.5688569],[-43.8915808,-19.571863],[-43.889818,-19.575003],[-43.88922,-19.57543],[-43.8871151,-19.578835],[-43.8863699,-19.579573],[-43.8826472,-19.5810801],[-43.8801099,-19.581387],[-43.8781731,-19.580528],[-43.8776752,-19.579938],[-43.877812,-19.578251],[-43.879158,-19.57615],[-43.8792099,-19.5750399],[-43.8788812,-19.5745429],[-43.8732028,-19.572694],[-43.8700742,-19.570804],[-43.8698092,-19.568954],[-43.870784,-19.56409],[-43.8676859,-19.558802],[-43.8670648,-19.558535],[-43.8662599,-19.5587071],[-43.8646961,-19.559963],[-43.8641911,-19.562216],[-43.864866,-19.56602],[-43.8660281,-19.569825],[-43.8660471,-19.5722399],[-43.8652991,-19.573845],[-43.86375,-19.574027],[-43.863093,-19.5735629],[-43.861752,-19.573237],[-43.859996,-19.573453],[-43.858468,-19.5747911],[-43.858026,-19.576442],[-43.8573149,-19.577701],[-43.855325,-19.578933],[-43.8539829,-19.579173],[-43.8529219,-19.5791021],[-43.8522279,-19.5786261],[-43.8509401,-19.5768209],[-43.8502972,-19.5753169],[-43.8484201,-19.5751051],[-43.842951,-19.57767],[-43.840787,-19.579862],[-43.84053,-19.5805199],[-43.8411369,-19.5867849],[-43.8399579,-19.590216],[-43.840057,-19.594492],[-43.839365,-19.598131],[-43.8375801,-19.599919],[-43.8367748,-19.600067],[-43.8360199,-19.599788],[-43.8343999,-19.5986519],[-43.8309169,-19.5969449],[-43.8275571,-19.594545],[-43.8265328,-19.594289],[-43.8249099,-19.594551],[-43.8238231,-19.595207],[-43.8233691,-19.596454],[-43.8235561,-19.5998301],[-43.8243322,-19.601542],[-43.8241709,-19.6025121],[-43.8237788,-19.6031931],[-43.822705,-19.6033761],[-43.8218888,-19.60305],[-43.8189919,-19.600663],[-43.8173511,-19.598637],[-43.814723,-19.596492],[-43.8135401,-19.5962011],[-43.8124792,-19.5965331],[-43.8115011,-19.5973399],[-43.8106799,-19.5987601],[-43.810457,-19.6000881],[-43.8140859,-19.606927],[-43.8149549,-19.610189],[-43.8145852,-19.611921],[-43.8139861,-19.612405],[-43.8125951,-19.6127949],[-43.809557,-19.6131121],[-43.805831,-19.610953],[-43.80354,-19.6103],[-43.8021249,-19.6102861],[-43.799941,-19.610569],[-43.7987081,-19.611109],[-43.7983729,-19.6130439],[-43.7936799,-19.612195],[-43.7906239,-19.610339],[-43.7886968,-19.610022],[-43.786103,-19.608998],[-43.7856739,-19.609506],[-43.785742,-19.611471],[-43.78541,-19.612591],[-43.7843959,-19.613236],[-43.7836641,-19.613141],[-43.782669,-19.6113819],[-43.7820231,-19.611011],[-43.782017,-19.608803],[-43.7813979,-19.608016],[-43.7825841,-19.6069671],[-43.7835718,-19.606819],[-43.784636,-19.6056781],[-43.783713,-19.604138],[-43.7823489,-19.603464],[-43.7824001,-19.6029681],[-43.7816229,-19.6015329],[-43.7819671,-19.600713],[-43.7817622,-19.599638],[-43.781288,-19.599105],[-43.7803492,-19.59931],[-43.779046,-19.59866],[-43.7757778,-19.594179],[-43.7758099,-19.5913591],[-43.7765461,-19.5899049],[-43.7769781,-19.587895],[-43.7761371,-19.5834661],[-43.775068,-19.582238],[-43.774219,-19.580387],[-43.773381,-19.579356],[-43.7723809,-19.579157],[-43.7698429,-19.579913],[-43.7690279,-19.579276],[-43.7687881,-19.5779339],[-43.7692298,-19.5726189],[-43.7678751,-19.568836],[-43.7651078,-19.564229],[-43.7636379,-19.56233],[-43.7624229,-19.5610439],[-43.7597179,-19.560436],[-43.758842,-19.559914],[-43.7581491,-19.559138],[-43.756925,-19.5565799],[-43.754666,-19.5536501],[-43.7514771,-19.5559759],[-43.7495051,-19.556147],[-43.745913,-19.554923],[-43.7449888,-19.555062],[-43.7434949,-19.556132],[-43.7426079,-19.556305],[-43.7410599,-19.555309],[-43.7396361,-19.553677],[-43.736926,-19.553239],[-43.7349399,-19.552295],[-43.7329401,-19.55209],[-43.7320328,-19.552529],[-43.7305568,-19.554891],[-43.728885,-19.556356],[-43.7284101,-19.556362],[-43.7271862,-19.555928],[-43.720074,-19.549936],[-43.7187172,-19.549572],[-43.7153529,-19.551024],[-43.710683,-19.5540159],[-43.7087812,-19.555587],[-43.7072951,-19.55728],[-43.706484,-19.557602],[-43.7051121,-19.558751],[-43.7046189,-19.56005],[-43.7045378,-19.56206],[-43.7040349,-19.563509],[-43.70212,-19.564134],[-43.7009029,-19.564172],[-43.7001329,-19.564009],[-43.6985702,-19.562829],[-43.6947159,-19.561608],[-43.6915109,-19.5588321],[-43.6892961,-19.5546349],[-43.6864349,-19.551232],[-43.6846691,-19.551196],[-43.6823489,-19.5524489],[-43.6804229,-19.555775],[-43.6783151,-19.55826],[-43.67763,-19.5580839],[-43.677283,-19.557615],[-43.676925,-19.555577],[-43.676438,-19.554706],[-43.675272,-19.554062],[-43.6725489,-19.5535311],[-43.6712018,-19.5521281],[-43.6706201,-19.549677],[-43.669278,-19.548643],[-43.6680472,-19.548566],[-43.6669131,-19.5493191],[-43.6662349,-19.553091],[-43.6646099,-19.5552701],[-43.6639078,-19.558223],[-43.6630201,-19.560023],[-43.6607258,-19.562314],[-43.658937,-19.563272],[-43.6567618,-19.563564],[-43.654644,-19.565392],[-43.6539442,-19.565008],[-43.6523479,-19.5623039],[-43.6512939,-19.5618439],[-43.6490989,-19.56164],[-43.6465109,-19.560276],[-43.6431251,-19.5602371],[-43.641139,-19.561866],[-43.637725,-19.561585],[-43.6368679,-19.560407],[-43.636914,-19.5584091],[-43.6376678,-19.556611],[-43.6396129,-19.5545441],[-43.6397019,-19.553977],[-43.6374839,-19.550322],[-43.6369709,-19.550213],[-43.635034,-19.551034],[-43.6336189,-19.550855],[-43.6320839,-19.549893],[-43.6312299,-19.5480219],[-43.62885,-19.5458579],[-43.6275061,-19.545482],[-43.624769,-19.545654],[-43.623085,-19.544521],[-43.6215711,-19.5442281],[-43.621056,-19.542203],[-43.620286,-19.5410581],[-43.6178721,-19.5355119],[-43.611633,-19.534238],[-43.6092941,-19.5341519],[-43.6078689,-19.5331879],[-43.604776,-19.532314],[-43.60195,-19.530409],[-43.6012139,-19.5291019],[-43.6016581,-19.5277121],[-43.601278,-19.526666],[-43.60005,-19.5249381],[-43.5981262,-19.523149],[-43.597697,-19.5229581],[-43.5970069,-19.5231861],[-43.5955749,-19.522661],[-43.5946201,-19.521368],[-43.593885,-19.521019],[-43.592229,-19.521882],[-43.591414,-19.521915],[-43.5883078,-19.518236],[-43.5870382,-19.516128],[-43.583989,-19.5139479],[-43.5824431,-19.513956],[-43.5822998,-19.5132189],[-43.5835451,-19.510756],[-43.58349,-19.508541],[-43.5849379,-19.506676],[-43.5850741,-19.505947],[-43.5844901,-19.504131],[-43.582959,-19.501679],[-43.5835249,-19.498911],[-43.5824888,-19.493824],[-43.5820781,-19.4935011],[-43.578544,-19.493007],[-43.5758181,-19.489967],[-43.5717529,-19.48892],[-43.5708129,-19.487792],[-43.5698071,-19.4845269],[-43.5685258,-19.483765],[-43.5670739,-19.4835529],[-43.566129,-19.483734],[-43.5652549,-19.484328],[-43.5634539,-19.486619],[-43.562264,-19.487603],[-43.5596429,-19.489018],[-43.5590089,-19.4903251],[-43.5589049,-19.492231],[-43.5579289,-19.4940881],[-43.5567398,-19.4948881],[-43.5548729,-19.495479],[-43.555472,-19.49725],[-43.5556822,-19.49918],[-43.5561199,-19.49996],[-43.5562131,-19.5014131],[-43.5559101,-19.502432],[-43.5547101,-19.503774],[-43.5527898,-19.503982],[-43.5513341,-19.505223],[-43.54857,-19.508857],[-43.5468571,-19.510009],[-43.5460471,-19.511346],[-43.5467499,-19.5175479],[-43.547837,-19.521517],[-43.5475771,-19.524833],[-43.5486031,-19.5278219],[-43.5486939,-19.531076],[-43.545613,-19.537426],[-43.544011,-19.539627],[-43.5426278,-19.5406337]]]}},{"type":"Feature","properties":{"code":"1","name":"Confins"},"geometry":{"type":"Polygon","coordinates":[[[-43.9848875,-19.6876574],[-43.984295,-19.686982],[-43.9822462,-19.6865171],[-43.9823081,-19.6860661],[-43.9827599,-19.685755],[-43.9827361,-19.685292],[-43.9812231,-19.685152],[-43.9803579,-19.6847001],[-43.9803799,-19.686237],[-43.9785151,-19.684512],[-43.9775881,-19.6849024],[-43.9770507,-19.6846628],[-43.9781397,-19.682951],[-43.9783434,-19.681919],[-43.9771014,-19.6795785],[-43.9758911,-19.6796838],[-43.9753337,-19.68044],[-43.9735936,-19.6811521],[-43.9716945,-19.6799336],[-43.9702312,-19.6767364],[-43.969523,-19.6761508],[-43.9688884,-19.6750496],[-43.9683739,-19.6745777],[-43.9671146,-19.6744215],[-43.9664882,-19.6735501],[-43.966093,-19.6720134],[-43.9668183,-19.6712398],[-43.9670711,-19.6703996],[-43.9667723,-19.6696412],[-43.9660951,-19.6694754],[-43.9655832,-19.6685879],[-43.9633372,-19.669094],[-43.9607261,-19.66909],[-43.9597,-19.669979],[-43.9583591,-19.669364],[-43.9550499,-19.6708381],[-43.9546598,-19.6704128],[-43.9525059,-19.670905],[-43.9506907,-19.6701728],[-43.9501769,-19.6709643],[-43.9488288,-19.6710898],[-43.9470155,-19.6720762],[-43.9461357,-19.6721635],[-43.9452407,-19.6716181],[-43.9445405,-19.6719278],[-43.943989,-19.667665],[-43.9427949,-19.666277],[-43.940971,-19.6631531],[-43.9402522,-19.662805],[-43.9357893,-19.6624483],[-43.934688,-19.6620262],[-43.9344544,-19.6615254],[-43.9352226,-19.660919],[-43.9381422,-19.6597571],[-43.9408472,-19.6596856],[-43.9416854,-19.6593807],[-43.9421256,-19.6587464],[-43.9420792,-19.654921],[-43.9423214,-19.6540445],[-43.9430555,-19.6531672],[-43.9481902,-19.6493497],[-43.9492961,-19.6473457],[-43.9504272,-19.6470992],[-43.9523997,-19.6480063],[-43.9535157,-19.6475917],[-43.9540503,-19.6458977],[-43.9552707,-19.6447003],[-43.9570628,-19.6419819],[-43.9587447,-19.6406859],[-43.9593998,-19.6397241],[-43.959141,-19.6359218],[-43.9595449,-19.6346934],[-43.9643631,-19.6312513],[-43.9645914,-19.6306942],[-43.9642894,-19.6293572],[-43.9650303,-19.6276085],[-43.9657847,-19.6271525],[-43.9653884,-19.626767],[-43.9628231,-19.6272202],[-43.9584689,-19.6267115],[-43.9523068,-19.6245376],[-43.9519756,-19.6241708],[-43.952022,-19.6235526],[-43.9526358,-19.6227106],[-43.9523186,-19.6218789],[-43.9493608,-19.6204843],[-43.9492176,-19.620151],[-43.9492183,-19.6144699],[-43.949861,-19.6139104],[-43.9511177,-19.6135719],[-43.9516184,-19.6125153],[-43.9537173,-19.6109712],[-43.9586495,-19.6050083],[-43.9623144,-19.6015873],[-43.963847,-19.6013757],[-43.9655048,-19.6027291],[-43.9661578,-19.6027374],[-43.9670333,-19.6011983],[-43.9684585,-19.599711],[-43.970166,-19.5990491],[-43.9729941,-19.5988238],[-43.9734669,-19.5984574],[-43.9774128,-19.5993724],[-43.9783549,-19.6000404],[-43.9795527,-19.5990717],[-43.9795807,-19.6006215],[-43.9805499,-19.6012339],[-43.9832023,-19.6000366],[-43.984732,-19.6012926],[-43.9851071,-19.601276],[-43.9856496,-19.6011378],[-43.9864218,-19.600126],[-43.9870468,-19.5997828],[-43.9894177,-19.5997447],[-43.9902147,-19.6001087],[-43.9915525,-19.6016211],[-43.9934001,-19.6026632],[-43.9934695,-19.6032619],[-43.993026,-19.6042048],[-43.9937759,-19.6062984],[-43.9933072,-19.6092788],[-43.9940754,-19.6112033],[-43.9939054,-19.6132849],[-43.9902202,-19.6165544],[-43.9895484,-19.6180247],[-43.9910384,-19.6205813],[-43.9929393,-19.6222449],[-43.9945135,-19.6247377],[-43.9970536,-19.6244653],[-44.0004802,-19.625758],[-44.0019788,-19.626684],[-44.001279,-19.629931],[-43.9998739,-19.631397],[-43.9987118,-19.633303],[-43.9983551,-19.6357529],[-43.997706,-19.6371501],[-43.9961181,-19.639101],[-43.9959578,-19.639818],[-43.996689,-19.640547],[-43.9992,-19.641879],[-44.0003362,-19.644394],[-44.0015839,-19.645072],[-44.0016491,-19.646075],[-44.004707,-19.647239],[-44.0058309,-19.648262],[-44.006499,-19.648509],[-44.006737,-19.6491909],[-44.0064061,-19.6495],[-44.0054809,-19.649459],[-44.0056699,-19.650117],[-44.005252,-19.6506791],[-44.005226,-19.65242],[-44.0047631,-19.6524631],[-44.004645,-19.6519671],[-44.0042069,-19.651963],[-44.0039368,-19.6545021],[-44.003331,-19.655048],[-44.003903,-19.6564929],[-44.0029778,-19.6564869],[-44.0034181,-19.657839],[-44.0029829,-19.658908],[-44.0012588,-19.659945],[-44.000542,-19.660038],[-43.9995521,-19.6597029],[-43.9988191,-19.66036],[-43.998183,-19.661619],[-43.9987169,-19.663758],[-43.99785,-19.664266],[-43.9974331,-19.6655481],[-43.9977128,-19.6658139],[-43.9983968,-19.66548],[-43.998836,-19.665585],[-43.9993102,-19.66651],[-43.9992361,-19.6672149],[-43.998894,-19.6675381],[-43.9976499,-19.667305],[-43.997026,-19.668622],[-43.995475,-19.6695559],[-43.9951201,-19.670168],[-43.9937521,-19.670814],[-43.994456,-19.673508],[-43.9937101,-19.674478],[-43.9938911,-19.676061],[-43.9933486,-19.6787883],[-43.9926387,-19.6796079],[-43.991761,-19.681788],[-43.9920627,-19.6824935],[-43.9924691,-19.682175],[-43.9929493,-19.6823019],[-43.9926591,-19.6832212],[-43.9921541,-19.6835806],[-43.9924216,-19.6845239],[-43.9916778,-19.6845612],[-43.9912894,-19.6837517],[-43.9905777,-19.6838928],[-43.9901855,-19.6842939],[-43.9897154,-19.6851005],[-43.9896632,-19.6862361],[-43.9890902,-19.6867725],[-43.9889918,-19.688064],[-43.9868956,-19.6875127],[-43.9863541,-19.6877794],[-43.9861522,-19.6888999],[-43.9856572,-19.6888971],[-43.985178,-19.6887242],[-43.9848875,-19.6876574]]]}},{"type":"Feature","properties":{"code":"2","name":"São José da Lapa"},"geometry":{"type":"Polygon","coordinates":[[[-43.9773253,-19.6848759],[-43.9785151,-19.684512],[-43.9803799,-19.686237],[-43.9803579,-19.6847001],[-43.9812231,-19.685152],[-43.9827361,-19.685292],[-43.9827599,-19.685755],[-43.9823081,-19.6860661],[-43.9822462,-19.6865171],[-43.984588,-19.687144],[-43.985178,-19.6887242],[-43.9861522,-19.6888999],[-43.9863541,-19.6877794],[-43.9868956,-19.6875127],[-43.9889918,-19.688064],[-43.9890902,-19.6867725],[-43.9896632,-19.6862361],[-43.9897154,-19.6851005],[-43.9905777,-19.6838928],[-43.9912894,-19.6837517],[-43.9916778,-19.6845612],[-43.9924216,-19.6845239],[-43.9921541,-19.6835806],[-43.9926591,-19.6832212],[-43.9929493,-19.6823019],[-43.9924691,-19.682175],[-43.9920627,-19.6824935],[-43.991761,-19.681788],[-43.9926387,-19.6796079],[-43.9933486,-19.6787883],[-43.9938911,-19.676061],[-43.9937101,-19.674478],[-43.994456,-19.673508],[-43.9937521,-19.670814],[-43.9951201,-19.670168],[-43.995475,-19.6695559],[-43.997026,-19.668622],[-43.9976499,-19.667305],[-43.998894,-19.6675381],[-43.9992361,-19.6672149],[-43.9993102,-19.66651],[-43.998836,-19.665585],[-43.9983968,-19.66548],[-43.9977128,-19.6658139],[-43.9974331,-19.6655481],[-43.99785,-19.664266],[-43.9987169,-19.663758],[-43.998183,-19.661619],[-43.9988191,-19.66036],[-43.9995521,-19.6597029],[-44.000542,-19.660038],[-44.0012588,-19.659945],[-44.0029829,-19.658908],[-44.0034181,-19.657839],[-44.002891,-19.656717],[-44.0029778,-19.6564869],[-44.003903,-19.6564929],[-44.0033169,-19.655267],[-44.0039368,-19.6545021],[-44.0042191,-19.655019],[-44.006134,-19.6561169],[-44.008213,-19.6563971],[-44.009203,-19.6575],[-44.0114198,-19.658842],[-44.012035,-19.659538],[-44.0125532,-19.6617671],[-44.0116931,-19.664263],[-44.0123379,-19.665883],[-44.012358,-19.667878],[-44.011809,-19.671149],[-44.012016,-19.672719],[-44.012317,-19.673124],[-44.013834,-19.6736541],[-44.0149298,-19.673627],[-44.017038,-19.6733771],[-44.0210761,-19.672345],[-44.023009,-19.674261],[-44.029266,-19.675919],[-44.033801,-19.678257],[-44.0355628,-19.6801949],[-44.0388551,-19.681118],[-44.0402011,-19.681888],[-44.040819,-19.682583],[-44.0411029,-19.683267],[-44.0413779,-19.688654],[-44.0404408,-19.690124],[-44.0379111,-19.691386],[-44.035181,-19.693305],[-44.0343191,-19.6945319],[-44.0340278,-19.695914],[-44.0342391,-19.6970111],[-44.0349109,-19.698227],[-44.0382712,-19.699876],[-44.039079,-19.700874],[-44.039111,-19.701566],[-44.037562,-19.7033879],[-44.0374309,-19.704575],[-44.036352,-19.70556],[-44.036248,-19.706458],[-44.0344811,-19.708153],[-44.0332711,-19.708767],[-44.0298208,-19.7091929],[-44.0291081,-19.710052],[-44.0273049,-19.710236],[-44.0259351,-19.710987],[-44.0255352,-19.710754],[-44.0236839,-19.7107409],[-44.0222129,-19.7120909],[-44.0212398,-19.711911],[-44.0199699,-19.7123519],[-44.0190709,-19.7121269],[-44.0185489,-19.71037],[-44.016512,-19.710713],[-44.0154789,-19.7104519],[-44.0141878,-19.70899],[-44.0115919,-19.707795],[-44.009873,-19.706468],[-44.0078109,-19.704021],[-44.0070661,-19.704246],[-44.0066639,-19.707357],[-44.0067759,-19.710033],[-44.0061739,-19.7108129],[-44.00622,-19.7126],[-44.007683,-19.7139719],[-44.0081459,-19.715382],[-44.0089048,-19.716471],[-44.0089809,-19.717636],[-44.009366,-19.71825],[-44.009068,-19.718871],[-44.0094661,-19.719462],[-44.0093981,-19.720372],[-44.0077799,-19.721641],[-44.0060821,-19.722274],[-44.0036831,-19.720747],[-44.002638,-19.7205319],[-44.002161,-19.7207011],[-44.0017909,-19.72131],[-44.0016368,-19.723869],[-44.0001382,-19.725565],[-43.9970501,-19.725904],[-43.993935,-19.727529],[-43.9931409,-19.7282681],[-43.9921102,-19.7317691],[-43.990349,-19.73387],[-43.9897489,-19.735314],[-43.9880749,-19.73649],[-43.985304,-19.736556],[-43.9822418,-19.7352921],[-43.9804869,-19.7336819],[-43.980098,-19.7326761],[-43.9765121,-19.73088],[-43.9760041,-19.728313],[-43.974896,-19.72667],[-43.9739719,-19.724138],[-43.9726579,-19.721709],[-43.9713501,-19.7158119],[-43.9706441,-19.7148401],[-43.9699245,-19.7144418],[-43.9698532,-19.7125608],[-43.9690331,-19.7123819],[-43.9686324,-19.7126087],[-43.9680222,-19.71416],[-43.9672467,-19.7147988],[-43.9666362,-19.7149273],[-43.9660908,-19.7157639],[-43.964424,-19.7170967],[-43.9627939,-19.7211061],[-43.9630787,-19.7220289],[-43.9622957,-19.7223347],[-43.9616462,-19.7230643],[-43.9600731,-19.7224639],[-43.9576729,-19.72023],[-43.9572841,-19.7192699],[-43.9575052,-19.7183451],[-43.9562139,-19.71706],[-43.9555691,-19.715927],[-43.955428,-19.71291],[-43.9531859,-19.710433],[-43.9514701,-19.708003],[-43.9498732,-19.706822],[-43.946456,-19.706712],[-43.943184,-19.7074231],[-43.942878,-19.707839],[-43.9413519,-19.708461],[-43.9380202,-19.708652],[-43.9363131,-19.7075849],[-43.9355351,-19.7062779],[-43.9355002,-19.705353],[-43.9361258,-19.703482],[-43.93805,-19.6988969],[-43.9382751,-19.695776],[-43.9390001,-19.693466],[-43.9395631,-19.692681],[-43.940686,-19.6919781],[-43.9440199,-19.691024],[-43.9487258,-19.686559],[-43.9500099,-19.684608],[-43.950259,-19.6819959],[-43.951397,-19.680056],[-43.9544851,-19.672444],[-43.956989,-19.671003],[-43.957333,-19.669628],[-43.9585909,-19.66933],[-43.9597,-19.669979],[-43.9607261,-19.66909],[-43.9633372,-19.669094],[-43.9655832,-19.6685879],[-43.9660951,-19.6694754],[-43.9667723,-19.6696412],[-43.9670711,-19.6703996],[-43.9668183,-19.6712398],[-43.966093,-19.6720134],[-43.9664882,-19.6735501],[-43.9672381,-19.6744966],[-43.9681942,-19.6745234],[-43.968766,-19.6748997],[-43.969523,-19.6761508],[-43.9702312,-19.6767364],[-43.9715771,-19.6798085],[-43.9722173,-19.6804469],[-43.9739093,-19.681129],[-43.9753337,-19.68044],[-43.9758911,-19.6796838],[-43.9768649,-19.6795274],[-43.9772842,-19.6797539],[-43.9775799,-19.6808386],[-43.9783322,-19.6816078],[-43.9781397,-19.682951],[-43.9770525,-19.684389],[-43.9773253,-19.6848759]]]}},{"type":"Feature","properties":{"code":"3","name":"Lagoa Santa"},"geometry":{"type":"Polygon","coordinates":[[[-43.9734441,-19.598465],[-43.9729941,-19.5988238],[-43.970166,-19.5990491],[-43.9684585,-19.599711],[-43.9670333,-19.6011983],[-43.9661578,-19.6027374],[-43.9655048,-19.6027291],[-43.963847,-19.6013757],[-43.9623144,-19.6015873],[-43.9586495,-19.6050083],[-43.9537173,-19.6109712],[-43.9516184,-19.6125153],[-43.9511177,-19.6135719],[-43.949861,-19.6139104],[-43.9492183,-19.6144699],[-43.9492176,-19.620151],[-43.9493608,-19.6204843],[-43.9523186,-19.6218789],[-43.9526358,-19.6227106],[-43.952022,-19.6235526],[-43.9519756,-19.6241708],[-43.9523068,-19.6245376],[-43.9584689,-19.6267115],[-43.9628231,-19.6272202],[-43.9653884,-19.626767],[-43.9657847,-19.6271525],[-43.9650303,-19.6276085],[-43.9642894,-19.6293572],[-43.9645914,-19.6306942],[-43.9643631,-19.6312513],[-43.9595449,-19.6346934],[-43.959141,-19.6359218],[-43.9593998,-19.6397241],[-43.9587447,-19.6406859],[-43.9570628,-19.6419819],[-43.9552707,-19.6447003],[-43.9540503,-19.6458977],[-43.9535157,-19.6475917],[-43.9523997,-19.6480063],[-43.9504272,-19.6470992],[-43.9492961,-19.6473457],[-43.9481902,-19.6493497],[-43.9430555,-19.6531672],[-43.9423214,-19.6540445],[-43.9420792,-19.654921],[-43.9421256,-19.6587464],[-43.9416854,-19.6593807],[-43.9408472,-19.6596856],[-43.9381422,-19.6597571],[-43.9352226,-19.660919],[-43.9344544,-19.6615254],[-43.934688,-19.6620262],[-43.9357893,-19.6624483],[-43.9407641,-19.663002],[-43.9423221,-19.665143],[-43.9427949,-19.666277],[-43.943989,-19.667665],[-43.9445405,-19.6719278],[-43.9425533,-19.6724713],[-43.9419924,-19.6741468],[-43.942136,-19.6756093],[-43.9416407,-19.6767829],[-43.9387704,-19.6786504],[-43.9375075,-19.6808274],[-43.9363307,-19.6809443],[-43.9333416,-19.6798208],[-43.9313464,-19.6797871],[-43.9284146,-19.6831966],[-43.9261333,-19.6850487],[-43.9242991,-19.6848404],[-43.9223814,-19.6853641],[-43.9219289,-19.6856324],[-43.921556,-19.6864835],[-43.9206544,-19.6860744],[-43.918781,-19.6822114],[-43.9171106,-19.6814782],[-43.9142731,-19.6808803],[-43.9125696,-19.6809516],[-43.9102202,-19.682537],[-43.9085182,-19.6820173],[-43.9082057,-19.6817132],[-43.9080084,-19.6805212],[-43.9075786,-19.6803293],[-43.9044566,-19.6826487],[-43.9042094,-19.6832647],[-43.9029033,-19.6844488],[-43.9024118,-19.6863751],[-43.9029345,-19.6878007],[-43.9040228,-19.688625],[-43.903575,-19.6907012],[-43.9050086,-19.6910857],[-43.9055096,-19.6917513],[-43.9066991,-19.6921793],[-43.9082986,-19.6945891],[-43.9112855,-19.6945129],[-43.9122082,-19.6940716],[-43.9124961,-19.6933655],[-43.9149982,-19.6942037],[-43.9141086,-19.6952211],[-43.9142887,-19.6965839],[-43.9150111,-19.6970689],[-43.914807,-19.6979683],[-43.912772,-19.6984319],[-43.9119824,-19.6989779],[-43.9108035,-19.6992643],[-43.9083051,-19.6985999],[-43.9077074,-19.6993939],[-43.9054463,-19.6998777],[-43.9044523,-19.7005204],[-43.9020785,-19.7013277],[-43.9016058,-19.7013303],[-43.9002803,-19.7002559],[-43.8976112,-19.6988901],[-43.8944735,-19.6988766],[-43.8940415,-19.7009403],[-43.892927,-19.7011403],[-43.8912799,-19.7001088],[-43.8911763,-19.6989911],[-43.8886724,-19.697192],[-43.8878001,-19.6972704],[-43.8863771,-19.6979608],[-43.8855811,-19.6976763],[-43.8853209,-19.6968214],[-43.8859537,-19.6950631],[-43.883182,-19.6953623],[-43.8825452,-19.6955961],[-43.8824837,-19.6959315],[-43.8832091,-19.6978733],[-43.881638,-19.7007027],[-43.8809014,-19.7004042],[-43.8803885,-19.6997718],[-43.8798132,-19.6996563],[-43.8788301,-19.7008109],[-43.8778358,-19.7002603],[-43.8773724,-19.7010546],[-43.8759349,-19.701675],[-43.8750191,-19.7016413],[-43.8728821,-19.7022558],[-43.8723334,-19.7027841],[-43.872412,-19.7037194],[-43.8719947,-19.7037915],[-43.8717341,-19.7033444],[-43.8710547,-19.7030662],[-43.870199,-19.704388],[-43.8688811,-19.704524],[-43.8674789,-19.704094],[-43.8667189,-19.7053859],[-43.865451,-19.7050831],[-43.8649222,-19.706931],[-43.863003,-19.708072],[-43.8626351,-19.708683],[-43.861671,-19.708785],[-43.8608279,-19.7092341],[-43.860267,-19.708852],[-43.8601792,-19.710123],[-43.8585081,-19.709819],[-43.8575069,-19.7098859],[-43.856932,-19.710278],[-43.855676,-19.710241],[-43.854673,-19.710955],[-43.8538281,-19.712121],[-43.85015,-19.7139391],[-43.8492449,-19.7148381],[-43.8486958,-19.7149761],[-43.8476681,-19.716152],[-43.8466431,-19.716012],[-43.845791,-19.71512],[-43.84454,-19.712713],[-43.8428199,-19.712328],[-43.8419679,-19.7114589],[-43.8405091,-19.7090871],[-43.8403669,-19.707041],[-43.8397729,-19.705491],[-43.838603,-19.705037],[-43.8375038,-19.705127],[-43.8355011,-19.705897],[-43.8331781,-19.707707],[-43.8328912,-19.710017],[-43.8318731,-19.7120841],[-43.8280981,-19.713763],[-43.82316,-19.7166639],[-43.8186308,-19.7171039],[-43.815776,-19.716612],[-43.814448,-19.715765],[-43.8138911,-19.71418],[-43.8148339,-19.712911],[-43.815376,-19.711075],[-43.8154179,-19.708868],[-43.8158362,-19.70769],[-43.815635,-19.705308],[-43.815249,-19.703851],[-43.8134119,-19.7014889],[-43.8122311,-19.700516],[-43.8099278,-19.699308],[-43.8084821,-19.696751],[-43.807811,-19.6921141],[-43.8079849,-19.6910859],[-43.808621,-19.690325],[-43.8090531,-19.6888],[-43.808995,-19.6874129],[-43.8079359,-19.68666],[-43.80354,-19.6878741],[-43.8017339,-19.687939],[-43.8004418,-19.687358],[-43.7998709,-19.6865251],[-43.7998961,-19.6859819],[-43.8001408,-19.6859239],[-43.8031418,-19.68607],[-43.8040249,-19.6845351],[-43.803262,-19.68221],[-43.800912,-19.6805061],[-43.799099,-19.678594],[-43.7987841,-19.677554],[-43.7988629,-19.675439],[-43.800934,-19.672404],[-43.802667,-19.671958],[-43.804229,-19.672042],[-43.8050351,-19.6715591],[-43.806128,-19.6688681],[-43.806464,-19.666696],[-43.8055409,-19.664903],[-43.804786,-19.664497],[-43.8037729,-19.664598],[-43.8029781,-19.665243],[-43.8019121,-19.666847],[-43.8003839,-19.6681149],[-43.7988201,-19.668816],[-43.7982232,-19.66878],[-43.795999,-19.665458],[-43.7929179,-19.663474],[-43.792128,-19.6623849],[-43.791692,-19.661021],[-43.7917669,-19.660281],[-43.792294,-19.659739],[-43.7964231,-19.657681],[-43.798887,-19.657652],[-43.801226,-19.6588941],[-43.8041189,-19.6581851],[-43.8088651,-19.658092],[-43.8105262,-19.6574021],[-43.8110899,-19.656606],[-43.8114499,-19.65418],[-43.811172,-19.653197],[-43.8094559,-19.651482],[-43.8094102,-19.6503961],[-43.8108081,-19.64788],[-43.8108829,-19.647082],[-43.8095271,-19.643057],[-43.808859,-19.641981],[-43.8088658,-19.639311],[-43.8096488,-19.638377],[-43.8114071,-19.638034],[-43.813913,-19.6407209],[-43.8150211,-19.64144],[-43.8165568,-19.641698],[-43.8172791,-19.641064],[-43.817392,-19.639678],[-43.8171271,-19.638475],[-43.8162772,-19.63682],[-43.8143198,-19.634285],[-43.8138241,-19.632781],[-43.8143321,-19.629673],[-43.8165561,-19.623322],[-43.816523,-19.621727],[-43.8155909,-19.6192401],[-43.813814,-19.617849],[-43.8124961,-19.617961],[-43.811312,-19.6184211],[-43.8073639,-19.6213821],[-43.8060189,-19.622812],[-43.8059429,-19.623805],[-43.8065129,-19.624905],[-43.8063041,-19.6255749],[-43.8053641,-19.625838],[-43.8037791,-19.625742],[-43.802707,-19.625081],[-43.801394,-19.6237141],[-43.799778,-19.6211089],[-43.7991141,-19.618854],[-43.799171,-19.615803],[-43.7983582,-19.6139629],[-43.7987081,-19.611109],[-43.8008321,-19.6103861],[-43.80354,-19.6103],[-43.805587,-19.610872],[-43.809557,-19.6131121],[-43.8125951,-19.6127949],[-43.8139861,-19.612405],[-43.8145852,-19.611921],[-43.814966,-19.610905],[-43.8147519,-19.608697],[-43.8121811,-19.6029929],[-43.810457,-19.6000881],[-43.8109621,-19.5980789],[-43.8124792,-19.5965331],[-43.8137972,-19.596144],[-43.8149171,-19.59662],[-43.8173511,-19.598637],[-43.8189919,-19.600663],[-43.8224,-19.603341],[-43.8237788,-19.6031931],[-43.8241709,-19.6025121],[-43.8243322,-19.601542],[-43.8235561,-19.5998301],[-43.8233691,-19.596454],[-43.8238231,-19.595207],[-43.8249099,-19.594551],[-43.8265328,-19.594289],[-43.8275571,-19.594545],[-43.8309169,-19.5969449],[-43.8343999,-19.5986519],[-43.8360199,-19.599788],[-43.8367748,-19.600067],[-43.8375801,-19.599919],[-43.839365,-19.598131],[-43.840057,-19.594492],[-43.8399579,-19.590216],[-43.8411369,-19.5867849],[-43.84053,-19.5805199],[-43.840787,-19.579862],[-43.842951,-19.57767],[-43.8484201,-19.5751051],[-43.8502972,-19.5753169],[-43.8509401,-19.5768209],[-43.8522279,-19.5786261],[-43.8529219,-19.5791021],[-43.8539829,-19.579173],[-43.855325,-19.578933],[-43.8573149,-19.577701],[-43.858026,-19.576442],[-43.858468,-19.5747911],[-43.859996,-19.573453],[-43.861752,-19.573237],[-43.863093,-19.5735629],[-43.86375,-19.574027],[-43.8652991,-19.573845],[-43.8660471,-19.5722399],[-43.8660281,-19.569825],[-43.864866,-19.56602],[-43.8641911,-19.562216],[-43.8646961,-19.559963],[-43.8665281,-19.558568],[-43.8676859,-19.558802],[-43.870784,-19.56409],[-43.8698092,-19.568954],[-43.8700742,-19.570804],[-43.8732028,-19.572694],[-43.8777241,-19.5740201],[-43.8790882,-19.574786],[-43.879158,-19.57615],[-43.8777389,-19.5785399],[-43.8777838,-19.580146],[-43.8798302,-19.581341],[-43.881403,-19.581355],[-43.884783,-19.580403],[-43.8865769,-19.5794349],[-43.8914329,-19.572325],[-43.8916432,-19.571366],[-43.8912821,-19.5688569],[-43.891907,-19.567333],[-43.8945829,-19.564899],[-43.8960139,-19.56281],[-43.8965219,-19.558673],[-43.8972459,-19.5564779],[-43.8997341,-19.5563211],[-43.901572,-19.557677],[-43.9029939,-19.559656],[-43.9042731,-19.560259],[-43.9084299,-19.5609709],[-43.9092831,-19.560915],[-43.910235,-19.5604081],[-43.9112379,-19.558769],[-43.911228,-19.557786],[-43.9105731,-19.556213],[-43.9076009,-19.55489],[-43.9046741,-19.555105],[-43.9028089,-19.554697],[-43.8983759,-19.552643],[-43.8967912,-19.552571],[-43.8935821,-19.553408],[-43.8921079,-19.553094],[-43.8914869,-19.552642],[-43.8915399,-19.5507],[-43.8926929,-19.5473391],[-43.89318,-19.541769],[-43.893999,-19.540464],[-43.8952921,-19.540363],[-43.8992989,-19.542162],[-43.9025281,-19.5431619],[-43.9043811,-19.543246],[-43.908821,-19.5422371],[-43.913092,-19.539759],[-43.915789,-19.538585],[-43.9168619,-19.5385059],[-43.9189971,-19.537735],[-43.9218969,-19.535691],[-43.9240201,-19.537351],[-43.926664,-19.538164],[-43.9287569,-19.54026],[-43.9294641,-19.540619],[-43.9405222,-19.5403249],[-43.944596,-19.539095],[-43.9452922,-19.538438],[-43.9460258,-19.5370631],[-43.9472959,-19.536002],[-43.949223,-19.535415],[-43.9520389,-19.5353161],[-43.9540499,-19.5360699],[-43.958079,-19.5393591],[-43.9603949,-19.539732],[-43.960626,-19.540149],[-43.9605381,-19.541963],[-43.9614749,-19.543109],[-43.961873,-19.5455941],[-43.9615541,-19.546495],[-43.961967,-19.547467],[-43.962368,-19.5480681],[-43.964586,-19.548661],[-43.964793,-19.549101],[-43.9651181,-19.551968],[-43.9648351,-19.5534579],[-43.9643459,-19.5539541],[-43.9631629,-19.554357],[-43.9627348,-19.554923],[-43.9630881,-19.555594],[-43.9635269,-19.5555369],[-43.9644032,-19.556301],[-43.9654269,-19.55636],[-43.966633,-19.557148],[-43.966665,-19.5599449],[-43.9674322,-19.5608819],[-43.9673209,-19.561368],[-43.9660772,-19.561435],[-43.9635391,-19.56283],[-43.9630869,-19.5634531],[-43.9637559,-19.5644019],[-43.963618,-19.566378],[-43.9643469,-19.568021],[-43.965066,-19.568715],[-43.9653441,-19.57016],[-43.9659281,-19.5706009],[-43.9675262,-19.570441],[-43.9694759,-19.570895],[-43.970769,-19.570746],[-43.9732052,-19.572287],[-43.9737041,-19.5728769],[-43.9737278,-19.573605],[-43.972727,-19.573939],[-43.9714821,-19.5749781],[-43.971003,-19.5768839],[-43.9689038,-19.578071],[-43.9682929,-19.57881],[-43.967556,-19.5818139],[-43.965652,-19.582909],[-43.9651371,-19.584515],[-43.9654529,-19.585394],[-43.9674998,-19.5865181],[-43.9699349,-19.588579],[-43.9701401,-19.5903129],[-43.9699496,-19.594204],[-43.9719448,-19.5969187],[-43.9729819,-19.5973637],[-43.9734441,-19.598465]]]}},{"type":"Feature","properties":{"code":"4","name":"Capim Branco"},"geometry":{"type":"Polygon","coordinates":[[[-44.2225531,-19.599349],[-44.22096,-19.600966],[-44.2192258,-19.6055801],[-44.2178842,-19.6079709],[-44.2171249,-19.6104231],[-44.2158689,-19.612699],[-44.214692,-19.613983],[-44.2130198,-19.614654],[-44.209683,-19.615037],[-44.2053619,-19.618713],[-44.200215,-19.6204471],[-44.1984178,-19.621566],[-44.1985888,-19.62332],[-44.1997358,-19.624769],[-44.1992548,-19.6292289],[-44.199958,-19.631539],[-44.2001049,-19.63312],[-44.1995281,-19.6356651],[-44.1983071,-19.638011],[-44.1979138,-19.6403609],[-44.1981068,-19.64217],[-44.196332,-19.640374],[-44.1954111,-19.637878],[-44.194257,-19.635818],[-44.192758,-19.634321],[-44.1919058,-19.632551],[-44.1901411,-19.630719],[-44.189892,-19.627903],[-44.1909709,-19.62686],[-44.1910969,-19.626181],[-44.1896878,-19.623923],[-44.1880261,-19.62314],[-44.1875632,-19.621535],[-44.187899,-19.62036],[-44.1875559,-19.618894],[-44.1871571,-19.618534],[-44.1862179,-19.6187591],[-44.1853942,-19.618246],[-44.182633,-19.617976],[-44.1800279,-19.6163331],[-44.1792609,-19.616421],[-44.1781409,-19.614673],[-44.1771649,-19.6150011],[-44.1765861,-19.614225],[-44.1755651,-19.614092],[-44.174269,-19.613184],[-44.1732711,-19.613201],[-44.17268,-19.612425],[-44.1717329,-19.612142],[-44.170911,-19.61133],[-44.170649,-19.61044],[-44.1694958,-19.610052],[-44.1687801,-19.6062879],[-44.1689389,-19.6025991],[-44.1685951,-19.601236],[-44.1681761,-19.600346],[-44.165443,-19.5978949],[-44.1639101,-19.597874],[-44.1623581,-19.598729],[-44.16035,-19.600585],[-44.1591671,-19.600935],[-44.1571489,-19.600577],[-44.1544,-19.5986559],[-44.1530889,-19.5982329],[-44.1492149,-19.598797],[-44.1483232,-19.5993331],[-44.1456901,-19.600066],[-44.1433328,-19.602911],[-44.141513,-19.603914],[-44.1399809,-19.603755],[-44.138394,-19.602764],[-44.136549,-19.598716],[-44.1346601,-19.5972859],[-44.1331132,-19.597529],[-44.1314752,-19.5985569],[-44.128782,-19.599093],[-44.1267901,-19.598596],[-44.1238882,-19.5959819],[-44.1227048,-19.5930341],[-44.1203609,-19.59077],[-44.1192981,-19.5879841],[-44.1179989,-19.585946],[-44.1172829,-19.5839],[-44.115471,-19.5804399],[-44.114854,-19.578256],[-44.1121341,-19.575886],[-44.111969,-19.575124],[-44.1087059,-19.5721271],[-44.1075431,-19.569744],[-44.1079351,-19.566114],[-44.1082559,-19.5654131],[-44.1096272,-19.5643029],[-44.1104501,-19.5630969],[-44.1109321,-19.562132],[-44.1108921,-19.560978],[-44.110314,-19.5601671],[-44.1069502,-19.559246],[-44.1062849,-19.558803],[-44.1057089,-19.557646],[-44.105535,-19.556457],[-44.1072039,-19.552813],[-44.1094421,-19.5511899],[-44.1116961,-19.5490591],[-44.1128199,-19.548456],[-44.113118,-19.5475461],[-44.114112,-19.5463881],[-44.1142891,-19.543818],[-44.114116,-19.540772],[-44.1133359,-19.539348],[-44.1127221,-19.5350889],[-44.1115751,-19.532268],[-44.1115222,-19.527712],[-44.1100131,-19.524462],[-44.1091239,-19.520947],[-44.1104681,-19.5221809],[-44.1126788,-19.522553],[-44.1147899,-19.524977],[-44.115529,-19.525305],[-44.1179489,-19.525482],[-44.1209319,-19.5266429],[-44.122625,-19.526389],[-44.1254851,-19.524493],[-44.1294321,-19.52363],[-44.1325379,-19.5245961],[-44.1382799,-19.5296841],[-44.1419631,-19.529949],[-44.144132,-19.529513],[-44.1459911,-19.529721],[-44.148671,-19.529219],[-44.1504579,-19.529265],[-44.1531709,-19.5310119],[-44.1539799,-19.533519],[-44.1549889,-19.5354521],[-44.1566089,-19.5368],[-44.160066,-19.5382051],[-44.164498,-19.537587],[-44.1665601,-19.536769],[-44.1695991,-19.536961],[-44.1712699,-19.536337],[-44.172536,-19.5344769],[-44.173556,-19.5311391],[-44.1740728,-19.5302891],[-44.1762729,-19.52878],[-44.1774529,-19.526931],[-44.1806119,-19.5238459],[-44.182288,-19.5260149],[-44.184482,-19.527147],[-44.185455,-19.527118],[-44.1860299,-19.526706],[-44.1872212,-19.526852],[-44.1886241,-19.52791],[-44.1901451,-19.527885],[-44.1915278,-19.528481],[-44.1922168,-19.529108],[-44.19274,-19.5290541],[-44.194954,-19.527303],[-44.1964249,-19.5273231],[-44.198681,-19.5264371],[-44.1999461,-19.526526],[-44.2019722,-19.527322],[-44.2029201,-19.527374],[-44.2042851,-19.5287889],[-44.2060229,-19.5290531],[-44.2070961,-19.530374],[-44.206785,-19.531549],[-44.2067939,-19.533844],[-44.2076601,-19.535302],[-44.2078711,-19.536503],[-44.2099821,-19.537322],[-44.2116889,-19.5384511],[-44.213147,-19.538794],[-44.2132131,-19.5435119],[-44.2136711,-19.546005],[-44.2132589,-19.556728],[-44.2157411,-19.5603759],[-44.216961,-19.567164],[-44.2168408,-19.568881],[-44.217067,-19.569621],[-44.2197799,-19.573235],[-44.2203902,-19.576779],[-44.2216299,-19.5787119],[-44.2218791,-19.5796941],[-44.2215691,-19.582402],[-44.2191309,-19.586793],[-44.218484,-19.588935],[-44.2159611,-19.5914449],[-44.215326,-19.5955351],[-44.2134079,-19.5983611],[-44.2131941,-19.599432],[-44.2138989,-19.599598],[-44.2186278,-19.598438],[-44.2209719,-19.599179],[-44.2225531,-19.599349]]]}},{"type":"Feature","properties":{"code":"5","name":"Baldim"},"geometry":{"type":"Polygon","coordinates":[[[-44.0063381,-19.33336],[-44.006792,-19.3351911],[-44.0076359,-19.33634],[-44.0097141,-19.336802],[-44.0107762,-19.3373319],[-44.0134049,-19.34032],[-44.0192499,-19.3426721],[-44.0201418,-19.343844],[-44.0202121,-19.3447851],[-44.0199698,-19.345174],[-44.01738,-19.3467069],[-44.0151549,-19.3469091],[-44.0117741,-19.345388],[-44.0102301,-19.344284],[-44.005154,-19.343677],[-44.003583,-19.343766],[-44.0019608,-19.344612],[-44.00046,-19.345894],[-43.9989141,-19.346279],[-43.9983321,-19.3470359],[-43.9982571,-19.349287],[-44.0003109,-19.353309],[-44.0000201,-19.3541589],[-43.999051,-19.3544341],[-43.9953739,-19.353121],[-43.9942119,-19.3532579],[-43.9935339,-19.353946],[-43.9919579,-19.357],[-43.990601,-19.357964],[-43.9873819,-19.358834],[-43.9831699,-19.359519],[-43.9778451,-19.359652],[-43.97661,-19.3603629],[-43.9757618,-19.361556],[-43.9751991,-19.366678],[-43.9755369,-19.367689],[-43.9767461,-19.368701],[-43.9783661,-19.3707701],[-43.980566,-19.372518],[-43.9850919,-19.3731201],[-43.986955,-19.373741],[-43.9899051,-19.377213],[-43.9899999,-19.3785679],[-43.9897089,-19.378981],[-43.9888611,-19.3794399],[-43.985956,-19.3799199],[-43.9827099,-19.382673],[-43.9807439,-19.387288],[-43.9818559,-19.388966],[-43.9855571,-19.3914739],[-43.9891359,-19.395014],[-43.9912142,-19.398807],[-43.991478,-19.4011959],[-43.991137,-19.403194],[-43.9905309,-19.403951],[-43.9891509,-19.404433],[-43.9867551,-19.403672],[-43.9853529,-19.402017],[-43.9835181,-19.397306],[-43.9823812,-19.396134],[-43.9813401,-19.396041],[-43.9769048,-19.400516],[-43.976493,-19.401342],[-43.976709,-19.403272],[-43.976489,-19.404765],[-43.975301,-19.4063721],[-43.9740641,-19.408989],[-43.9729729,-19.4099299],[-43.9704788,-19.410387],[-43.9680831,-19.409764],[-43.963484,-19.409231],[-43.961522,-19.4098949],[-43.9587839,-19.4115921],[-43.9571109,-19.413566],[-43.9563352,-19.4150121],[-43.9566959,-19.416965],[-43.958556,-19.420321],[-43.958722,-19.4231],[-43.9570418,-19.430794],[-43.9562171,-19.4319411],[-43.9552001,-19.432009],[-43.9526362,-19.430421],[-43.9513538,-19.428927],[-43.9493699,-19.428212],[-43.9483039,-19.428487],[-43.947625,-19.429175],[-43.9470669,-19.4301621],[-43.9468971,-19.4315121],[-43.9450312,-19.432089],[-43.9445711,-19.431951],[-43.9445239,-19.4310551],[-43.943507,-19.430962],[-43.9427571,-19.430433],[-43.9423689,-19.430685],[-43.9425141,-19.431558],[-43.941204,-19.432797],[-43.9387581,-19.433368],[-43.9377412,-19.433206],[-43.9370888,-19.432539],[-43.9365561,-19.432562],[-43.936385,-19.4334801],[-43.9358518,-19.43348],[-43.934886,-19.4318711],[-43.9331901,-19.432512],[-43.932682,-19.432143],[-43.93278,-19.431638],[-43.9320301,-19.4310629],[-43.9319099,-19.4306029],[-43.9314502,-19.430534],[-43.93111,-19.430832],[-43.9307219,-19.431705],[-43.9302622,-19.4316351],[-43.9299489,-19.430256],[-43.929707,-19.429866],[-43.9288121,-19.429497],[-43.928716,-19.428578],[-43.9289831,-19.4281881],[-43.9301199,-19.428993],[-43.9301931,-19.428557],[-43.9306301,-19.4283051],[-43.9298572,-19.426604],[-43.9285759,-19.425247],[-43.9284802,-19.424811],[-43.9280201,-19.424534],[-43.9276561,-19.42481],[-43.9267849,-19.424349],[-43.9252841,-19.424301],[-43.9244871,-19.423152],[-43.923204,-19.422645],[-43.923205,-19.422139],[-43.9228429,-19.421794],[-43.9218979,-19.4221839],[-43.9210508,-19.421723],[-43.9211971,-19.421241],[-43.9219969,-19.420645],[-43.9224811,-19.4208059],[-43.9231111,-19.4201181],[-43.922822,-19.419176],[-43.9223378,-19.419014],[-43.9207178,-19.417244],[-43.92055,-19.4167839],[-43.9209129,-19.41644],[-43.9208899,-19.415957],[-43.920311,-19.414739],[-43.9204079,-19.41428],[-43.9218608,-19.414167],[-43.9222241,-19.413892],[-43.9219829,-19.413065],[-43.9210148,-19.4128341],[-43.9207981,-19.412443],[-43.9215981,-19.411893],[-43.9222291,-19.4106069],[-43.921309,-19.410307],[-43.920413,-19.410536],[-43.91947,-19.4103051],[-43.9193491,-19.409845],[-43.919738,-19.4089731],[-43.9169788,-19.408142],[-43.9163511,-19.4073381],[-43.9158669,-19.407222],[-43.9152631,-19.406555],[-43.914803,-19.406601],[-43.9145849,-19.40621],[-43.9135679,-19.4063461],[-43.9119479,-19.4054481],[-43.9116581,-19.40508],[-43.9113939,-19.4031511],[-43.9094581,-19.4029409],[-43.9094361,-19.401609],[-43.90992,-19.401541],[-43.9099931,-19.4010811],[-43.9096072,-19.400185],[-43.9088091,-19.399839],[-43.9091979,-19.3989899],[-43.9080368,-19.3981149],[-43.9086702,-19.3957731],[-43.9073391,-19.395496],[-43.9058892,-19.39361],[-43.9037601,-19.3926889],[-43.902649,-19.391056],[-43.9016332,-19.391101],[-43.9006651,-19.3905939],[-43.899386,-19.387997],[-43.8975961,-19.387236],[-43.8972328,-19.387511],[-43.896749,-19.387442],[-43.8950099,-19.3850729],[-43.8940418,-19.384727],[-43.8925669,-19.383554],[-43.892496,-19.383048],[-43.892109,-19.382795],[-43.8886231,-19.382859],[-43.886782,-19.383453],[-43.8849889,-19.385082],[-43.8835568,-19.387101],[-43.880751,-19.386109],[-43.8802442,-19.385304],[-43.8770999,-19.383875],[-43.8768332,-19.3842881],[-43.8771938,-19.385208],[-43.8754258,-19.386147],[-43.8749161,-19.386927],[-43.8744319,-19.38688],[-43.8739251,-19.385938],[-43.8701001,-19.386598],[-43.8693959,-19.387355],[-43.8679688,-19.387008],[-43.8660291,-19.388958],[-43.8656641,-19.389807],[-43.8643321,-19.3906549],[-43.8633871,-19.390699],[-43.8621278,-19.39134],[-43.8607491,-19.3909471],[-43.8588601,-19.391197],[-43.8584249,-19.391036],[-43.8579658,-19.390208],[-43.8565629,-19.390045],[-43.8558621,-19.389263],[-43.854894,-19.389008],[-43.8537589,-19.3876049],[-43.8522592,-19.3873501],[-43.850975,-19.388014],[-43.8504908,-19.387922],[-43.847564,-19.3868601],[-43.847298,-19.3864921],[-43.845871,-19.386283],[-43.844904,-19.3852479],[-43.8430658,-19.384831],[-43.8425809,-19.384853],[-43.840666,-19.386274],[-43.839261,-19.386823],[-43.8387999,-19.3876261],[-43.8378801,-19.387992],[-43.8372742,-19.3881061],[-43.8346851,-19.3875959],[-43.8307391,-19.387796],[-43.8285369,-19.387401],[-43.8275688,-19.387468],[-43.8257998,-19.388361],[-43.8248319,-19.388359],[-43.823453,-19.387828],[-43.820573,-19.3875931],[-43.818713,-19.3860511],[-43.818521,-19.385109],[-43.8194001,-19.381481],[-43.819745,-19.37845],[-43.819606,-19.375119],[-43.8189069,-19.3739001],[-43.8171181,-19.372909],[-43.8152551,-19.372538],[-43.809566,-19.373148],[-43.8053591,-19.371073],[-43.8035249,-19.368611],[-43.802609,-19.3667259],[-43.802081,-19.364658],[-43.8002461,-19.362656],[-43.7993798,-19.3602651],[-43.7982941,-19.3591379],[-43.7951042,-19.357064],[-43.794283,-19.356098],[-43.7938279,-19.353938],[-43.7942221,-19.3507],[-43.7919581,-19.345964],[-43.7933161,-19.344588],[-43.794387,-19.341788],[-43.7951379,-19.341215],[-43.797488,-19.340117],[-43.800687,-19.337873],[-43.8017518,-19.337622],[-43.804728,-19.3379949],[-43.8056719,-19.33779],[-43.8090639,-19.3355461],[-43.8096218,-19.334766],[-43.809431,-19.3338701],[-43.8083921,-19.3329951],[-43.8073549,-19.331385],[-43.80755,-19.3304439],[-43.8085209,-19.329182],[-43.808237,-19.326104],[-43.8091391,-19.322981],[-43.8089331,-19.3169401],[-43.8085249,-19.315584],[-43.8086279,-19.312805],[-43.808098,-19.311311],[-43.806843,-19.309815],[-43.8066771,-19.3083219],[-43.805034,-19.307538],[-43.8045289,-19.305722],[-43.8047,-19.305263],[-43.8041452,-19.304343],[-43.8048248,-19.303127],[-43.8047071,-19.301749],[-43.803814,-19.3007369],[-43.8029899,-19.301286],[-43.8025071,-19.301193],[-43.8022418,-19.300779],[-43.8024859,-19.2998379],[-43.802293,-19.2994239],[-43.8013501,-19.299124],[-43.801233,-19.2971941],[-43.8000491,-19.296388],[-43.799207,-19.2942501],[-43.7984342,-19.2937201],[-43.7969149,-19.291283],[-43.796021,-19.291051],[-43.7956329,-19.291303],[-43.7948079,-19.292404],[-43.7948072,-19.292932],[-43.7942991,-19.293046],[-43.793091,-19.2923091],[-43.7915919,-19.292145],[-43.7901188,-19.290902],[-43.7891749,-19.290785],[-43.7882821,-19.290117],[-43.7854989,-19.29064],[-43.784776,-19.289306],[-43.7848751,-19.288296],[-43.784127,-19.287399],[-43.783812,-19.28772],[-43.7833282,-19.287627],[-43.7829919,-19.2866839],[-43.781684,-19.287233],[-43.7810569,-19.286543],[-43.78009,-19.2863339],[-43.7798239,-19.285966],[-43.7776982,-19.2849969],[-43.7766362,-19.284053],[-43.7762998,-19.282743],[-43.775744,-19.282466],[-43.77541,-19.280536],[-43.7750241,-19.280237],[-43.7746871,-19.2792249],[-43.773188,-19.27913],[-43.7705071,-19.2771951],[-43.7704898,-19.2742779],[-43.7707091,-19.273842],[-43.770105,-19.2731751],[-43.769818,-19.2717961],[-43.768561,-19.271403],[-43.768539,-19.2704841],[-43.7690229,-19.2703931],[-43.769097,-19.269957],[-43.7682781,-19.268393],[-43.7683759,-19.2679569],[-43.7677482,-19.267657],[-43.7681829,-19.267497],[-43.7682809,-19.267038],[-43.7675322,-19.2665771],[-43.768647,-19.26573],[-43.768696,-19.265293],[-43.769542,-19.265571],[-43.769884,-19.264101],[-43.7692331,-19.263434],[-43.7701291,-19.263045],[-43.770276,-19.262104],[-43.7688061,-19.2597351],[-43.7690261,-19.258839],[-43.7684969,-19.257529],[-43.7680148,-19.256701],[-43.7668071,-19.2559869],[-43.7659401,-19.254308],[-43.7668139,-19.253276],[-43.7659251,-19.2505871],[-43.765249,-19.250034],[-43.764426,-19.250492],[-43.7635069,-19.250467],[-43.761736,-19.252645],[-43.7606971,-19.2524361],[-43.760966,-19.251151],[-43.76007,-19.251677],[-43.7582329,-19.2510989],[-43.75809,-19.2501569],[-43.7574149,-19.249443],[-43.7572231,-19.248478],[-43.755921,-19.2471429],[-43.7554131,-19.246958],[-43.7555109,-19.2464991],[-43.7567951,-19.245675],[-43.7567231,-19.245193],[-43.754382,-19.243419],[-43.7548191,-19.2426159],[-43.7537571,-19.241787],[-43.7539039,-19.240914],[-43.7525528,-19.239556],[-43.753041,-19.2378111],[-43.7527519,-19.2374431],[-43.7517832,-19.237809],[-43.7503579,-19.237392],[-43.7485939,-19.236366],[-43.7475111,-19.2346759],[-43.7471781,-19.232148],[-43.747618,-19.230312],[-43.748829,-19.229579],[-43.7503292,-19.229238],[-43.7505959,-19.228802],[-43.7504519,-19.228365],[-43.7494849,-19.228134],[-43.7492451,-19.227628],[-43.7496818,-19.226802],[-43.7494651,-19.226365],[-43.7475561,-19.225901],[-43.7457219,-19.224175],[-43.7444431,-19.223414],[-43.7443949,-19.222977],[-43.7452459,-19.221187],[-43.7442361,-19.2189111],[-43.7446501,-19.21758],[-43.7473148,-19.215473],[-43.7494179,-19.2157531],[-43.7503619,-19.215318],[-43.7506531,-19.21486],[-43.7508248,-19.213964],[-43.750174,-19.213251],[-43.750225,-19.2118501],[-43.748658,-19.210192],[-43.749433,-19.2096201],[-43.7508601,-19.2093699],[-43.7516849,-19.2082931],[-43.7515899,-19.207305],[-43.750602,-19.2061999],[-43.750556,-19.205235],[-43.7509681,-19.2048689],[-43.75273,-19.205745],[-43.754882,-19.20575],[-43.7581919,-19.206745],[-43.7589681,-19.206126],[-43.760812,-19.203144],[-43.7605729,-19.201742],[-43.759634,-19.200109],[-43.7596621,-19.198662],[-43.7605088,-19.19848],[-43.7631412,-19.1996569],[-43.76394,-19.199108],[-43.76399,-19.198671],[-43.7633669,-19.1958911],[-43.7646982,-19.1956179],[-43.7669201,-19.196472],[-43.767356,-19.1962671],[-43.7680609,-19.1944299],[-43.7688119,-19.193697],[-43.7737691,-19.193569],[-43.7749549,-19.192837],[-43.7756349,-19.191437],[-43.7754441,-19.190564],[-43.7746961,-19.18985],[-43.77158,-19.188672],[-43.770591,-19.187659],[-43.7705921,-19.187177],[-43.77195,-19.1854109],[-43.771203,-19.184146],[-43.7702609,-19.1839381],[-43.769245,-19.184119],[-43.7657372,-19.185353],[-43.7651572,-19.1853051],[-43.7632971,-19.184521],[-43.7611029,-19.181966],[-43.759292,-19.1808829],[-43.7571651,-19.1810391],[-43.7538801,-19.1799071],[-43.753495,-19.1791019],[-43.7538122,-19.1777011],[-43.7524369,-19.1765269],[-43.7525348,-19.176091],[-43.7533582,-19.175472],[-43.753724,-19.174095],[-43.7541361,-19.173866],[-43.7549558,-19.174419],[-43.7573992,-19.173988],[-43.7582678,-19.174334],[-43.759764,-19.175601],[-43.7607299,-19.1759471],[-43.7610448,-19.175512],[-43.7607371,-19.172801],[-43.7610549,-19.171308],[-43.7587628,-19.169443],[-43.7569009,-19.169898],[-43.7554019,-19.169826],[-43.7528919,-19.1683051],[-43.7508849,-19.168484],[-43.7494838,-19.1679759],[-43.7478188,-19.1670081],[-43.74724,-19.166271],[-43.7470491,-19.165329],[-43.7473411,-19.164457],[-43.7482609,-19.164],[-43.7528019,-19.165479],[-43.7545688,-19.164358],[-43.755975,-19.162477],[-43.7559289,-19.161558],[-43.7552071,-19.160316],[-43.7518052,-19.157622],[-43.7514969,-19.155255],[-43.7515942,-19.15475],[-43.753456,-19.1546849],[-43.7539161,-19.154433],[-43.755732,-19.15276],[-43.7562911,-19.1514291],[-43.7563181,-19.1505111],[-43.7558619,-19.149086],[-43.7538359,-19.146945],[-43.7498269,-19.1460179],[-43.749513,-19.145695],[-43.749684,-19.1448231],[-43.750531,-19.1443881],[-43.757032,-19.144907],[-43.7588702,-19.144199],[-43.7591621,-19.14335],[-43.758175,-19.141717],[-43.7570409,-19.140819],[-43.7545519,-19.14063],[-43.753031,-19.140075],[-43.750638,-19.140116],[-43.7488761,-19.1393081],[-43.7495361,-19.1359789],[-43.7503348,-19.135338],[-43.7508669,-19.135293],[-43.752991,-19.136377],[-43.7549968,-19.1363811],[-43.7563011,-19.137004],[-43.7577502,-19.13726],[-43.7596852,-19.136736],[-43.761618,-19.136992],[-43.7637959,-19.13578],[-43.7647629,-19.13569],[-43.7695449,-19.1368711],[-43.7703919,-19.136275],[-43.7706382,-19.134415],[-43.769795,-19.133334],[-43.7669719,-19.131353],[-43.763566,-19.130634],[-43.761852,-19.1298489],[-43.7610809,-19.128699],[-43.7610128,-19.1269299],[-43.760772,-19.1265159],[-43.7602399,-19.1264],[-43.7597571,-19.126583],[-43.7576,-19.129082],[-43.7555941,-19.129055],[-43.751879,-19.126521],[-43.7508878,-19.126358],[-43.746584,-19.127244],[-43.7457128,-19.127656],[-43.7443089,-19.128985],[-43.7429081,-19.1286611],[-43.7427641,-19.1282011],[-43.743226,-19.126847],[-43.7443161,-19.1257229],[-43.745311,-19.124003],[-43.745678,-19.122189],[-43.7453691,-19.120305],[-43.7447919,-19.118971],[-43.7431528,-19.116992],[-43.7426032,-19.114602],[-43.7414951,-19.113176],[-43.7405781,-19.1126231],[-43.7372679,-19.112409],[-43.7367611,-19.112201],[-43.7363528,-19.111304],[-43.7370321,-19.1100881],[-43.7382922,-19.108759],[-43.7385841,-19.107886],[-43.7383462,-19.1063469],[-43.738542,-19.105452],[-43.7390031,-19.1044189],[-43.7398981,-19.103961],[-43.7408881,-19.104308],[-43.742745,-19.1057131],[-43.743712,-19.105486],[-43.7454551,-19.104433],[-43.7463479,-19.10455],[-43.746903,-19.10524],[-43.7464861,-19.107674],[-43.7475949,-19.108549],[-43.7479081,-19.109446],[-43.748294,-19.109699],[-43.750759,-19.1094519],[-43.7539431,-19.111732],[-43.7582171,-19.1130969],[-43.758725,-19.113121],[-43.7599101,-19.1122959],[-43.7606629,-19.110989],[-43.7602072,-19.109563],[-43.7593399,-19.108321],[-43.7543399,-19.107231],[-43.753086,-19.106379],[-43.752654,-19.104931],[-43.752826,-19.10392],[-43.7537949,-19.102705],[-43.7547139,-19.102316],[-43.7586279,-19.1026],[-43.759282,-19.101867],[-43.7593799,-19.101407],[-43.7588038,-19.0996379],[-43.7582499,-19.098763],[-43.7566349,-19.0973819],[-43.7566612,-19.096371],[-43.757365,-19.0951321],[-43.7584061,-19.093963],[-43.759301,-19.0936199],[-43.7654099,-19.0953099],[-43.7671959,-19.0960711],[-43.774493,-19.096155],[-43.7758448,-19.096847],[-43.7761289,-19.099443],[-43.776491,-19.099742],[-43.77753,-19.099469],[-43.7780891,-19.0979769],[-43.777975,-19.095036],[-43.779308,-19.0931329],[-43.7790679,-19.092236],[-43.7776189,-19.092142],[-43.7767719,-19.092576],[-43.77479,-19.092848],[-43.7733889,-19.0927299],[-43.771603,-19.09213],[-43.77088,-19.091025],[-43.7708851,-19.089096],[-43.770406,-19.087234],[-43.7708181,-19.086362],[-43.7721001,-19.085699],[-43.772319,-19.085309],[-43.7721502,-19.0848951],[-43.770437,-19.083973],[-43.76993,-19.083972],[-43.767585,-19.0845181],[-43.7664229,-19.085274],[-43.7649019,-19.084972],[-43.764637,-19.084581],[-43.7653181,-19.082722],[-43.765393,-19.081344],[-43.7662649,-19.080289],[-43.769965,-19.07885],[-43.7720479,-19.0766719],[-43.7725552,-19.076673],[-43.772868,-19.077018],[-43.773902,-19.079317],[-43.7752051,-19.0800771],[-43.7763161,-19.0802169],[-43.7812222,-19.079538],[-43.782408,-19.078461],[-43.7834002,-19.078072],[-43.785693,-19.0789949],[-43.7876021,-19.078861],[-43.7885701,-19.077921],[-43.7890561,-19.076498],[-43.7879498,-19.074291],[-43.7866711,-19.0735761],[-43.7857042,-19.073781],[-43.784663,-19.074744],[-43.7823421,-19.075428],[-43.7799279,-19.074551],[-43.7778781,-19.073169],[-43.7744009,-19.072312],[-43.7735801,-19.071828],[-43.774065,-19.071094],[-43.7765069,-19.070226],[-43.7786601,-19.068852],[-43.7805929,-19.068993],[-43.7814151,-19.068398],[-43.7814429,-19.066951],[-43.7810822,-19.066008],[-43.780649,-19.0651349],[-43.7799262,-19.064513],[-43.7790319,-19.064718],[-43.7787169,-19.0650621],[-43.778471,-19.067014],[-43.777673,-19.067334],[-43.773232,-19.065396],[-43.7717819,-19.065622],[-43.7700172,-19.066331],[-43.7690272,-19.066168],[-43.768836,-19.065226],[-43.7692489,-19.064239],[-43.7712549,-19.063853],[-43.7726829,-19.0624309],[-43.7731599,-19.061273],[-43.7749081,-19.061471],[-43.7755611,-19.060875],[-43.7758048,-19.0600261],[-43.776216,-19.0597281],[-43.7772071,-19.059684],[-43.7778119,-19.058973],[-43.778632,-19.059503],[-43.7795269,-19.059091],[-43.7807329,-19.0598519],[-43.7816031,-19.059555],[-43.7826161,-19.060452],[-43.7831,-19.060201],[-43.7828602,-19.05935],[-43.78455,-19.059974],[-43.7846231,-19.059515],[-43.7851551,-19.0594009],[-43.7864821,-19.059886],[-43.7861171,-19.0611939],[-43.7873961,-19.061932],[-43.788822,-19.0616589],[-43.7900529,-19.062258],[-43.7907801,-19.0610881],[-43.7913569,-19.06233],[-43.7920808,-19.062928],[-43.7921521,-19.063388],[-43.7917889,-19.0637091],[-43.792366,-19.064973],[-43.792704,-19.065273],[-43.794104,-19.065482],[-43.7943211,-19.065873],[-43.794077,-19.067205],[-43.7925291,-19.068212],[-43.7943622,-19.069617],[-43.7958349,-19.0696661],[-43.796533,-19.0709761],[-43.7970161,-19.071069],[-43.7979601,-19.070083],[-43.7990231,-19.070269],[-43.8004011,-19.0698351],[-43.801127,-19.069193],[-43.8021421,-19.069103],[-43.8039079,-19.067613],[-43.8059851,-19.067939],[-43.80683,-19.0684909],[-43.8112271,-19.068247],[-43.8123849,-19.068938],[-43.8126981,-19.069857],[-43.8135671,-19.07018],[-43.8146521,-19.071124],[-43.8165371,-19.071013],[-43.816803,-19.070646],[-43.8179361,-19.0722099],[-43.817693,-19.072623],[-43.8178612,-19.073059],[-43.818732,-19.072831],[-43.8190448,-19.073176],[-43.8200841,-19.073201],[-43.8208801,-19.073685],[-43.82221,-19.0730439],[-43.8231279,-19.0730909],[-43.823466,-19.073482],[-43.8243829,-19.073645],[-43.824478,-19.074541],[-43.8250089,-19.0746801],[-43.8260461,-19.075715],[-43.8266019,-19.075716],[-43.8284632,-19.075535],[-43.8289229,-19.0747321],[-43.8297941,-19.074366],[-43.829505,-19.073493],[-43.8297959,-19.073149],[-43.8306418,-19.072806],[-43.8309821,-19.071979],[-43.8325538,-19.070994],[-43.8340038,-19.071042],[-43.8348481,-19.0715491],[-43.8356711,-19.0710219],[-43.8360829,-19.070173],[-43.836903,-19.0706111],[-43.8392948,-19.0708669],[-43.8413209,-19.072341],[-43.8412709,-19.073283],[-43.8426219,-19.0745939],[-43.8426691,-19.0751001],[-43.8441631,-19.0775369],[-43.8457562,-19.078665],[-43.8466219,-19.080366],[-43.8469329,-19.082089],[-43.84913,-19.0834019],[-43.8505538,-19.083864],[-43.851253,-19.085059],[-43.8526051,-19.085774],[-43.8534241,-19.0869239],[-43.8547522,-19.0875921],[-43.8561028,-19.088857],[-43.859678,-19.089115],[-43.861927,-19.088384],[-43.8627718,-19.088707],[-43.863178,-19.0913951],[-43.8618431,-19.0952061],[-43.8602198,-19.097524],[-43.8605308,-19.0994079],[-43.8601899,-19.1011989],[-43.8605251,-19.102578],[-43.8625029,-19.1046941],[-43.8630092,-19.105613],[-43.8631041,-19.1065319],[-43.862666,-19.108392],[-43.8615281,-19.1097919],[-43.859714,-19.110685],[-43.856478,-19.109371],[-43.855827,-19.1086121],[-43.855344,-19.1085191],[-43.854764,-19.108679],[-43.853747,-19.10978],[-43.851618,-19.111109],[-43.8515931,-19.1116141],[-43.853017,-19.112995],[-43.8539558,-19.1147191],[-43.8537842,-19.11612],[-43.8540231,-19.117636],[-43.8535541,-19.123585],[-43.854119,-19.132315],[-43.8536059,-19.135553],[-43.8537218,-19.137942],[-43.8519791,-19.139662],[-43.849625,-19.14501],[-43.8495721,-19.147904],[-43.8486969,-19.15059],[-43.8480191,-19.1513469],[-43.8455019,-19.152905],[-43.8430061,-19.156393],[-43.840369,-19.157881],[-43.8386738,-19.1595781],[-43.838738,-19.164081],[-43.838276,-19.165481],[-43.8367479,-19.168005],[-43.8367709,-19.1689011],[-43.8379532,-19.170419],[-43.8383369,-19.171844],[-43.837826,-19.1736119],[-43.8370981,-19.1748969],[-43.837264,-19.1768041],[-43.8366071,-19.1791],[-43.836385,-19.1814879],[-43.8370582,-19.183304],[-43.8395681,-19.185766],[-43.8402179,-19.187054],[-43.838667,-19.189486],[-43.83796,-19.1922409],[-43.835612,-19.194006],[-43.83553,-19.199036],[-43.8351869,-19.201425],[-43.8369909,-19.206205],[-43.839018,-19.208827],[-43.8426151,-19.21182],[-43.8430439,-19.215197],[-43.844203,-19.216141],[-43.8446621,-19.2160719],[-43.846551,-19.214422],[-43.8515121,-19.212569],[-43.854026,-19.212826],[-43.8560331,-19.2126909],[-43.858377,-19.213683],[-43.860114,-19.215523],[-43.8614432,-19.216352],[-43.862409,-19.21679],[-43.8654801,-19.21707],[-43.8683789,-19.2183841],[-43.8705051,-19.219926],[-43.8714231,-19.220226],[-43.872826,-19.220091],[-43.8752459,-19.218923],[-43.8762129,-19.218809],[-43.877132,-19.218972],[-43.8783638,-19.219685],[-43.879307,-19.219664],[-43.8810501,-19.218679],[-43.882406,-19.217394],[-43.884607,-19.216915],[-43.8851631,-19.216962],[-43.8878452,-19.218436],[-43.8888841,-19.218529],[-43.8897802,-19.2180021],[-43.8910402,-19.216143],[-43.8931221,-19.2145609],[-43.8966789,-19.2130959],[-43.898153,-19.2134189],[-43.8990232,-19.213926],[-43.901411,-19.2177189],[-43.903071,-19.223579],[-43.9037219,-19.224981],[-43.9044221,-19.225602],[-43.906815,-19.2266161],[-43.909861,-19.227034],[-43.9132208,-19.228577],[-43.9166049,-19.229477],[-43.9203031,-19.230883],[-43.9294612,-19.236131],[-43.931902,-19.2379719],[-43.9363739,-19.2392871],[-43.9377271,-19.240069],[-43.9386682,-19.241839],[-43.9386649,-19.2442969],[-43.938374,-19.2452609],[-43.938661,-19.247743],[-43.939071,-19.248547],[-43.9406888,-19.249973],[-43.943977,-19.251539],[-43.946855,-19.2513809],[-43.951207,-19.252971],[-43.953889,-19.255041],[-43.9570321,-19.256308],[-43.9589908,-19.256172],[-43.961557,-19.254682],[-43.9637569,-19.255672],[-43.9660788,-19.255697],[-43.9667309,-19.2564099],[-43.9676488,-19.256778],[-43.9682051,-19.257583],[-43.9696069,-19.257883],[-43.9699702,-19.258342],[-43.970526,-19.2584121],[-43.9727519,-19.25738],[-43.9736731,-19.2563249],[-43.975921,-19.2574289],[-43.9764052,-19.257315],[-43.977397,-19.256236],[-43.9782931,-19.256122],[-43.97863,-19.256949],[-43.976668,-19.2595429],[-43.9768119,-19.260577],[-43.9774161,-19.261382],[-43.9809221,-19.263246],[-43.983266,-19.2655221],[-43.9854901,-19.266604],[-43.9865539,-19.2665591],[-43.9878381,-19.26509],[-43.9887089,-19.2645849],[-43.9912732,-19.2642891],[-43.992265,-19.2647491],[-43.9930862,-19.265508],[-43.994753,-19.268036],[-43.9954031,-19.270816],[-43.995618,-19.273596],[-43.9970918,-19.275274],[-43.999627,-19.275137],[-44.0024789,-19.273848],[-44.0034941,-19.273758],[-44.0066099,-19.274315],[-44.0076481,-19.2747989],[-44.00825,-19.2755801],[-44.0082969,-19.2764751],[-44.0031892,-19.28071],[-44.0031381,-19.281697],[-44.003713,-19.2842679],[-44.0032749,-19.28569],[-44.0023799,-19.28617],[-44.0007362,-19.286442],[-43.9974691,-19.2862539],[-43.9943,-19.286596],[-43.9933562,-19.286986],[-43.992266,-19.2880189],[-43.99195,-19.289649],[-43.993061,-19.291511],[-43.9945358,-19.293074],[-43.9948239,-19.294958],[-43.9952829,-19.295739],[-43.994726,-19.297071],[-43.9943378,-19.2973699],[-43.9933949,-19.297346],[-43.9903959,-19.296241],[-43.988,-19.2967901],[-43.98737,-19.297478],[-43.9862062,-19.300877],[-43.9858911,-19.301336],[-43.9845592,-19.302024],[-43.983567,-19.302069],[-43.9825521,-19.301678],[-43.9796261,-19.299722],[-43.975125,-19.3007289],[-43.9742542,-19.301119],[-43.9736479,-19.301853],[-43.972798,-19.304999],[-43.9728182,-19.3089729],[-43.973591,-19.30987],[-43.975913,-19.310906],[-43.9795418,-19.310542],[-43.9815751,-19.310681],[-43.9835828,-19.310017],[-43.9852061,-19.308135],[-43.9861291,-19.305241],[-43.987267,-19.304301],[-43.988719,-19.304279],[-43.9896859,-19.3047621],[-43.9915471,-19.307084],[-43.9915939,-19.307957],[-43.9924871,-19.3103241],[-43.992001,-19.3122071],[-43.9898429,-19.3171671],[-43.9902519,-19.320038],[-43.9923759,-19.324566],[-43.9947698,-19.326313],[-43.9958588,-19.326291],[-43.997675,-19.325604],[-43.9980861,-19.3258569],[-43.9982539,-19.326845],[-43.996753,-19.32813],[-43.9909678,-19.3300081],[-43.988909,-19.331844],[-43.9880119,-19.333084],[-43.9876731,-19.334094],[-43.9877689,-19.3350359],[-43.988638,-19.336323],[-43.989655,-19.336577],[-43.994713,-19.335157],[-43.999012,-19.335292],[-44.002058,-19.3337359],[-44.0042129,-19.331973],[-44.0052279,-19.3319521],[-44.0063381,-19.33336]]]}},{"type":"Feature","properties":{"code":"6","name":"Nova União"},"geometry":{"type":"Polygon","coordinates":[[[-43.6287791,-19.6933759],[-43.628908,-19.6955582],[-43.6262778,-19.6970998],[-43.625168,-19.6993015],[-43.623634,-19.700436],[-43.6217137,-19.7008787],[-43.6191635,-19.7022445],[-43.6175921,-19.7026312],[-43.6150987,-19.7039441],[-43.6142625,-19.7049953],[-43.6121852,-19.7054265],[-43.6079586,-19.7052634],[-43.6055097,-19.7062482],[-43.6043383,-19.7071287],[-43.6023918,-19.7077243],[-43.6011667,-19.708808],[-43.6003697,-19.7105691],[-43.5993199,-19.711726],[-43.5991853,-19.713185],[-43.5985538,-19.7146237],[-43.5976682,-19.7152439],[-43.5960148,-19.7152636],[-43.594051,-19.7161571],[-43.5935679,-19.7180381],[-43.5926653,-19.7184646],[-43.5922099,-19.7191988],[-43.5921275,-19.720997],[-43.593844,-19.7228245],[-43.593876,-19.7256678],[-43.595401,-19.7288291],[-43.5967679,-19.7305668],[-43.598331,-19.7312886],[-43.5999759,-19.7326966],[-43.6006552,-19.7337838],[-43.601378,-19.7359427],[-43.6034311,-19.7378205],[-43.6049417,-19.739699],[-43.6043948,-19.7408518],[-43.6019457,-19.7433481],[-43.5994552,-19.7469929],[-43.5990917,-19.7480576],[-43.6009237,-19.7509793],[-43.6012297,-19.7526582],[-43.6030568,-19.7544404],[-43.6034502,-19.7562278],[-43.6034988,-19.7571911],[-43.6029595,-19.759222],[-43.6013734,-19.7617004],[-43.6015487,-19.7638468],[-43.6005835,-19.7640906],[-43.5999798,-19.7638188],[-43.5985179,-19.7606712],[-43.5969112,-19.7594785],[-43.5965264,-19.7581446],[-43.5949607,-19.7563279],[-43.5949743,-19.755623],[-43.5959669,-19.7536706],[-43.5959179,-19.7525413],[-43.5955018,-19.751851],[-43.5927337,-19.750047],[-43.5906367,-19.7495578],[-43.5908664,-19.7491531],[-43.5896961,-19.7488574],[-43.5873586,-19.7496433],[-43.5871717,-19.7502695],[-43.5827056,-19.7501086],[-43.5810118,-19.7484922],[-43.5809729,-19.7473743],[-43.5799195,-19.7473906],[-43.5796474,-19.7468183],[-43.579102,-19.7465582],[-43.57791,-19.7443788],[-43.5771856,-19.7436482],[-43.577262,-19.7429071],[-43.5762504,-19.7414582],[-43.5764667,-19.7392225],[-43.57611,-19.7386808],[-43.5762335,-19.7379155],[-43.576011,-19.7375721],[-43.5764984,-19.7363262],[-43.57633,-19.7354817],[-43.5778823,-19.7335539],[-43.5766846,-19.7335404],[-43.5757237,-19.7330469],[-43.5748259,-19.7334912],[-43.5737142,-19.7317527],[-43.5733172,-19.7317323],[-43.5730472,-19.7313141],[-43.5720294,-19.7318115],[-43.571758,-19.7314267],[-43.5720391,-19.7310002],[-43.5715909,-19.7307303],[-43.571381,-19.7308333],[-43.5715974,-19.7312434],[-43.5708914,-19.731652],[-43.570099,-19.731685],[-43.5694245,-19.7327848],[-43.5690364,-19.7327378],[-43.5695131,-19.7313457],[-43.5686547,-19.7312254],[-43.5688351,-19.7320432],[-43.5684164,-19.7317913],[-43.5680132,-19.7324288],[-43.5672813,-19.7326196],[-43.5665466,-19.7334584],[-43.5666572,-19.7340484],[-43.5653531,-19.7340252],[-43.5640245,-19.7354911],[-43.5624462,-19.7360952],[-43.562367,-19.7373077],[-43.5631687,-19.7384431],[-43.5641382,-19.7391293],[-43.5640396,-19.7399019],[-43.5630334,-19.7401177],[-43.5611563,-19.739956],[-43.5600068,-19.7406574],[-43.5589927,-19.7408115],[-43.5566869,-19.7439524],[-43.5552563,-19.7441902],[-43.5528112,-19.7462815],[-43.5494901,-19.7482565],[-43.5480707,-19.7497978],[-43.546959,-19.7499347],[-43.5453293,-19.7494063],[-43.5441013,-19.7496539],[-43.5417855,-19.7511587],[-43.5399508,-19.7535442],[-43.5380767,-19.7545696],[-43.5380879,-19.752143],[-43.5376681,-19.751188],[-43.5366249,-19.7499831],[-43.5364819,-19.747622],[-43.534174,-19.7436211],[-43.5343119,-19.7429259],[-43.535795,-19.7416739],[-43.535983,-19.74121],[-43.5359189,-19.736294],[-43.5354682,-19.733471],[-43.5348651,-19.733086],[-43.5332819,-19.733208],[-43.531924,-19.733732],[-43.530957,-19.733455],[-43.5276609,-19.730285],[-43.5271899,-19.7296779],[-43.5269188,-19.7285271],[-43.5275021,-19.727447],[-43.5290051,-19.725837],[-43.5326979,-19.723023],[-43.5338661,-19.720089],[-43.5348241,-19.714191],[-43.5359351,-19.7115229],[-43.536532,-19.707765],[-43.5376911,-19.705085],[-43.53753,-19.702132],[-43.5380191,-19.6985481],[-43.5376879,-19.69562],[-43.5382909,-19.694159],[-43.539552,-19.692793],[-43.5406561,-19.690553],[-43.541527,-19.690069],[-43.543062,-19.690005],[-43.5438,-19.689604],[-43.5434518,-19.687241],[-43.5435632,-19.685509],[-43.543039,-19.68271],[-43.5442118,-19.677387],[-43.544448,-19.672224],[-43.5450741,-19.669747],[-43.545114,-19.6673111],[-43.545995,-19.665673],[-43.5484829,-19.6640499],[-43.548795,-19.6627419],[-43.5472599,-19.657209],[-43.5461011,-19.6552491],[-43.545604,-19.6517571],[-43.5467149,-19.64917],[-43.5461242,-19.6413621],[-43.544497,-19.636199],[-43.5427851,-19.632964],[-43.5425501,-19.629978],[-43.541609,-19.6278651],[-43.5419445,-19.6251011],[-43.5423478,-19.6249998],[-43.5426588,-19.6236876],[-43.5418696,-19.6225363],[-43.5415326,-19.6204794],[-43.5406377,-19.6177891],[-43.539228,-19.6158837],[-43.5389393,-19.6146806],[-43.5391071,-19.6141957],[-43.5404142,-19.6136361],[-43.5399634,-19.6123679],[-43.5411032,-19.6105411],[-43.5419139,-19.6058999],[-43.5427017,-19.6045384],[-43.5424806,-19.6029687],[-43.5427107,-19.6005221],[-43.542441,-19.5988677],[-43.5431808,-19.5970431],[-43.54102,-19.5942363],[-43.5399685,-19.5909309],[-43.5386315,-19.5902152],[-43.5379626,-19.5893739],[-43.5388115,-19.5889235],[-43.5397568,-19.5856716],[-43.5398318,-19.58521],[-43.5393767,-19.5842868],[-43.5398091,-19.5819366],[-43.5411141,-19.5806977],[-43.5404448,-19.5799886],[-43.5404271,-19.5790485],[-43.541415,-19.5784389],[-43.5413045,-19.5780075],[-43.5408296,-19.5777522],[-43.5408138,-19.5772507],[-43.5392812,-19.5759557],[-43.5389688,-19.5744501],[-43.5393461,-19.5740609],[-43.5419161,-19.5733353],[-43.5420172,-19.5727539],[-43.5409963,-19.5719106],[-43.5392028,-19.5676615],[-43.5378399,-19.567376],[-43.5366064,-19.5664551],[-43.5336933,-19.5661144],[-43.5326457,-19.566789],[-43.5307003,-19.5687702],[-43.5290343,-19.5685794],[-43.5286854,-19.566975],[-43.5291505,-19.5653092],[-43.5285908,-19.5637799],[-43.5287012,-19.5626813],[-43.5275524,-19.5609907],[-43.5272872,-19.5594473],[-43.5274265,-19.5576248],[-43.5275424,-19.5570877],[-43.5294864,-19.5564601],[-43.5303699,-19.5556836],[-43.5303248,-19.5531865],[-43.5324373,-19.5515318],[-43.5346938,-19.5504932],[-43.5350074,-19.5499109],[-43.5371292,-19.5487388],[-43.5373908,-19.5483191],[-43.5391193,-19.5480618],[-43.5404631,-19.5466145],[-43.5406972,-19.5457055],[-43.542666,-19.5449782],[-43.5433917,-19.5442548],[-43.5433299,-19.5432802],[-43.5440455,-19.5425816],[-43.5439638,-19.5419023],[-43.5428723,-19.5412283],[-43.5426278,-19.5406337],[-43.544011,-19.539627],[-43.545613,-19.537426],[-43.5486939,-19.531076],[-43.5486031,-19.5278219],[-43.5475771,-19.524833],[-43.547837,-19.521517],[-43.5467499,-19.5175479],[-43.5460471,-19.511346],[-43.546653,-19.510231],[-43.54857,-19.508857],[-43.5502779,-19.506367],[-43.5525728,-19.504123],[-43.5547101,-19.503774],[-43.555648,-19.502851],[-43.5561098,-19.501899],[-43.5562149,-19.5006511],[-43.5548729,-19.495479],[-43.5567398,-19.4948881],[-43.5579289,-19.4940881],[-43.5589049,-19.492231],[-43.5590089,-19.4903251],[-43.5596429,-19.489018],[-43.562264,-19.487603],[-43.5634539,-19.486619],[-43.5652549,-19.484328],[-43.5665901,-19.483598],[-43.5685258,-19.483765],[-43.5698071,-19.4845269],[-43.5708129,-19.487792],[-43.5717529,-19.48892],[-43.5758181,-19.489967],[-43.5775792,-19.49181],[-43.5781328,-19.4927991],[-43.5820781,-19.4935011],[-43.582873,-19.4948129],[-43.5829161,-19.496351],[-43.5835249,-19.498911],[-43.582959,-19.501679],[-43.5843771,-19.503913],[-43.5850711,-19.505717],[-43.5849379,-19.506676],[-43.58349,-19.508541],[-43.5835451,-19.510756],[-43.5821511,-19.513971],[-43.582572,-19.516251],[-43.5824409,-19.5192309],[-43.583449,-19.5271371],[-43.5828082,-19.531046],[-43.5821429,-19.532313],[-43.581568,-19.5347779],[-43.580328,-19.536744],[-43.5799609,-19.538457],[-43.5795632,-19.5387389],[-43.5770359,-19.5382379],[-43.5763091,-19.5385011],[-43.5761111,-19.540085],[-43.5752601,-19.541076],[-43.574769,-19.542548],[-43.574778,-19.545099],[-43.5755131,-19.546337],[-43.5771709,-19.547355],[-43.5843529,-19.5499],[-43.585318,-19.551055],[-43.5863099,-19.553293],[-43.588408,-19.5598941],[-43.5875529,-19.561474],[-43.5876008,-19.56235],[-43.588192,-19.562828],[-43.5884822,-19.563529],[-43.5884191,-19.565169],[-43.588922,-19.5663979],[-43.588445,-19.568943],[-43.589528,-19.570627],[-43.5911192,-19.572165],[-43.5914039,-19.573397],[-43.592715,-19.574916],[-43.5933421,-19.576236],[-43.5936229,-19.5781031],[-43.5929422,-19.582705],[-43.5929789,-19.584471],[-43.5953542,-19.590802],[-43.5955579,-19.592416],[-43.5952018,-19.5930659],[-43.5950791,-19.594765],[-43.595914,-19.597075],[-43.595149,-19.602659],[-43.595897,-19.60392],[-43.5957502,-19.6065881],[-43.596513,-19.608068],[-43.598097,-19.609884],[-43.5985571,-19.61146],[-43.5982421,-19.61428],[-43.598844,-19.616454],[-43.5986421,-19.6204281],[-43.5991681,-19.623307],[-43.5985891,-19.625473],[-43.5986089,-19.627019],[-43.5997271,-19.62771],[-43.60199,-19.628351],[-43.6032209,-19.629283],[-43.6036201,-19.629971],[-43.6037878,-19.6324971],[-43.604411,-19.633516],[-43.6087959,-19.636152],[-43.610594,-19.638439],[-43.61085,-19.639371],[-43.6115109,-19.639559],[-43.6119412,-19.640708],[-43.612601,-19.640908],[-43.6126871,-19.641842],[-43.6134319,-19.642894],[-43.6134269,-19.643425],[-43.6118789,-19.64513],[-43.6118219,-19.6471851],[-43.6109282,-19.6477729],[-43.6104989,-19.6484941],[-43.6106541,-19.650939],[-43.610931,-19.651594],[-43.6122698,-19.651462],[-43.6132631,-19.651912],[-43.6143219,-19.653665],[-43.6156941,-19.655091],[-43.6167871,-19.660133],[-43.619581,-19.6622],[-43.6222192,-19.6626871],[-43.6230741,-19.6645581],[-43.623892,-19.664686],[-43.625556,-19.6643311],[-43.6247399,-19.6679199],[-43.6237762,-19.669571],[-43.62282,-19.6700789],[-43.6202341,-19.6725111],[-43.6194899,-19.672474],[-43.6185039,-19.6717129],[-43.6177732,-19.671676],[-43.6163771,-19.6738859],[-43.6172119,-19.674349],[-43.619661,-19.674308],[-43.6207749,-19.675552],[-43.621547,-19.6758771],[-43.6234479,-19.675877],[-43.6240541,-19.677451],[-43.6251381,-19.677415],[-43.6265571,-19.676878],[-43.6281721,-19.677354],[-43.6303559,-19.679301],[-43.6310482,-19.680943],[-43.63109,-19.6821659],[-43.630717,-19.683418],[-43.6296881,-19.6848151],[-43.6296489,-19.685532],[-43.6313559,-19.686446],[-43.6333972,-19.686894],[-43.633746,-19.687501],[-43.6294984,-19.6915349],[-43.6287791,-19.6933759]]]}},{"type":"Feature","properties":{"code":"7","name":"Caeté"},"geometry":{"type":"Polygon","coordinates":[[[-43.6902826,-20.0777009],[-43.6897857,-20.0770149],[-43.6898224,-20.076546],[-43.6934783,-20.0738353],[-43.6941655,-20.0716353],[-43.6951649,-20.0699201],[-43.695086,-20.0686389],[-43.6941314,-20.0670898],[-43.6940168,-20.066278],[-43.695598,-20.0637539],[-43.6958529,-20.0614798],[-43.6956948,-20.060324],[-43.6944567,-20.0578244],[-43.6937145,-20.0541284],[-43.6919699,-20.0535032],[-43.6916779,-20.052404],[-43.6903456,-20.0503272],[-43.6902772,-20.0495197],[-43.6910591,-20.0474869],[-43.6896875,-20.0453494],[-43.6894758,-20.0427961],[-43.6865879,-20.0421774],[-43.6852649,-20.0413416],[-43.6840679,-20.0383393],[-43.6816202,-20.0357099],[-43.6803542,-20.035057],[-43.679564,-20.0317904],[-43.6789984,-20.0308548],[-43.6770216,-20.0295492],[-43.6758736,-20.0277132],[-43.6756216,-20.0268664],[-43.6759312,-20.0249787],[-43.6756428,-20.0231358],[-43.6750891,-20.0226904],[-43.6731242,-20.0224697],[-43.6722127,-20.0217662],[-43.6716623,-20.0202431],[-43.6723081,-20.0183393],[-43.6725439,-20.0162482],[-43.6701617,-20.014638],[-43.6692644,-20.0110671],[-43.6669732,-20.0104544],[-43.6678391,-20.0078379],[-43.6673164,-20.005267],[-43.6674517,-20.0038599],[-43.6660016,-20.0029448],[-43.6660164,-20.0016489],[-43.6656607,-20.0010371],[-43.6639443,-19.9999943],[-43.663887,-19.9994488],[-43.6644828,-19.9984604],[-43.6631591,-19.9967259],[-43.6632084,-19.995376],[-43.6627051,-19.9941616],[-43.6598957,-19.9903601],[-43.6551645,-19.9874115],[-43.6544467,-19.985888],[-43.6531619,-19.9843939],[-43.6519379,-19.9834991],[-43.650625,-19.9815828],[-43.6501801,-19.9806593],[-43.6498513,-19.9782842],[-43.6469476,-19.9752599],[-43.6459792,-19.9737391],[-43.6449884,-19.9732461],[-43.6414896,-19.9701269],[-43.6386279,-19.966298],[-43.6380073,-19.9645568],[-43.6367495,-19.9633817],[-43.6363103,-19.9623996],[-43.6338753,-19.9612092],[-43.6318142,-19.9590353],[-43.6314283,-19.9580828],[-43.6307508,-19.9573754],[-43.6288349,-19.9569194],[-43.6277913,-19.9554426],[-43.6264625,-19.9550906],[-43.6244526,-19.9533265],[-43.6228333,-19.9523295],[-43.6187016,-19.9519394],[-43.6166535,-19.9514491],[-43.6028342,-19.950999],[-43.6005515,-19.9503282],[-43.60004,-19.9498287],[-43.5977237,-19.9433024],[-43.5968272,-19.9415248],[-43.596648,-19.9405843],[-43.5969137,-19.9366999],[-43.5949661,-19.9352645],[-43.5927168,-19.9345411],[-43.5899847,-19.9326059],[-43.5881866,-19.9319847],[-43.5856698,-19.9321768],[-43.5832963,-19.9310474],[-43.5832197,-19.9298396],[-43.5863265,-19.9280273],[-43.58647,-19.927674],[-43.5859927,-19.9268243],[-43.5845977,-19.9257086],[-43.5824852,-19.925633],[-43.5814996,-19.9252413],[-43.5798853,-19.9230329],[-43.5779518,-19.9231707],[-43.5739468,-19.9247678],[-43.5728386,-19.924923],[-43.5695224,-19.9265761],[-43.5685471,-19.9279802],[-43.5653982,-19.9286006],[-43.5638347,-19.9295016],[-43.5619145,-19.9311559],[-43.5596548,-19.9305522],[-43.5579185,-19.9295221],[-43.5569508,-19.9270676],[-43.5559248,-19.9261413],[-43.5549312,-19.9262098],[-43.553345,-19.9275188],[-43.5498844,-19.9259177],[-43.5470839,-19.925373],[-43.5434332,-19.9257837],[-43.5421455,-19.9264338],[-43.5358041,-19.9265875],[-43.5345671,-19.9274567],[-43.5342867,-19.9279755],[-43.5320539,-19.9279704],[-43.5310038,-19.9276621],[-43.5292946,-19.9264066],[-43.5284438,-19.925383],[-43.5254094,-19.923602],[-43.5242448,-19.921712],[-43.5220736,-19.9196482],[-43.5217029,-19.9174534],[-43.5211413,-19.9167778],[-43.5200756,-19.9162941],[-43.5186961,-19.9125821],[-43.5193744,-19.9054247],[-43.5204313,-19.9032463],[-43.5201797,-19.9025637],[-43.5206279,-19.9009725],[-43.522272,-19.8994858],[-43.5222767,-19.897909],[-43.5245396,-19.8939649],[-43.5276911,-19.8918516],[-43.5280975,-19.8910435],[-43.5269916,-19.8889358],[-43.523757,-19.886268],[-43.5227505,-19.8840849],[-43.5228941,-19.8833497],[-43.5245069,-19.8817721],[-43.524013,-19.8798751],[-43.5252845,-19.8778748],[-43.5263476,-19.8732259],[-43.5257845,-19.8715744],[-43.5247757,-19.8709907],[-43.5238239,-19.8694573],[-43.5237008,-19.8656588],[-43.5228688,-19.8643897],[-43.5227224,-19.863634],[-43.5254289,-19.8609359],[-43.5288646,-19.8599994],[-43.5299352,-19.859504],[-43.5301365,-19.8591455],[-43.5299565,-19.8588559],[-43.5284666,-19.85857],[-43.5278001,-19.8581467],[-43.5263572,-19.8561276],[-43.5264365,-19.8551294],[-43.528436,-19.8511715],[-43.5275215,-19.8481522],[-43.5260477,-19.8459445],[-43.5254208,-19.8441236],[-43.5257971,-19.8424688],[-43.527371,-19.8404999],[-43.5273571,-19.8400778],[-43.52621,-19.8376111],[-43.5249673,-19.8364439],[-43.523635,-19.8341966],[-43.5233358,-19.8304928],[-43.5235327,-19.8292715],[-43.5240443,-19.8285568],[-43.5262903,-19.8274422],[-43.5281415,-19.8257696],[-43.529207,-19.8221151],[-43.5298028,-19.8157789],[-43.5310953,-19.8145317],[-43.5317073,-19.812495],[-43.5301016,-19.8077821],[-43.5299613,-19.8048663],[-43.5303036,-19.8032955],[-43.5317875,-19.8017573],[-43.5323239,-19.800322],[-43.5323747,-19.7989502],[-43.5351351,-19.7923129],[-43.5357133,-19.7914564],[-43.5368376,-19.7906273],[-43.5379323,-19.7879704],[-43.5393825,-19.7866845],[-43.540649,-19.7844525],[-43.5397093,-19.7831966],[-43.5380453,-19.7797144],[-43.5358177,-19.7774503],[-43.5356598,-19.7759984],[-43.5346142,-19.7748194],[-43.5338277,-19.7718488],[-43.5357928,-19.7686591],[-43.535903,-19.7659016],[-43.536871,-19.762742],[-43.5367976,-19.7607465],[-43.5362652,-19.7587762],[-43.5375403,-19.7563868],[-43.5380767,-19.7545696],[-43.5399508,-19.7535442],[-43.5417855,-19.7511587],[-43.5441013,-19.7496539],[-43.5453293,-19.7494063],[-43.546959,-19.7499347],[-43.5480707,-19.7497978],[-43.5494901,-19.7482565],[-43.5528112,-19.7462815],[-43.5552563,-19.7441902],[-43.5566869,-19.7439524],[-43.5589927,-19.7408115],[-43.5600068,-19.7406574],[-43.5611563,-19.739956],[-43.5630334,-19.7401177],[-43.5640396,-19.7399019],[-43.5641382,-19.7391293],[-43.5631687,-19.7384431],[-43.562367,-19.7373077],[-43.5624462,-19.7360952],[-43.5640245,-19.7354911],[-43.5653531,-19.7340252],[-43.5666572,-19.7340484],[-43.5665466,-19.7334584],[-43.5672813,-19.7326196],[-43.5680132,-19.7324288],[-43.5684164,-19.7317913],[-43.5688351,-19.7320432],[-43.5686547,-19.7312254],[-43.5695131,-19.7313457],[-43.5690364,-19.7327378],[-43.5694245,-19.7327848],[-43.570099,-19.731685],[-43.5708914,-19.731652],[-43.5715974,-19.7312434],[-43.571381,-19.7308333],[-43.5715909,-19.7307303],[-43.5720391,-19.7310002],[-43.571758,-19.7314267],[-43.5720294,-19.7318115],[-43.5730472,-19.7313141],[-43.5733172,-19.7317323],[-43.5737142,-19.7317527],[-43.5748259,-19.7334912],[-43.5757237,-19.7330469],[-43.5766846,-19.7335404],[-43.5778823,-19.7335539],[-43.57633,-19.7354817],[-43.5764984,-19.7363262],[-43.576011,-19.7375721],[-43.5762335,-19.7379155],[-43.57611,-19.7386808],[-43.5764667,-19.7392225],[-43.5762504,-19.7414582],[-43.577262,-19.7429071],[-43.5771856,-19.7436482],[-43.57791,-19.7443788],[-43.579102,-19.7465582],[-43.5796474,-19.7468183],[-43.5799195,-19.7473906],[-43.5809729,-19.7473743],[-43.5810118,-19.7484922],[-43.5827056,-19.7501086],[-43.5871717,-19.7502695],[-43.5873586,-19.7496433],[-43.5896961,-19.7488574],[-43.5908664,-19.7491531],[-43.5906367,-19.7495578],[-43.5927337,-19.750047],[-43.5955018,-19.751851],[-43.5959179,-19.7525413],[-43.5959669,-19.7536706],[-43.5949743,-19.755623],[-43.5949607,-19.7563279],[-43.5965264,-19.7581446],[-43.5969112,-19.7594785],[-43.5985179,-19.7606712],[-43.5999798,-19.7638188],[-43.6005835,-19.7640906],[-43.6015487,-19.7638468],[-43.6013734,-19.7617004],[-43.6029595,-19.759222],[-43.6034988,-19.7571911],[-43.6034502,-19.7562278],[-43.6030568,-19.7544404],[-43.6012297,-19.7526582],[-43.6009237,-19.7509793],[-43.5990917,-19.7480576],[-43.5994552,-19.7469929],[-43.6019457,-19.7433481],[-43.6043948,-19.7408518],[-43.6049417,-19.739699],[-43.6034311,-19.7378205],[-43.601378,-19.7359427],[-43.6006552,-19.7337838],[-43.5999759,-19.7326966],[-43.598331,-19.7312886],[-43.5967679,-19.7305668],[-43.595401,-19.7288291],[-43.593876,-19.7256678],[-43.593844,-19.7228245],[-43.5921275,-19.720997],[-43.5922099,-19.7191988],[-43.5926653,-19.7184646],[-43.5935679,-19.7180381],[-43.594051,-19.7161571],[-43.5960148,-19.7152636],[-43.5976682,-19.7152439],[-43.5985538,-19.7146237],[-43.5991853,-19.713185],[-43.5993199,-19.711726],[-43.6003697,-19.7105691],[-43.6011667,-19.708808],[-43.6023918,-19.7077243],[-43.6043383,-19.7071287],[-43.6055097,-19.7062482],[-43.6079586,-19.7052634],[-43.6121852,-19.7054265],[-43.6142625,-19.7049953],[-43.6150987,-19.7039441],[-43.6175921,-19.7026312],[-43.6191635,-19.7022445],[-43.6217137,-19.7008787],[-43.623634,-19.700436],[-43.625168,-19.6993015],[-43.6262778,-19.6970998],[-43.6291823,-19.6954541],[-43.6300862,-19.6956005],[-43.6318748,-19.6970389],[-43.6328903,-19.699377],[-43.6344181,-19.700422],[-43.6363755,-19.7006688],[-43.6367794,-19.7016209],[-43.6365608,-19.7029794],[-43.6370051,-19.7045793],[-43.6367204,-19.7054705],[-43.6343515,-19.7080957],[-43.6330563,-19.7085109],[-43.6323838,-19.7093803],[-43.632284,-19.7108358],[-43.6331768,-19.7123089],[-43.6334275,-19.714756],[-43.6348313,-19.715952],[-43.6356087,-19.7174748],[-43.6369943,-19.7191881],[-43.6386384,-19.7197125],[-43.6391777,-19.7207494],[-43.6403769,-19.7212965],[-43.6423143,-19.7211568],[-43.6450375,-19.7233523],[-43.6478353,-19.7234604],[-43.6500317,-19.7252501],[-43.6507941,-19.726408],[-43.6516945,-19.7330604],[-43.6521697,-19.7336373],[-43.6543409,-19.7335698],[-43.6574865,-19.732467],[-43.6588899,-19.7326933],[-43.6628862,-19.7318228],[-43.6651235,-19.7317427],[-43.6655826,-19.7312539],[-43.665493,-19.7297841],[-43.6659671,-19.7293126],[-43.6669906,-19.7286266],[-43.6682232,-19.7288804],[-43.668855,-19.7287349],[-43.6707345,-19.7267256],[-43.6740587,-19.7255026],[-43.675195,-19.7241299],[-43.6764028,-19.7240107],[-43.6775778,-19.7249169],[-43.6782514,-19.7250966],[-43.6796121,-19.7249748],[-43.6805187,-19.7245524],[-43.6828868,-19.7243621],[-43.6837597,-19.7244776],[-43.6848775,-19.7251952],[-43.6854352,-19.7266894],[-43.6872424,-19.7285789],[-43.6894827,-19.7287737],[-43.6914277,-19.729492],[-43.6934362,-19.7294227],[-43.6957074,-19.7305218],[-43.698299,-19.7304786],[-43.6991022,-19.7298324],[-43.7000165,-19.7283295],[-43.7018299,-19.7275391],[-43.7030396,-19.7274827],[-43.7035456,-19.7278134],[-43.7042884,-19.7292819],[-43.7044734,-19.7306522],[-43.7040897,-19.7321486],[-43.7093799,-19.736869],[-43.7111193,-19.7377],[-43.7121594,-19.7377785],[-43.7117512,-19.7388062],[-43.709526,-19.7399772],[-43.7086037,-19.7400819],[-43.707947,-19.7406562],[-43.7066284,-19.7430698],[-43.7066734,-19.7440753],[-43.7076619,-19.7461393],[-43.7094166,-19.7470368],[-43.7083675,-19.7475969],[-43.7075528,-19.7486152],[-43.7076242,-19.7502145],[-43.7065841,-19.754011],[-43.704445,-19.7542526],[-43.7031104,-19.7532366],[-43.7016942,-19.7537837],[-43.7004014,-19.7550388],[-43.6994565,-19.7549908],[-43.698996,-19.7554501],[-43.6976723,-19.7551834],[-43.6955054,-19.7560012],[-43.6953676,-19.7564815],[-43.6957635,-19.7571872],[-43.6956138,-19.7587246],[-43.6960889,-19.7597408],[-43.6958665,-19.7601577],[-43.6949996,-19.7609145],[-43.6933224,-19.7606329],[-43.6918446,-19.7615981],[-43.6915421,-19.7621172],[-43.6914846,-19.76365],[-43.6909356,-19.7647398],[-43.689753,-19.7656107],[-43.6889416,-19.766714],[-43.689348,-19.7674595],[-43.689056,-19.7679665],[-43.6892522,-19.7684594],[-43.68866,-19.7691358],[-43.6890557,-19.7700068],[-43.6905435,-19.7703163],[-43.6908567,-19.7706361],[-43.6911509,-19.7742764],[-43.6903935,-19.7780803],[-43.690748,-19.7793445],[-43.6907902,-19.7814393],[-43.6906512,-19.7819876],[-43.6899208,-19.7824415],[-43.6893592,-19.7832993],[-43.6889808,-19.7846023],[-43.6890618,-19.7862833],[-43.687678,-19.7870006],[-43.6866178,-19.7887409],[-43.6877629,-19.7902934],[-43.6887482,-19.790854],[-43.6895024,-19.7918072],[-43.6913104,-19.7920696],[-43.691661,-19.792379],[-43.6917301,-19.7932501],[-43.6909043,-19.7942225],[-43.690311,-19.7959677],[-43.6905277,-19.7968876],[-43.6915962,-19.7979133],[-43.6917766,-19.7994525],[-43.6909159,-19.8004975],[-43.6899564,-19.801118],[-43.6882251,-19.8017379],[-43.6872777,-19.8033808],[-43.6864482,-19.803961],[-43.6864381,-19.8051912],[-43.68582,-19.806049],[-43.6845554,-19.806269],[-43.6818463,-19.807469],[-43.6816861,-19.8114328],[-43.6808876,-19.8121176],[-43.680258,-19.8138889],[-43.6792979,-19.8144941],[-43.6754995,-19.8149033],[-43.6752148,-19.81575],[-43.6753141,-19.8174019],[-43.6745002,-19.8190796],[-43.6745624,-19.8208858],[-43.6751081,-19.8227235],[-43.6827981,-19.822187],[-43.6856792,-19.823371],[-43.690454,-19.8247457],[-43.6956242,-19.8242683],[-43.6975693,-19.8236307],[-43.7002157,-19.8218128],[-43.7009321,-19.8217869],[-43.7034186,-19.8224225],[-43.7036955,-19.8231203],[-43.7087581,-19.8255506],[-43.7096322,-19.8256653],[-43.7099763,-19.8260764],[-43.7114786,-19.8267263],[-43.7139295,-19.8268823],[-43.7157245,-19.8273774],[-43.7185678,-19.8293293],[-43.7186145,-19.8300792],[-43.7176915,-19.8305024],[-43.7171015,-19.8315577],[-43.7172437,-19.8328962],[-43.7165071,-19.8341275],[-43.7161205,-19.836327],[-43.7144332,-19.8379616],[-43.7140984,-19.8389887],[-43.7136931,-19.8393083],[-43.7139112,-19.8410123],[-43.7137301,-19.8432196],[-43.7141743,-19.8440052],[-43.713792,-19.8450074],[-43.7140814,-19.84561],[-43.7141138,-19.8473976],[-43.7146391,-19.8485642],[-43.7144857,-19.8497658],[-43.7161323,-19.8511072],[-43.7159401,-19.8542976],[-43.7155221,-19.856053],[-43.7159545,-19.8557811],[-43.7164693,-19.8560432],[-43.7172304,-19.8556715],[-43.7181891,-19.8535556],[-43.718571,-19.8535697],[-43.7188651,-19.8558881],[-43.720155,-19.8562596],[-43.7204686,-19.8576202],[-43.7217851,-19.8582491],[-43.7221746,-19.8581363],[-43.7223604,-19.8585508],[-43.722958,-19.8588316],[-43.7235693,-19.8596245],[-43.7237169,-19.8609196],[-43.7227042,-19.8615367],[-43.7216328,-19.8634136],[-43.7204542,-19.863674],[-43.7206986,-19.8644624],[-43.7203991,-19.8659981],[-43.7206043,-19.8667531],[-43.719301,-19.8673797],[-43.7182635,-19.8672159],[-43.7172875,-19.8677225],[-43.7166375,-19.8702411],[-43.7149797,-19.8712711],[-43.7145116,-19.8722197],[-43.7135295,-19.8728497],[-43.7129399,-19.8739896],[-43.7116374,-19.8752402],[-43.7118923,-19.8762994],[-43.7124564,-19.8764666],[-43.7126554,-19.8771307],[-43.7124963,-19.8777668],[-43.7120594,-19.8780509],[-43.712546,-19.8791065],[-43.7124571,-19.8804094],[-43.7106258,-19.8819031],[-43.7095314,-19.8824131],[-43.708132,-19.8843137],[-43.7076756,-19.8844275],[-43.7080025,-19.8852671],[-43.7080907,-19.8873505],[-43.7078404,-19.8882713],[-43.7084716,-19.8886599],[-43.7088359,-19.8884352],[-43.7089457,-19.8888506],[-43.7099403,-19.8885976],[-43.7104685,-19.8888944],[-43.7107573,-19.8887307],[-43.7118767,-19.8897135],[-43.7132512,-19.8900942],[-43.7143965,-19.8899843],[-43.7154789,-19.8893683],[-43.7157713,-19.8880585],[-43.7177571,-19.8885865],[-43.7192848,-19.8860836],[-43.7201481,-19.883875],[-43.7221227,-19.8810259],[-43.7233669,-19.8781741],[-43.7251157,-19.8787832],[-43.7276344,-19.8803423],[-43.7298462,-19.8798906],[-43.7313142,-19.8800368],[-43.7328115,-19.8787513],[-43.736066,-19.8778997],[-43.7378886,-19.8789088],[-43.7392746,-19.882452],[-43.7387008,-19.8837756],[-43.737916,-19.8881542],[-43.7383519,-19.8911317],[-43.7391403,-19.8922259],[-43.7405738,-19.89285],[-43.742052,-19.8948471],[-43.7432815,-19.8958292],[-43.744113,-19.895904],[-43.7446177,-19.8954963],[-43.7455274,-19.895435],[-43.7457741,-19.8963169],[-43.7465333,-19.8970868],[-43.7486901,-19.897144],[-43.7494997,-19.898132],[-43.7489366,-19.9004792],[-43.7480258,-19.9009853],[-43.7464494,-19.9030737],[-43.7450961,-19.9039053],[-43.7458579,-19.906198],[-43.7468879,-19.9074171],[-43.7465815,-19.9080409],[-43.7452704,-19.9088368],[-43.7444737,-19.9103688],[-43.7441458,-19.911797],[-43.7430747,-19.9127054],[-43.7420938,-19.9141654],[-43.740815,-19.9146498],[-43.7393758,-19.9159581],[-43.7370944,-19.916796],[-43.7351771,-19.9191223],[-43.7354291,-19.9205717],[-43.7352083,-19.9241328],[-43.7343163,-19.9253565],[-43.7337058,-19.927554],[-43.7322554,-19.9287378],[-43.7311577,-19.9305244],[-43.7308877,-19.932354],[-43.730216,-19.9334052],[-43.7295419,-19.9359179],[-43.7297342,-19.9378919],[-43.7293858,-19.9394743],[-43.7301554,-19.941784],[-43.7305367,-19.9421125],[-43.731554,-19.9422753],[-43.7315753,-19.9425789],[-43.7295698,-19.9445169],[-43.7290257,-19.9454885],[-43.7282086,-19.9461752],[-43.7279796,-19.9469227],[-43.7267405,-19.9471835],[-43.7234699,-19.9489397],[-43.7221487,-19.9491039],[-43.7227096,-19.9524635],[-43.7217422,-19.9532964],[-43.7216029,-19.9547848],[-43.7205424,-19.9561128],[-43.7202619,-19.9572423],[-43.7201416,-19.9587102],[-43.7210384,-19.9591922],[-43.7213131,-19.9598266],[-43.722523,-19.9597409],[-43.7243691,-19.9604114],[-43.72232,-19.9626833],[-43.7209913,-19.9634807],[-43.7207727,-19.9673533],[-43.7209841,-19.9678586],[-43.7221343,-19.9684275],[-43.7238674,-19.9671115],[-43.726324,-19.9667606],[-43.7299449,-19.967072],[-43.7314176,-19.9679736],[-43.7325221,-19.9695598],[-43.7330747,-19.9713525],[-43.7341777,-19.9726054],[-43.7347857,-19.9745856],[-43.7342921,-19.9763187],[-43.7345287,-19.9776014],[-43.737476,-19.9828755],[-43.7384909,-19.9835483],[-43.7383793,-19.9840927],[-43.7379069,-19.984463],[-43.738033,-19.9861052],[-43.7393682,-19.9874442],[-43.7395633,-19.987989],[-43.7391248,-19.9891421],[-43.7379664,-19.9900807],[-43.738258,-19.9914776],[-43.7381043,-19.9923126],[-43.7376723,-19.9923631],[-43.7368954,-19.9915058],[-43.7365534,-19.9914977],[-43.7365509,-19.9933302],[-43.7357945,-19.9937319],[-43.7345835,-19.9937722],[-43.7337879,-19.9955947],[-43.7343926,-19.9959121],[-43.7357901,-19.9950271],[-43.7368605,-19.9963406],[-43.7356562,-19.9985949],[-43.7343174,-19.9999986],[-43.7347969,-20.0010641],[-43.7342194,-20.0023462],[-43.7340316,-20.0048386],[-43.7342328,-20.005292],[-43.735172,-20.0057601],[-43.7353092,-20.0061743],[-43.7343718,-20.0065087],[-43.7343292,-20.0072747],[-43.7331086,-20.0084765],[-43.7331064,-20.0105386],[-43.7322358,-20.010474],[-43.7316541,-20.0097446],[-43.7305842,-20.010759],[-43.7309492,-20.0113402],[-43.730356,-20.0124257],[-43.7287129,-20.0134221],[-43.7274259,-20.0136965],[-43.7270321,-20.0142035],[-43.7272986,-20.0148331],[-43.7292389,-20.0158594],[-43.7301295,-20.0159821],[-43.7309913,-20.0171249],[-43.7315573,-20.0165202],[-43.7320242,-20.0165431],[-43.7314072,-20.0182662],[-43.7324257,-20.0185751],[-43.7326733,-20.0189052],[-43.7309316,-20.0210509],[-43.7317221,-20.0212553],[-43.7316912,-20.0224225],[-43.7309583,-20.0236805],[-43.7295071,-20.0243782],[-43.7322028,-20.0253817],[-43.7327594,-20.0251491],[-43.7329393,-20.025421],[-43.7322751,-20.0269324],[-43.7324108,-20.0286088],[-43.7320213,-20.0290454],[-43.7311833,-20.0292864],[-43.731945,-20.0303645],[-43.7319659,-20.0309828],[-43.7316574,-20.0319892],[-43.7307393,-20.0332584],[-43.7313179,-20.0337124],[-43.7311587,-20.034284],[-43.7318586,-20.034339],[-43.7328118,-20.03375],[-43.732993,-20.0340512],[-43.7316317,-20.0359986],[-43.7316505,-20.0369602],[-43.7308182,-20.0374816],[-43.7305993,-20.0381363],[-43.7300305,-20.0383156],[-43.7306642,-20.0419696],[-43.7302476,-20.0431091],[-43.7288159,-20.0441514],[-43.7282589,-20.0453329],[-43.7289379,-20.0458577],[-43.7286347,-20.0465834],[-43.7289135,-20.0472473],[-43.7288375,-20.0482048],[-43.7296396,-20.0480472],[-43.7301335,-20.0483001],[-43.7283843,-20.0504426],[-43.72939,-20.0507462],[-43.7294254,-20.0513745],[-43.7275891,-20.0527551],[-43.7281953,-20.0545917],[-43.7272516,-20.0554868],[-43.7270148,-20.0561878],[-43.7280937,-20.0570858],[-43.7251301,-20.0596702],[-43.7248476,-20.0606811],[-43.7227355,-20.0631869],[-43.7225325,-20.0644011],[-43.7211288,-20.0661006],[-43.7197914,-20.0691285],[-43.7173254,-20.0698414],[-43.7167451,-20.0695094],[-43.7162494,-20.0697327],[-43.714368,-20.0724468],[-43.7136876,-20.0746496],[-43.7120032,-20.0753376],[-43.7111766,-20.0760757],[-43.7107644,-20.0761396],[-43.7102006,-20.0755104],[-43.709598,-20.0760976],[-43.7091613,-20.0761431],[-43.7091347,-20.0765148],[-43.7086443,-20.0762412],[-43.7071547,-20.076988],[-43.7054868,-20.0768493],[-43.701362,-20.0776929],[-43.7003276,-20.0775244],[-43.697866,-20.0762894],[-43.6971701,-20.0764549],[-43.6964023,-20.0761428],[-43.6939236,-20.0761336],[-43.6921023,-20.0763652],[-43.6902826,-20.0777009]]]}},{"type":"Feature","properties":{"code":"8","name":"Raposos"},"geometry":{"type":"Polygon","coordinates":[[[-43.7343901,-20.0017265],[-43.734798,-20.0009703],[-43.7343372,-20.0004562],[-43.7343657,-19.9998817],[-43.7356562,-19.9985949],[-43.7368605,-19.9963406],[-43.7357901,-19.9950271],[-43.7343926,-19.9959121],[-43.7337879,-19.9955947],[-43.7345835,-19.9937722],[-43.7357945,-19.9937319],[-43.7365509,-19.9933302],[-43.7365534,-19.9914977],[-43.7368954,-19.9915058],[-43.7376723,-19.9923631],[-43.7381043,-19.9923126],[-43.738258,-19.9914776],[-43.7379664,-19.9900807],[-43.7390222,-19.9892687],[-43.7395417,-19.98832],[-43.7393682,-19.9874442],[-43.738033,-19.9861052],[-43.7379069,-19.984463],[-43.7385236,-19.98365],[-43.737476,-19.9828755],[-43.7348715,-19.9783637],[-43.7342904,-19.976571],[-43.7347857,-19.9745856],[-43.7345798,-19.973621],[-43.7337345,-19.9718658],[-43.7330747,-19.9713525],[-43.7325221,-19.9695598],[-43.7314176,-19.9679736],[-43.7299449,-19.967072],[-43.726324,-19.9667606],[-43.7238328,-19.9671379],[-43.7231581,-19.9655388],[-43.7238172,-19.9646474],[-43.7255226,-19.9644337],[-43.7275,-19.963758],[-43.7286517,-19.9639091],[-43.7305618,-19.9626279],[-43.731594,-19.9623983],[-43.7319292,-19.961501],[-43.7340755,-19.9605487],[-43.7343649,-19.9602332],[-43.7343239,-19.9586167],[-43.7349258,-19.9567826],[-43.7362776,-19.954865],[-43.7370767,-19.95524],[-43.7387717,-19.9539898],[-43.7400555,-19.9540411],[-43.7409086,-19.9550147],[-43.7437983,-19.9555971],[-43.7446018,-19.9567583],[-43.7472317,-19.9578808],[-43.7474563,-19.95841],[-43.748316,-19.9586654],[-43.7491127,-19.9581365],[-43.7497553,-19.9586826],[-43.7506834,-19.9584393],[-43.7514526,-19.9586447],[-43.7519311,-19.9581913],[-43.7526202,-19.9583674],[-43.7529146,-19.9576802],[-43.7542811,-19.9579422],[-43.7559941,-19.9574604],[-43.7568134,-19.9568317],[-43.7584467,-19.957105],[-43.7591632,-19.9576508],[-43.7598792,-19.9573186],[-43.7605229,-19.9576744],[-43.7613016,-19.9569354],[-43.7627815,-19.9567982],[-43.7632711,-19.9559457],[-43.7640794,-19.955763],[-43.7642067,-19.9549994],[-43.76515,-19.9539701],[-43.7664809,-19.9535335],[-43.7671584,-19.9528875],[-43.7695063,-19.9525643],[-43.7708526,-19.9520335],[-43.7724882,-19.9521094],[-43.7732414,-19.9513755],[-43.774929,-19.9508058],[-43.7752785,-19.9481899],[-43.7761911,-19.9476811],[-43.7766822,-19.9464971],[-43.7777525,-19.9459194],[-43.7777403,-19.9447639],[-43.7785545,-19.9442663],[-43.7786389,-19.9453279],[-43.7789762,-19.9457352],[-43.7800662,-19.9448467],[-43.7803888,-19.9452472],[-43.7811181,-19.9454061],[-43.7810674,-19.9460208],[-43.7814764,-19.9462943],[-43.7817319,-19.9470811],[-43.7832735,-19.9465725],[-43.7851628,-19.9473248],[-43.785905,-19.9472254],[-43.7859284,-19.9475575],[-43.7845504,-19.9485001],[-43.7859403,-19.9482653],[-43.7863014,-19.9487025],[-43.7880953,-19.9490138],[-43.7888859,-19.949476],[-43.7899068,-19.947997],[-43.7901671,-19.9480025],[-43.7908863,-19.9488735],[-43.7916568,-19.9511189],[-43.7957092,-19.9496023],[-43.7966363,-19.9489076],[-43.7974588,-19.94924],[-43.7985371,-19.9489062],[-43.7995188,-19.9491119],[-43.8005775,-19.9486071],[-43.8026753,-19.9487787],[-43.8031915,-19.9482733],[-43.8037391,-19.9482243],[-43.8040573,-19.9477559],[-43.8056975,-19.9480672],[-43.807351,-19.9474426],[-43.8076599,-19.946603],[-43.8088072,-19.9461908],[-43.809637,-19.9463121],[-43.810847,-19.9446977],[-43.8124572,-19.9436262],[-43.8128601,-19.9437126],[-43.8138418,-19.9447908],[-43.8143652,-19.9436915],[-43.8148797,-19.9441329],[-43.8160158,-19.9434406],[-43.8172146,-19.9434073],[-43.8183551,-19.9427015],[-43.8189116,-19.9431932],[-43.818929,-19.9443442],[-43.8192241,-19.9445196],[-43.8196162,-19.9435977],[-43.8203056,-19.9434967],[-43.8204841,-19.944037],[-43.8214503,-19.9437105],[-43.8223831,-19.9429482],[-43.8228861,-19.9429417],[-43.8230296,-19.9422009],[-43.8238213,-19.941688],[-43.8243527,-19.9418631],[-43.8243984,-19.9426628],[-43.8239755,-19.9432711],[-43.8245942,-19.9440978],[-43.8241219,-19.9445663],[-43.8241651,-19.9451085],[-43.8246522,-19.9453545],[-43.8251526,-19.944665],[-43.8265501,-19.9452249],[-43.8285258,-19.9430335],[-43.8292717,-19.941629],[-43.8287512,-19.9398018],[-43.8267621,-19.9379633],[-43.826756,-19.9358416],[-43.8271686,-19.9350753],[-43.8277432,-19.9348927],[-43.828019,-19.9351333],[-43.8303359,-19.9390168],[-43.8315297,-19.9401952],[-43.8328865,-19.9406402],[-43.8338157,-19.9406004],[-43.8343697,-19.9403746],[-43.8347462,-19.939545],[-43.8341047,-19.9384618],[-43.8336035,-19.9361014],[-43.8335777,-19.9293637],[-43.8345651,-19.9288244],[-43.8346404,-19.9282213],[-43.8351207,-19.9279387],[-43.8355688,-19.9286653],[-43.8380554,-19.9285132],[-43.838262,-19.9289306],[-43.8393186,-19.9292844],[-43.8399465,-19.9309232],[-43.8411914,-19.9313673],[-43.8419092,-19.9330331],[-43.8411009,-19.9348067],[-43.8406341,-19.9373142],[-43.8414681,-19.9392081],[-43.8415175,-19.9402243],[-43.8404677,-19.9419616],[-43.8395152,-19.9423684],[-43.8392182,-19.942818],[-43.8387347,-19.9445571],[-43.838055,-19.9455017],[-43.8376323,-19.9491613],[-43.8364671,-19.9499408],[-43.836341,-19.950378],[-43.8373533,-19.9528349],[-43.8399727,-19.9539878],[-43.8405736,-19.9545358],[-43.8396423,-19.9571487],[-43.8366924,-19.9585452],[-43.83549,-19.9604452],[-43.8339103,-19.960109],[-43.8319044,-19.9611632],[-43.8311048,-19.9624791],[-43.831328,-19.9637559],[-43.8304756,-19.9644021],[-43.8300748,-19.9653538],[-43.8271934,-19.9660286],[-43.8261015,-19.9659132],[-43.825216,-19.9669215],[-43.8250162,-19.9674102],[-43.8256386,-19.9677788],[-43.8256199,-19.9688455],[-43.824676,-19.9696179],[-43.8246874,-19.9702079],[-43.8267988,-19.972313],[-43.8284524,-19.9727443],[-43.8285215,-19.9731768],[-43.8279376,-19.9739712],[-43.8278479,-19.9751599],[-43.8271815,-19.9760634],[-43.8267661,-19.9759802],[-43.8263395,-19.9763703],[-43.8258528,-19.9772263],[-43.8244254,-19.9778289],[-43.823969,-19.9777296],[-43.8236078,-19.9782899],[-43.8226225,-19.9783757],[-43.822305,-19.9792688],[-43.8227773,-19.9800123],[-43.8212981,-19.9795894],[-43.8202515,-19.9812279],[-43.8186366,-19.9821134],[-43.8175901,-19.982173],[-43.8178266,-19.9827235],[-43.81839,-19.9829313],[-43.8183079,-19.9841529],[-43.8204856,-19.9839204],[-43.8215547,-19.9832999],[-43.8226467,-19.9831121],[-43.8233969,-19.9837203],[-43.82347,-19.9843423],[-43.8214781,-19.9882491],[-43.8211001,-19.9885766],[-43.8197108,-19.9886759],[-43.8193054,-19.9889671],[-43.8194307,-19.9892377],[-43.8204971,-19.9893247],[-43.8203621,-19.9899253],[-43.8197973,-19.9901875],[-43.8201716,-19.9909606],[-43.8186345,-19.9919093],[-43.8178378,-19.9918496],[-43.8163128,-19.9927296],[-43.8148854,-19.9941996],[-43.8152814,-19.9956426],[-43.8137438,-19.9971481],[-43.8135282,-19.9978423],[-43.813976,-19.9979722],[-43.8140891,-19.9983132],[-43.8130429,-19.9992521],[-43.8138152,-20.0003962],[-43.8150715,-20.0005107],[-43.8159819,-20.0011615],[-43.8170119,-20.0035727],[-43.816554,-20.003774],[-43.8150657,-20.0056746],[-43.8150464,-20.0063351],[-43.8142896,-20.0061172],[-43.8131434,-20.0067911],[-43.8130739,-20.0076861],[-43.8118779,-20.0076023],[-43.8115094,-20.0078262],[-43.8113203,-20.0088702],[-43.8118747,-20.0092583],[-43.8125966,-20.0092192],[-43.8124634,-20.0099108],[-43.812792,-20.0115215],[-43.8119479,-20.0116707],[-43.8117668,-20.0108624],[-43.8114272,-20.0108381],[-43.8106042,-20.01133],[-43.8105586,-20.0127004],[-43.8097356,-20.0122897],[-43.8092842,-20.0124432],[-43.8085912,-20.0132438],[-43.807985,-20.0153595],[-43.8064834,-20.0154031],[-43.8058605,-20.0173371],[-43.8050167,-20.0183364],[-43.804904,-20.0191584],[-43.8031998,-20.0194524],[-43.8016428,-20.0201376],[-43.8017757,-20.0204436],[-43.802828,-20.0204082],[-43.8028262,-20.0206209],[-43.8025607,-20.0209314],[-43.8014566,-20.0208671],[-43.8006694,-20.0220457],[-43.7999684,-20.0222915],[-43.799575,-20.0233018],[-43.7997654,-20.0241238],[-43.7992934,-20.0241852],[-43.7979366,-20.025472],[-43.7972821,-20.0257364],[-43.7960484,-20.0257046],[-43.7955893,-20.0264168],[-43.7942189,-20.0267293],[-43.7897448,-20.0263804],[-43.788492,-20.0259789],[-43.788286,-20.0261777],[-43.7886886,-20.027967],[-43.7871527,-20.0285692],[-43.7845295,-20.0287394],[-43.7838033,-20.029256],[-43.7832299,-20.0291848],[-43.7782705,-20.0246033],[-43.7784307,-20.022885],[-43.7790561,-20.0223796],[-43.7795651,-20.0213812],[-43.779204,-20.0204255],[-43.7783854,-20.019543],[-43.776725,-20.0191113],[-43.7764287,-20.0187599],[-43.775541,-20.0188393],[-43.7749967,-20.0183952],[-43.7726617,-20.0201675],[-43.76876,-20.0199775],[-43.7683853,-20.0203469],[-43.7675929,-20.0204673],[-43.7665579,-20.0200191],[-43.7649033,-20.018513],[-43.7634673,-20.0178486],[-43.7609136,-20.0203522],[-43.7595361,-20.0204458],[-43.7572044,-20.0224719],[-43.7560423,-20.0229795],[-43.755386,-20.0228623],[-43.7544788,-20.0216688],[-43.7548871,-20.0200271],[-43.7535698,-20.0194219],[-43.7529636,-20.0170323],[-43.7503479,-20.0155617],[-43.7495001,-20.0145844],[-43.7484629,-20.0143655],[-43.7477749,-20.012362],[-43.7467871,-20.0117679],[-43.744036,-20.010999],[-43.7435708,-20.0105093],[-43.7428368,-20.0081259],[-43.7410116,-20.0068854],[-43.7403874,-20.0056751],[-43.7390878,-20.0047299],[-43.7389405,-20.0041883],[-43.7384387,-20.0040833],[-43.7369062,-20.0027096],[-43.7343901,-20.0017265]]]}},{"type":"Feature","properties":{"code":"9","name":"Itatiaiuçu"},"geometry":{"type":"Polygon","coordinates":[[[-44.4834573,-20.2933162],[-44.4827883,-20.2932247],[-44.4822862,-20.2918038],[-44.4830303,-20.2899645],[-44.4831159,-20.2872824],[-44.4826098,-20.2865737],[-44.4814182,-20.2858553],[-44.4800178,-20.2861493],[-44.4773905,-20.2881365],[-44.476326,-20.288494],[-44.4723243,-20.2889761],[-44.4702075,-20.2881837],[-44.4680608,-20.2892776],[-44.4656182,-20.2896823],[-44.4643037,-20.2903247],[-44.4628487,-20.2906102],[-44.4611243,-20.2901812],[-44.458798,-20.2877584],[-44.4568144,-20.2876448],[-44.4552732,-20.2869562],[-44.4525466,-20.287444],[-44.4477099,-20.2855036],[-44.4460802,-20.2854096],[-44.4449984,-20.2860963],[-44.4426678,-20.2888302],[-44.4385221,-20.2901512],[-44.436951,-20.2917497],[-44.4361374,-20.2901599],[-44.4358263,-20.2887127],[-44.436221,-20.2862088],[-44.4357968,-20.2854287],[-44.4333971,-20.2848093],[-44.428833,-20.2859845],[-44.4269412,-20.2837162],[-44.4267871,-20.2818823],[-44.4270608,-20.2798109],[-44.4267741,-20.2780128],[-44.427928,-20.2758424],[-44.4281638,-20.274482],[-44.4275457,-20.2732933],[-44.4253802,-20.2714375],[-44.4246696,-20.2695306],[-44.4233714,-20.2676201],[-44.4225568,-20.2640365],[-44.4225161,-20.2618245],[-44.4204543,-20.258584],[-44.4207816,-20.2559891],[-44.4205749,-20.25495],[-44.415634,-20.2543957],[-44.4109594,-20.2530986],[-44.4050093,-20.2531809],[-44.403336,-20.2541649],[-44.4031218,-20.2557781],[-44.4024904,-20.2563366],[-44.3963725,-20.2570874],[-44.3946729,-20.2576659],[-44.3927973,-20.2579044],[-44.3923081,-20.2584994],[-44.3914876,-20.2587107],[-44.3909956,-20.2579974],[-44.3897377,-20.2573185],[-44.3888442,-20.2560935],[-44.3873963,-20.2555925],[-44.3848062,-20.2554248],[-44.3841718,-20.25452],[-44.3838651,-20.2532287],[-44.382955,-20.2520268],[-44.3815153,-20.2517751],[-44.379409,-20.2520398],[-44.377484,-20.2515441],[-44.37355,-20.2490216],[-44.3718087,-20.2489261],[-44.370414,-20.2468024],[-44.3659666,-20.2485168],[-44.3649798,-20.2485733],[-44.3638231,-20.2478847],[-44.3626697,-20.2480469],[-44.3607292,-20.2456246],[-44.3582251,-20.2433488],[-44.3598325,-20.2390803],[-44.3606652,-20.2386012],[-44.3625286,-20.2387084],[-44.3634477,-20.237928],[-44.3641738,-20.2358571],[-44.3638055,-20.2329843],[-44.365648,-20.2306897],[-44.3667945,-20.226804],[-44.3663939,-20.2261687],[-44.3648956,-20.2255793],[-44.3644049,-20.2240677],[-44.3632461,-20.2238682],[-44.3618222,-20.2226818],[-44.3601518,-20.2225739],[-44.3587299,-20.2205921],[-44.3588023,-20.219212],[-44.3606123,-20.2157044],[-44.3608502,-20.2144033],[-44.3606548,-20.2134144],[-44.3600852,-20.211611],[-44.3588703,-20.2092811],[-44.3586078,-20.2079073],[-44.3578218,-20.207541],[-44.3562973,-20.2059879],[-44.3554993,-20.2022932],[-44.3545463,-20.2013037],[-44.3541485,-20.2002199],[-44.3525839,-20.1928586],[-44.354448,-20.1914347],[-44.3550888,-20.1891964],[-44.3570223,-20.1888997],[-44.3588447,-20.1889805],[-44.3595395,-20.1881161],[-44.3606879,-20.1878016],[-44.3610896,-20.1871803],[-44.3633548,-20.1857444],[-44.3635751,-20.1848229],[-44.3632277,-20.1832352],[-44.3639322,-20.1816771],[-44.3638817,-20.1794082],[-44.3643037,-20.1782217],[-44.3656663,-20.1766578],[-44.3657441,-20.1756273],[-44.3649704,-20.1742019],[-44.3619482,-20.1729303],[-44.3614723,-20.1717714],[-44.3596604,-20.1710937],[-44.3578514,-20.1687382],[-44.3575609,-20.167539],[-44.3570418,-20.1668634],[-44.355703,-20.1666636],[-44.3533472,-20.1654319],[-44.3511021,-20.1652237],[-44.3506198,-20.1641496],[-44.3520712,-20.1600444],[-44.3513038,-20.1595607],[-44.349871,-20.1596344],[-44.3455701,-20.1546429],[-44.3434115,-20.1500501],[-44.3427894,-20.1480959],[-44.3430792,-20.1445259],[-44.3402298,-20.1415064],[-44.3382112,-20.1400366],[-44.3382203,-20.1383201],[-44.3389342,-20.1344948],[-44.3388485,-20.1303868],[-44.3385645,-20.1272781],[-44.33774,-20.1259361],[-44.3377192,-20.1253268],[-44.3391772,-20.1246638],[-44.3400386,-20.123442],[-44.3389035,-20.1214409],[-44.3385717,-20.1201834],[-44.3406175,-20.1199664],[-44.3421015,-20.1203555],[-44.3439443,-20.1197713],[-44.3462461,-20.120635],[-44.3478705,-20.1206187],[-44.349872,-20.1212585],[-44.3528133,-20.121398],[-44.3532151,-20.122122],[-44.355298,-20.1226851],[-44.3558416,-20.1236113],[-44.3592129,-20.1229876],[-44.3607944,-20.1231378],[-44.3623122,-20.1229093],[-44.3688786,-20.1249576],[-44.3741529,-20.1252959],[-44.3749324,-20.1255975],[-44.376939,-20.1248923],[-44.3778724,-20.1240639],[-44.3789014,-20.1238088],[-44.3818847,-20.1243552],[-44.3855873,-20.1243717],[-44.3865867,-20.1247777],[-44.3877458,-20.1259218],[-44.3894217,-20.1266882],[-44.3932027,-20.1268656],[-44.3972149,-20.127925],[-44.4025209,-20.127824],[-44.4038285,-20.1283521],[-44.4093717,-20.1294075],[-44.4109284,-20.130665],[-44.413416,-20.1320465],[-44.4147422,-20.1317219],[-44.4164285,-20.131956],[-44.4208598,-20.1346697],[-44.4224992,-20.1363619],[-44.4262907,-20.1378033],[-44.4278149,-20.1394772],[-44.4294234,-20.1404733],[-44.4315593,-20.1408519],[-44.4335778,-20.1426457],[-44.4356013,-20.1429353],[-44.4385455,-20.1449],[-44.4481913,-20.1488405],[-44.4539142,-20.1522027],[-44.4560998,-20.1528495],[-44.4573544,-20.1540702],[-44.4590816,-20.1547937],[-44.4627432,-20.1591589],[-44.4645219,-20.1601052],[-44.466282,-20.1627386],[-44.4695022,-20.1652545],[-44.4704649,-20.165657],[-44.471398,-20.1672047],[-44.4737448,-20.1691949],[-44.4748615,-20.1705706],[-44.4757086,-20.1704701],[-44.4764427,-20.1698639],[-44.476632,-20.1670587],[-44.4771299,-20.1661277],[-44.4810705,-20.1641398],[-44.4830141,-20.1616548],[-44.4836217,-20.1602885],[-44.4858376,-20.1589165],[-44.4881091,-20.1554174],[-44.4892521,-20.15459],[-44.4897698,-20.1535159],[-44.4904509,-20.1533206],[-44.4925012,-20.1535143],[-44.493819,-20.1547102],[-44.4947764,-20.1564609],[-44.4942976,-20.1578956],[-44.494826,-20.1592715],[-44.496634,-20.1604429],[-44.4985996,-20.1612362],[-44.5007016,-20.163906],[-44.5035031,-20.16463],[-44.5043661,-20.1664297],[-44.5062449,-20.1677642],[-44.5070513,-20.1690466],[-44.5091807,-20.1700815],[-44.5100656,-20.1700302],[-44.5120485,-20.169293],[-44.5152963,-20.1665872],[-44.5161651,-20.166211],[-44.5176799,-20.165999],[-44.519954,-20.1664456],[-44.523486,-20.1654813],[-44.5281733,-20.1647101],[-44.5307137,-20.1647633],[-44.5338212,-20.1662427],[-44.5342306,-20.1667404],[-44.5347108,-20.1693951],[-44.535551,-20.1702187],[-44.5370429,-20.1700662],[-44.5380005,-20.1694794],[-44.5398746,-20.1692918],[-44.5417038,-20.1669991],[-44.5426228,-20.1666166],[-44.5440499,-20.1667406],[-44.5445143,-20.1692437],[-44.5465576,-20.1714361],[-44.5476164,-20.173998],[-44.5487883,-20.1758044],[-44.5492645,-20.1773104],[-44.5493754,-20.1784453],[-44.5489459,-20.179711],[-44.5449013,-20.1828536],[-44.5445359,-20.1883629],[-44.5453888,-20.189489],[-44.5466765,-20.1903837],[-44.5471318,-20.1911533],[-44.5467496,-20.1920453],[-44.546675,-20.1935209],[-44.5473245,-20.1951163],[-44.548613,-20.1969217],[-44.5482094,-20.1984671],[-44.5492374,-20.200513],[-44.5494268,-20.2025876],[-44.5520898,-20.2048167],[-44.5529523,-20.2077233],[-44.5549057,-20.2094371],[-44.555202,-20.2106825],[-44.5550051,-20.2125038],[-44.5595112,-20.2136353],[-44.5611128,-20.2146465],[-44.5620384,-20.2157722],[-44.5645008,-20.2166434],[-44.5669474,-20.2189074],[-44.5699873,-20.2244928],[-44.5725022,-20.2268637],[-44.5733705,-20.2285395],[-44.5732596,-20.2291978],[-44.5717879,-20.2301958],[-44.5707011,-20.2319777],[-44.5707116,-20.2330825],[-44.5714722,-20.2343939],[-44.5714988,-20.2352808],[-44.5693395,-20.2369118],[-44.5684378,-20.23812],[-44.5681541,-20.2390951],[-44.5683964,-20.2408244],[-44.5704642,-20.2416527],[-44.5720025,-20.2418299],[-44.5736631,-20.2439997],[-44.5744674,-20.2457041],[-44.5745682,-20.2465364],[-44.5739022,-20.2492226],[-44.5744375,-20.2513067],[-44.5740753,-20.2540408],[-44.5736149,-20.256654],[-44.5724338,-20.2595383],[-44.5728636,-20.2628495],[-44.568711,-20.2662478],[-44.5682711,-20.2674122],[-44.5688183,-20.2688791],[-44.5685656,-20.2698011],[-44.5662543,-20.2700072],[-44.5611053,-20.272512],[-44.561435,-20.2733254],[-44.5646304,-20.2742575],[-44.5664499,-20.2765078],[-44.5659498,-20.2796505],[-44.5651592,-20.2808363],[-44.5646383,-20.2835175],[-44.5630143,-20.2862876],[-44.5609304,-20.2857954],[-44.5547308,-20.285684],[-44.5503722,-20.285948],[-44.5481348,-20.2850365],[-44.5459247,-20.2819589],[-44.5448905,-20.2787467],[-44.543411,-20.277769],[-44.5425292,-20.2760822],[-44.5413679,-20.2748826],[-44.5373093,-20.2737109],[-44.5323816,-20.2735602],[-44.5321203,-20.2708732],[-44.5326375,-20.2685218],[-44.5325051,-20.266847],[-44.5318917,-20.2646772],[-44.531897,-20.262391],[-44.5314895,-20.2607055],[-44.530871,-20.2596369],[-44.5297813,-20.258815],[-44.5281937,-20.258562],[-44.5267994,-20.2576072],[-44.5247021,-20.2572208],[-44.5228603,-20.255919],[-44.5217742,-20.2558195],[-44.5174423,-20.2585286],[-44.513969,-20.2592745],[-44.5120646,-20.25917],[-44.5119062,-20.2594239],[-44.5122267,-20.25998],[-44.5108244,-20.260366],[-44.5109525,-20.2606396],[-44.5102376,-20.2613393],[-44.5102149,-20.26193],[-44.5093355,-20.262794],[-44.5093654,-20.2636571],[-44.508254,-20.2645617],[-44.5052207,-20.2659163],[-44.5049929,-20.2668187],[-44.5052729,-20.2678985],[-44.5048193,-20.2693672],[-44.5053572,-20.2703108],[-44.5054961,-20.2727236],[-44.5043855,-20.2750868],[-44.5058125,-20.2769626],[-44.5060476,-20.2784776],[-44.5033425,-20.2804608],[-44.5019857,-20.2826539],[-44.5006732,-20.2832963],[-44.500397,-20.2838393],[-44.4993679,-20.2844121],[-44.4994157,-20.2856264],[-44.4991699,-20.28564],[-44.4992195,-20.2864076],[-44.4989275,-20.2868795],[-44.4982755,-20.286937],[-44.4945338,-20.2906455],[-44.4914669,-20.2899999],[-44.4886967,-20.2907405],[-44.4862804,-20.2921606],[-44.484187,-20.2925091],[-44.4834573,-20.2933162]]]}},{"type":"Feature","properties":{"code":"10","name":"Rio Manso"},"geometry":{"type":"Polygon","coordinates":[[[-44.2689901,-20.2523294],[-44.2675941,-20.250383],[-44.2663891,-20.2499105],[-44.2661814,-20.2482632],[-44.2677323,-20.2395245],[-44.2684131,-20.2391311],[-44.2684713,-20.2384206],[-44.2693098,-20.2370067],[-44.2693249,-20.236334],[-44.2698401,-20.2361679],[-44.2704153,-20.2353282],[-44.2705121,-20.2344868],[-44.2698235,-20.2336015],[-44.2700406,-20.2289987],[-44.2695107,-20.2283757],[-44.2694481,-20.2275802],[-44.2701212,-20.2263127],[-44.2703448,-20.2249021],[-44.2713805,-20.2240245],[-44.2720433,-20.2239918],[-44.2737064,-20.2249165],[-44.2740935,-20.2247254],[-44.2755313,-20.2249599],[-44.2758201,-20.2247539],[-44.276005,-20.2234199],[-44.2756198,-20.2225815],[-44.2759972,-20.2218789],[-44.2756206,-20.2206975],[-44.2765339,-20.2177242],[-44.276139,-20.215214],[-44.277728,-20.2136929],[-44.277898,-20.2115178],[-44.2782799,-20.2111839],[-44.2788408,-20.211684],[-44.2796778,-20.2110969],[-44.279743,-20.2103339],[-44.2789269,-20.2093349],[-44.2788509,-20.207228],[-44.2802581,-20.2046118],[-44.2815728,-20.2040387],[-44.2808687,-20.2026817],[-44.2814267,-20.2013998],[-44.2810768,-20.2001707],[-44.2799766,-20.1994487],[-44.2783245,-20.1988858],[-44.2777784,-20.1976908],[-44.2771805,-20.1971787],[-44.2771596,-20.1964957],[-44.2758794,-20.1950317],[-44.2759346,-20.1937937],[-44.2745924,-20.1925027],[-44.2748444,-20.1911157],[-44.2756178,-20.1909796],[-44.2758895,-20.1905527],[-44.2754857,-20.1902848],[-44.2756656,-20.1861997],[-44.2750767,-20.1838587],[-44.2753117,-20.1833628],[-44.2777576,-20.1820997],[-44.2772506,-20.1805577],[-44.2781517,-20.1792547],[-44.2777705,-20.1745068],[-44.2784027,-20.1730517],[-44.2783475,-20.1717897],[-44.2814497,-20.1741297],[-44.2831986,-20.1750167],[-44.2830816,-20.1763128],[-44.2835446,-20.1768818],[-44.2848715,-20.1763897],[-44.2853248,-20.1765077],[-44.2853676,-20.1776538],[-44.2857096,-20.1780027],[-44.2867147,-20.1778907],[-44.2879567,-20.1796097],[-44.2885085,-20.1796347],[-44.2899334,-20.1789357],[-44.2905944,-20.1792626],[-44.2919996,-20.1777177],[-44.2926868,-20.1774536],[-44.2946646,-20.1791297],[-44.2967587,-20.1795776],[-44.2985166,-20.1787056],[-44.2988547,-20.1797025],[-44.2993198,-20.1798555],[-44.2995246,-20.1780966],[-44.3005304,-20.1777655],[-44.3031765,-20.1782975],[-44.3039785,-20.1797826],[-44.3073208,-20.1806765],[-44.3076797,-20.1825526],[-44.3080717,-20.1827285],[-44.3086167,-20.1813995],[-44.3111325,-20.1809234],[-44.3131787,-20.1811755],[-44.3140571,-20.1816967],[-44.3145626,-20.1812625],[-44.3174847,-20.1803945],[-44.3180405,-20.1795635],[-44.3182907,-20.1783724],[-44.3192605,-20.1780415],[-44.3201876,-20.1765514],[-44.3206055,-20.1763226],[-44.3213655,-20.1763024],[-44.3219396,-20.1767445],[-44.3234121,-20.1770859],[-44.3234851,-20.1778106],[-44.3237458,-20.1778217],[-44.325013,-20.1763486],[-44.3257215,-20.1740967],[-44.3272575,-20.1732268],[-44.3281861,-20.1717302],[-44.3298546,-20.1721652],[-44.3300908,-20.1731241],[-44.3312957,-20.1726118],[-44.3319098,-20.1727403],[-44.3323207,-20.1736116],[-44.3314875,-20.1746926],[-44.3316999,-20.1750085],[-44.3322482,-20.1749349],[-44.3336314,-20.1733771],[-44.3334301,-20.1723361],[-44.3340802,-20.1713622],[-44.3337858,-20.1704784],[-44.3355537,-20.1699672],[-44.3352374,-20.1692867],[-44.3362547,-20.1678985],[-44.3359512,-20.1672621],[-44.3363569,-20.1666816],[-44.3390108,-20.166359],[-44.3391246,-20.1661243],[-44.3384341,-20.1658487],[-44.3391437,-20.1653507],[-44.339448,-20.166065],[-44.3401834,-20.1660451],[-44.3402651,-20.1656683],[-44.339788,-20.1650027],[-44.3402791,-20.1641978],[-44.340853,-20.1645921],[-44.3413444,-20.1656196],[-44.3418559,-20.1656441],[-44.3420215,-20.1642721],[-44.3412778,-20.1630002],[-44.3425882,-20.1626207],[-44.3442759,-20.1632907],[-44.3464949,-20.161824],[-44.3475712,-20.1607113],[-44.3498919,-20.1604495],[-44.3498782,-20.1608426],[-44.3503278,-20.1608678],[-44.3500063,-20.1618694],[-44.3503473,-20.162034],[-44.3513988,-20.1610292],[-44.3514348,-20.1604428],[-44.3520116,-20.1601023],[-44.3508584,-20.159687],[-44.3513038,-20.1595607],[-44.3518722,-20.1598267],[-44.3520712,-20.1600444],[-44.3520752,-20.1602943],[-44.3506198,-20.1641496],[-44.3511021,-20.1652237],[-44.3533472,-20.1654319],[-44.355703,-20.1666636],[-44.3570418,-20.1668634],[-44.3575609,-20.167539],[-44.3578514,-20.1687382],[-44.3596604,-20.1710937],[-44.3614723,-20.1717714],[-44.3619482,-20.1729303],[-44.3649704,-20.1742019],[-44.3654658,-20.1747891],[-44.3657923,-20.17595],[-44.3656663,-20.1766578],[-44.3643037,-20.1782217],[-44.3638817,-20.1794082],[-44.3639322,-20.1816771],[-44.3632277,-20.1832352],[-44.3635751,-20.1848229],[-44.3633548,-20.1857444],[-44.3610896,-20.1871803],[-44.3606879,-20.1878016],[-44.3595395,-20.1881161],[-44.3588447,-20.1889805],[-44.3570223,-20.1888997],[-44.3550888,-20.1891964],[-44.354448,-20.1914347],[-44.3525839,-20.1928586],[-44.3541485,-20.2002199],[-44.3545463,-20.2013037],[-44.3554993,-20.2022932],[-44.3562973,-20.2059879],[-44.3578218,-20.207541],[-44.3586078,-20.2079073],[-44.3588703,-20.2092811],[-44.3600852,-20.211611],[-44.3606548,-20.2134144],[-44.3608502,-20.2144033],[-44.3606123,-20.2157044],[-44.3588023,-20.219212],[-44.3587299,-20.2205921],[-44.3601518,-20.2225739],[-44.3618222,-20.2226818],[-44.3632461,-20.2238682],[-44.3644049,-20.2240677],[-44.3648956,-20.2255793],[-44.3663939,-20.2261687],[-44.3667945,-20.226804],[-44.365648,-20.2306897],[-44.3638055,-20.2329843],[-44.3641738,-20.2358571],[-44.3634477,-20.237928],[-44.3625286,-20.2387084],[-44.3606652,-20.2386012],[-44.3598325,-20.2390803],[-44.3589904,-20.2417988],[-44.3581294,-20.2432174],[-44.3607292,-20.2456246],[-44.3626697,-20.2480469],[-44.3638231,-20.2478847],[-44.3649798,-20.2485733],[-44.3659666,-20.2485168],[-44.370414,-20.2468024],[-44.3718087,-20.2489261],[-44.37355,-20.2490216],[-44.377484,-20.2515441],[-44.379409,-20.2520398],[-44.3815153,-20.2517751],[-44.382955,-20.2520268],[-44.3838651,-20.2532287],[-44.3841718,-20.25452],[-44.3848062,-20.2554248],[-44.3873963,-20.2555925],[-44.3888442,-20.2560935],[-44.3897377,-20.2573185],[-44.3909956,-20.2579974],[-44.3914876,-20.2587107],[-44.3923081,-20.2584994],[-44.3927973,-20.2579044],[-44.3946729,-20.2576659],[-44.3963725,-20.2570874],[-44.4024904,-20.2563366],[-44.4031218,-20.2557781],[-44.403336,-20.2541649],[-44.4050093,-20.2531809],[-44.4109594,-20.2530986],[-44.415634,-20.2543957],[-44.4205749,-20.25495],[-44.4207816,-20.2559891],[-44.4204543,-20.258584],[-44.4225161,-20.2618245],[-44.4225568,-20.2640365],[-44.4233714,-20.2676201],[-44.4246696,-20.2695306],[-44.4253802,-20.2714375],[-44.4275457,-20.2732933],[-44.4281638,-20.274482],[-44.427928,-20.2758424],[-44.4267741,-20.2780128],[-44.4270608,-20.2798109],[-44.426795,-20.283349],[-44.4271276,-20.2840833],[-44.428833,-20.2859845],[-44.4333971,-20.2848093],[-44.4350926,-20.2850653],[-44.4360028,-20.2856112],[-44.436221,-20.2862088],[-44.4358263,-20.2887127],[-44.4361374,-20.2901599],[-44.436951,-20.2917497],[-44.4359769,-20.2933394],[-44.4358904,-20.2966476],[-44.4361058,-20.29727],[-44.4378726,-20.2990595],[-44.4393213,-20.2998123],[-44.4401492,-20.3015393],[-44.4432017,-20.3026215],[-44.4455126,-20.3038435],[-44.446914,-20.3058044],[-44.4479443,-20.3081092],[-44.4471891,-20.3098599],[-44.4449923,-20.3118826],[-44.4447551,-20.3124267],[-44.4450532,-20.3135933],[-44.4463852,-20.3153491],[-44.4478867,-20.3198696],[-44.4470641,-20.3212646],[-44.4463481,-20.3235122],[-44.4457544,-20.3239391],[-44.4446333,-20.3238956],[-44.4432085,-20.3231234],[-44.442405,-20.323041],[-44.4415143,-20.3236465],[-44.4407144,-20.3255784],[-44.4384705,-20.3266858],[-44.4383082,-20.3306497],[-44.4373445,-20.3340672],[-44.4394073,-20.3347485],[-44.441078,-20.3360111],[-44.4411403,-20.3368239],[-44.4397284,-20.3397349],[-44.4390812,-20.3424081],[-44.4391459,-20.3441241],[-44.4374427,-20.3469657],[-44.4363837,-20.3472378],[-44.4335976,-20.3468718],[-44.4325568,-20.3452073],[-44.431448,-20.3448299],[-44.429949,-20.3438093],[-44.4289791,-20.3437689],[-44.4257075,-20.3444313],[-44.4248211,-20.3449934],[-44.4240062,-20.3476463],[-44.4237106,-20.3481714],[-44.4229164,-20.3484363],[-44.4217126,-20.34834],[-44.4194639,-20.3472845],[-44.4174822,-20.3475428],[-44.4161008,-20.346552],[-44.4138764,-20.3457137],[-44.408411,-20.3457916],[-44.4064403,-20.3465458],[-44.4050611,-20.3479155],[-44.3997379,-20.3492459],[-44.395376,-20.3521846],[-44.3941888,-20.3521805],[-44.3901654,-20.3512461],[-44.3878953,-20.3498409],[-44.3857269,-20.3490851],[-44.3841092,-20.3491854],[-44.3830777,-20.3501644],[-44.381512,-20.3506363],[-44.381052,-20.3502415],[-44.3817788,-20.3472257],[-44.3804814,-20.3439643],[-44.3748121,-20.343483],[-44.373596,-20.3429252],[-44.3715724,-20.3391169],[-44.3691904,-20.3384654],[-44.367943,-20.3364616],[-44.3632983,-20.3357131],[-44.35803,-20.3367217],[-44.3568186,-20.3365674],[-44.3562311,-20.336209],[-44.3568481,-20.3303394],[-44.3564331,-20.3290743],[-44.355564,-20.3274782],[-44.3525119,-20.3259081],[-44.3518491,-20.3250124],[-44.3508447,-20.3243866],[-44.3503069,-20.3235151],[-44.3462555,-20.3231328],[-44.3435367,-20.3223274],[-44.3402165,-20.3231792],[-44.3374091,-20.3217291],[-44.3367271,-20.3216955],[-44.3350533,-20.3224849],[-44.3333858,-20.3253296],[-44.3314264,-20.3262929],[-44.3309987,-20.3286914],[-44.3291983,-20.330843],[-44.3277759,-20.3301621],[-44.325365,-20.3305966],[-44.324127,-20.3305109],[-44.3218212,-20.3295087],[-44.3202083,-20.3275282],[-44.3175004,-20.3256819],[-44.315797,-20.3234872],[-44.3144545,-20.323182],[-44.3134498,-20.3223088],[-44.3128219,-20.3207538],[-44.3114931,-20.3202395],[-44.3112707,-20.3169222],[-44.3103095,-20.3157249],[-44.3085757,-20.3155628],[-44.3073117,-20.3157857],[-44.3058584,-20.3167326],[-44.3040671,-20.3170777],[-44.3032477,-20.3175804],[-44.3021677,-20.31967],[-44.3016795,-20.3218693],[-44.2982458,-20.3247054],[-44.2960146,-20.3248349],[-44.292623,-20.3231763],[-44.2920499,-20.3234924],[-44.2910375,-20.3248335],[-44.2901963,-20.3249275],[-44.2900588,-20.3230633],[-44.2903125,-20.3218406],[-44.2897671,-20.3207519],[-44.289958,-20.3191897],[-44.2873634,-20.3148066],[-44.2862338,-20.3139531],[-44.2847559,-20.3134105],[-44.2820765,-20.3135889],[-44.2808457,-20.31326],[-44.2793674,-20.3123011],[-44.2783051,-20.3110031],[-44.2779026,-20.3098542],[-44.2782436,-20.3061695],[-44.2796238,-20.3030314],[-44.2791795,-20.3009578],[-44.2782871,-20.3002021],[-44.2767639,-20.3006609],[-44.2753877,-20.3004809],[-44.2743544,-20.299955],[-44.2735369,-20.2980946],[-44.2725721,-20.2970418],[-44.2715638,-20.2967104],[-44.2687972,-20.2965209],[-44.2671253,-20.2947262],[-44.2668111,-20.2920811],[-44.2664468,-20.2913628],[-44.2656961,-20.2906663],[-44.2646374,-20.2905561],[-44.2628089,-20.2898434],[-44.2605006,-20.2871943],[-44.2598439,-20.2860078],[-44.2597615,-20.2847473],[-44.2600788,-20.2840909],[-44.2635992,-20.2810067],[-44.2646424,-20.2805239],[-44.2648675,-20.2792158],[-44.2657339,-20.2781212],[-44.2655817,-20.2754904],[-44.2688865,-20.2747779],[-44.2691877,-20.2743088],[-44.2691719,-20.2731627],[-44.2682251,-20.2716836],[-44.2680696,-20.2705389],[-44.2687737,-20.2687584],[-44.2701688,-20.2674974],[-44.2701046,-20.2645839],[-44.2691294,-20.2624876],[-44.2677622,-20.2616126],[-44.2678583,-20.2590075],[-44.2685405,-20.2575411],[-44.2704737,-20.2563588],[-44.2711375,-20.2547327],[-44.2710039,-20.2537548],[-44.2689901,-20.2523294]]]}},{"type":"Feature","properties":{"code":"11","name":"Betim"},"geometry":{"type":"Polygon","coordinates":[[[-44.2717175,-20.0048219],[-44.2708028,-20.0055024],[-44.2693909,-20.0052274],[-44.2678677,-20.0029444],[-44.2674482,-20.0012143],[-44.2661154,-20.0003913],[-44.2613584,-20.0024565],[-44.2588539,-20.0042476],[-44.2588179,-20.0047362],[-44.2592874,-20.005365],[-44.260367,-20.0053695],[-44.2606245,-20.005615],[-44.2605874,-20.0063691],[-44.259952,-20.0075141],[-44.2586322,-20.0093211],[-44.2557781,-20.0117992],[-44.2542326,-20.0150595],[-44.252923,-20.0165267],[-44.2531868,-20.0172532],[-44.2582078,-20.0188919],[-44.2584645,-20.0192461],[-44.2584774,-20.0199772],[-44.2580857,-20.0207445],[-44.2555175,-20.0229194],[-44.2546611,-20.024002],[-44.2544505,-20.0249317],[-44.2547061,-20.0258277],[-44.256088,-20.0264659],[-44.258841,-20.0263977],[-44.2612051,-20.0277192],[-44.2624575,-20.0291214],[-44.263873,-20.0329857],[-44.2634786,-20.0341688],[-44.262724,-20.0346632],[-44.2608786,-20.0349634],[-44.2598354,-20.035433],[-44.2567749,-20.038442],[-44.2559376,-20.0407191],[-44.255259,-20.0447904],[-44.2545488,-20.0457646],[-44.2526857,-20.0458723],[-44.2509646,-20.0429805],[-44.24944,-20.0417544],[-44.2483453,-20.04155],[-44.2477393,-20.0422339],[-44.2465689,-20.0464634],[-44.2446811,-20.0489759],[-44.2433574,-20.0497673],[-44.2420092,-20.050143],[-44.2392869,-20.0497976],[-44.2377032,-20.0487604],[-44.2366826,-20.0444478],[-44.2365884,-20.0423235],[-44.2373774,-20.0396297],[-44.23719,-20.0385726],[-44.2326319,-20.0370427],[-44.2300075,-20.0374194],[-44.2272369,-20.0367848],[-44.225208,-20.0379217],[-44.222854,-20.040773],[-44.2216443,-20.0414513],[-44.2181117,-20.0426116],[-44.2160982,-20.0418139],[-44.2153764,-20.0421546],[-44.2152295,-20.0430949],[-44.215713,-20.0443649],[-44.2185437,-20.0468252],[-44.219075,-20.0478707],[-44.2189494,-20.048616],[-44.2177671,-20.0487249],[-44.2156186,-20.0482018],[-44.2120013,-20.0483358],[-44.2104098,-20.0478003],[-44.2087534,-20.0468626],[-44.2065881,-20.0435126],[-44.205759,-20.042909],[-44.2048688,-20.0428084],[-44.2025884,-20.043742],[-44.2012896,-20.0450525],[-44.2008846,-20.0458319],[-44.2007493,-20.0486184],[-44.1985277,-20.0496951],[-44.1972368,-20.0506607],[-44.1965981,-20.0518979],[-44.1966075,-20.0526932],[-44.1954205,-20.052487],[-44.1949734,-20.0517411],[-44.1942872,-20.0516656],[-44.1938351,-20.0499388],[-44.193217,-20.0498138],[-44.1925909,-20.0501507],[-44.1920412,-20.0498396],[-44.1915191,-20.0501293],[-44.1910653,-20.0498947],[-44.1912788,-20.0491964],[-44.1910818,-20.0486838],[-44.1907276,-20.0486152],[-44.190252,-20.0478385],[-44.18969,-20.0477674],[-44.1905094,-20.0471961],[-44.1904778,-20.0460612],[-44.1900073,-20.0455698],[-44.1896116,-20.0455726],[-44.1897545,-20.0459504],[-44.1885827,-20.0465645],[-44.1858726,-20.0476094],[-44.1855868,-20.048085],[-44.1831665,-20.0484014],[-44.1828191,-20.0481001],[-44.1827662,-20.0474223],[-44.1831801,-20.0467474],[-44.182462,-20.0471389],[-44.1819399,-20.0464341],[-44.1816462,-20.0468467],[-44.1813417,-20.0467427],[-44.1811886,-20.0459793],[-44.1803178,-20.046153],[-44.1803923,-20.0455656],[-44.1799679,-20.0448196],[-44.1803779,-20.0432403],[-44.1802796,-20.0420098],[-44.1791824,-20.0423385],[-44.1794066,-20.0418621],[-44.1785282,-20.0416159],[-44.1781053,-20.0410644],[-44.1768474,-20.0404024],[-44.1765079,-20.0398535],[-44.1756659,-20.0402345],[-44.1748401,-20.0401213],[-44.1750956,-20.0395471],[-44.1747994,-20.0389245],[-44.1750679,-20.0371248],[-44.1757115,-20.0362475],[-44.1764993,-20.0358952],[-44.1769079,-20.0362046],[-44.1785718,-20.0360309],[-44.1785483,-20.0367064],[-44.1789257,-20.0367895],[-44.1799606,-20.0365002],[-44.180573,-20.0360028],[-44.1800698,-20.0345056],[-44.1803883,-20.0336201],[-44.1795179,-20.0329209],[-44.1795758,-20.0323298],[-44.1802206,-20.0320837],[-44.1803452,-20.0315435],[-44.1800125,-20.030504],[-44.1796788,-20.0302977],[-44.1795729,-20.0304981],[-44.1787953,-20.030354],[-44.178242,-20.030791],[-44.1772592,-20.0304571],[-44.1770796,-20.0300058],[-44.1764575,-20.0301138],[-44.1752231,-20.0292831],[-44.1733144,-20.029236],[-44.1725983,-20.0296601],[-44.1726797,-20.0292526],[-44.1720011,-20.0292156],[-44.1718913,-20.0300539],[-44.1714395,-20.0304644],[-44.1707529,-20.0296479],[-44.1696205,-20.0294295],[-44.1694209,-20.0290239],[-44.1681984,-20.0288544],[-44.1679428,-20.0290848],[-44.1679673,-20.0304314],[-44.1667196,-20.0304029],[-44.1657608,-20.0295354],[-44.165826,-20.0291786],[-44.1663387,-20.0290032],[-44.166019,-20.0287654],[-44.1653678,-20.0288826],[-44.1654271,-20.0277668],[-44.1639677,-20.0276556],[-44.1643068,-20.0259714],[-44.1639723,-20.024463],[-44.1634089,-20.0245907],[-44.1628617,-20.0242225],[-44.1625471,-20.0243172],[-44.1624996,-20.0249792],[-44.1615989,-20.0251998],[-44.1616345,-20.0261009],[-44.1610107,-20.0266411],[-44.1616752,-20.0267037],[-44.1626508,-20.027532],[-44.1625965,-20.0278756],[-44.1608716,-20.0276422],[-44.1603922,-20.0271527],[-44.1591841,-20.0271944],[-44.1586271,-20.0267971],[-44.1582074,-20.0268688],[-44.1573307,-20.0274292],[-44.1575536,-20.0278139],[-44.1573797,-20.0288446],[-44.1581865,-20.0288538],[-44.1587747,-20.029381],[-44.1587264,-20.0299249],[-44.1577267,-20.0299997],[-44.1570521,-20.0303962],[-44.1565189,-20.0298434],[-44.15548,-20.0303321],[-44.1541533,-20.0301553],[-44.152524,-20.0307365],[-44.1528621,-20.0292774],[-44.1525762,-20.0280796],[-44.1513881,-20.0278417],[-44.1513309,-20.0271377],[-44.1516104,-20.0266924],[-44.1526918,-20.0262263],[-44.153338,-20.0263342],[-44.1532566,-20.0258979],[-44.1540019,-20.0257597],[-44.1539398,-20.0251168],[-44.1533837,-20.0251384],[-44.153504,-20.0245802],[-44.1532598,-20.0243652],[-44.1541054,-20.0242162],[-44.1541397,-20.0237523],[-44.1537019,-20.0238064],[-44.1536613,-20.0235525],[-44.1544482,-20.0232241],[-44.154333,-20.0226094],[-44.1530842,-20.0222744],[-44.1532241,-20.0216153],[-44.1527576,-20.0209874],[-44.1515779,-20.0213111],[-44.1520419,-20.0199237],[-44.151998,-20.0191029],[-44.1508957,-20.0174411],[-44.1506214,-20.0175452],[-44.1506711,-20.0179856],[-44.1496904,-20.0184822],[-44.1498345,-20.0191777],[-44.1494215,-20.01913],[-44.1490889,-20.0196534],[-44.1486954,-20.019251],[-44.1481597,-20.0192462],[-44.147587,-20.0185355],[-44.1472248,-20.0188721],[-44.147128,-20.018281],[-44.1465059,-20.0183478],[-44.1462716,-20.0178198],[-44.1456854,-20.0182883],[-44.1452736,-20.0195741],[-44.1446815,-20.0194276],[-44.1445107,-20.0186866],[-44.1437792,-20.0181006],[-44.1432069,-20.0182095],[-44.143119,-20.0186249],[-44.1428245,-20.0183504],[-44.142598,-20.018825],[-44.1421866,-20.0188793],[-44.1422777,-20.019466],[-44.1417921,-20.0205131],[-44.1420732,-20.0210281],[-44.1415134,-20.0215344],[-44.1418208,-20.0220657],[-44.1406364,-20.0223064],[-44.1412667,-20.0229583],[-44.1395579,-20.0245592],[-44.1388152,-20.0262045],[-44.1388102,-20.027188],[-44.1383281,-20.0278314],[-44.1378129,-20.0298743],[-44.1369853,-20.0310209],[-44.1360831,-20.0306743],[-44.1350648,-20.0294628],[-44.1322442,-20.0284119],[-44.1302339,-20.0285749],[-44.1295153,-20.0293112],[-44.1274968,-20.0295454],[-44.1268949,-20.0305386],[-44.1262505,-20.0301685],[-44.1260186,-20.029478],[-44.1256521,-20.029539],[-44.1256741,-20.0291083],[-44.1253688,-20.0288893],[-44.1252504,-20.029344],[-44.1247478,-20.0289333],[-44.1241596,-20.0290868],[-44.1240768,-20.0288851],[-44.1248933,-20.0285415],[-44.1246042,-20.0277815],[-44.1241985,-20.0277124],[-44.1244501,-20.0261853],[-44.1237377,-20.0259332],[-44.1236232,-20.0254157],[-44.1246719,-20.024278],[-44.1247161,-20.023787],[-44.1244534,-20.0224695],[-44.123396,-20.0218431],[-44.1226897,-20.0218089],[-44.1209038,-20.0232917],[-44.1200902,-20.0233574],[-44.1196748,-20.0242167],[-44.1191311,-20.0241308],[-44.1182962,-20.0248285],[-44.1179025,-20.0240125],[-44.1181595,-20.0235246],[-44.1176062,-20.0228719],[-44.1172353,-20.023042],[-44.1168862,-20.0220882],[-44.1161017,-20.0220575],[-44.1159681,-20.0225455],[-44.1155074,-20.0226076],[-44.114792,-20.0220557],[-44.1145624,-20.0214531],[-44.1130399,-20.0218753],[-44.1123318,-20.0224946],[-44.1121173,-20.0221875],[-44.1115895,-20.0222648],[-44.1118886,-20.021009],[-44.1127519,-20.0204704],[-44.1171929,-20.0198199],[-44.1196622,-20.0189789],[-44.1211244,-20.0190065],[-44.1223153,-20.016664],[-44.1237103,-20.0153077],[-44.1268492,-20.0151675],[-44.1285775,-20.0158962],[-44.1290563,-20.0149504],[-44.1302814,-20.0147205],[-44.1307127,-20.0108069],[-44.1304466,-20.0093013],[-44.1299373,-20.0090542],[-44.1274839,-20.0095154],[-44.1264128,-20.0086158],[-44.1243993,-20.0084827],[-44.1235433,-20.0078798],[-44.1226656,-20.0062499],[-44.1185285,-20.0045211],[-44.116785,-20.0026756],[-44.1152986,-20.0017263],[-44.1121583,-20.0016618],[-44.11121,-20.0012811],[-44.1109912,-19.999895],[-44.1120719,-19.999032],[-44.1109105,-19.9964674],[-44.1119228,-19.9953513],[-44.1122224,-19.9944699],[-44.1105213,-19.9917829],[-44.1117791,-19.9901055],[-44.1116449,-19.9887799],[-44.1084801,-19.9860391],[-44.1072454,-19.9857949],[-44.1050649,-19.9866021],[-44.1030063,-19.9866676],[-44.0998841,-19.9872594],[-44.0981384,-19.9872193],[-44.0976171,-19.9866214],[-44.0972233,-19.9852648],[-44.0954316,-19.982573],[-44.0924267,-19.9803824],[-44.0905673,-19.9794647],[-44.0895258,-19.9795664],[-44.0880282,-19.9801994],[-44.0871091,-19.9801415],[-44.0862199,-19.9796824],[-44.0854139,-19.978659],[-44.0854686,-19.9772784],[-44.0844047,-19.9769498],[-44.0827949,-19.974111],[-44.0832823,-19.9722731],[-44.0830217,-19.9692813],[-44.0826422,-19.968244],[-44.0812584,-19.9664321],[-44.0808527,-19.965214],[-44.0805143,-19.9653855],[-44.0798144,-19.9676681],[-44.079259,-19.9683008],[-44.0776544,-19.9682305],[-44.074984,-19.9670777],[-44.0727976,-19.9633992],[-44.0714002,-19.9626573],[-44.0709664,-19.9611893],[-44.0704584,-19.9605486],[-44.0697632,-19.9602362],[-44.0689618,-19.9579933],[-44.0676864,-19.9567073],[-44.0678193,-19.9538584],[-44.0673714,-19.9523384],[-44.0686404,-19.9493306],[-44.0686811,-19.9477461],[-44.0691699,-19.9475982],[-44.0716392,-19.9482129],[-44.0725741,-19.9479771],[-44.0735865,-19.9472802],[-44.0751265,-19.9452624],[-44.0769496,-19.9437935],[-44.077019,-19.9411219],[-44.0775576,-19.9399093],[-44.0790707,-19.9384891],[-44.0815629,-19.9369049],[-44.0829418,-19.9354414],[-44.0857375,-19.9345414],[-44.0895798,-19.9343261],[-44.0912458,-19.9325388],[-44.0937781,-19.9322235],[-44.0956839,-19.9303],[-44.0969767,-19.9296245],[-44.0990194,-19.929672],[-44.1024631,-19.9290841],[-44.1057248,-19.9275184],[-44.107408,-19.9275328],[-44.1083866,-19.9284734],[-44.1093927,-19.9317892],[-44.1113933,-19.9343984],[-44.1130763,-19.9358858],[-44.114049,-19.9360204],[-44.1196845,-19.9348576],[-44.1217919,-19.9352217],[-44.1231354,-19.9344679],[-44.1256327,-19.9318005],[-44.1268419,-19.9290284],[-44.1281621,-19.9272984],[-44.1289843,-19.9270819],[-44.1304722,-19.9272901],[-44.1326128,-19.9262383],[-44.135595,-19.9268155],[-44.1370189,-19.9267167],[-44.1379177,-19.9260378],[-44.1398577,-19.9235999],[-44.1401569,-19.9235573],[-44.1413035,-19.9245676],[-44.1431547,-19.9248366],[-44.1443513,-19.9242445],[-44.1476608,-19.9213241],[-44.1485698,-19.9209759],[-44.1509371,-19.9208657],[-44.1506584,-19.9198782],[-44.1507644,-19.9187554],[-44.1517472,-19.9174002],[-44.1521816,-19.9156035],[-44.1530096,-19.9140445],[-44.1562133,-19.9103117],[-44.1561975,-19.9088127],[-44.1548982,-19.9054737],[-44.1550433,-19.9013116],[-44.1553554,-19.8999297],[-44.1566992,-19.8972147],[-44.1569765,-19.8932607],[-44.1583603,-19.8898197],[-44.1584143,-19.8888507],[-44.1578657,-19.8878931],[-44.1565077,-19.887863],[-44.1553676,-19.8863316],[-44.154864,-19.8836843],[-44.1555534,-19.8829892],[-44.1556024,-19.8814313],[-44.1547463,-19.8814965],[-44.1537264,-19.8797849],[-44.1540781,-19.8789361],[-44.1538034,-19.8777718],[-44.1543409,-19.8745407],[-44.154257,-19.8734353],[-44.153514,-19.8714938],[-44.1536309,-19.8710734],[-44.152813,-19.8691794],[-44.1532742,-19.8674842],[-44.1528726,-19.8670154],[-44.1515174,-19.8663845],[-44.1512492,-19.8657678],[-44.1511603,-19.8650497],[-44.151597,-19.8636695],[-44.150589,-19.8628035],[-44.1503241,-19.861559],[-44.1508569,-19.8608268],[-44.1508349,-19.8603743],[-44.1499903,-19.8580218],[-44.1494683,-19.8576038],[-44.1496501,-19.8553991],[-44.152622,-19.852063],[-44.1529599,-19.850147],[-44.1537487,-19.8493217],[-44.1564094,-19.8483478],[-44.1581292,-19.8459312],[-44.1586523,-19.8439023],[-44.1604811,-19.8433623],[-44.1620391,-19.8422158],[-44.1629528,-19.8424302],[-44.1643453,-19.8444173],[-44.1659869,-19.8449416],[-44.1673326,-19.8468219],[-44.1693277,-19.8468246],[-44.1698652,-19.8454153],[-44.1696003,-19.8418755],[-44.1706395,-19.837697],[-44.1750312,-19.8349379],[-44.1786485,-19.8339385],[-44.1810932,-19.8319683],[-44.1820098,-19.8322309],[-44.1831226,-19.8332011],[-44.1845453,-19.8335273],[-44.1864947,-19.8335362],[-44.1885075,-19.8344336],[-44.1892061,-19.8354011],[-44.1895169,-19.8371239],[-44.1907175,-19.839323],[-44.1926607,-19.8412583],[-44.1934668,-19.841595],[-44.1940265,-19.8414604],[-44.1957125,-19.8397936],[-44.2005843,-19.8361254],[-44.2028214,-19.8348229],[-44.2062353,-19.834634],[-44.2097625,-19.8326974],[-44.2144365,-19.8318787],[-44.216883,-19.8330489],[-44.2198278,-19.8338189],[-44.2248315,-19.8365154],[-44.2248977,-19.8378929],[-44.2260068,-19.8398059],[-44.2265339,-19.842643],[-44.2264327,-19.8429625],[-44.2247756,-19.8439813],[-44.223782,-19.8456995],[-44.2225663,-19.8494809],[-44.2220255,-19.8501444],[-44.2217624,-19.8511831],[-44.2218723,-19.8525839],[-44.223206,-19.8537286],[-44.2267228,-19.8535312],[-44.227404,-19.8539771],[-44.2277705,-19.8548369],[-44.2289081,-19.8559411],[-44.2305681,-19.8563859],[-44.2317805,-19.8562472],[-44.2330563,-19.8571255],[-44.2317834,-19.8582913],[-44.2313859,-19.8590705],[-44.2308276,-19.8619026],[-44.2308416,-19.8653288],[-44.2318838,-19.8692283],[-44.23352,-19.871457],[-44.2352282,-19.872974],[-44.2360861,-19.8749754],[-44.2363036,-19.8790289],[-44.2367108,-19.8795287],[-44.2375466,-19.8798311],[-44.2399075,-19.8792229],[-44.240756,-19.879318],[-44.2423184,-19.8799452],[-44.2437137,-19.8815548],[-44.2447664,-19.8820835],[-44.2456452,-19.8820185],[-44.2470456,-19.8812263],[-44.24814,-19.8812393],[-44.2485781,-19.8818752],[-44.2484575,-19.8831597],[-44.2489402,-19.883679],[-44.2508634,-19.8839899],[-44.2538251,-19.883853],[-44.2549588,-19.8842239],[-44.2568768,-19.8840996],[-44.2579202,-19.8836412],[-44.2585804,-19.8823556],[-44.2600808,-19.8818445],[-44.2613431,-19.880367],[-44.2622974,-19.8802224],[-44.2644404,-19.8805899],[-44.2667267,-19.8793897],[-44.267211,-19.8794289],[-44.2671746,-19.8810053],[-44.2676938,-19.8838133],[-44.2699441,-19.8843552],[-44.2712326,-19.8864558],[-44.2751565,-19.8845055],[-44.277075,-19.8849821],[-44.2790561,-19.8850148],[-44.2797156,-19.8855744],[-44.2804655,-19.8876982],[-44.2818349,-19.8894215],[-44.2820678,-19.8905691],[-44.2842844,-19.8927856],[-44.2851571,-19.8928436],[-44.2875729,-19.8922692],[-44.2917807,-19.8943331],[-44.2940896,-19.8945661],[-44.2951689,-19.8941537],[-44.2936303,-19.8975997],[-44.2936245,-19.8989135],[-44.2948364,-19.9009568],[-44.2958904,-19.9036278],[-44.2976458,-19.9053766],[-44.2990873,-19.9057328],[-44.2985648,-19.9071712],[-44.2989857,-19.9096113],[-44.2997356,-19.9104935],[-44.3035073,-19.9102587],[-44.3093367,-19.9074325],[-44.3124731,-19.9064154],[-44.3147612,-19.9064093],[-44.3156109,-19.9069496],[-44.3161383,-19.9115262],[-44.315928,-19.9155186],[-44.3163356,-19.9166741],[-44.3173388,-19.9173775],[-44.3173363,-19.9179789],[-44.3168561,-19.9187205],[-44.3155439,-19.9197513],[-44.3149066,-19.9224005],[-44.3123928,-19.9255865],[-44.3101475,-19.9264386],[-44.3069161,-19.9255154],[-44.3066177,-19.9260044],[-44.3066994,-19.9281706],[-44.304502,-19.9304892],[-44.3048594,-19.9320267],[-44.3061705,-19.9338065],[-44.3082869,-19.9342395],[-44.310933,-19.9336878],[-44.3120192,-19.9342118],[-44.3150176,-19.9367576],[-44.3155615,-19.9385034],[-44.3137943,-19.944165],[-44.3132568,-19.9447119],[-44.3112797,-19.9443637],[-44.310286,-19.9445545],[-44.3080541,-19.9466106],[-44.3052215,-19.9485676],[-44.3007828,-19.9499515],[-44.3000746,-19.9522273],[-44.2994428,-19.9528878],[-44.2976429,-19.9538513],[-44.2968628,-19.9547327],[-44.2958703,-19.9593146],[-44.2940339,-19.9626535],[-44.2926382,-19.9632132],[-44.2914199,-19.9630688],[-44.2906632,-19.9626053],[-44.2890817,-19.9608038],[-44.2874574,-19.9601848],[-44.2837562,-19.9606549],[-44.2813922,-19.9622984],[-44.2801509,-19.9668893],[-44.2795659,-19.9677621],[-44.2777943,-19.9692709],[-44.2769393,-19.9709371],[-44.2769126,-19.9738188],[-44.2766566,-19.9745721],[-44.2741039,-19.976953],[-44.2722301,-19.9793212],[-44.2723716,-19.9801676],[-44.2750565,-19.9811767],[-44.2756739,-19.9824324],[-44.2742199,-19.9868594],[-44.2721624,-19.9899226],[-44.2716977,-19.9935373],[-44.2706119,-19.995656],[-44.270838,-19.9968198],[-44.271842,-19.9976926],[-44.2719958,-19.9982152],[-44.2718881,-19.9997593],[-44.2724044,-20.0026319],[-44.2717175,-20.0048219]]]}},{"type":"Feature","properties":{"code":"12","name":"Mário Campos"},"geometry":{"type":"Polygon","coordinates":[[[-44.1264603,-20.0992301],[-44.1277325,-20.0974378],[-44.1292659,-20.0962441],[-44.1294526,-20.0940529],[-44.1299206,-20.0936019],[-44.1308794,-20.093284],[-44.1344772,-20.0936458],[-44.1353905,-20.0932846],[-44.1374044,-20.0916594],[-44.1402098,-20.0911351],[-44.1412102,-20.0898624],[-44.1415372,-20.0868824],[-44.1455019,-20.0860073],[-44.1468521,-20.0852345],[-44.1464022,-20.0826674],[-44.1475459,-20.0790103],[-44.147204,-20.0780436],[-44.1480582,-20.0760807],[-44.1481256,-20.0749382],[-44.149486,-20.073525],[-44.1496926,-20.0729007],[-44.1494694,-20.0715402],[-44.1477652,-20.0697573],[-44.1479657,-20.0654985],[-44.1486601,-20.0630393],[-44.1497599,-20.0615178],[-44.1511427,-20.0603748],[-44.1526882,-20.0556673],[-44.1541796,-20.0555521],[-44.1542391,-20.056139],[-44.1549526,-20.0564642],[-44.1560664,-20.0551838],[-44.1565837,-20.0551229],[-44.1567997,-20.0554927],[-44.1572141,-20.0553257],[-44.1567997,-20.0548935],[-44.1571755,-20.0546064],[-44.1588394,-20.0550638],[-44.1587095,-20.0539811],[-44.1594245,-20.0532863],[-44.1601873,-20.0532357],[-44.1606496,-20.0527358],[-44.1601059,-20.0520648],[-44.160561,-20.0516443],[-44.1604433,-20.0509702],[-44.1607331,-20.0506666],[-44.1619935,-20.0531874],[-44.1632678,-20.0535843],[-44.1642697,-20.0534855],[-44.164944,-20.0519676],[-44.1671447,-20.0515357],[-44.1684343,-20.0507366],[-44.1692345,-20.0506028],[-44.1705078,-20.0513596],[-44.1708786,-20.0512657],[-44.1709506,-20.0505405],[-44.1721933,-20.0499644],[-44.1730357,-20.0500043],[-44.1735268,-20.0491853],[-44.1747551,-20.0488056],[-44.1747619,-20.0476734],[-44.175096,-20.047345],[-44.1760075,-20.0475596],[-44.1761897,-20.0479841],[-44.1758397,-20.0485471],[-44.1767146,-20.0487593],[-44.1774036,-20.0466697],[-44.1782136,-20.0466518],[-44.1784605,-20.047109],[-44.1790358,-20.0473279],[-44.1790336,-20.0464288],[-44.1811886,-20.0459793],[-44.1814407,-20.0468163],[-44.1819399,-20.0464341],[-44.1825671,-20.0471492],[-44.1831801,-20.0467474],[-44.1831819,-20.0470908],[-44.1827715,-20.0473622],[-44.1828191,-20.0481001],[-44.1835794,-20.0484688],[-44.1855868,-20.048085],[-44.1858726,-20.0476094],[-44.18874,-20.0464848],[-44.1897545,-20.0459504],[-44.1895518,-20.0456302],[-44.1899334,-20.045538],[-44.1904579,-20.0459986],[-44.1905094,-20.0471961],[-44.18969,-20.0477674],[-44.190252,-20.0478385],[-44.1907276,-20.0486152],[-44.1910818,-20.0486838],[-44.1912788,-20.0491964],[-44.1910653,-20.0498947],[-44.1915191,-20.0501293],[-44.1920412,-20.0498396],[-44.1925909,-20.0501507],[-44.193217,-20.0498138],[-44.1938351,-20.0499388],[-44.1943028,-20.0516861],[-44.1949734,-20.0517411],[-44.1954205,-20.052487],[-44.1966075,-20.0526932],[-44.1980255,-20.0554757],[-44.1978376,-20.057526],[-44.1980503,-20.0580717],[-44.1995947,-20.0586883],[-44.201322,-20.0583612],[-44.205228,-20.0603677],[-44.2085739,-20.0613629],[-44.2101884,-20.0624628],[-44.212612,-20.062504],[-44.2142399,-20.0641715],[-44.2143774,-20.065193],[-44.213166,-20.0677357],[-44.2103598,-20.0686821],[-44.2092157,-20.0697757],[-44.2075651,-20.0749059],[-44.2082999,-20.076652],[-44.2087586,-20.0801855],[-44.2082664,-20.0836903],[-44.2076263,-20.0841627],[-44.2076037,-20.0846374],[-44.2082351,-20.0867691],[-44.2103173,-20.0888873],[-44.2107796,-20.0929671],[-44.2113271,-20.0947899],[-44.2113286,-20.0964586],[-44.2099789,-20.1009843],[-44.2075069,-20.0997737],[-44.2044533,-20.0988562],[-44.200894,-20.098538],[-44.1992049,-20.0989783],[-44.1974052,-20.0989216],[-44.1945202,-20.0984457],[-44.1925474,-20.0975126],[-44.1913856,-20.0976665],[-44.1896364,-20.0986258],[-44.1818208,-20.0989972],[-44.179488,-20.09867],[-44.1760438,-20.0988801],[-44.1697821,-20.098247],[-44.1687589,-20.097732],[-44.1642208,-20.096898],[-44.1625176,-20.096995],[-44.1613969,-20.0964226],[-44.1604721,-20.0966177],[-44.159877,-20.097665],[-44.1580536,-20.0982383],[-44.1571313,-20.0997122],[-44.1556348,-20.0997573],[-44.1537613,-20.1009716],[-44.1515776,-20.101127],[-44.1485885,-20.1006318],[-44.1474163,-20.1008674],[-44.1462118,-20.1016878],[-44.1432508,-20.1027497],[-44.1407347,-20.1023681],[-44.1386122,-20.1015729],[-44.1361036,-20.1019461],[-44.1351605,-20.1011351],[-44.1305554,-20.1011345],[-44.1281945,-20.0996237],[-44.1264603,-20.0992301]]]}},{"type":"Feature","properties":{"code":"13","name":"São Joaquim de Bicas"},"geometry":{"type":"Polygon","coordinates":[[[-44.2099789,-20.1009843],[-44.2113286,-20.0964586],[-44.2113271,-20.0947899],[-44.2107796,-20.0929671],[-44.2103173,-20.0888873],[-44.2082351,-20.0867691],[-44.2076037,-20.0846374],[-44.2076263,-20.0841627],[-44.2082664,-20.0836903],[-44.2087586,-20.0801855],[-44.2082999,-20.076652],[-44.2075651,-20.0749059],[-44.2092157,-20.0697757],[-44.2103598,-20.0686821],[-44.213166,-20.0677357],[-44.2141718,-20.0657561],[-44.2143849,-20.0645013],[-44.2132528,-20.0629196],[-44.212612,-20.062504],[-44.2101884,-20.0624628],[-44.2085739,-20.0613629],[-44.205228,-20.0603677],[-44.201322,-20.0583612],[-44.1995947,-20.0586883],[-44.1980503,-20.0580717],[-44.1978376,-20.057526],[-44.1980255,-20.0554757],[-44.196557,-20.0525483],[-44.1969304,-20.0510924],[-44.1982699,-20.0498556],[-44.2007493,-20.0486184],[-44.2009181,-20.0456256],[-44.2018422,-20.0444274],[-44.2034798,-20.0432297],[-44.2051463,-20.0427753],[-44.205759,-20.042909],[-44.2068279,-20.0437342],[-44.2087534,-20.0468626],[-44.2104098,-20.0478003],[-44.2120013,-20.0483358],[-44.2156186,-20.0482018],[-44.2177671,-20.0487249],[-44.2188472,-20.0486647],[-44.2190934,-20.0480563],[-44.2187111,-20.0470581],[-44.2155701,-20.0440994],[-44.2152295,-20.0430949],[-44.2153764,-20.0421546],[-44.2160982,-20.0418139],[-44.2181117,-20.0426116],[-44.2216443,-20.0414513],[-44.222854,-20.040773],[-44.225208,-20.0379217],[-44.2272369,-20.0367848],[-44.2300075,-20.0374194],[-44.2326319,-20.0370427],[-44.23719,-20.0385726],[-44.2373774,-20.0396297],[-44.2365884,-20.0423235],[-44.2366826,-20.0444478],[-44.2377032,-20.0487604],[-44.2392869,-20.0497976],[-44.2420092,-20.050143],[-44.2433574,-20.0497673],[-44.2446811,-20.0489759],[-44.2465689,-20.0464634],[-44.2477393,-20.0422339],[-44.2483453,-20.04155],[-44.24944,-20.0417544],[-44.2509646,-20.0429805],[-44.2526857,-20.0458723],[-44.2538633,-20.0459443],[-44.2547532,-20.0456323],[-44.255259,-20.0447904],[-44.2559376,-20.0407191],[-44.2567749,-20.038442],[-44.2598354,-20.035433],[-44.2608786,-20.0349634],[-44.262724,-20.0346632],[-44.2634786,-20.0341688],[-44.263873,-20.0329857],[-44.2624575,-20.0291214],[-44.2612051,-20.0277192],[-44.258841,-20.0263977],[-44.256088,-20.0264659],[-44.2547061,-20.0258277],[-44.2544505,-20.0249317],[-44.2546611,-20.024002],[-44.2555175,-20.0229194],[-44.2580857,-20.0207445],[-44.2584774,-20.0199772],[-44.2584645,-20.0192461],[-44.2582078,-20.0188919],[-44.2531868,-20.0172532],[-44.252923,-20.0165267],[-44.2542326,-20.0150595],[-44.2557781,-20.0117992],[-44.2586322,-20.0093211],[-44.2604736,-20.0066343],[-44.260569,-20.0054659],[-44.2592874,-20.005365],[-44.2588179,-20.0047362],[-44.2589332,-20.0040886],[-44.2615676,-20.0023304],[-44.2658199,-20.0004004],[-44.266586,-20.0005174],[-44.2674482,-20.0012143],[-44.2678677,-20.0029444],[-44.2693909,-20.0052274],[-44.2708028,-20.0055024],[-44.2717175,-20.0048219],[-44.2721081,-20.0054602],[-44.272211,-20.0063554],[-44.2715526,-20.0079041],[-44.2717297,-20.0090223],[-44.2715202,-20.009763],[-44.2719919,-20.0122574],[-44.2716416,-20.0132593],[-44.2734804,-20.0161068],[-44.273439,-20.0179628],[-44.275981,-20.023009],[-44.2759741,-20.0256115],[-44.2765998,-20.0267516],[-44.2765181,-20.0281637],[-44.2772921,-20.0306914],[-44.278524,-20.0315078],[-44.2789805,-20.0316156],[-44.2793498,-20.0313697],[-44.2798946,-20.0327479],[-44.2809692,-20.0331891],[-44.2825588,-20.0349533],[-44.2866935,-20.0364783],[-44.2879214,-20.0364087],[-44.2886987,-20.0353127],[-44.2895487,-20.0347173],[-44.2897081,-20.0337688],[-44.2906459,-20.0338171],[-44.2916308,-20.0343866],[-44.2909296,-20.0349028],[-44.2908857,-20.0356011],[-44.2893899,-20.0374408],[-44.2884798,-20.0379335],[-44.2887732,-20.0388794],[-44.2860091,-20.0399822],[-44.2853727,-20.0431835],[-44.2849104,-20.0437281],[-44.285144,-20.0442889],[-44.2841966,-20.0447482],[-44.2838991,-20.0461571],[-44.2831626,-20.0473623],[-44.2835446,-20.0479259],[-44.2843431,-20.0479498],[-44.2850775,-20.0484765],[-44.2852557,-20.0489267],[-44.2855879,-20.0487784],[-44.2860509,-20.0490417],[-44.2859281,-20.0496113],[-44.2863179,-20.0496861],[-44.2863115,-20.0506999],[-44.2856319,-20.0517699],[-44.2856877,-20.0526819],[-44.2864148,-20.0525787],[-44.2866388,-20.0535521],[-44.2870297,-20.0539294],[-44.2869297,-20.0544534],[-44.2872633,-20.0548404],[-44.28757,-20.054701],[-44.2879218,-20.0554582],[-44.2882382,-20.0555643],[-44.2882454,-20.0550622],[-44.2891909,-20.0545336],[-44.288973,-20.0540463],[-44.2893542,-20.053498],[-44.2899453,-20.0542574],[-44.2905354,-20.054146],[-44.2909375,-20.054415],[-44.2901902,-20.0573087],[-44.2912324,-20.0573605],[-44.2910286,-20.0567623],[-44.2918396,-20.05698],[-44.2920482,-20.0589796],[-44.2927562,-20.0594954],[-44.2920845,-20.0602747],[-44.2910455,-20.0607816],[-44.2893561,-20.061021],[-44.2871194,-20.0618257],[-44.2840539,-20.0642013],[-44.2838808,-20.0663496],[-44.2832008,-20.068128],[-44.279842,-20.0712411],[-44.2800411,-20.0721455],[-44.2823976,-20.0750839],[-44.2837555,-20.0784756],[-44.2855428,-20.0811907],[-44.2854799,-20.082662],[-44.2869736,-20.0863431],[-44.2875456,-20.0889235],[-44.2871047,-20.0917207],[-44.2865178,-20.0931514],[-44.2855958,-20.0938323],[-44.2831557,-20.0947159],[-44.2820607,-20.0960038],[-44.2817683,-20.0986318],[-44.2821701,-20.0998802],[-44.2819196,-20.1006431],[-44.2811066,-20.1014224],[-44.2792696,-20.1020208],[-44.2777914,-20.1031058],[-44.2787368,-20.1042309],[-44.2781435,-20.1060779],[-44.2786785,-20.1118564],[-44.2762874,-20.1129677],[-44.2737847,-20.1146773],[-44.2721953,-20.1148193],[-44.2713484,-20.1152614],[-44.2689538,-20.1181573],[-44.2671235,-20.1184831],[-44.2629468,-20.121294],[-44.2582279,-20.123228],[-44.257126,-20.124423],[-44.2542226,-20.1244589],[-44.2519931,-20.1238495],[-44.2503241,-20.1245551],[-44.2480238,-20.1246797],[-44.247974,-20.1242966],[-44.2488326,-20.1240022],[-44.2487787,-20.1232165],[-44.2477166,-20.1216469],[-44.2456535,-20.1197621],[-44.2444165,-20.1194536],[-44.2427075,-20.1196231],[-44.2419218,-20.1193415],[-44.2414695,-20.1195492],[-44.239756,-20.1181511],[-44.2375009,-20.1184902],[-44.2374811,-20.1173794],[-44.2357934,-20.115678],[-44.2345136,-20.115071],[-44.2327172,-20.1150696],[-44.2318597,-20.1141232],[-44.2274483,-20.1118986],[-44.2269565,-20.1107436],[-44.2250486,-20.1093165],[-44.2239362,-20.1093063],[-44.2235469,-20.1083941],[-44.2213049,-20.1077794],[-44.2199877,-20.1069573],[-44.2185423,-20.1068382],[-44.2178831,-20.1054802],[-44.2152591,-20.1051294],[-44.2099789,-20.1009843]]]}},{"type":"Feature","properties":{"code":"14","name":"Mateus Leme"},"geometry":{"type":"Polygon","coordinates":[[[-44.4456932,-20.1477167],[-44.4431332,-20.146957],[-44.4385455,-20.1449],[-44.4356013,-20.1429353],[-44.4335778,-20.1426457],[-44.4315593,-20.1408519],[-44.429854,-20.1406694],[-44.4278149,-20.1394772],[-44.4258724,-20.1375602],[-44.4224992,-20.1363619],[-44.4208598,-20.1346697],[-44.4167907,-20.132152],[-44.4147422,-20.1317219],[-44.4131834,-20.1319723],[-44.4093717,-20.1294075],[-44.4038285,-20.1283521],[-44.4025209,-20.127824],[-44.3972149,-20.127925],[-44.3932027,-20.1268656],[-44.3895825,-20.1267268],[-44.3877458,-20.1259218],[-44.3865867,-20.1247777],[-44.3855873,-20.1243717],[-44.3818847,-20.1243552],[-44.3789014,-20.1238088],[-44.3778724,-20.1240639],[-44.376939,-20.1248923],[-44.3750371,-20.1256049],[-44.3741529,-20.1252959],[-44.3688786,-20.1249576],[-44.3626473,-20.122945],[-44.3573618,-20.1231612],[-44.3565187,-20.1225866],[-44.356289,-20.1216071],[-44.3579004,-20.1207169],[-44.3589292,-20.1187689],[-44.3592666,-20.1173774],[-44.359052,-20.1141944],[-44.3600978,-20.1126694],[-44.3603228,-20.1116091],[-44.3611934,-20.1100358],[-44.3618885,-20.1093017],[-44.3617607,-20.1079006],[-44.362093,-20.1059721],[-44.3618244,-20.1042856],[-44.3630287,-20.1004223],[-44.3645043,-20.0983242],[-44.3663057,-20.0974192],[-44.3676503,-20.0948798],[-44.3692202,-20.0883182],[-44.3708902,-20.0844737],[-44.3718925,-20.083683],[-44.3718979,-20.0825314],[-44.3730028,-20.0816753],[-44.3746735,-20.0772985],[-44.3746137,-20.0762145],[-44.3752208,-20.0732926],[-44.3756823,-20.0726655],[-44.3756679,-20.0719012],[-44.3753331,-20.0709332],[-44.3740115,-20.0698051],[-44.3732857,-20.0684402],[-44.3725917,-20.0677928],[-44.3713241,-20.0673497],[-44.3712193,-20.0668477],[-44.3708946,-20.0669215],[-44.3703402,-20.0666248],[-44.3703369,-20.0662919],[-44.3698909,-20.0662954],[-44.3691728,-20.0647644],[-44.3693818,-20.062872],[-44.3690813,-20.0616572],[-44.3693174,-20.0608311],[-44.3699996,-20.0604725],[-44.3703787,-20.0595936],[-44.3694928,-20.05923],[-44.3688163,-20.0579441],[-44.3687871,-20.0561269],[-44.3695734,-20.0544739],[-44.3696338,-20.0529084],[-44.3694485,-20.0509687],[-44.3688826,-20.0500438],[-44.3690708,-20.047297],[-44.3686364,-20.0471262],[-44.3686406,-20.0465807],[-44.3682759,-20.0466138],[-44.368227,-20.0459696],[-44.3676971,-20.0456571],[-44.3678562,-20.044852],[-44.3674372,-20.0447658],[-44.3669637,-20.0438599],[-44.3670491,-20.042824],[-44.3665325,-20.0424278],[-44.3669911,-20.0419926],[-44.3667028,-20.0416234],[-44.3654003,-20.0413426],[-44.3653758,-20.0409763],[-44.3644485,-20.0407859],[-44.3643444,-20.0402718],[-44.3635499,-20.0406531],[-44.3630779,-20.0402123],[-44.3626395,-20.0403008],[-44.3625682,-20.0400286],[-44.3620022,-20.0399246],[-44.3619309,-20.0396341],[-44.3615724,-20.0398389],[-44.3609374,-20.0396149],[-44.3610317,-20.03804],[-44.3602318,-20.0374562],[-44.3597695,-20.0375997],[-44.35902,-20.0363726],[-44.3585779,-20.0363937],[-44.3582366,-20.036045],[-44.358786,-20.0342742],[-44.3580664,-20.0339011],[-44.3579033,-20.0331113],[-44.3576185,-20.0330081],[-44.3577492,-20.0324906],[-44.3569752,-20.0322424],[-44.3565561,-20.0317717],[-44.3562066,-20.0319263],[-44.3558703,-20.0313801],[-44.3561202,-20.0310205],[-44.3557811,-20.030859],[-44.3559705,-20.0303462],[-44.3554647,-20.0304372],[-44.3542846,-20.0299887],[-44.3539123,-20.03027],[-44.3534504,-20.0294093],[-44.353268,-20.0297472],[-44.3525421,-20.029831],[-44.35205,-20.0288699],[-44.3520889,-20.0280864],[-44.3524813,-20.0281574],[-44.3525836,-20.027834],[-44.3524377,-20.0269791],[-44.3520961,-20.0270878],[-44.3519788,-20.0263639],[-44.3515061,-20.026082],[-44.3517974,-20.0255934],[-44.3516205,-20.0246674],[-44.3505395,-20.0237007],[-44.3506244,-20.0229822],[-44.3510265,-20.0227011],[-44.3512839,-20.0230468],[-44.3514445,-20.022728],[-44.3501747,-20.022148],[-44.3501283,-20.021322],[-44.3496585,-20.0209071],[-44.3497892,-20.0203188],[-44.349323,-20.0199062],[-44.3488852,-20.0199823],[-44.3483896,-20.019191],[-44.3480051,-20.0192023],[-44.3476714,-20.0188397],[-44.3476617,-20.018203],[-44.3470803,-20.0176172],[-44.3467797,-20.0175653],[-44.3466108,-20.0178657],[-44.3448299,-20.0171878],[-44.3442988,-20.0176436],[-44.3441628,-20.0161312],[-44.3445279,-20.0158029],[-44.3441589,-20.0152601],[-44.3455092,-20.0149949],[-44.344939,-20.0142119],[-44.3449079,-20.0135955],[-44.3456431,-20.0127357],[-44.3445703,-20.0116182],[-44.3444123,-20.0103013],[-44.343904,-20.0092224],[-44.3440382,-20.0087107],[-44.3436692,-20.0083469],[-44.3438813,-20.0077751],[-44.3446959,-20.0070555],[-44.3441931,-20.0055245],[-44.3446765,-20.005166],[-44.3454426,-20.0060094],[-44.3460572,-20.0061669],[-44.3475681,-20.0048484],[-44.3467112,-20.004315],[-44.3468156,-20.0035665],[-44.3457867,-20.002997],[-44.3452825,-20.0033222],[-44.3450426,-20.0031876],[-44.345372,-20.0019037],[-44.3447626,-20.001041],[-44.3451953,-19.9999609],[-44.3447971,-19.9990038],[-44.3456139,-19.9977207],[-44.3465478,-19.9973027],[-44.3459553,-19.9966723],[-44.3444418,-19.9965867],[-44.3451507,-19.9954794],[-44.3449865,-19.9946812],[-44.3453148,-19.994094],[-44.3467966,-19.9936712],[-44.3480227,-19.9951472],[-44.3482326,-19.9940913],[-44.349485,-19.993863],[-44.350096,-19.9928316],[-44.3483031,-19.9905706],[-44.3478981,-19.9914774],[-44.3472599,-19.9915526],[-44.3467667,-19.9925426],[-44.344521,-19.9908734],[-44.3444915,-19.9894991],[-44.3449714,-19.987892],[-44.3459578,-19.9862097],[-44.3440458,-19.9861772],[-44.3437077,-19.9858149],[-44.344922,-19.9849113],[-44.3459344,-19.984673],[-44.3456405,-19.9822458],[-44.3462818,-19.9815122],[-44.3482283,-19.9811443],[-44.3496568,-19.9804913],[-44.3505934,-19.9804647],[-44.3531375,-19.981163],[-44.3559723,-19.9809228],[-44.3566256,-19.9805875],[-44.3573546,-19.9796014],[-44.3593577,-19.9786202],[-44.3600935,-19.9779355],[-44.361635,-19.9779531],[-44.3622866,-19.9794696],[-44.3637868,-19.9791923],[-44.3672896,-19.9799491],[-44.3668496,-19.9827296],[-44.3681136,-19.9829836],[-44.3694326,-19.9827163],[-44.3722132,-19.9807296],[-44.3738884,-19.9806542],[-44.3749057,-19.9801644],[-44.3775801,-19.9759386],[-44.3789147,-19.9745843],[-44.3793993,-19.9732466],[-44.3797726,-19.9730632],[-44.3809335,-19.9707813],[-44.3818214,-19.9704824],[-44.3821262,-19.9704973],[-44.3822569,-19.9708622],[-44.3827238,-19.9708013],[-44.383271,-19.971375],[-44.3843896,-19.9706369],[-44.3846585,-19.9710354],[-44.3848895,-19.9707494],[-44.3853338,-19.9708715],[-44.3856777,-19.971059],[-44.3858022,-19.9717007],[-44.3866802,-19.9718519],[-44.3869733,-19.9725931],[-44.3861144,-19.9725739],[-44.3862648,-19.9733255],[-44.3866619,-19.9736208],[-44.3863927,-19.9738886],[-44.3864514,-19.9748991],[-44.3872415,-19.9747455],[-44.3876864,-19.9755861],[-44.3887543,-19.9758524],[-44.3893183,-19.9769187],[-44.3896153,-19.9765509],[-44.3902611,-19.97696],[-44.3905067,-19.9774499],[-44.3898126,-19.9783544],[-44.3905675,-19.9785901],[-44.3907972,-19.9783976],[-44.3913894,-19.9789566],[-44.3920773,-19.9790199],[-44.3942337,-19.9771751],[-44.3948497,-19.9772136],[-44.3951139,-19.9775439],[-44.3956446,-19.9768121],[-44.3964938,-19.9766091],[-44.3967735,-19.9762631],[-44.3966958,-19.975352],[-44.3974197,-19.9750986],[-44.3997745,-19.9724429],[-44.4007999,-19.9720324],[-44.4021505,-19.9700204],[-44.4018341,-19.9688159],[-44.402603,-19.9672087],[-44.4042994,-19.9659394],[-44.4054097,-19.9658831],[-44.4054945,-19.9643238],[-44.4082521,-19.9616672],[-44.4099233,-19.9609294],[-44.4122675,-19.9615641],[-44.4130909,-19.9622963],[-44.4155962,-19.9618225],[-44.4179855,-19.9605986],[-44.4198481,-19.9602644],[-44.4208615,-19.9604],[-44.425337,-19.9567622],[-44.4272904,-19.9567225],[-44.4292819,-19.9558035],[-44.4311187,-19.9527734],[-44.4309031,-19.9501179],[-44.4316046,-19.9478423],[-44.4345336,-19.9447792],[-44.4345668,-19.9442509],[-44.4352393,-19.9433246],[-44.4381369,-19.9403344],[-44.4382423,-19.9398104],[-44.4389291,-19.9391216],[-44.4389149,-19.938459],[-44.4394508,-19.9374352],[-44.4394915,-19.9358123],[-44.4385393,-19.9348665],[-44.4378016,-19.9324077],[-44.4384249,-19.9315761],[-44.4388928,-19.9319818],[-44.4406885,-19.9319811],[-44.4441889,-19.9300885],[-44.4476513,-19.9291548],[-44.4500471,-19.927205],[-44.4518395,-19.926733],[-44.4537756,-19.9267995],[-44.454532,-19.9264916],[-44.4562852,-19.9246136],[-44.4582191,-19.92345],[-44.4585347,-19.9227418],[-44.458448,-19.9213809],[-44.4580502,-19.9205834],[-44.4574224,-19.9199305],[-44.4568652,-19.9199432],[-44.4566491,-19.9194886],[-44.4572302,-19.9177514],[-44.4628221,-19.9167939],[-44.4673109,-19.9163851],[-44.4694206,-19.9166846],[-44.4697488,-19.9174203],[-44.470431,-19.9178764],[-44.4726061,-19.9172545],[-44.4741851,-19.9171552],[-44.4747459,-19.9173753],[-44.4775885,-19.9169521],[-44.4794738,-19.916352],[-44.4835566,-19.9176816],[-44.482676,-19.9199439],[-44.4831052,-19.9218321],[-44.4841902,-19.9213235],[-44.4841521,-19.9205344],[-44.4853552,-19.9209856],[-44.4859168,-19.9208106],[-44.4864492,-19.9214207],[-44.4865032,-19.9226394],[-44.4873625,-19.924313],[-44.4891694,-19.9237549],[-44.4897879,-19.9240617],[-44.4912678,-19.9241521],[-44.4916515,-19.9243361],[-44.4916131,-19.9246193],[-44.4923273,-19.9246451],[-44.4926408,-19.9250875],[-44.4932212,-19.9251668],[-44.4934026,-19.9261665],[-44.4939937,-19.9261389],[-44.4941859,-19.9265054],[-44.494763,-19.9263939],[-44.4954956,-19.9268981],[-44.4961425,-19.9268757],[-44.4966267,-19.9284322],[-44.4973971,-19.9289862],[-44.4997656,-19.9298994],[-44.5011984,-19.9299065],[-44.5018061,-19.9306854],[-44.5028742,-19.9304148],[-44.5035632,-19.931652],[-44.505009,-19.9316761],[-44.5054611,-19.931256],[-44.505679,-19.9304615],[-44.507196,-19.9299407],[-44.5091623,-19.9283748],[-44.509891,-19.9284939],[-44.5101976,-19.9295642],[-44.5094345,-19.9306755],[-44.5100684,-19.9312339],[-44.5100519,-19.9315563],[-44.5091696,-19.9327669],[-44.5096728,-19.9337142],[-44.5105775,-19.9343517],[-44.5118223,-19.9346582],[-44.5127764,-19.9365655],[-44.5139007,-19.9370979],[-44.5143074,-19.9381689],[-44.5148496,-19.9386558],[-44.515306,-19.9386586],[-44.515323,-19.93916],[-44.5158893,-19.9390229],[-44.5175362,-19.9401165],[-44.5174783,-19.9406864],[-44.5202107,-19.9425655],[-44.5203421,-19.94372],[-44.5210626,-19.944109],[-44.5209926,-19.9446656],[-44.5217332,-19.9448298],[-44.5226818,-19.9475316],[-44.524314,-19.9494024],[-44.5261439,-19.9525191],[-44.5258614,-19.9549584],[-44.5262295,-19.9551655],[-44.5273046,-19.954978],[-44.527748,-19.9533251],[-44.5327297,-19.9540464],[-44.53434,-19.9555412],[-44.539286,-19.9633937],[-44.5423813,-19.9674884],[-44.54041,-19.9689471],[-44.5381459,-19.9692085],[-44.5370325,-19.9697679],[-44.534654,-19.9723659],[-44.5323471,-19.9739524],[-44.5305229,-19.9758671],[-44.5293767,-19.975823],[-44.5273311,-19.9746196],[-44.5262774,-19.9748524],[-44.5258087,-19.9753894],[-44.5255809,-19.9766288],[-44.5242157,-19.9777076],[-44.5230749,-19.9801674],[-44.5215381,-19.9809124],[-44.5177743,-19.9819206],[-44.5126446,-19.9862262],[-44.5122976,-19.9882189],[-44.512655,-19.9894489],[-44.5151512,-19.992521],[-44.5166064,-19.9952406],[-44.516678,-19.9962473],[-44.5156881,-19.9998021],[-44.5141875,-20.001761],[-44.5127007,-20.0026807],[-44.5097505,-20.006027],[-44.5056326,-20.0078117],[-44.5047991,-20.008613],[-44.5038844,-20.0101804],[-44.5024398,-20.0103632],[-44.4999474,-20.0112106],[-44.4996958,-20.0126776],[-44.4988735,-20.0134967],[-44.4998783,-20.0202275],[-44.4990874,-20.0256133],[-44.4983897,-20.0266448],[-44.4965716,-20.0274715],[-44.4958711,-20.0285941],[-44.4965878,-20.0291437],[-44.4999718,-20.0302841],[-44.5028191,-20.0319216],[-44.5074268,-20.0326193],[-44.5078951,-20.0331675],[-44.5078059,-20.0340677],[-44.5066028,-20.0354952],[-44.5057585,-20.0375614],[-44.5064817,-20.0387433],[-44.5067457,-20.0414861],[-44.5065052,-20.0426221],[-44.5051714,-20.044847],[-44.5045832,-20.0478216],[-44.5019969,-20.0513101],[-44.5007387,-20.0518732],[-44.4997897,-20.0527276],[-44.4984109,-20.0564331],[-44.4990895,-20.0580353],[-44.5014799,-20.0588001],[-44.5027288,-20.0598967],[-44.5033854,-20.0609],[-44.5050569,-20.061461],[-44.5059263,-20.0621756],[-44.5060418,-20.0629772],[-44.5054241,-20.0645777],[-44.506009,-20.0658701],[-44.505841,-20.0669601],[-44.5047062,-20.0680252],[-44.5013046,-20.0692099],[-44.5006898,-20.0730853],[-44.4996846,-20.0741741],[-44.4973622,-20.0750044],[-44.4970671,-20.0759303],[-44.4975279,-20.0775296],[-44.4971589,-20.0779222],[-44.4951587,-20.0783218],[-44.4928234,-20.078149],[-44.4897263,-20.0763151],[-44.4875141,-20.075888],[-44.4861015,-20.0771782],[-44.4855521,-20.0781897],[-44.4853807,-20.0788469],[-44.485862,-20.0812653],[-44.4856899,-20.0820645],[-44.4853314,-20.0823657],[-44.4825079,-20.0808497],[-44.4819276,-20.0794777],[-44.4812266,-20.0790447],[-44.4804894,-20.0790646],[-44.4794354,-20.0798403],[-44.4776947,-20.0800816],[-44.4770625,-20.0804837],[-44.4776583,-20.0902906],[-44.4774038,-20.0915279],[-44.4765787,-20.0924634],[-44.4761111,-20.0958461],[-44.4770082,-20.0976939],[-44.4785407,-20.0994691],[-44.4781591,-20.1017815],[-44.4769834,-20.1033781],[-44.476286,-20.1051971],[-44.4754289,-20.1062084],[-44.4707259,-20.1074428],[-44.4687573,-20.1078209],[-44.4679974,-20.1075591],[-44.466408,-20.1079783],[-44.4618857,-20.1134433],[-44.4605471,-20.114429],[-44.4601084,-20.1155261],[-44.4597922,-20.118147],[-44.4610908,-20.1228111],[-44.46095,-20.1237674],[-44.4590028,-20.1256424],[-44.4583034,-20.1289606],[-44.4572593,-20.1298197],[-44.4556371,-20.1320308],[-44.4542969,-20.1346016],[-44.4514317,-20.137766],[-44.4509313,-20.139357],[-44.4510497,-20.141968],[-44.4456288,-20.1465444],[-44.4456932,-20.1477167]]]}},{"type":"Feature","properties":{"code":"15","name":"Sarzedo"},"geometry":{"type":"Polygon","coordinates":[[[-44.1264603,-20.0992301],[-44.1203144,-20.0992855],[-44.1194767,-20.0995397],[-44.1172573,-20.0990635],[-44.1154426,-20.0996359],[-44.1130046,-20.0997478],[-44.110782,-20.0988447],[-44.1088999,-20.0984415],[-44.1079639,-20.098622],[-44.1057722,-20.0982945],[-44.1032111,-20.0968486],[-44.1002268,-20.0959184],[-44.0933461,-20.0945485],[-44.091648,-20.0946674],[-44.0897116,-20.0934792],[-44.0870213,-20.0932239],[-44.0866112,-20.0916538],[-44.0844833,-20.0905907],[-44.0841697,-20.0893867],[-44.0837542,-20.0895069],[-44.0835116,-20.0892435],[-44.0824947,-20.0891306],[-44.0819334,-20.0878428],[-44.0807681,-20.0878464],[-44.0778942,-20.0863396],[-44.076083,-20.0861203],[-44.0723859,-20.0848807],[-44.0703605,-20.0834556],[-44.0689169,-20.0832561],[-44.0676681,-20.0825487],[-44.0654904,-20.0806931],[-44.0683207,-20.077873],[-44.0681519,-20.0766204],[-44.0670772,-20.0751318],[-44.0674312,-20.0744234],[-44.0683333,-20.0736491],[-44.0688867,-20.0722862],[-44.070475,-20.0711958],[-44.071861,-20.0688302],[-44.0728276,-20.067978],[-44.0757576,-20.0682959],[-44.07588,-20.0678341],[-44.0754757,-20.0665912],[-44.0761593,-20.0645611],[-44.0773538,-20.0638041],[-44.0790059,-20.0645909],[-44.08065,-20.0625226],[-44.0823348,-20.0615197],[-44.0827906,-20.0603918],[-44.0825511,-20.0591354],[-44.0842043,-20.057666],[-44.0853047,-20.0560399],[-44.0864529,-20.0556062],[-44.0874922,-20.0535537],[-44.0884235,-20.0526037],[-44.0888882,-20.0515789],[-44.0890481,-20.050194],[-44.0897173,-20.0498004],[-44.0906594,-20.0474171],[-44.0921837,-20.0448611],[-44.0921682,-20.0443295],[-44.0936208,-20.0422366],[-44.09059,-20.0396461],[-44.0902516,-20.0384543],[-44.0904172,-20.0379731],[-44.0915231,-20.0373237],[-44.0929919,-20.037779],[-44.0946119,-20.0354489],[-44.0947717,-20.0345129],[-44.0944733,-20.0334397],[-44.094856,-20.0328895],[-44.0943812,-20.032408],[-44.0942983,-20.0306831],[-44.0937349,-20.0301457],[-44.0940773,-20.0280185],[-44.0944927,-20.0272271],[-44.0949294,-20.0270732],[-44.0979239,-20.0284744],[-44.0992857,-20.0287093],[-44.1010998,-20.0280609],[-44.1026143,-20.0282829],[-44.1053284,-20.0269041],[-44.106526,-20.0258167],[-44.1071431,-20.0257251],[-44.1092228,-20.0236909],[-44.1098488,-20.0235959],[-44.1103453,-20.0240438],[-44.1107212,-20.0235878],[-44.111363,-20.0234265],[-44.1115895,-20.0222648],[-44.1121173,-20.0221875],[-44.1123318,-20.0224946],[-44.1130399,-20.0218753],[-44.1145624,-20.0214531],[-44.114792,-20.0220557],[-44.1155074,-20.0226076],[-44.1159681,-20.0225455],[-44.1161017,-20.0220575],[-44.1168862,-20.0220882],[-44.1172353,-20.023042],[-44.1176062,-20.0228719],[-44.1181595,-20.0235246],[-44.1179025,-20.0240125],[-44.1182962,-20.0248285],[-44.1191311,-20.0241308],[-44.1195825,-20.0242704],[-44.1199634,-20.0240087],[-44.1200902,-20.0233574],[-44.1209038,-20.0232917],[-44.1226897,-20.0218089],[-44.1232452,-20.021827],[-44.1244534,-20.0224695],[-44.1247161,-20.023787],[-44.1246719,-20.024278],[-44.1236232,-20.0254157],[-44.1237377,-20.0259332],[-44.1244501,-20.0261853],[-44.1241985,-20.0277124],[-44.1246042,-20.0277815],[-44.1248933,-20.0285415],[-44.1240768,-20.0288851],[-44.1241596,-20.0290868],[-44.1247478,-20.0289333],[-44.1252504,-20.029344],[-44.1253688,-20.0288893],[-44.1256741,-20.0291083],[-44.1256521,-20.029539],[-44.1260186,-20.029478],[-44.1262505,-20.0301685],[-44.1268949,-20.0305386],[-44.1274968,-20.0295454],[-44.1295153,-20.0293112],[-44.1302339,-20.0285749],[-44.1322442,-20.0284119],[-44.1350648,-20.0294628],[-44.1360831,-20.0306743],[-44.1369853,-20.0310209],[-44.1378129,-20.0298743],[-44.1383281,-20.0278314],[-44.1388102,-20.027188],[-44.1388152,-20.0262045],[-44.1395579,-20.0245592],[-44.1412667,-20.0229583],[-44.1406364,-20.0223064],[-44.1418208,-20.0220657],[-44.1415134,-20.0215344],[-44.1420732,-20.0210281],[-44.1417921,-20.0205131],[-44.1422777,-20.019466],[-44.1421866,-20.0188793],[-44.142598,-20.018825],[-44.1428245,-20.0183504],[-44.143119,-20.0186249],[-44.1432069,-20.0182095],[-44.1437792,-20.0181006],[-44.1445107,-20.0186866],[-44.1446815,-20.0194276],[-44.1452736,-20.0195741],[-44.1456854,-20.0182883],[-44.1462716,-20.0178198],[-44.1465059,-20.0183478],[-44.147128,-20.018281],[-44.1472248,-20.0188721],[-44.147587,-20.0185355],[-44.1481597,-20.0192462],[-44.1486954,-20.019251],[-44.1490889,-20.0196534],[-44.1494215,-20.01913],[-44.1498345,-20.0191777],[-44.1496904,-20.0184822],[-44.1506711,-20.0179856],[-44.1507615,-20.0174129],[-44.1512014,-20.0176431],[-44.1510347,-20.0178714],[-44.1515427,-20.018142],[-44.1514919,-20.0185378],[-44.151998,-20.0191029],[-44.1520419,-20.0199237],[-44.1515779,-20.0213111],[-44.1527576,-20.0209874],[-44.1532241,-20.0216153],[-44.1530842,-20.0222744],[-44.154333,-20.0226094],[-44.1544482,-20.0232241],[-44.1536613,-20.0235525],[-44.1537019,-20.0238064],[-44.1541397,-20.0237523],[-44.1541054,-20.0242162],[-44.1532598,-20.0243652],[-44.153504,-20.0245802],[-44.1533837,-20.0251384],[-44.1539398,-20.0251168],[-44.1540019,-20.0257597],[-44.1532566,-20.0258979],[-44.153338,-20.0263342],[-44.1526918,-20.0262263],[-44.1516104,-20.0266924],[-44.1513309,-20.0271377],[-44.1513881,-20.0278417],[-44.1525762,-20.0280796],[-44.1528621,-20.0292774],[-44.152524,-20.0307365],[-44.1541533,-20.0301553],[-44.15548,-20.0303321],[-44.1565189,-20.0298434],[-44.1570521,-20.0303962],[-44.1577267,-20.0299997],[-44.1587264,-20.0299249],[-44.1587747,-20.029381],[-44.1581865,-20.0288538],[-44.1573797,-20.0288446],[-44.1575536,-20.0278139],[-44.1573307,-20.0274292],[-44.1582074,-20.0268688],[-44.1586271,-20.0267971],[-44.1591841,-20.0271944],[-44.1603922,-20.0271527],[-44.1608716,-20.0276422],[-44.1625965,-20.0278756],[-44.1626508,-20.027532],[-44.1616752,-20.0267037],[-44.1610107,-20.0266411],[-44.1616345,-20.0261009],[-44.1615989,-20.0251998],[-44.1624996,-20.0249792],[-44.1625471,-20.0243172],[-44.1628617,-20.0242225],[-44.1634089,-20.0245907],[-44.1639723,-20.024463],[-44.1643068,-20.0259714],[-44.1639677,-20.0276556],[-44.1654271,-20.0277668],[-44.1653678,-20.0288826],[-44.166019,-20.0287654],[-44.1663387,-20.0290032],[-44.165826,-20.0291786],[-44.1657608,-20.0295354],[-44.1667196,-20.0304029],[-44.1679673,-20.0304314],[-44.1679428,-20.0290848],[-44.1682772,-20.0288549],[-44.1694209,-20.0290239],[-44.1696205,-20.0294295],[-44.1707529,-20.0296479],[-44.1714395,-20.0304644],[-44.1718913,-20.0300539],[-44.1720011,-20.0292156],[-44.1726797,-20.0292526],[-44.1725983,-20.0296601],[-44.1733144,-20.029236],[-44.1752231,-20.0292831],[-44.1764575,-20.0301138],[-44.1770796,-20.0300058],[-44.1772592,-20.0304571],[-44.178242,-20.030791],[-44.1788574,-20.0303384],[-44.1800125,-20.030504],[-44.1802864,-20.0319366],[-44.1796316,-20.0322456],[-44.1795179,-20.0329209],[-44.1803883,-20.0336201],[-44.1800698,-20.0345056],[-44.180573,-20.0360028],[-44.1799606,-20.0365002],[-44.1789257,-20.0367895],[-44.1785483,-20.0367064],[-44.1785718,-20.0360309],[-44.1769079,-20.0362046],[-44.1764993,-20.0358952],[-44.1757115,-20.0362475],[-44.1750679,-20.0371248],[-44.1747994,-20.0389245],[-44.1750956,-20.0395471],[-44.1748051,-20.0398681],[-44.1748401,-20.0401213],[-44.1754708,-20.040257],[-44.1765079,-20.0398535],[-44.1768474,-20.0404024],[-44.1781053,-20.0410644],[-44.1785282,-20.0416159],[-44.1794066,-20.0418621],[-44.1791824,-20.0423385],[-44.1802796,-20.0420098],[-44.1803779,-20.0432403],[-44.1799679,-20.0448196],[-44.1803923,-20.0455656],[-44.1803109,-20.0461066],[-44.1790336,-20.0464288],[-44.1790358,-20.0473279],[-44.1784605,-20.047109],[-44.1781848,-20.0466405],[-44.1773601,-20.0466978],[-44.1767146,-20.0487593],[-44.1758397,-20.0485471],[-44.1761897,-20.0479841],[-44.1760075,-20.0475596],[-44.1749794,-20.0473951],[-44.1747551,-20.0488056],[-44.1735268,-20.0491853],[-44.1730357,-20.0500043],[-44.1721933,-20.0499644],[-44.1709506,-20.0505405],[-44.1708786,-20.0512657],[-44.1705078,-20.0513596],[-44.1691556,-20.0505903],[-44.1660495,-20.0519064],[-44.164944,-20.0519676],[-44.1643917,-20.053461],[-44.1632678,-20.0535843],[-44.1619935,-20.0531874],[-44.1607331,-20.0506666],[-44.1604433,-20.0509702],[-44.160561,-20.0516443],[-44.1601059,-20.0520648],[-44.1606496,-20.0527358],[-44.1601873,-20.0532357],[-44.1594245,-20.0532863],[-44.1587095,-20.0539811],[-44.1588394,-20.0550638],[-44.1571755,-20.0546064],[-44.1567997,-20.0548935],[-44.1572141,-20.0553257],[-44.1567997,-20.0554927],[-44.1565837,-20.0551229],[-44.1560664,-20.0551838],[-44.1549526,-20.0564642],[-44.1542391,-20.056139],[-44.1541796,-20.0555521],[-44.1526882,-20.0556673],[-44.1511427,-20.0603748],[-44.1488373,-20.0626839],[-44.1479657,-20.0654985],[-44.1477652,-20.0697573],[-44.1494694,-20.0715402],[-44.1496926,-20.0729007],[-44.149486,-20.073525],[-44.1481256,-20.0749382],[-44.1480582,-20.0760807],[-44.147204,-20.0780436],[-44.1475459,-20.0790103],[-44.1464022,-20.0826674],[-44.1468521,-20.0852345],[-44.1455019,-20.0860073],[-44.1415372,-20.0868824],[-44.1412102,-20.0898624],[-44.1402098,-20.0911351],[-44.1374044,-20.0916594],[-44.1353905,-20.0932846],[-44.1344772,-20.0936458],[-44.1308794,-20.093284],[-44.1299206,-20.0936019],[-44.1294526,-20.0940529],[-44.1292659,-20.0962441],[-44.1277325,-20.0974378],[-44.1264603,-20.0992301]]]}},{"type":"Feature","properties":{"code":"16","name":"Rio Acima"},"geometry":{"type":"Polygon","coordinates":[[[-43.8538363,-20.1982406],[-43.8550899,-20.1965312],[-43.8551164,-20.1958059],[-43.8536247,-20.1930265],[-43.8525309,-20.1900513],[-43.8504163,-20.1887224],[-43.8493119,-20.1886877],[-43.8461467,-20.1875913],[-43.8454541,-20.1880376],[-43.843249,-20.1870739],[-43.841899,-20.1856719],[-43.8410423,-20.1840924],[-43.8399813,-20.1834566],[-43.8386562,-20.1832701],[-43.8374196,-20.1834819],[-43.8368713,-20.1826689],[-43.8362251,-20.182467],[-43.8357982,-20.1831762],[-43.8343074,-20.183386],[-43.8334244,-20.183012],[-43.8331522,-20.1824386],[-43.8327234,-20.1822629],[-43.8307031,-20.1823497],[-43.8297318,-20.1827997],[-43.8278339,-20.1824202],[-43.8266502,-20.1827568],[-43.8264755,-20.1822414],[-43.8240956,-20.181707],[-43.8224007,-20.1822304],[-43.8216167,-20.1818458],[-43.8208856,-20.1808494],[-43.8182046,-20.181231],[-43.8180307,-20.1805728],[-43.8175612,-20.1803348],[-43.8160933,-20.1805314],[-43.8149181,-20.1814203],[-43.8127946,-20.1816725],[-43.8116443,-20.1823917],[-43.8105312,-20.182419],[-43.8094806,-20.1818742],[-43.8074932,-20.1828504],[-43.8072376,-20.1825475],[-43.8073326,-20.1816169],[-43.8069316,-20.1810961],[-43.8056572,-20.1802695],[-43.8045426,-20.1800655],[-43.8038633,-20.1792056],[-43.8043543,-20.1777238],[-43.80529,-20.1772669],[-43.8061205,-20.175669],[-43.8055517,-20.1737865],[-43.8048508,-20.173403],[-43.8037675,-20.1734981],[-43.8033632,-20.1739082],[-43.803257,-20.1745628],[-43.8041491,-20.1758041],[-43.802707,-20.1770624],[-43.8004299,-20.1766799],[-43.7974103,-20.1783154],[-43.7959685,-20.178228],[-43.7959455,-20.1788782],[-43.7970251,-20.1790201],[-43.7970676,-20.1794421],[-43.7955718,-20.1804737],[-43.7951045,-20.1805908],[-43.7945239,-20.1803226],[-43.793542,-20.1783263],[-43.7923933,-20.1770825],[-43.794153,-20.1745562],[-43.7919498,-20.1744158],[-43.791769,-20.1738514],[-43.7923962,-20.1729792],[-43.7920023,-20.1725996],[-43.7898445,-20.1728547],[-43.7897416,-20.1722751],[-43.7905376,-20.1716796],[-43.7905588,-20.1713313],[-43.7901891,-20.1710367],[-43.7893121,-20.171302],[-43.7890373,-20.1705994],[-43.7882252,-20.1705784],[-43.7879812,-20.1703133],[-43.7884513,-20.1683571],[-43.7875783,-20.1685176],[-43.7862514,-20.1693193],[-43.7855454,-20.1691583],[-43.7854947,-20.1687598],[-43.7866578,-20.1674606],[-43.7867629,-20.1640525],[-43.7861721,-20.1617698],[-43.7851433,-20.1606162],[-43.7834286,-20.1603144],[-43.7818402,-20.1584981],[-43.7819288,-20.1581492],[-43.7832879,-20.1578606],[-43.7840265,-20.1572367],[-43.7859173,-20.1575193],[-43.7869422,-20.1569689],[-43.7880485,-20.1550133],[-43.7899421,-20.1537797],[-43.7900616,-20.1526687],[-43.7897505,-20.1518023],[-43.7877586,-20.1517381],[-43.7882249,-20.1524829],[-43.7880301,-20.1533849],[-43.7864681,-20.1525876],[-43.7854306,-20.1531416],[-43.7841889,-20.1528121],[-43.7834797,-20.1522297],[-43.7823162,-20.1529952],[-43.7814032,-20.1530985],[-43.7791727,-20.1523775],[-43.7788339,-20.1512082],[-43.7783843,-20.1520245],[-43.7779721,-20.1518264],[-43.7778716,-20.1512474],[-43.776662,-20.151376],[-43.7765871,-20.1518689],[-43.7772855,-20.1518816],[-43.7766577,-20.1524772],[-43.7761731,-20.1523563],[-43.7760004,-20.1517608],[-43.7754063,-20.1521022],[-43.7742785,-20.1517448],[-43.7736223,-20.1512544],[-43.7726927,-20.1496571],[-43.7706764,-20.1505827],[-43.7688814,-20.1506343],[-43.768372,-20.1512583],[-43.7669388,-20.1504015],[-43.7666714,-20.1506578],[-43.7667545,-20.1511741],[-43.7664981,-20.1512376],[-43.7657569,-20.1498811],[-43.7648681,-20.1499734],[-43.7621461,-20.1491427],[-43.7613653,-20.1497131],[-43.7598324,-20.1496384],[-43.7593881,-20.1507736],[-43.7583903,-20.1514247],[-43.7580806,-20.1527784],[-43.757568,-20.1529039],[-43.7574092,-20.153264],[-43.7581933,-20.1544025],[-43.7579226,-20.1546671],[-43.7568483,-20.1546973],[-43.7560952,-20.1536546],[-43.7553299,-20.1534955],[-43.7542214,-20.1542859],[-43.7535526,-20.1541063],[-43.7532696,-20.1550003],[-43.7527181,-20.1548439],[-43.7522595,-20.1541488],[-43.7525571,-20.1535105],[-43.7524682,-20.1527493],[-43.7512263,-20.15342],[-43.7495681,-20.1535397],[-43.7479777,-20.1531722],[-43.7468645,-20.1536777],[-43.7459818,-20.1528581],[-43.7458025,-20.1537782],[-43.7451624,-20.153804],[-43.7449943,-20.1542868],[-43.7445803,-20.1543511],[-43.744037,-20.1541051],[-43.7441624,-20.1533704],[-43.7422356,-20.1515222],[-43.7419757,-20.1516478],[-43.7420268,-20.152291],[-43.7386874,-20.1535965],[-43.7384156,-20.1533308],[-43.738735,-20.1525577],[-43.7384938,-20.1519811],[-43.7380805,-20.1519201],[-43.736728,-20.1527211],[-43.7361822,-20.1514752],[-43.7356893,-20.1513339],[-43.7348438,-20.1515999],[-43.7348196,-20.1508405],[-43.733623,-20.1507317],[-43.7337245,-20.1500137],[-43.7333979,-20.1494927],[-43.7325235,-20.1500803],[-43.7316873,-20.1500823],[-43.7312106,-20.1496344],[-43.7315184,-20.1490112],[-43.7312559,-20.1486073],[-43.7294124,-20.1497024],[-43.7287256,-20.1488803],[-43.7279807,-20.1486663],[-43.727634,-20.1498451],[-43.728571,-20.1509403],[-43.7276743,-20.1514503],[-43.7269554,-20.1503016],[-43.7254686,-20.1503141],[-43.7249153,-20.1494671],[-43.7239673,-20.1496946],[-43.7221973,-20.1492844],[-43.7215536,-20.1493962],[-43.7210932,-20.1488318],[-43.7199689,-20.148475],[-43.7203779,-20.14776],[-43.7199653,-20.1466591],[-43.7191196,-20.1468598],[-43.7181994,-20.1458321],[-43.7172311,-20.1469131],[-43.7167688,-20.146924],[-43.716322,-20.145484],[-43.7156593,-20.1452036],[-43.7162343,-20.1442127],[-43.7155895,-20.1436272],[-43.7149944,-20.1436078],[-43.7138359,-20.1442581],[-43.713679,-20.1433737],[-43.7129936,-20.142847],[-43.7125716,-20.1418833],[-43.7115981,-20.1413932],[-43.7103317,-20.1416103],[-43.7095461,-20.141128],[-43.7092953,-20.1412347],[-43.7091556,-20.1420774],[-43.7081904,-20.1430178],[-43.7066157,-20.1438123],[-43.7055357,-20.1436992],[-43.7049878,-20.1445263],[-43.703977,-20.1452081],[-43.703275,-20.1447539],[-43.7028826,-20.1454463],[-43.701133,-20.1465847],[-43.6992415,-20.1468538],[-43.6975934,-20.1461501],[-43.6979109,-20.1470637],[-43.6972824,-20.1484132],[-43.6969227,-20.1486532],[-43.6964216,-20.1485101],[-43.6955368,-20.1491449],[-43.6947991,-20.1485883],[-43.6939401,-20.1470063],[-43.6937134,-20.1453098],[-43.6944769,-20.1444297],[-43.6949543,-20.1428088],[-43.6941633,-20.1421066],[-43.6939869,-20.1412082],[-43.6930372,-20.1411334],[-43.6928739,-20.1395411],[-43.6907319,-20.1386175],[-43.6900925,-20.1379058],[-43.6895478,-20.1379643],[-43.6893178,-20.1383275],[-43.686657,-20.1384411],[-43.6861797,-20.137215],[-43.6851511,-20.1368627],[-43.6840488,-20.1370896],[-43.6833278,-20.1368544],[-43.6811277,-20.137588],[-43.6804696,-20.1372315],[-43.6802095,-20.1360876],[-43.6791804,-20.1364183],[-43.6775217,-20.1356818],[-43.6761598,-20.1338141],[-43.6748194,-20.1328121],[-43.6748595,-20.1320023],[-43.67444,-20.1309432],[-43.6751539,-20.1274904],[-43.6750229,-20.1267269],[-43.67417,-20.1253639],[-43.6731281,-20.1247735],[-43.6720118,-20.124684],[-43.6708415,-20.124183],[-43.6689929,-20.1216003],[-43.6667411,-20.120553],[-43.6654519,-20.1188557],[-43.6641707,-20.1178575],[-43.6624682,-20.1172876],[-43.6617543,-20.1176002],[-43.6633891,-20.1135429],[-43.6657557,-20.1125839],[-43.6669812,-20.1123962],[-43.6661593,-20.1106083],[-43.666542,-20.109623],[-43.6681045,-20.108228],[-43.670588,-20.1071523],[-43.6715866,-20.1047143],[-43.6740452,-20.1025379],[-43.6767379,-20.101001],[-43.6773747,-20.1003612],[-43.6776001,-20.0995963],[-43.6773651,-20.0984511],[-43.6778853,-20.0974255],[-43.6795153,-20.0963695],[-43.6812294,-20.094725],[-43.6823445,-20.0941787],[-43.6837871,-20.0926705],[-43.6847861,-20.0896007],[-43.68793,-20.0864882],[-43.6890712,-20.0813943],[-43.6911577,-20.0802695],[-43.6916898,-20.079424],[-43.6903517,-20.0776368],[-43.6921023,-20.0763652],[-43.6939236,-20.0761336],[-43.6964023,-20.0761428],[-43.6971701,-20.0764549],[-43.697866,-20.0762894],[-43.7003276,-20.0775244],[-43.701362,-20.0776929],[-43.7054868,-20.0768493],[-43.7071547,-20.076988],[-43.7086443,-20.0762412],[-43.7091347,-20.0765148],[-43.7091613,-20.0761431],[-43.709598,-20.0760976],[-43.7102006,-20.0755104],[-43.7107644,-20.0761396],[-43.7111766,-20.0760757],[-43.7120032,-20.0753376],[-43.7136876,-20.0746496],[-43.714368,-20.0724468],[-43.7162494,-20.0697327],[-43.7167451,-20.0695094],[-43.7173254,-20.0698414],[-43.7197914,-20.0691285],[-43.7211288,-20.0661006],[-43.7225325,-20.0644011],[-43.7227355,-20.0631869],[-43.7248476,-20.0606811],[-43.7251301,-20.0596702],[-43.7280156,-20.057231],[-43.7280488,-20.0569571],[-43.7270148,-20.0561878],[-43.7272516,-20.0554868],[-43.7281953,-20.0545917],[-43.7275891,-20.0527551],[-43.7294254,-20.0513745],[-43.72939,-20.0507462],[-43.7283843,-20.0504426],[-43.7301335,-20.0483001],[-43.7296396,-20.0480472],[-43.7288375,-20.0482048],[-43.7289135,-20.0472473],[-43.7286347,-20.0465834],[-43.7289379,-20.0458577],[-43.7282589,-20.0453329],[-43.7288159,-20.0441514],[-43.7302476,-20.0431091],[-43.7306642,-20.0419696],[-43.7300305,-20.0383156],[-43.7305993,-20.0381363],[-43.7308182,-20.0374816],[-43.7316505,-20.0369602],[-43.7316317,-20.0359986],[-43.732993,-20.0340512],[-43.7328118,-20.03375],[-43.7318586,-20.034339],[-43.7311587,-20.034284],[-43.7313179,-20.0337124],[-43.7307393,-20.0332584],[-43.7316574,-20.0319892],[-43.7319659,-20.0309828],[-43.731945,-20.0303645],[-43.7311833,-20.0292864],[-43.7320213,-20.0290454],[-43.7324108,-20.0286088],[-43.7322751,-20.0269324],[-43.7329393,-20.025421],[-43.7327594,-20.0251491],[-43.7322028,-20.0253817],[-43.7295071,-20.0243782],[-43.7309583,-20.0236805],[-43.7316912,-20.0224225],[-43.7317221,-20.0212553],[-43.7309316,-20.0210509],[-43.7326733,-20.0189052],[-43.7324257,-20.0185751],[-43.7314072,-20.0182662],[-43.7320242,-20.0165431],[-43.7315573,-20.0165202],[-43.7309913,-20.0171249],[-43.7301295,-20.0159821],[-43.7292389,-20.0158594],[-43.7272986,-20.0148331],[-43.7270321,-20.0142035],[-43.7274259,-20.0136965],[-43.7287129,-20.0134221],[-43.730356,-20.0124257],[-43.7309492,-20.0113402],[-43.7305842,-20.010759],[-43.7316541,-20.0097446],[-43.7322358,-20.010474],[-43.7331945,-20.0104517],[-43.7331086,-20.0084765],[-43.7343292,-20.0072747],[-43.7343718,-20.0065087],[-43.7353092,-20.0061743],[-43.735172,-20.0057601],[-43.7342328,-20.005292],[-43.7340316,-20.0048386],[-43.7343901,-20.0017265],[-43.7369062,-20.0027096],[-43.7384387,-20.0040833],[-43.7389405,-20.0041883],[-43.7390878,-20.0047299],[-43.7403874,-20.0056751],[-43.7410116,-20.0068854],[-43.7428368,-20.0081259],[-43.7435708,-20.0105093],[-43.744036,-20.010999],[-43.7467871,-20.0117679],[-43.7477749,-20.012362],[-43.7484629,-20.0143655],[-43.7495001,-20.0145844],[-43.7503479,-20.0155617],[-43.7529636,-20.0170323],[-43.7535698,-20.0194219],[-43.7548871,-20.0200271],[-43.7544788,-20.0216688],[-43.755386,-20.0228623],[-43.7560423,-20.0229795],[-43.7572044,-20.0224719],[-43.7595361,-20.0204458],[-43.7609136,-20.0203522],[-43.7635577,-20.0178296],[-43.7657029,-20.0190812],[-43.7665579,-20.0200191],[-43.7675929,-20.0204673],[-43.7683853,-20.0203469],[-43.76876,-20.0199775],[-43.7726617,-20.0201675],[-43.774938,-20.0183949],[-43.775541,-20.0188393],[-43.7764287,-20.0187599],[-43.776725,-20.0191113],[-43.778488,-20.0196273],[-43.779204,-20.0204255],[-43.7795651,-20.0213812],[-43.7790561,-20.0223796],[-43.7784307,-20.022885],[-43.7782705,-20.0246033],[-43.7804291,-20.0268438],[-43.7816797,-20.0275851],[-43.7825949,-20.028769],[-43.7832299,-20.0291848],[-43.78433,-20.0293366],[-43.7863172,-20.0313084],[-43.7887019,-20.0344501],[-43.7901077,-20.0346291],[-43.7905836,-20.0353813],[-43.7914199,-20.0359399],[-43.7926464,-20.0379974],[-43.7924163,-20.0401736],[-43.7927112,-20.0405658],[-43.7934754,-20.0411518],[-43.7950588,-20.0416431],[-43.7980194,-20.043835],[-43.800853,-20.0442099],[-43.8018779,-20.0447961],[-43.8029363,-20.0462142],[-43.8054023,-20.0460516],[-43.806906,-20.0469397],[-43.8081498,-20.0472446],[-43.8103195,-20.0501154],[-43.8126898,-20.0518377],[-43.8146802,-20.0522252],[-43.8163917,-20.0534401],[-43.8160914,-20.0549886],[-43.8152296,-20.0566485],[-43.8167812,-20.0601273],[-43.818542,-20.0608725],[-43.8209644,-20.0629329],[-43.8233915,-20.0665241],[-43.8267067,-20.0681153],[-43.8272701,-20.0688523],[-43.8281067,-20.0690567],[-43.8282926,-20.0701357],[-43.8289661,-20.0707911],[-43.8291338,-20.0726716],[-43.8300446,-20.0749146],[-43.8295558,-20.0773768],[-43.8304773,-20.0780245],[-43.8307161,-20.079382],[-43.8305429,-20.0799514],[-43.831414,-20.0808102],[-43.8317993,-20.0822829],[-43.8321953,-20.0825704],[-43.8335283,-20.0824627],[-43.8348597,-20.0830924],[-43.8359394,-20.0829626],[-43.8361837,-20.0831667],[-43.8367295,-20.0838438],[-43.8365938,-20.0850364],[-43.8373919,-20.0854037],[-43.8381515,-20.087157],[-43.8393265,-20.087937],[-43.8409754,-20.0885292],[-43.8417097,-20.0894275],[-43.8416791,-20.0905253],[-43.8409616,-20.0920994],[-43.8432642,-20.0929702],[-43.845246,-20.0950385],[-43.8466792,-20.095339],[-43.8473322,-20.0963237],[-43.8478909,-20.0966164],[-43.8484226,-20.0976243],[-43.8490922,-20.0980996],[-43.8496445,-20.0992974],[-43.8497784,-20.1010933],[-43.8504178,-20.1023335],[-43.8501514,-20.1033333],[-43.8488014,-20.1045457],[-43.8489,-20.1056502],[-43.8500938,-20.1077011],[-43.8495109,-20.1095098],[-43.8499584,-20.1101217],[-43.849552,-20.1122584],[-43.8498417,-20.1129241],[-43.8503389,-20.1131843],[-43.8512418,-20.1162801],[-43.8518391,-20.1169066],[-43.853477,-20.1175811],[-43.8537679,-20.1180549],[-43.8536016,-20.1221586],[-43.853004,-20.1239089],[-43.8536152,-20.1251964],[-43.8538388,-20.1278539],[-43.8518339,-20.1299341],[-43.8524035,-20.1303454],[-43.8525191,-20.1315926],[-43.8531494,-20.1331282],[-43.8529348,-20.1339381],[-43.8532528,-20.1359781],[-43.8523055,-20.137768],[-43.8522742,-20.1384255],[-43.8539843,-20.1397867],[-43.8559761,-20.1405482],[-43.8557472,-20.1425671],[-43.8553228,-20.14332],[-43.8561666,-20.1462317],[-43.861275,-20.1478031],[-43.8621052,-20.1482508],[-43.8628611,-20.1493942],[-43.8627773,-20.1503738],[-43.8637518,-20.1516088],[-43.8639966,-20.1530224],[-43.8632849,-20.153368],[-43.8631859,-20.1538355],[-43.8632515,-20.1560824],[-43.8635391,-20.1565417],[-43.863206,-20.1571589],[-43.8633918,-20.1576851],[-43.8625224,-20.1589423],[-43.8625022,-20.1602244],[-43.8662829,-20.1596568],[-43.8666588,-20.1598619],[-43.8664917,-20.1604797],[-43.8672853,-20.1617683],[-43.8696637,-20.1608956],[-43.870941,-20.1612172],[-43.8713518,-20.1605583],[-43.8727885,-20.1609388],[-43.873983,-20.1607957],[-43.8731575,-20.1643653],[-43.8722262,-20.1655547],[-43.8717456,-20.1682787],[-43.8692274,-20.1722502],[-43.8674318,-20.1734187],[-43.8651202,-20.1742348],[-43.8637478,-20.1758775],[-43.8592187,-20.1867143],[-43.858647,-20.1903708],[-43.8573773,-20.1924382],[-43.8570716,-20.1945081],[-43.8564423,-20.1956747],[-43.8563175,-20.1972009],[-43.8553573,-20.1982284],[-43.8538363,-20.1982406]]]}},{"type":"Feature","properties":{"code":"17","name":"Florestal"},"geometry":{"type":"Polygon","coordinates":[[[-44.4384249,-19.9315761],[-44.4386012,-19.9301582],[-44.438136,-19.9283839],[-44.4366407,-19.9255893],[-44.4356643,-19.9251523],[-44.4337031,-19.9253281],[-44.4322217,-19.925105],[-44.4312443,-19.9239956],[-44.4288539,-19.922834],[-44.4279164,-19.9216631],[-44.4273419,-19.9213894],[-44.42373,-19.9217892],[-44.4206603,-19.9208301],[-44.4180993,-19.9209691],[-44.4150616,-19.9197238],[-44.4146242,-19.9208071],[-44.4129264,-19.921871],[-44.4122238,-19.9230065],[-44.4085121,-19.9234572],[-44.4068031,-19.9233548],[-44.4032364,-19.9209828],[-44.4016238,-19.9196979],[-44.4000344,-19.9176751],[-44.399354,-19.9175451],[-44.397553,-19.9182069],[-44.394552,-19.9207699],[-44.3919596,-19.9210869],[-44.3911925,-19.9214658],[-44.3888255,-19.9232964],[-44.388225,-19.9253786],[-44.3877837,-19.9257562],[-44.3869658,-19.9256607],[-44.3864383,-19.9247576],[-44.3856723,-19.924423],[-44.3856899,-19.9229786],[-44.3842672,-19.9207801],[-44.3844997,-19.9203408],[-44.384116,-19.9198852],[-44.3843017,-19.9195607],[-44.3840487,-19.9191473],[-44.3825273,-19.9191112],[-44.3818843,-19.9195189],[-44.3817148,-19.9186865],[-44.3806063,-19.9184184],[-44.379094,-19.9173304],[-44.380084,-19.9168484],[-44.3800037,-19.9162811],[-44.3787418,-19.9159242],[-44.3781345,-19.9159809],[-44.3777126,-19.9163658],[-44.3748914,-19.916027],[-44.3751177,-19.9158362],[-44.3751434,-19.9144474],[-44.3736864,-19.9137022],[-44.3727569,-19.9125844],[-44.3719573,-19.9126604],[-44.3713994,-19.9123328],[-44.3701231,-19.9122037],[-44.3698786,-19.9113259],[-44.3694777,-19.9111867],[-44.3690734,-19.9116447],[-44.3687137,-19.9107594],[-44.3681694,-19.9104831],[-44.3648009,-19.9113145],[-44.3643372,-19.9098012],[-44.3614104,-19.9093299],[-44.3596295,-19.9107764],[-44.3588202,-19.9109969],[-44.3579335,-19.9107694],[-44.3569914,-19.9111925],[-44.3572152,-19.9103987],[-44.3568383,-19.9099987],[-44.3571063,-19.9094638],[-44.356801,-19.9091998],[-44.3557369,-19.909154],[-44.3558409,-19.907663],[-44.3552778,-19.907807],[-44.3553516,-19.9074946],[-44.3548951,-19.9072561],[-44.3546666,-19.9065297],[-44.3551104,-19.9054825],[-44.3548483,-19.9050703],[-44.3554196,-19.9044936],[-44.3555845,-19.903785],[-44.3547569,-19.9030482],[-44.3534771,-19.9010875],[-44.352085,-19.9004512],[-44.3506216,-19.9010099],[-44.3488064,-19.9002838],[-44.3460225,-19.9002709],[-44.3449444,-19.8993573],[-44.3434018,-19.8986173],[-44.3425792,-19.8977314],[-44.3421853,-19.8969011],[-44.3422563,-19.8961564],[-44.3429597,-19.8942763],[-44.3454124,-19.8902355],[-44.3459376,-19.8881578],[-44.3459772,-19.8858974],[-44.3455434,-19.8852597],[-44.3429043,-19.8837828],[-44.3421166,-19.8830384],[-44.3413354,-19.8791022],[-44.3389633,-19.8753577],[-44.3400242,-19.8705683],[-44.3404569,-19.8699135],[-44.3413537,-19.8696585],[-44.3432815,-19.8698194],[-44.3444213,-19.8706443],[-44.3449382,-19.8716056],[-44.3441935,-19.8727707],[-44.3440691,-19.8742029],[-44.3444393,-19.8747969],[-44.3460052,-19.8759322],[-44.3475231,-19.8765396],[-44.3483359,-19.8765234],[-44.3502623,-19.8757492],[-44.3533583,-19.873433],[-44.355429,-19.8728192],[-44.3563114,-19.8743373],[-44.3575706,-19.8788767],[-44.3582057,-19.8798392],[-44.3587601,-19.8800394],[-44.3593786,-19.8798138],[-44.3604719,-19.876184],[-44.3616351,-19.8760298],[-44.3634545,-19.8763528],[-44.3642162,-19.8769554],[-44.365765,-19.8798046],[-44.3671445,-19.8843013],[-44.3688203,-19.8845404],[-44.3698408,-19.8842487],[-44.3701876,-19.8838614],[-44.3719904,-19.8810545],[-44.374006,-19.8756919],[-44.3741695,-19.8734944],[-44.372632,-19.8704971],[-44.3729251,-19.8700801],[-44.3754529,-19.8686354],[-44.3762312,-19.8674125],[-44.3754616,-19.8647709],[-44.3749377,-19.8647219],[-44.3741818,-19.8651674],[-44.3735953,-19.8648139],[-44.3733728,-19.8611786],[-44.3742534,-19.8604093],[-44.3769015,-19.8616825],[-44.3784507,-19.8616766],[-44.3795011,-19.8611334],[-44.3795598,-19.8606667],[-44.3782588,-19.8582285],[-44.3782112,-19.8570563],[-44.3793805,-19.8544961],[-44.3799471,-19.8503222],[-44.380669,-19.8486587],[-44.3811406,-19.8480223],[-44.3836847,-19.8467914],[-44.384027,-19.8463417],[-44.3839335,-19.8456113],[-44.3829931,-19.8443194],[-44.3830126,-19.8436215],[-44.3848831,-19.8427397],[-44.3908779,-19.8356744],[-44.3924154,-19.8348801],[-44.3929536,-19.8349888],[-44.3939033,-19.8358781],[-44.3952821,-19.8352818],[-44.3980811,-19.8319576],[-44.398602,-19.8299052],[-44.4031236,-19.8268918],[-44.403877,-19.8249642],[-44.4039088,-19.8233126],[-44.4035153,-19.8220993],[-44.4018006,-19.8192674],[-44.4023554,-19.8182218],[-44.4082194,-19.8150479],[-44.4113286,-19.8146136],[-44.4127867,-19.8139518],[-44.4138077,-19.8126208],[-44.414429,-19.8093838],[-44.4156836,-19.8079586],[-44.4173512,-19.8074463],[-44.4184099,-19.8075286],[-44.420049,-19.8082542],[-44.421215,-19.808213],[-44.4216207,-19.8078992],[-44.4218386,-19.806932],[-44.420066,-19.8053832],[-44.4187167,-19.8045318],[-44.4173677,-19.8051657],[-44.4166762,-19.8051201],[-44.4147416,-19.8027109],[-44.4130157,-19.7983023],[-44.4131888,-19.7977619],[-44.4161981,-19.7951471],[-44.4163147,-19.7933792],[-44.4160033,-19.7930218],[-44.4141511,-19.7926311],[-44.4127047,-19.7919671],[-44.4115083,-19.7903855],[-44.4112228,-19.7893179],[-44.4122888,-19.7869538],[-44.4144867,-19.7841364],[-44.4155101,-19.7833102],[-44.4169761,-19.783508],[-44.4196563,-19.7850312],[-44.4214883,-19.7856908],[-44.4234409,-19.7853372],[-44.4254957,-19.7843649],[-44.4256999,-19.783542],[-44.4242869,-19.7824838],[-44.4233639,-19.7809997],[-44.4235697,-19.7797219],[-44.4241792,-19.7793403],[-44.4279546,-19.7789541],[-44.4291102,-19.7785153],[-44.4303299,-19.7775455],[-44.4313515,-19.7752768],[-44.4314304,-19.7732608],[-44.4295347,-19.7703891],[-44.42777,-19.7667517],[-44.4265395,-19.765179],[-44.4264123,-19.7641053],[-44.4273452,-19.7632289],[-44.4286203,-19.7637216],[-44.4297931,-19.7659805],[-44.4311082,-19.7667151],[-44.4325364,-19.7665933],[-44.4344382,-19.7654282],[-44.4389349,-19.7640544],[-44.4412577,-19.7642513],[-44.4436676,-19.7654789],[-44.4432164,-19.7666282],[-44.4410957,-19.7666556],[-44.440073,-19.767433],[-44.4397147,-19.7681487],[-44.4408242,-19.7712646],[-44.441338,-19.7717735],[-44.4424449,-19.77196],[-44.4429396,-19.7730356],[-44.4436352,-19.7735252],[-44.4443256,-19.7753009],[-44.4439486,-19.7769704],[-44.4443655,-19.7782592],[-44.4432492,-19.7798614],[-44.4430671,-19.7805972],[-44.4425411,-19.7809279],[-44.4423539,-19.7817538],[-44.4435689,-19.7828836],[-44.4460813,-19.7829725],[-44.4470979,-19.7835742],[-44.4469266,-19.7839878],[-44.4474395,-19.7838346],[-44.4474616,-19.7841663],[-44.4480473,-19.7836928],[-44.4483129,-19.7838349],[-44.4480999,-19.7842407],[-44.4485466,-19.7850673],[-44.4480743,-19.7857199],[-44.4483784,-19.7859119],[-44.4479152,-19.7865017],[-44.44781,-19.7873952],[-44.446797,-19.7880633],[-44.4466004,-19.7891149],[-44.4474299,-19.7896785],[-44.4477351,-19.7890665],[-44.448394,-19.7890232],[-44.4500194,-19.7896511],[-44.4505248,-19.7902841],[-44.4516354,-19.7908286],[-44.4520047,-19.791679],[-44.4536982,-19.7918821],[-44.4536179,-19.7933276],[-44.4540002,-19.7937118],[-44.4543515,-19.7938742],[-44.4548909,-19.793527],[-44.4550799,-19.7938047],[-44.4567985,-19.793515],[-44.4578238,-19.7942918],[-44.4579531,-19.7948558],[-44.4589236,-19.7950103],[-44.4602574,-19.7961603],[-44.4604104,-19.7969567],[-44.4598113,-19.7981371],[-44.4599979,-19.7987258],[-44.460428,-19.7986084],[-44.4607891,-19.7990341],[-44.4606732,-19.7995005],[-44.4616535,-19.799668],[-44.461205,-19.8012872],[-44.4624704,-19.8028466],[-44.4628505,-19.804478],[-44.4627071,-19.8049053],[-44.4634326,-19.8057765],[-44.4636647,-19.8073635],[-44.464082,-19.8077545],[-44.4638578,-19.8081378],[-44.4642487,-19.8081828],[-44.4636767,-19.8098697],[-44.4644668,-19.8109732],[-44.4643797,-19.8115505],[-44.4671499,-19.8118141],[-44.468325,-19.8102722],[-44.4693164,-19.8100958],[-44.4711294,-19.8105829],[-44.4727663,-19.8094937],[-44.4742743,-19.8091799],[-44.4746624,-19.8086216],[-44.4756168,-19.8087213],[-44.4761298,-19.8082356],[-44.4769045,-19.808233],[-44.4791332,-19.8069918],[-44.4808958,-19.8075037],[-44.4820637,-19.8088353],[-44.4826613,-19.8091282],[-44.4832387,-19.8111891],[-44.4837938,-19.8112814],[-44.4833809,-19.8121684],[-44.483648,-19.8135313],[-44.4848889,-19.8162245],[-44.4847493,-19.8171496],[-44.4840121,-19.8171232],[-44.4840901,-19.8181555],[-44.4833517,-19.8195359],[-44.4835616,-19.8232613],[-44.4831207,-19.8244121],[-44.4832337,-19.8250637],[-44.4823715,-19.8268108],[-44.482064,-19.828309],[-44.4821864,-19.8293976],[-44.481316,-19.8328241],[-44.4823451,-19.834571],[-44.4822505,-19.8360554],[-44.4836387,-19.8373237],[-44.4852871,-19.8372586],[-44.4853894,-19.8384659],[-44.4867599,-19.8386316],[-44.4864853,-19.8390439],[-44.4870824,-19.8400124],[-44.4867559,-19.8420182],[-44.4886834,-19.8413906],[-44.490226,-19.8430359],[-44.4909352,-19.8434591],[-44.4921692,-19.8436207],[-44.4923593,-19.8442615],[-44.4927118,-19.844222],[-44.4926941,-19.8445743],[-44.4935167,-19.8450211],[-44.4946795,-19.8447615],[-44.4950802,-19.8451054],[-44.4959292,-19.8449743],[-44.4969648,-19.8440086],[-44.4977287,-19.8446073],[-44.4985395,-19.8444321],[-44.4985247,-19.8453537],[-44.4991424,-19.845876],[-44.4988036,-19.8466843],[-44.4993192,-19.8474104],[-44.5000928,-19.8475081],[-44.500608,-19.847958],[-44.5009749,-19.8477969],[-44.5023296,-19.8482579],[-44.5029127,-19.8480956],[-44.5032151,-19.8486328],[-44.5036989,-19.8482836],[-44.5056656,-19.8494559],[-44.5074163,-19.8497893],[-44.5078404,-19.850329],[-44.5073393,-19.8508089],[-44.507822,-19.8516812],[-44.5076648,-19.8521835],[-44.508088,-19.8523887],[-44.5085363,-19.8521417],[-44.5091692,-19.8543077],[-44.5089305,-19.8552715],[-44.5091627,-19.8561951],[-44.5090705,-19.8567362],[-44.5087804,-19.856806],[-44.5089265,-19.8574898],[-44.5085582,-19.857956],[-44.508614,-19.8584295],[-44.5095638,-19.8585103],[-44.5106491,-19.8600455],[-44.5118739,-19.8600386],[-44.5136436,-19.8594937],[-44.5145234,-19.8606446],[-44.5141494,-19.8609531],[-44.5141126,-19.861608],[-44.515139,-19.8620892],[-44.5157712,-19.8642607],[-44.5150642,-19.8658238],[-44.5153529,-19.8670373],[-44.5150353,-19.8704898],[-44.5156737,-19.8711122],[-44.5159594,-19.8710663],[-44.5170391,-19.8736098],[-44.5169422,-19.8747787],[-44.5174844,-19.8759153],[-44.5185335,-19.8765316],[-44.5200383,-19.8765356],[-44.520714,-19.8771954],[-44.5195263,-19.8786681],[-44.5185799,-19.8792588],[-44.5172911,-19.8814678],[-44.5172134,-19.8840615],[-44.5175636,-19.8850233],[-44.5171799,-19.8874152],[-44.5177228,-19.8893434],[-44.5175003,-19.8908011],[-44.5177177,-19.8925938],[-44.5168692,-19.8943336],[-44.5183578,-19.8968845],[-44.5186029,-19.8978918],[-44.5207839,-19.8990931],[-44.5227135,-19.8989659],[-44.5237701,-19.8995168],[-44.5242046,-19.8988393],[-44.5246286,-19.8986927],[-44.5254192,-19.8989122],[-44.526681,-19.8986285],[-44.528392,-19.8987723],[-44.5298451,-19.898267],[-44.5314971,-19.8986698],[-44.5336578,-19.8983113],[-44.5353858,-19.8986795],[-44.5365069,-19.89822],[-44.5380646,-19.8987615],[-44.5385412,-19.8982341],[-44.5390186,-19.89863],[-44.5415548,-19.898092],[-44.5411767,-19.900145],[-44.540474,-19.9007883],[-44.5394545,-19.9029817],[-44.5377489,-19.9045401],[-44.5350236,-19.9060951],[-44.5338749,-19.9082061],[-44.5314208,-19.9084981],[-44.5300733,-19.9096854],[-44.5292986,-19.9115528],[-44.5296521,-19.9121126],[-44.5295642,-19.9128586],[-44.5289044,-19.9133623],[-44.5284767,-19.9131646],[-44.5271123,-19.9133389],[-44.5256348,-19.9143721],[-44.5237953,-19.916852],[-44.5233092,-19.9183077],[-44.5235843,-19.9192365],[-44.5234644,-19.9203588],[-44.5243734,-19.9231565],[-44.5230475,-19.9272311],[-44.5222401,-19.9285064],[-44.5211745,-19.9316447],[-44.5226382,-19.9345435],[-44.5246865,-19.9373007],[-44.5246657,-19.9403728],[-44.5267522,-19.9431965],[-44.5273948,-19.9447787],[-44.5276761,-19.9464176],[-44.527793,-19.9524625],[-44.5273046,-19.954978],[-44.5262295,-19.9551655],[-44.5258614,-19.9549584],[-44.5261439,-19.9525191],[-44.524314,-19.9494024],[-44.5226818,-19.9475316],[-44.5217332,-19.9448298],[-44.5209926,-19.9446656],[-44.5210626,-19.944109],[-44.5203421,-19.94372],[-44.5202107,-19.9425655],[-44.5174783,-19.9406864],[-44.5175362,-19.9401165],[-44.5158893,-19.9390229],[-44.515323,-19.93916],[-44.515306,-19.9386586],[-44.5148496,-19.9386558],[-44.5143074,-19.9381689],[-44.5139007,-19.9370979],[-44.5127764,-19.9365655],[-44.5118223,-19.9346582],[-44.5105775,-19.9343517],[-44.5096728,-19.9337142],[-44.5091696,-19.9327669],[-44.5100519,-19.9315563],[-44.5100684,-19.9312339],[-44.5094345,-19.9306755],[-44.5101976,-19.9295642],[-44.509891,-19.9284939],[-44.5091623,-19.9283748],[-44.507196,-19.9299407],[-44.505679,-19.9304615],[-44.5054611,-19.931256],[-44.505009,-19.9316761],[-44.5035632,-19.931652],[-44.5028742,-19.9304148],[-44.5018061,-19.9306854],[-44.5011984,-19.9299065],[-44.4997656,-19.9298994],[-44.4973971,-19.9289862],[-44.4966267,-19.9284322],[-44.4961425,-19.9268757],[-44.4954956,-19.9268981],[-44.494763,-19.9263939],[-44.4941859,-19.9265054],[-44.4939937,-19.9261389],[-44.4934026,-19.9261665],[-44.4932212,-19.9251668],[-44.4926408,-19.9250875],[-44.4923273,-19.9246451],[-44.4916131,-19.9246193],[-44.4916515,-19.9243361],[-44.4912678,-19.9241521],[-44.4897879,-19.9240617],[-44.4891694,-19.9237549],[-44.4873625,-19.924313],[-44.4865032,-19.9226394],[-44.4864492,-19.9214207],[-44.4859168,-19.9208106],[-44.4853552,-19.9209856],[-44.4841521,-19.9205344],[-44.4841902,-19.9213235],[-44.4831052,-19.9218321],[-44.482676,-19.9199439],[-44.4835566,-19.9176816],[-44.4800743,-19.9164823],[-44.4792172,-19.9163587],[-44.4775885,-19.9169521],[-44.4747459,-19.9173753],[-44.4741851,-19.9171552],[-44.4726061,-19.9172545],[-44.470431,-19.9178764],[-44.4697488,-19.9174203],[-44.4694206,-19.9166846],[-44.4673109,-19.9163851],[-44.4574562,-19.9176434],[-44.4570631,-19.9180411],[-44.4566423,-19.9194593],[-44.4568652,-19.9199432],[-44.4574224,-19.9199305],[-44.4580502,-19.9205834],[-44.458448,-19.9213809],[-44.4585347,-19.9227418],[-44.4582191,-19.92345],[-44.4562852,-19.9246136],[-44.454532,-19.9264916],[-44.4537756,-19.9267995],[-44.4518395,-19.926733],[-44.4500471,-19.927205],[-44.4479137,-19.9290265],[-44.4441889,-19.9300885],[-44.4406885,-19.9319811],[-44.4388928,-19.9319818],[-44.4384249,-19.9315761]]]}},{"type":"Feature","properties":{"code":"18","name":"Igarapé"},"geometry":{"type":"Polygon","coordinates":[[[-44.2786785,-20.1118564],[-44.2781435,-20.1060779],[-44.2787368,-20.1042309],[-44.2777914,-20.1031058],[-44.2792696,-20.1020208],[-44.2811066,-20.1014224],[-44.2819196,-20.1006431],[-44.2821701,-20.0998802],[-44.2817683,-20.0986318],[-44.2820607,-20.0960038],[-44.2831557,-20.0947159],[-44.2855958,-20.0938323],[-44.2865178,-20.0931514],[-44.2871047,-20.0917207],[-44.2875456,-20.0889235],[-44.2869736,-20.0863431],[-44.2854799,-20.082662],[-44.2855428,-20.0811907],[-44.2837555,-20.0784756],[-44.2823976,-20.0750839],[-44.2800411,-20.0721455],[-44.279842,-20.0712411],[-44.2832008,-20.068128],[-44.2838808,-20.0663496],[-44.2840539,-20.0642013],[-44.2871194,-20.0618257],[-44.2893561,-20.061021],[-44.2910455,-20.0607816],[-44.2920845,-20.0602747],[-44.2927562,-20.0594954],[-44.2920482,-20.0589796],[-44.2918396,-20.05698],[-44.2910286,-20.0567623],[-44.2912324,-20.0573605],[-44.2901902,-20.0573087],[-44.2909375,-20.054415],[-44.2905354,-20.054146],[-44.2899453,-20.0542574],[-44.2893542,-20.053498],[-44.288973,-20.0540463],[-44.2891909,-20.0545336],[-44.2882454,-20.0550622],[-44.2882382,-20.0555643],[-44.2879218,-20.0554582],[-44.28757,-20.054701],[-44.2872633,-20.0548404],[-44.2869297,-20.0544534],[-44.2870297,-20.0539294],[-44.2866388,-20.0535521],[-44.2864148,-20.0525787],[-44.2856877,-20.0526819],[-44.2856319,-20.0517699],[-44.2863115,-20.0506999],[-44.2863179,-20.0496861],[-44.2859281,-20.0496113],[-44.2860509,-20.0490417],[-44.2855879,-20.0487784],[-44.2852557,-20.0489267],[-44.2850775,-20.0484765],[-44.2843431,-20.0479498],[-44.2835446,-20.0479259],[-44.2831626,-20.0473623],[-44.2838991,-20.0461571],[-44.2841966,-20.0447482],[-44.285144,-20.0442889],[-44.2849104,-20.0437281],[-44.2853727,-20.0431835],[-44.2860091,-20.0399822],[-44.2887732,-20.0388794],[-44.2884798,-20.0379335],[-44.2893899,-20.0374408],[-44.2908857,-20.0356011],[-44.2909296,-20.0349028],[-44.2916308,-20.0343866],[-44.2906459,-20.0338171],[-44.2897081,-20.0337688],[-44.2895487,-20.0347173],[-44.2886987,-20.0353127],[-44.2879214,-20.0364087],[-44.2866935,-20.0364783],[-44.2825588,-20.0349533],[-44.2809692,-20.0331891],[-44.2798946,-20.0327479],[-44.2793498,-20.0313697],[-44.2789805,-20.0316156],[-44.278524,-20.0315078],[-44.2772921,-20.0306914],[-44.2765181,-20.0281637],[-44.2765998,-20.0267516],[-44.2759741,-20.0256115],[-44.275981,-20.023009],[-44.273439,-20.0179628],[-44.2734804,-20.0161068],[-44.2716416,-20.0132593],[-44.2719919,-20.0122574],[-44.2715202,-20.009763],[-44.2717297,-20.0090223],[-44.2715526,-20.0079041],[-44.272211,-20.0063554],[-44.2717175,-20.0048219],[-44.2738461,-20.0043735],[-44.2764896,-20.0024638],[-44.2756436,-19.9993065],[-44.2760958,-19.9974418],[-44.2790431,-19.9933294],[-44.2797282,-19.9927786],[-44.2805436,-19.9929501],[-44.2822428,-19.9947939],[-44.2838117,-19.9956651],[-44.2870916,-19.9954349],[-44.2907486,-19.9960732],[-44.2928841,-19.995465],[-44.2950779,-19.9961223],[-44.296371,-19.9961819],[-44.2981487,-19.9985162],[-44.3014073,-20.0017136],[-44.3037157,-20.0010825],[-44.3089617,-20.0006207],[-44.3107832,-19.9993411],[-44.312454,-19.9975598],[-44.3137385,-19.99789],[-44.3155442,-19.9995032],[-44.3168356,-19.9998267],[-44.3179332,-19.9995058],[-44.3199712,-19.9977349],[-44.321625,-19.9970834],[-44.3228587,-19.9969621],[-44.3260969,-19.9982862],[-44.3275552,-19.9978004],[-44.3291634,-19.9962804],[-44.3306031,-19.9965081],[-44.3318526,-19.9971363],[-44.3324578,-19.9970402],[-44.3332105,-19.9964327],[-44.3346131,-19.9965071],[-44.335278,-19.997756],[-44.3374563,-19.9992957],[-44.338004,-20.0002139],[-44.3400217,-20.0005392],[-44.3411367,-20.0012906],[-44.3424589,-20.0045686],[-44.3446773,-20.0067161],[-44.344629,-20.0071683],[-44.3438813,-20.0077751],[-44.3436692,-20.0083469],[-44.3440382,-20.0087107],[-44.343904,-20.0092224],[-44.3444123,-20.0103013],[-44.3445703,-20.0116182],[-44.3456431,-20.0127357],[-44.3449079,-20.0135955],[-44.344939,-20.0142119],[-44.3455092,-20.0149949],[-44.3441589,-20.0152601],[-44.3445279,-20.0158029],[-44.3441628,-20.0161312],[-44.3442988,-20.0176436],[-44.3448299,-20.0171878],[-44.3466108,-20.0178657],[-44.3467797,-20.0175653],[-44.3470803,-20.0176172],[-44.3476617,-20.018203],[-44.3476714,-20.0188397],[-44.3480051,-20.0192023],[-44.3483896,-20.019191],[-44.3488852,-20.0199823],[-44.349323,-20.0199062],[-44.3497914,-20.0203219],[-44.3496585,-20.0209071],[-44.3501283,-20.021322],[-44.3501976,-20.0221788],[-44.3514445,-20.022728],[-44.3512839,-20.0230468],[-44.3510265,-20.0227011],[-44.3506244,-20.0229822],[-44.3505395,-20.0237007],[-44.3516205,-20.0246674],[-44.3517974,-20.0255934],[-44.3515061,-20.026082],[-44.3519788,-20.0263639],[-44.3520961,-20.0270878],[-44.3524377,-20.0269791],[-44.3525836,-20.027834],[-44.3524813,-20.0281574],[-44.3520889,-20.0280864],[-44.35205,-20.0288699],[-44.3525421,-20.029831],[-44.353268,-20.0297472],[-44.3534504,-20.0294093],[-44.3539123,-20.03027],[-44.3542846,-20.0299887],[-44.3554647,-20.0304372],[-44.3559705,-20.0303462],[-44.3557811,-20.030859],[-44.3561202,-20.0310205],[-44.3558703,-20.0313801],[-44.3562066,-20.0319263],[-44.3565561,-20.0317717],[-44.3569752,-20.0322424],[-44.3577492,-20.0324906],[-44.3576185,-20.0330081],[-44.3579033,-20.0331113],[-44.3580664,-20.0339011],[-44.358786,-20.0342742],[-44.3582366,-20.036045],[-44.3585779,-20.0363937],[-44.35902,-20.0363726],[-44.3597695,-20.0375997],[-44.3602318,-20.0374562],[-44.3610317,-20.03804],[-44.3609459,-20.0396239],[-44.3615724,-20.0398389],[-44.3619309,-20.0396341],[-44.3620022,-20.0399246],[-44.3625682,-20.0400286],[-44.3626395,-20.0403008],[-44.3630779,-20.0402123],[-44.3635499,-20.0406531],[-44.3643444,-20.0402718],[-44.3644485,-20.0407859],[-44.3653758,-20.0409763],[-44.3654003,-20.0413426],[-44.3667028,-20.0416234],[-44.3669911,-20.0419926],[-44.3665325,-20.0424278],[-44.3670491,-20.042824],[-44.3669637,-20.0438599],[-44.3674372,-20.0447658],[-44.3678562,-20.044852],[-44.3676971,-20.0456571],[-44.368227,-20.0459696],[-44.3682759,-20.0466138],[-44.3686406,-20.0465807],[-44.3686364,-20.0471262],[-44.3690708,-20.047297],[-44.3688826,-20.0500438],[-44.3694485,-20.0509687],[-44.3696338,-20.0529084],[-44.3695734,-20.0544739],[-44.3687871,-20.0561269],[-44.3688163,-20.0579441],[-44.3694928,-20.05923],[-44.3703787,-20.0595936],[-44.3699996,-20.0604725],[-44.3693174,-20.0608311],[-44.3690813,-20.0616572],[-44.3693818,-20.062872],[-44.3691728,-20.0647644],[-44.3698909,-20.0662954],[-44.3703369,-20.0662919],[-44.3703402,-20.0666248],[-44.3708946,-20.0669215],[-44.3712193,-20.0668477],[-44.3713241,-20.0673497],[-44.3725917,-20.0677928],[-44.3732857,-20.0684402],[-44.3740115,-20.0698051],[-44.3753331,-20.0709332],[-44.3756679,-20.0719012],[-44.3756823,-20.0726655],[-44.3752208,-20.0732926],[-44.3746137,-20.0762145],[-44.3746735,-20.0772985],[-44.3730028,-20.0816753],[-44.3718979,-20.0825314],[-44.3718925,-20.083683],[-44.3708902,-20.0844737],[-44.3692202,-20.0883182],[-44.3676503,-20.0948798],[-44.3663057,-20.0974192],[-44.3645043,-20.0983242],[-44.3630287,-20.1004223],[-44.3618244,-20.1042856],[-44.362093,-20.1059721],[-44.3617607,-20.1079006],[-44.3618885,-20.1093017],[-44.3611934,-20.1100358],[-44.3603228,-20.1116091],[-44.3600978,-20.1126694],[-44.359052,-20.1141944],[-44.3592666,-20.1173774],[-44.3590588,-20.1184464],[-44.3579004,-20.1207169],[-44.3565709,-20.1212926],[-44.3562401,-20.1217255],[-44.3569511,-20.1230183],[-44.3578705,-20.1231754],[-44.3558416,-20.1236113],[-44.355298,-20.1226851],[-44.3532151,-20.122122],[-44.3528133,-20.121398],[-44.349872,-20.1212585],[-44.3478705,-20.1206187],[-44.3462461,-20.120635],[-44.3439443,-20.1197713],[-44.3419038,-20.1203594],[-44.3407924,-20.1199762],[-44.3383754,-20.1201781],[-44.3369973,-20.1196806],[-44.3356034,-20.120002],[-44.3336623,-20.1195344],[-44.3320751,-20.1195373],[-44.3311204,-20.1188766],[-44.3296486,-20.1187739],[-44.3287958,-20.1183822],[-44.3269241,-20.1166455],[-44.3254726,-20.1162232],[-44.3244164,-20.1162855],[-44.3235218,-20.1154318],[-44.3211574,-20.115438],[-44.3182867,-20.1139686],[-44.3149578,-20.1138261],[-44.3120519,-20.1142649],[-44.3041023,-20.1171868],[-44.3040022,-20.1185482],[-44.3032415,-20.1187384],[-44.3027383,-20.1185754],[-44.3020839,-20.1167204],[-44.2999357,-20.1142141],[-44.2986682,-20.1134696],[-44.2959303,-20.1133145],[-44.2906262,-20.1150642],[-44.2876442,-20.1132286],[-44.2827047,-20.1139629],[-44.2819487,-20.1136555],[-44.280329,-20.1121005],[-44.2786785,-20.1118564]]]}},{"type":"Feature","properties":{"code":"19","name":"Taquaraçu de Minas"},"geometry":{"type":"Polygon","coordinates":[[[-43.629993,-19.691056],[-43.633746,-19.687501],[-43.6333972,-19.686894],[-43.6313559,-19.686446],[-43.6296489,-19.685532],[-43.6296881,-19.6848151],[-43.630717,-19.683418],[-43.63109,-19.6821659],[-43.6310482,-19.680943],[-43.6303559,-19.679301],[-43.6281721,-19.677354],[-43.6265571,-19.676878],[-43.6251381,-19.677415],[-43.6240541,-19.677451],[-43.6234479,-19.675877],[-43.621547,-19.6758771],[-43.6207749,-19.675552],[-43.619661,-19.674308],[-43.6172119,-19.674349],[-43.6163771,-19.6738859],[-43.6177732,-19.671676],[-43.6185039,-19.6717129],[-43.6194899,-19.672474],[-43.6202341,-19.6725111],[-43.62282,-19.6700789],[-43.6237762,-19.669571],[-43.6247399,-19.6679199],[-43.625556,-19.6643311],[-43.623892,-19.664686],[-43.6230741,-19.6645581],[-43.6222192,-19.6626871],[-43.619581,-19.6622],[-43.6167871,-19.660133],[-43.6156941,-19.655091],[-43.6143219,-19.653665],[-43.6132631,-19.651912],[-43.6122698,-19.651462],[-43.610931,-19.651594],[-43.6106541,-19.650939],[-43.6104989,-19.6484941],[-43.6109282,-19.6477729],[-43.6118219,-19.6471851],[-43.6118789,-19.64513],[-43.6134269,-19.643425],[-43.6134319,-19.642894],[-43.6126871,-19.641842],[-43.612601,-19.640908],[-43.6119412,-19.640708],[-43.6115109,-19.639559],[-43.61085,-19.639371],[-43.610594,-19.638439],[-43.6087959,-19.636152],[-43.604411,-19.633516],[-43.6037878,-19.6324971],[-43.6036201,-19.629971],[-43.6032209,-19.629283],[-43.60199,-19.628351],[-43.5997271,-19.62771],[-43.5986089,-19.627019],[-43.5985891,-19.625473],[-43.5991681,-19.623307],[-43.5986421,-19.6204281],[-43.598844,-19.616454],[-43.5982421,-19.61428],[-43.5985571,-19.61146],[-43.598097,-19.609884],[-43.596513,-19.608068],[-43.5957502,-19.6065881],[-43.595897,-19.60392],[-43.595149,-19.602659],[-43.595914,-19.597075],[-43.5950791,-19.594765],[-43.5952018,-19.5930659],[-43.5955579,-19.592416],[-43.5953542,-19.590802],[-43.5929789,-19.584471],[-43.5929422,-19.582705],[-43.5936229,-19.5781031],[-43.5933421,-19.576236],[-43.592715,-19.574916],[-43.5914039,-19.573397],[-43.5911192,-19.572165],[-43.589528,-19.570627],[-43.588445,-19.568943],[-43.588922,-19.5663979],[-43.5884191,-19.565169],[-43.5884822,-19.563529],[-43.588192,-19.562828],[-43.5876008,-19.56235],[-43.5875529,-19.561474],[-43.588408,-19.5598941],[-43.5863099,-19.553293],[-43.585318,-19.551055],[-43.5843529,-19.5499],[-43.5771709,-19.547355],[-43.5755131,-19.546337],[-43.574778,-19.545099],[-43.574769,-19.542548],[-43.5752601,-19.541076],[-43.5761111,-19.540085],[-43.5763091,-19.5385011],[-43.5770359,-19.5382379],[-43.5798061,-19.538666],[-43.580328,-19.536744],[-43.581568,-19.5347779],[-43.5821429,-19.532313],[-43.5828082,-19.531046],[-43.5834781,-19.5266171],[-43.5824409,-19.5192309],[-43.5826361,-19.517416],[-43.5822328,-19.513693],[-43.5824431,-19.513956],[-43.583989,-19.5139479],[-43.5870382,-19.516128],[-43.5883078,-19.518236],[-43.591414,-19.521915],[-43.592229,-19.521882],[-43.593885,-19.521019],[-43.5946201,-19.521368],[-43.5955749,-19.522661],[-43.5970069,-19.5231861],[-43.597697,-19.5229581],[-43.5981262,-19.523149],[-43.60005,-19.5249381],[-43.601278,-19.526666],[-43.6016581,-19.5277121],[-43.6012139,-19.5291019],[-43.60195,-19.530409],[-43.604776,-19.532314],[-43.6078689,-19.5331879],[-43.6092941,-19.5341519],[-43.611633,-19.534238],[-43.6178721,-19.5355119],[-43.620286,-19.5410581],[-43.621056,-19.542203],[-43.6215711,-19.5442281],[-43.623085,-19.544521],[-43.624769,-19.545654],[-43.6275061,-19.545482],[-43.62885,-19.5458579],[-43.6312299,-19.5480219],[-43.6320839,-19.549893],[-43.6336189,-19.550855],[-43.635034,-19.551034],[-43.6369709,-19.550213],[-43.6374839,-19.550322],[-43.6397019,-19.553977],[-43.6396129,-19.5545441],[-43.6376678,-19.556611],[-43.636914,-19.5584091],[-43.6369702,-19.560729],[-43.6372819,-19.5612911],[-43.6379699,-19.561675],[-43.641139,-19.561866],[-43.6431251,-19.5602371],[-43.6465109,-19.560276],[-43.6490989,-19.56164],[-43.6512939,-19.5618439],[-43.6523479,-19.5623039],[-43.6539442,-19.565008],[-43.654644,-19.565392],[-43.6567618,-19.563564],[-43.658937,-19.563272],[-43.6607258,-19.562314],[-43.6630201,-19.560023],[-43.6639078,-19.558223],[-43.6646099,-19.5552701],[-43.6662349,-19.553091],[-43.6669131,-19.5493191],[-43.6680472,-19.548566],[-43.669278,-19.548643],[-43.6706201,-19.549677],[-43.6712018,-19.5521281],[-43.6725489,-19.5535311],[-43.675272,-19.554062],[-43.676438,-19.554706],[-43.676925,-19.555577],[-43.677283,-19.557615],[-43.67763,-19.5580839],[-43.6783151,-19.55826],[-43.6804229,-19.555775],[-43.6823489,-19.5524489],[-43.6846691,-19.551196],[-43.6864349,-19.551232],[-43.6892961,-19.5546349],[-43.6915109,-19.5588321],[-43.6947159,-19.561608],[-43.6985702,-19.562829],[-43.7001329,-19.564009],[-43.7009029,-19.564172],[-43.70212,-19.564134],[-43.7040349,-19.563509],[-43.7045378,-19.56206],[-43.7046189,-19.56005],[-43.7051121,-19.558751],[-43.706484,-19.557602],[-43.7072951,-19.55728],[-43.7087812,-19.555587],[-43.710683,-19.5540159],[-43.7153529,-19.551024],[-43.7187172,-19.549572],[-43.720074,-19.549936],[-43.7271862,-19.555928],[-43.7284101,-19.556362],[-43.728885,-19.556356],[-43.7305568,-19.554891],[-43.7320328,-19.552529],[-43.7329401,-19.55209],[-43.7349399,-19.552295],[-43.736926,-19.553239],[-43.7396361,-19.553677],[-43.7410599,-19.555309],[-43.7426079,-19.556305],[-43.7434949,-19.556132],[-43.7449888,-19.555062],[-43.745913,-19.554923],[-43.7495051,-19.556147],[-43.7514771,-19.5559759],[-43.754666,-19.5536501],[-43.756925,-19.5565799],[-43.7581491,-19.559138],[-43.758842,-19.559914],[-43.7597179,-19.560436],[-43.7624229,-19.5610439],[-43.7636379,-19.56233],[-43.7651078,-19.564229],[-43.7678751,-19.568836],[-43.7692298,-19.5726189],[-43.768881,-19.575346],[-43.7688821,-19.579044],[-43.7698429,-19.579913],[-43.7723809,-19.579157],[-43.773381,-19.579356],[-43.774219,-19.580387],[-43.775068,-19.582238],[-43.7761371,-19.5834661],[-43.7769781,-19.587895],[-43.7765461,-19.5899049],[-43.7758099,-19.5913591],[-43.7757778,-19.594179],[-43.779046,-19.59866],[-43.7803492,-19.59931],[-43.781288,-19.599105],[-43.7817622,-19.599638],[-43.7819671,-19.600713],[-43.7816229,-19.6015329],[-43.7824001,-19.6029681],[-43.7823489,-19.603464],[-43.783713,-19.604138],[-43.784636,-19.6056781],[-43.7835718,-19.606819],[-43.7828029,-19.6068639],[-43.7814472,-19.607785],[-43.7814579,-19.608235],[-43.782017,-19.608803],[-43.7820231,-19.611011],[-43.7822481,-19.6111311],[-43.775987,-19.610868],[-43.775315,-19.611098],[-43.7751291,-19.612322],[-43.7766091,-19.615273],[-43.7767859,-19.6171],[-43.775963,-19.619398],[-43.7752289,-19.620205],[-43.774179,-19.62041],[-43.7707281,-19.620055],[-43.770132,-19.619602],[-43.769807,-19.618157],[-43.7701061,-19.615915],[-43.769803,-19.61521],[-43.7683432,-19.614143],[-43.7681402,-19.6124429],[-43.7693029,-19.6109781],[-43.771024,-19.61044],[-43.771112,-19.609712],[-43.7694851,-19.606911],[-43.767513,-19.605865],[-43.76672,-19.605944],[-43.7647511,-19.6076841],[-43.7644019,-19.6104111],[-43.764047,-19.610803],[-43.7605582,-19.6110249],[-43.7596651,-19.6118431],[-43.7565021,-19.6216121],[-43.7552769,-19.623516],[-43.754954,-19.625434],[-43.7554192,-19.629099],[-43.7579489,-19.6316129],[-43.75809,-19.633289],[-43.7570849,-19.634882],[-43.756862,-19.636129],[-43.758787,-19.641],[-43.7590271,-19.6425259],[-43.75813,-19.644708],[-43.756304,-19.647489],[-43.754962,-19.655598],[-43.7562929,-19.6592191],[-43.757131,-19.6605511],[-43.7579841,-19.661061],[-43.7585551,-19.661849],[-43.758419,-19.662345],[-43.7567962,-19.662561],[-43.7548889,-19.663827],[-43.7537138,-19.66513],[-43.7536378,-19.665939],[-43.7560449,-19.6688109],[-43.7571101,-19.671888],[-43.7591581,-19.672379],[-43.7597669,-19.672843],[-43.7614809,-19.674986],[-43.7635079,-19.6785159],[-43.766874,-19.6790679],[-43.7700589,-19.683248],[-43.7711242,-19.6862329],[-43.7734451,-19.689579],[-43.773867,-19.6910829],[-43.7725509,-19.6948241],[-43.7731171,-19.697322],[-43.771144,-19.700148],[-43.770726,-19.701326],[-43.7708329,-19.702297],[-43.771599,-19.7031999],[-43.77371,-19.7034141],[-43.777524,-19.705388],[-43.7804549,-19.708979],[-43.7811549,-19.711743],[-43.783174,-19.7141281],[-43.7828659,-19.7153222],[-43.7798585,-19.7166757],[-43.7783742,-19.7165326],[-43.7772539,-19.7148744],[-43.7766329,-19.7149367],[-43.7760673,-19.7153783],[-43.7761742,-19.7184082],[-43.7756702,-19.7193963],[-43.7734764,-19.7208275],[-43.7724039,-19.7226071],[-43.7728,-19.7238251],[-43.7725422,-19.7253663],[-43.7712415,-19.7260401],[-43.7705658,-19.7259361],[-43.7702231,-19.7253875],[-43.7698487,-19.7258205],[-43.7681433,-19.7260011],[-43.7675846,-19.7265197],[-43.7666699,-19.7261449],[-43.7668506,-19.7248655],[-43.7638334,-19.7251198],[-43.7634929,-19.7256825],[-43.7623978,-19.7256161],[-43.762175,-19.7265921],[-43.7615229,-19.7262978],[-43.7610903,-19.7271655],[-43.760119,-19.7275221],[-43.7603836,-19.728107],[-43.7594102,-19.7289193],[-43.7592985,-19.7297756],[-43.758589,-19.7299598],[-43.7584795,-19.7303577],[-43.7576727,-19.7308837],[-43.7563479,-19.7310002],[-43.7554195,-19.7304322],[-43.7547913,-19.7308729],[-43.7544242,-19.7305087],[-43.7537768,-19.73099],[-43.7522576,-19.730163],[-43.7512615,-19.7304511],[-43.7497513,-19.7299434],[-43.7491361,-19.7304903],[-43.7494587,-19.7312198],[-43.7488326,-19.7315923],[-43.748383,-19.7324338],[-43.7477073,-19.7326186],[-43.7466848,-19.7323434],[-43.74594,-19.7333009],[-43.7452794,-19.7330303],[-43.7452294,-19.7321446],[-43.743402,-19.7325635],[-43.7426979,-19.731379],[-43.7408014,-19.7320804],[-43.7406102,-19.7317362],[-43.7402445,-19.7317366],[-43.7386939,-19.732712],[-43.7391003,-19.734167],[-43.7389157,-19.7346465],[-43.7384865,-19.7347773],[-43.7383721,-19.7352294],[-43.7369097,-19.7357561],[-43.7351739,-19.7350374],[-43.7344463,-19.7350478],[-43.7333133,-19.7357442],[-43.7331942,-19.7362625],[-43.7328065,-19.7364975],[-43.7320332,-19.73624],[-43.7308366,-19.736799],[-43.7306019,-19.7358489],[-43.7273568,-19.7350586],[-43.7270724,-19.7355713],[-43.7272693,-19.73592],[-43.7268462,-19.7363466],[-43.7273399,-19.7367125],[-43.7267416,-19.7382852],[-43.7272067,-19.7388388],[-43.7260921,-19.7400689],[-43.72588,-19.7409299],[-43.7259643,-19.7416283],[-43.7264521,-19.7420695],[-43.7262786,-19.7427553],[-43.7247339,-19.7435331],[-43.7237388,-19.7432231],[-43.7229165,-19.7434705],[-43.7221825,-19.7431512],[-43.7212113,-19.7432822],[-43.7181088,-19.741818],[-43.7175245,-19.742336],[-43.7167861,-19.7422489],[-43.7161256,-19.7428385],[-43.715407,-19.7427129],[-43.7152165,-19.7423959],[-43.7126281,-19.7412134],[-43.7105423,-19.7409127],[-43.7093593,-19.741937],[-43.7097409,-19.7433642],[-43.7110559,-19.7448966],[-43.7107914,-19.7463335],[-43.7099785,-19.7466393],[-43.7077851,-19.7462922],[-43.7066799,-19.7440929],[-43.7065776,-19.7432244],[-43.707947,-19.7406562],[-43.7086037,-19.7400819],[-43.709526,-19.7399772],[-43.7117512,-19.7388062],[-43.7121835,-19.7378313],[-43.7111193,-19.7377],[-43.7093799,-19.736869],[-43.7040897,-19.7321486],[-43.7044734,-19.7306522],[-43.7042884,-19.7292819],[-43.7035456,-19.7278134],[-43.7030396,-19.7274827],[-43.7018299,-19.7275391],[-43.7000165,-19.7283295],[-43.6991022,-19.7298324],[-43.698299,-19.7304786],[-43.6959083,-19.7305509],[-43.6934362,-19.7294227],[-43.6914277,-19.729492],[-43.6894827,-19.7287737],[-43.6872424,-19.7285789],[-43.6854352,-19.7266894],[-43.6848775,-19.7251952],[-43.6837597,-19.7244776],[-43.6821087,-19.7243473],[-43.6782514,-19.7250966],[-43.6760338,-19.723973],[-43.6749725,-19.7242215],[-43.6740587,-19.7255026],[-43.6707345,-19.7267256],[-43.6687412,-19.7287942],[-43.6668084,-19.7287025],[-43.66553,-19.729711],[-43.6655826,-19.7312539],[-43.6651235,-19.7317427],[-43.6628862,-19.7318228],[-43.6588899,-19.7326933],[-43.6574865,-19.732467],[-43.6543409,-19.7335698],[-43.6524195,-19.7337282],[-43.6516945,-19.7330604],[-43.6512172,-19.7282344],[-43.6507941,-19.726408],[-43.6500317,-19.7252501],[-43.6478353,-19.7234604],[-43.6450375,-19.7233523],[-43.6423143,-19.7211568],[-43.6403769,-19.7212965],[-43.6391777,-19.7207494],[-43.6386384,-19.7197125],[-43.6369943,-19.7191881],[-43.6356087,-19.7174748],[-43.6348313,-19.715952],[-43.6334275,-19.714756],[-43.6331768,-19.7123089],[-43.632284,-19.7108358],[-43.6323838,-19.7093803],[-43.6330563,-19.7085109],[-43.6343515,-19.7080957],[-43.6367204,-19.7054705],[-43.6370051,-19.7045793],[-43.6365608,-19.7029794],[-43.6367794,-19.7016209],[-43.6363755,-19.7006688],[-43.6344181,-19.700422],[-43.6328903,-19.699377],[-43.6318748,-19.6970389],[-43.6302468,-19.695708],[-43.628908,-19.6955582],[-43.6287133,-19.6948334],[-43.6289032,-19.692777],[-43.629993,-19.691056]]]}},{"type":"Feature","properties":{"code":"20","name":"Itaguara"},"geometry":{"type":"Polygon","coordinates":[[[-44.5660236,-20.2789553],[-44.5693461,-20.279091],[-44.5710129,-20.280061],[-44.5740389,-20.280707],[-44.5763649,-20.281618],[-44.5770602,-20.281629],[-44.5792629,-20.279821],[-44.5803952,-20.279252],[-44.5811518,-20.2791951],[-44.581828,-20.2796421],[-44.5833659,-20.281681],[-44.5877499,-20.283487],[-44.5908549,-20.286666],[-44.5917139,-20.2884509],[-44.5915509,-20.2901059],[-44.591022,-20.291077],[-44.5904888,-20.293658],[-44.5909529,-20.296439],[-44.5917971,-20.2970279],[-44.5934339,-20.297571],[-44.5947699,-20.298605],[-44.6015761,-20.300125],[-44.6057201,-20.301755],[-44.607119,-20.302029],[-44.6078319,-20.3016949],[-44.6083441,-20.301024],[-44.609616,-20.2979931],[-44.6115032,-20.29755],[-44.6129431,-20.297503],[-44.615048,-20.299239],[-44.6163721,-20.29957],[-44.620195,-20.300043],[-44.6217941,-20.299308],[-44.6224742,-20.299445],[-44.6263481,-20.304062],[-44.6276228,-20.306556],[-44.630416,-20.310179],[-44.6303499,-20.311179],[-44.6287258,-20.312651],[-44.6281442,-20.313839],[-44.6295892,-20.315668],[-44.6309781,-20.316529],[-44.6317211,-20.321605],[-44.633359,-20.3228161],[-44.6344171,-20.3230279],[-44.637142,-20.322827],[-44.6388998,-20.324166],[-44.6417701,-20.324728],[-44.6436112,-20.324123],[-44.6443769,-20.322857],[-44.6459108,-20.321625],[-44.6482271,-20.321016],[-44.6489921,-20.3212351],[-44.6510081,-20.321116],[-44.6520449,-20.322547],[-44.6522828,-20.327201],[-44.6550779,-20.3328939],[-44.6578718,-20.335826],[-44.6589022,-20.3377529],[-44.657465,-20.3389621],[-44.6557709,-20.3394999],[-44.6543579,-20.3408139],[-44.6538809,-20.3408759],[-44.6523019,-20.339701],[-44.651511,-20.339562],[-44.6501801,-20.341096],[-44.650264,-20.341846],[-44.6516701,-20.3417399],[-44.652214,-20.342036],[-44.6526079,-20.343239],[-44.653257,-20.3438131],[-44.653923,-20.344145],[-44.6556049,-20.344297],[-44.6555049,-20.345125],[-44.6539681,-20.346529],[-44.654143,-20.347003],[-44.6551139,-20.347294],[-44.6547949,-20.349557],[-44.6548792,-20.351791],[-44.6532649,-20.353447],[-44.6529261,-20.3547079],[-44.651232,-20.356708],[-44.651079,-20.357776],[-44.650341,-20.358859],[-44.6505142,-20.360173],[-44.6513051,-20.361037],[-44.6517518,-20.3612859],[-44.6532689,-20.3611011],[-44.654112,-20.3617469],[-44.6544291,-20.362477],[-44.654305,-20.364029],[-44.6534201,-20.365109],[-44.6512971,-20.365814],[-44.6498331,-20.3657799],[-44.6493629,-20.366107],[-44.64864,-20.367005],[-44.6480348,-20.3688719],[-44.6473181,-20.369356],[-44.64482,-20.369836],[-44.6435932,-20.368793],[-44.642363,-20.368659],[-44.6416982,-20.371124],[-44.640558,-20.3728679],[-44.6395331,-20.373566],[-44.64167,-20.3770401],[-44.6419019,-20.377768],[-44.6416981,-20.37826],[-44.636638,-20.379369],[-44.6352221,-20.379359],[-44.6340841,-20.3788],[-44.6336302,-20.3789549],[-44.633043,-20.3811669],[-44.6320918,-20.382534],[-44.6316379,-20.3854851],[-44.631189,-20.386077],[-44.6297551,-20.386389],[-44.6295989,-20.38695],[-44.6298221,-20.3875059],[-44.6313752,-20.38875],[-44.6316199,-20.38941],[-44.6296658,-20.390174],[-44.6295589,-20.390725],[-44.6303481,-20.39099],[-44.6315109,-20.3907661],[-44.632237,-20.391146],[-44.6315861,-20.392805],[-44.6317009,-20.393198],[-44.6338159,-20.393046],[-44.634501,-20.393701],[-44.6343862,-20.394677],[-44.6330271,-20.3956],[-44.632674,-20.396999],[-44.6306649,-20.3981079],[-44.6311199,-20.400785],[-44.6305838,-20.404955],[-44.6297339,-20.40538],[-44.6277611,-20.4051539],[-44.6273061,-20.405343],[-44.627255,-20.406148],[-44.6278201,-20.406686],[-44.628075,-20.407449],[-44.6274332,-20.407888],[-44.6263629,-20.407642],[-44.6255729,-20.4081481],[-44.6239551,-20.408526],[-44.623327,-20.408125],[-44.6227751,-20.408243],[-44.622382,-20.4091119],[-44.6223291,-20.41078],[-44.6213959,-20.412469],[-44.620349,-20.4130401],[-44.618453,-20.412516],[-44.61767,-20.412596],[-44.6170389,-20.4130701],[-44.6166439,-20.414077],[-44.6161129,-20.414379],[-44.616226,-20.415636],[-44.6150261,-20.416561],[-44.6152838,-20.4178771],[-44.6146089,-20.418788],[-44.613774,-20.4190509],[-44.6134,-20.419494],[-44.6131461,-20.4207679],[-44.6139119,-20.423082],[-44.6137948,-20.4241731],[-44.6148029,-20.4245341],[-44.6146449,-20.4259011],[-44.616613,-20.426473],[-44.6167891,-20.4275691],[-44.6161691,-20.428112],[-44.6125911,-20.4295989],[-44.611758,-20.4311401],[-44.6107478,-20.430964],[-44.6103292,-20.430474],[-44.6104059,-20.432351],[-44.6100091,-20.43269],[-44.6092639,-20.432748],[-44.6088301,-20.4338351],[-44.608045,-20.43403],[-44.607353,-20.4337659],[-44.606836,-20.434057],[-44.6057111,-20.436261],[-44.6037531,-20.436461],[-44.6029171,-20.4368281],[-44.6033902,-20.437687],[-44.6023569,-20.438109],[-44.6019951,-20.4385519],[-44.6017539,-20.4398139],[-44.6008151,-20.441135],[-44.6001862,-20.442921],[-44.5984089,-20.4439641],[-44.5986349,-20.444336],[-44.5997869,-20.444043],[-44.6001991,-20.444233],[-44.5991991,-20.445576],[-44.599401,-20.446604],[-44.599014,-20.447818],[-44.5981579,-20.4485411],[-44.5964011,-20.449181],[-44.595071,-20.448436],[-44.5942559,-20.450368],[-44.5939441,-20.452136],[-44.5927719,-20.4527861],[-44.5941809,-20.4539349],[-44.5944268,-20.4566439],[-44.5940978,-20.457306],[-44.5924371,-20.458029],[-44.5908128,-20.457325],[-44.590887,-20.4593519],[-44.5906238,-20.459716],[-44.590099,-20.459708],[-44.5892001,-20.4587839],[-44.5884199,-20.4586801],[-44.5886309,-20.460548],[-44.5863971,-20.4619179],[-44.5857542,-20.461655],[-44.585019,-20.461827],[-44.584848,-20.462527],[-44.5838879,-20.462938],[-44.5831941,-20.464216],[-44.5821739,-20.465259],[-44.577955,-20.4648831],[-44.5776531,-20.466098],[-44.5781059,-20.4673831],[-44.5776329,-20.467916],[-44.5769049,-20.467617],[-44.576109,-20.468468],[-44.575335,-20.468721],[-44.5758041,-20.4670711],[-44.575579,-20.466641],[-44.5750531,-20.466679],[-44.5735641,-20.468037],[-44.572634,-20.468149],[-44.5724111,-20.469723],[-44.5709818,-20.4704139],[-44.57007,-20.471551],[-44.5691981,-20.471825],[-44.567771,-20.471734],[-44.565634,-20.473104],[-44.5643121,-20.4725429],[-44.563427,-20.4742549],[-44.56261,-20.4748869],[-44.5615071,-20.476504],[-44.560034,-20.476896],[-44.559572,-20.476762],[-44.5602218,-20.475218],[-44.5596681,-20.4748071],[-44.5570989,-20.475722],[-44.5560671,-20.4746579],[-44.5555552,-20.4746271],[-44.5547311,-20.47565],[-44.553307,-20.476054],[-44.5537321,-20.477545],[-44.5534801,-20.477978],[-44.5527601,-20.477979],[-44.5522749,-20.4770501],[-44.5514569,-20.4770601],[-44.550869,-20.4778449],[-44.5509691,-20.479102],[-44.5496422,-20.4788729],[-44.54883,-20.480564],[-44.5471718,-20.4817809],[-44.5462469,-20.481559],[-44.5450889,-20.4821511],[-44.542027,-20.4826089],[-44.5414209,-20.483014],[-44.5414011,-20.4834511],[-44.5402231,-20.4851481],[-44.5399859,-20.4861221],[-44.5374839,-20.486693],[-44.5361152,-20.486073],[-44.5345679,-20.48652],[-44.5314261,-20.485296],[-44.5300402,-20.484262],[-44.5273229,-20.481099],[-44.5236789,-20.479281],[-44.5208782,-20.475403],[-44.518594,-20.474746],[-44.5166849,-20.4735761],[-44.516294,-20.47289],[-44.515747,-20.468681],[-44.5138779,-20.466637],[-44.511741,-20.465935],[-44.507398,-20.465681],[-44.5065069,-20.464988],[-44.5049571,-20.46288],[-44.503407,-20.462153],[-44.4999431,-20.461235],[-44.4985999,-20.460344],[-44.4977572,-20.4587871],[-44.496657,-20.4580371],[-44.495226,-20.458347],[-44.4925951,-20.4594849],[-44.491482,-20.459519],[-44.4905529,-20.459022],[-44.4900759,-20.4584221],[-44.4897241,-20.455909],[-44.489249,-20.454733],[-44.4891669,-20.451493],[-44.48731,-20.449047],[-44.486307,-20.449],[-44.485402,-20.449472],[-44.481802,-20.452638],[-44.4780101,-20.4531879],[-44.4772519,-20.452484],[-44.4767771,-20.4513191],[-44.4729128,-20.4501159],[-44.4715841,-20.447048],[-44.4692109,-20.446838],[-44.4666668,-20.4472161],[-44.464869,-20.44711],[-44.464307,-20.4465099],[-44.464774,-20.444793],[-44.463798,-20.442889],[-44.4637019,-20.441414],[-44.4630791,-20.440883],[-44.4613669,-20.440927],[-44.4569872,-20.441971],[-44.4518511,-20.4419301],[-44.4506631,-20.4426781],[-44.4488749,-20.4445781],[-44.4475779,-20.445164],[-44.4464889,-20.445175],[-44.442491,-20.4445929],[-44.4387741,-20.4436781],[-44.4374529,-20.4436761],[-44.4361561,-20.444112],[-44.4354099,-20.4439731],[-44.4327958,-20.441745],[-44.4282958,-20.441232],[-44.4241901,-20.4392549],[-44.421952,-20.439229],[-44.4203971,-20.4401719],[-44.4183908,-20.4406759],[-44.416422,-20.44027],[-44.4148981,-20.437478],[-44.4128709,-20.4356189],[-44.4102452,-20.433817],[-44.409892,-20.432756],[-44.409897,-20.4295751],[-44.4093491,-20.4281669],[-44.4081769,-20.426828],[-44.4069781,-20.426562],[-44.408435,-20.426206],[-44.4093531,-20.42562],[-44.4101011,-20.424249],[-44.41135,-20.423294],[-44.412686,-20.4216361],[-44.4157459,-20.419646],[-44.4166531,-20.418241],[-44.4187231,-20.4163071],[-44.4195439,-20.414637],[-44.421395,-20.412161],[-44.4251729,-20.4120161],[-44.4273019,-20.411615],[-44.4282959,-20.409023],[-44.4283729,-20.4066601],[-44.427447,-20.4041221],[-44.4229779,-20.400623],[-44.4242672,-20.397109],[-44.423758,-20.394134],[-44.4168799,-20.390275],[-44.4164911,-20.389237],[-44.4161779,-20.386262],[-44.4158971,-20.3858],[-44.4143329,-20.38521],[-44.413637,-20.384564],[-44.4121729,-20.3827401],[-44.412053,-20.38161],[-44.4133868,-20.380448],[-44.4142959,-20.377544],[-44.4154471,-20.3764281],[-44.4171352,-20.376315],[-44.4190161,-20.376825],[-44.420237,-20.3779559],[-44.421359,-20.3796411],[-44.4223239,-20.380161],[-44.4234369,-20.379966],[-44.4262029,-20.378298],[-44.428041,-20.37505],[-44.4278859,-20.372479],[-44.4270848,-20.36895],[-44.4271591,-20.368213],[-44.4278329,-20.367003],[-44.4334522,-20.361696],[-44.4349221,-20.359646],[-44.4356302,-20.359889],[-44.4372541,-20.361321],[-44.4389788,-20.360562],[-44.4407388,-20.360806],[-44.4422671,-20.360658],[-44.4428302,-20.3601291],[-44.4430749,-20.359357],[-44.4429338,-20.355818],[-44.4440362,-20.354067],[-44.4437679,-20.3531439],[-44.4419979,-20.351943],[-44.4382341,-20.351166],[-44.437428,-20.3505419],[-44.4381998,-20.3491719],[-44.438324,-20.348192],[-44.4377521,-20.3462642],[-44.4391459,-20.3441241],[-44.4390812,-20.3424081],[-44.4397284,-20.3397349],[-44.440861,-20.3376203],[-44.4411584,-20.3363333],[-44.4394073,-20.3347485],[-44.4373445,-20.3340672],[-44.4373625,-20.333592],[-44.4383082,-20.3306497],[-44.4386296,-20.3264374],[-44.4407144,-20.3255784],[-44.4415143,-20.3236465],[-44.442405,-20.323041],[-44.4432085,-20.3231234],[-44.4446333,-20.3238956],[-44.4460511,-20.3238305],[-44.4470641,-20.3212646],[-44.447792,-20.3202894],[-44.4477078,-20.3189422],[-44.4468432,-20.3164867],[-44.4463852,-20.3153491],[-44.4450532,-20.3135933],[-44.4447551,-20.3124267],[-44.4449923,-20.3118826],[-44.4471891,-20.3098599],[-44.4479443,-20.3081092],[-44.446914,-20.3058044],[-44.4455126,-20.3038435],[-44.4432017,-20.3026215],[-44.4401492,-20.3015393],[-44.4393213,-20.2998123],[-44.4378726,-20.2990595],[-44.4361058,-20.29727],[-44.4358904,-20.2966476],[-44.4359769,-20.2933394],[-44.437347,-20.2912518],[-44.4385221,-20.2901512],[-44.4426678,-20.2888302],[-44.4449984,-20.2860963],[-44.4458481,-20.2854703],[-44.4464787,-20.285363],[-44.448079,-20.2856209],[-44.4525466,-20.287444],[-44.4552732,-20.2869562],[-44.4568144,-20.2876448],[-44.458798,-20.2877584],[-44.4611243,-20.2901812],[-44.4628487,-20.2906102],[-44.4643037,-20.2903247],[-44.4656182,-20.2896823],[-44.4680608,-20.2892776],[-44.4702075,-20.2881837],[-44.4723243,-20.2889761],[-44.476326,-20.288494],[-44.4773905,-20.2881365],[-44.4800178,-20.2861493],[-44.481591,-20.2858771],[-44.4831159,-20.2872824],[-44.4830303,-20.2899645],[-44.4822862,-20.2918038],[-44.4826263,-20.293012],[-44.4833205,-20.2934448],[-44.484187,-20.2925091],[-44.4862804,-20.2921606],[-44.4886967,-20.2907405],[-44.4914669,-20.2899999],[-44.4945338,-20.2906455],[-44.4982755,-20.286937],[-44.4989275,-20.2868795],[-44.4992195,-20.2864076],[-44.4991699,-20.28564],[-44.4994157,-20.2856264],[-44.4993679,-20.2844121],[-44.500397,-20.2838393],[-44.5006732,-20.2832963],[-44.5019857,-20.2826539],[-44.5033425,-20.2804608],[-44.5060476,-20.2784776],[-44.5058125,-20.2769626],[-44.5043855,-20.2750868],[-44.5054961,-20.2727236],[-44.5053572,-20.2703108],[-44.5048193,-20.2693672],[-44.5052729,-20.2678985],[-44.5049929,-20.2668187],[-44.5052207,-20.2659163],[-44.508254,-20.2645617],[-44.5093654,-20.2636571],[-44.5093355,-20.262794],[-44.5102149,-20.26193],[-44.5102376,-20.2613393],[-44.5109525,-20.2606396],[-44.5108244,-20.260366],[-44.5122267,-20.25998],[-44.5119062,-20.2594239],[-44.5120646,-20.25917],[-44.513969,-20.2592745],[-44.5174423,-20.2585286],[-44.5219852,-20.255796],[-44.5228603,-20.255919],[-44.5250639,-20.2573741],[-44.5267994,-20.2576072],[-44.5281937,-20.258562],[-44.5297813,-20.258815],[-44.530871,-20.2596369],[-44.5313762,-20.2604244],[-44.5319888,-20.2628691],[-44.5318917,-20.2646772],[-44.5326073,-20.2680388],[-44.5321268,-20.2707071],[-44.5323816,-20.2735602],[-44.5373093,-20.2737109],[-44.5413679,-20.2748826],[-44.5425292,-20.2760822],[-44.543411,-20.277769],[-44.5448905,-20.2787467],[-44.545734,-20.2815406],[-44.5472974,-20.2841143],[-44.5481348,-20.2850365],[-44.5492879,-20.2856866],[-44.5514264,-20.2859862],[-44.5547308,-20.285684],[-44.5609304,-20.2857954],[-44.5630143,-20.2862876],[-44.5647895,-20.283189],[-44.5651592,-20.2808363],[-44.5659498,-20.2796505],[-44.5660236,-20.2789553]]]}},{"type":"Feature","properties":{"code":"21","name":"Juatuba"},"geometry":{"type":"Polygon","coordinates":[[[-44.3155615,-19.9385034],[-44.3166264,-19.9383647],[-44.3182766,-19.9392615],[-44.3217219,-19.9399349],[-44.3237911,-19.9428382],[-44.3248629,-19.9450271],[-44.3257358,-19.9456731],[-44.326823,-19.9459484],[-44.3279819,-19.9458039],[-44.3299784,-19.9445633],[-44.3320729,-19.9441615],[-44.3342477,-19.9422411],[-44.3366633,-19.9409328],[-44.3374568,-19.9397494],[-44.3370686,-19.937363],[-44.337375,-19.9353022],[-44.3384907,-19.93395],[-44.3403,-19.9327896],[-44.340718,-19.9319052],[-44.3411546,-19.9233705],[-44.3417648,-19.9227662],[-44.3432715,-19.922774],[-44.3436746,-19.9225371],[-44.3443503,-19.9186815],[-44.3454123,-19.9171887],[-44.348495,-19.9193917],[-44.3498246,-19.919254],[-44.3508358,-19.9186341],[-44.3517462,-19.9172742],[-44.3519961,-19.9160049],[-44.348436,-19.9149574],[-44.3481322,-19.9137712],[-44.348634,-19.9101042],[-44.3493371,-19.9080037],[-44.3506061,-19.9064141],[-44.3538058,-19.9056599],[-44.3548483,-19.9050703],[-44.3551104,-19.9054825],[-44.3546666,-19.9065297],[-44.3548951,-19.9072561],[-44.3553516,-19.9074946],[-44.3552778,-19.907807],[-44.3558409,-19.907663],[-44.3557369,-19.909154],[-44.356801,-19.9091998],[-44.3571339,-19.9095327],[-44.3568383,-19.9099987],[-44.3572152,-19.9103987],[-44.3569914,-19.9111925],[-44.3579335,-19.9107694],[-44.3588202,-19.9109969],[-44.3596295,-19.9107764],[-44.3614104,-19.9093299],[-44.3643372,-19.9098012],[-44.3648009,-19.9113145],[-44.3681694,-19.9104831],[-44.3687137,-19.9107594],[-44.3688523,-19.9115239],[-44.3692289,-19.9116543],[-44.3693405,-19.9112454],[-44.3696662,-19.9112045],[-44.3701231,-19.9122037],[-44.3713994,-19.9123328],[-44.3719573,-19.9126604],[-44.3727569,-19.9125844],[-44.3737977,-19.9137877],[-44.3749698,-19.9142423],[-44.3751883,-19.9148078],[-44.3749212,-19.9160433],[-44.3777126,-19.9163658],[-44.3781345,-19.9159809],[-44.3787418,-19.9159242],[-44.3800782,-19.9163259],[-44.380084,-19.9168484],[-44.379094,-19.9173304],[-44.3806063,-19.9184184],[-44.3817148,-19.9186865],[-44.3818843,-19.9195189],[-44.3826155,-19.9190982],[-44.3841927,-19.9193198],[-44.3840933,-19.9198114],[-44.3844997,-19.9203408],[-44.3842672,-19.9207801],[-44.3856899,-19.9229786],[-44.3856723,-19.924423],[-44.3864383,-19.9247576],[-44.3868797,-19.9256469],[-44.3877837,-19.9257562],[-44.388225,-19.9253786],[-44.3888255,-19.9232964],[-44.3911925,-19.9214658],[-44.3919596,-19.9210869],[-44.394552,-19.9207699],[-44.397553,-19.9182069],[-44.399354,-19.9175451],[-44.4000344,-19.9176751],[-44.4016238,-19.9196979],[-44.4032364,-19.9209828],[-44.4068031,-19.9233548],[-44.4085121,-19.9234572],[-44.4122238,-19.9230065],[-44.4129264,-19.921871],[-44.4146242,-19.9208071],[-44.4150616,-19.9197238],[-44.4180993,-19.9209691],[-44.4206603,-19.9208301],[-44.42373,-19.9217892],[-44.4273419,-19.9213894],[-44.4279164,-19.9216631],[-44.4288539,-19.922834],[-44.4312443,-19.9239956],[-44.4322217,-19.925105],[-44.4337031,-19.9253281],[-44.4356643,-19.9251523],[-44.4366407,-19.9255893],[-44.4380389,-19.9281555],[-44.4386012,-19.9301582],[-44.4384249,-19.9315761],[-44.4377487,-19.9328488],[-44.4385393,-19.9348665],[-44.4394915,-19.9358123],[-44.4394508,-19.9374352],[-44.4387914,-19.9394167],[-44.4352393,-19.9433246],[-44.4345668,-19.9442509],[-44.4345336,-19.9447792],[-44.4316046,-19.9478423],[-44.4309031,-19.9501179],[-44.4311187,-19.9527734],[-44.4292819,-19.9558035],[-44.4272904,-19.9567225],[-44.425337,-19.9567622],[-44.4208615,-19.9604],[-44.4198481,-19.9602644],[-44.4179855,-19.9605986],[-44.4155962,-19.9618225],[-44.4130909,-19.9622963],[-44.4122675,-19.9615641],[-44.4099233,-19.9609294],[-44.4082521,-19.9616672],[-44.4054945,-19.9643238],[-44.4054097,-19.9658831],[-44.4042994,-19.9659394],[-44.402603,-19.9672087],[-44.4018341,-19.9688159],[-44.4021505,-19.9700204],[-44.4007282,-19.9721169],[-44.3997745,-19.9724429],[-44.3974197,-19.9750986],[-44.3966958,-19.975352],[-44.3967922,-19.9762073],[-44.3965241,-19.9765849],[-44.3957022,-19.9767708],[-44.3950668,-19.9775599],[-44.3949034,-19.9772381],[-44.3942337,-19.9771751],[-44.3924079,-19.978915],[-44.3914751,-19.9789768],[-44.3907972,-19.9783976],[-44.3905675,-19.9785901],[-44.3897853,-19.9783378],[-44.3905067,-19.9774499],[-44.3902611,-19.97696],[-44.3896153,-19.9765509],[-44.3893183,-19.9769187],[-44.3887543,-19.9758524],[-44.3876864,-19.9755861],[-44.3872415,-19.9747455],[-44.3864514,-19.9748991],[-44.3863927,-19.9738886],[-44.3866619,-19.9736208],[-44.3862648,-19.9733255],[-44.3861212,-19.9725343],[-44.3869704,-19.972461],[-44.3866802,-19.9718519],[-44.3857572,-19.9716613],[-44.3855966,-19.9709637],[-44.3848895,-19.9707494],[-44.3846585,-19.9710354],[-44.3843896,-19.9706369],[-44.3832285,-19.97137],[-44.3819391,-19.9704689],[-44.3809335,-19.9707813],[-44.3797726,-19.9730632],[-44.3793993,-19.9732466],[-44.3789147,-19.9745843],[-44.3775801,-19.9759386],[-44.3749057,-19.9801644],[-44.3738884,-19.9806542],[-44.3722132,-19.9807296],[-44.3694326,-19.9827163],[-44.3681136,-19.9829836],[-44.3669054,-19.9827902],[-44.3672896,-19.9799491],[-44.3637868,-19.9791923],[-44.3622866,-19.9794696],[-44.3618345,-19.9781722],[-44.3612758,-19.9778596],[-44.3600935,-19.9779355],[-44.3593577,-19.9786202],[-44.3573546,-19.9796014],[-44.3566256,-19.9805875],[-44.3559723,-19.9809228],[-44.3531375,-19.981163],[-44.3505934,-19.9804647],[-44.3496568,-19.9804913],[-44.3482283,-19.9811443],[-44.3461402,-19.9815957],[-44.3456405,-19.9822458],[-44.3459344,-19.984673],[-44.344922,-19.9849113],[-44.3437077,-19.9858149],[-44.3440458,-19.9861772],[-44.3459578,-19.9862097],[-44.3449714,-19.987892],[-44.3444915,-19.9894991],[-44.3444894,-19.9908297],[-44.3467667,-19.9925426],[-44.3472599,-19.9915526],[-44.3478981,-19.9914774],[-44.3483031,-19.9905706],[-44.350096,-19.9928316],[-44.349485,-19.993863],[-44.3482326,-19.9940913],[-44.3480227,-19.9951472],[-44.3467966,-19.9936712],[-44.3454495,-19.9940141],[-44.3450301,-19.9944674],[-44.3451507,-19.9954794],[-44.3444681,-19.9966574],[-44.3458376,-19.9966347],[-44.3465478,-19.9973027],[-44.3456139,-19.9977207],[-44.3447971,-19.9990038],[-44.3451953,-19.9999609],[-44.3447626,-20.001041],[-44.345372,-20.0019037],[-44.3450426,-20.0031876],[-44.3452825,-20.0033222],[-44.3457867,-20.002997],[-44.3468156,-20.0035665],[-44.3467112,-20.004315],[-44.347568,-20.0047863],[-44.3462544,-20.0061055],[-44.3455761,-20.0061046],[-44.3445761,-20.005153],[-44.3441931,-20.0055245],[-44.3444307,-20.0063596],[-44.3439202,-20.0059939],[-44.3422857,-20.0042924],[-44.3411367,-20.0012906],[-44.3400217,-20.0005392],[-44.338004,-20.0002139],[-44.3374563,-19.9992957],[-44.335278,-19.997756],[-44.3346131,-19.9965071],[-44.3332105,-19.9964327],[-44.3324578,-19.9970402],[-44.3318526,-19.9971363],[-44.3306031,-19.9965081],[-44.3291634,-19.9962804],[-44.3275552,-19.9978004],[-44.3260969,-19.9982862],[-44.3228587,-19.9969621],[-44.321625,-19.9970834],[-44.3199712,-19.9977349],[-44.3179332,-19.9995058],[-44.3168356,-19.9998267],[-44.3155442,-19.9995032],[-44.3137385,-19.99789],[-44.312454,-19.9975598],[-44.3107832,-19.9993411],[-44.3089617,-20.0006207],[-44.3037157,-20.0010825],[-44.3014073,-20.0017136],[-44.2981487,-19.9985162],[-44.296371,-19.9961819],[-44.2950779,-19.9961223],[-44.2928841,-19.995465],[-44.2907486,-19.9960732],[-44.2870916,-19.9954349],[-44.2838117,-19.9956651],[-44.2822428,-19.9947939],[-44.2805436,-19.9929501],[-44.2797282,-19.9927786],[-44.2790431,-19.9933294],[-44.2760958,-19.9974418],[-44.2756436,-19.9993065],[-44.2764896,-20.0024638],[-44.2738461,-20.0043735],[-44.2717175,-20.0048219],[-44.2724044,-20.0026319],[-44.2718881,-19.9997593],[-44.2719958,-19.9982152],[-44.271842,-19.9976926],[-44.270838,-19.9968198],[-44.2706119,-19.995656],[-44.2716977,-19.9935373],[-44.2721624,-19.9899226],[-44.2742199,-19.9868594],[-44.2756739,-19.9824324],[-44.2750565,-19.9811767],[-44.2723716,-19.9801676],[-44.2722301,-19.9793212],[-44.2741039,-19.976953],[-44.2766566,-19.9745721],[-44.2769126,-19.9738188],[-44.2769393,-19.9709371],[-44.2777943,-19.9692709],[-44.2795659,-19.9677621],[-44.2801509,-19.9668893],[-44.2813922,-19.9622984],[-44.2837562,-19.9606549],[-44.2874574,-19.9601848],[-44.2890817,-19.9608038],[-44.2906632,-19.9626053],[-44.2914199,-19.9630688],[-44.2926382,-19.9632132],[-44.2940339,-19.9626535],[-44.2958703,-19.9593146],[-44.2968628,-19.9547327],[-44.2976429,-19.9538513],[-44.2994428,-19.9528878],[-44.3000746,-19.9522273],[-44.3007828,-19.9499515],[-44.3052215,-19.9485676],[-44.3080541,-19.9466106],[-44.310286,-19.9445545],[-44.3110666,-19.9443559],[-44.3134786,-19.9446192],[-44.3155615,-19.9385034]]]}},{"type":"Feature","properties":{"code":"22","name":"Pedro Leopoldo"},"geometry":{"type":"Polygon","coordinates":[[[-44.1957485,-19.6717544],[-44.1953802,-19.6722513],[-44.1935571,-19.6728868],[-44.1928066,-19.6741939],[-44.1919088,-19.6747361],[-44.191234,-19.6758057],[-44.1880708,-19.6778921],[-44.1868612,-19.6800906],[-44.1857603,-19.6813099],[-44.1843588,-19.6809733],[-44.1816182,-19.680935],[-44.1778508,-19.681808],[-44.1760159,-19.6813282],[-44.174683,-19.680247],[-44.173778,-19.6790301],[-44.1726739,-19.678481],[-44.1697568,-19.6794781],[-44.1681164,-19.6793612],[-44.1675072,-19.6781925],[-44.1663959,-19.6788904],[-44.1650016,-19.6784321],[-44.1631905,-19.6791213],[-44.1621861,-19.6790814],[-44.1611564,-19.6772847],[-44.1610211,-19.6763877],[-44.1614049,-19.6759413],[-44.1601701,-19.6753012],[-44.1602211,-19.6746273],[-44.159076,-19.673431],[-44.1591465,-19.6758215],[-44.1578512,-19.6770289],[-44.1567759,-19.6789079],[-44.1555145,-19.6796755],[-44.1561099,-19.6803768],[-44.1576472,-19.6807228],[-44.1574193,-19.6828571],[-44.1558755,-19.6834136],[-44.1558323,-19.6845574],[-44.1551736,-19.6850306],[-44.1536551,-19.6842762],[-44.1522576,-19.684219],[-44.1514365,-19.6847482],[-44.1504832,-19.6846099],[-44.149361,-19.6850284],[-44.149369,-19.6860279],[-44.1487328,-19.6881953],[-44.1480579,-19.6889647],[-44.1478019,-19.689973],[-44.1470574,-19.6907293],[-44.146494,-19.6933453],[-44.1478303,-19.6941459],[-44.1478472,-19.6946864],[-44.1454263,-19.6964062],[-44.1452603,-19.6984078],[-44.1443675,-19.6996489],[-44.1438771,-19.7012007],[-44.1420174,-19.7025355],[-44.1412016,-19.705171],[-44.139668,-19.7056227],[-44.1364413,-19.7057337],[-44.1356458,-19.7062505],[-44.1347256,-19.7079231],[-44.1337562,-19.7086512],[-44.1324061,-19.70909],[-44.1332931,-19.71186],[-44.1332751,-19.7127129],[-44.1320011,-19.713766],[-44.1303271,-19.716269],[-44.1276992,-19.717532],[-44.1261411,-19.719183],[-44.1236311,-19.719386],[-44.1232081,-19.718864],[-44.1223088,-19.718697],[-44.1216659,-19.719938],[-44.119463,-19.721538],[-44.1190418,-19.722389],[-44.1172289,-19.7223081],[-44.1167299,-19.723815],[-44.1162641,-19.7243199],[-44.1150469,-19.729247],[-44.1140789,-19.729979],[-44.1102711,-19.731142],[-44.1087322,-19.7333691],[-44.1061661,-19.734586],[-44.1055659,-19.7350891],[-44.104702,-19.736606],[-44.1035349,-19.736252],[-44.102506,-19.7355071],[-44.1014839,-19.735316],[-44.1001198,-19.7336931],[-44.0989651,-19.733385],[-44.0956149,-19.733501],[-44.0951558,-19.732968],[-44.0938001,-19.733535],[-44.0925182,-19.732408],[-44.0921171,-19.73056],[-44.088551,-19.730237],[-44.0862729,-19.728757],[-44.0846212,-19.728215],[-44.0844548,-19.727546],[-44.083693,-19.726929],[-44.0815601,-19.7271459],[-44.0791491,-19.725434],[-44.0778391,-19.7231419],[-44.0763819,-19.722613],[-44.076082,-19.721954],[-44.0751251,-19.7212899],[-44.0731901,-19.721208],[-44.0702381,-19.718547],[-44.0695591,-19.7182311],[-44.0690422,-19.717386],[-44.067915,-19.716663],[-44.067559,-19.7201321],[-44.066224,-19.72116],[-44.0658651,-19.722],[-44.0652532,-19.722307],[-44.0644651,-19.723512],[-44.0635241,-19.7239101],[-44.0636361,-19.72519],[-44.0620988,-19.7255031],[-44.0622731,-19.726692],[-44.063141,-19.727805],[-44.062078,-19.7283741],[-44.061732,-19.728983],[-44.0624811,-19.731352],[-44.0633679,-19.731693],[-44.064392,-19.733049],[-44.064374,-19.733833],[-44.0653129,-19.7337009],[-44.0653168,-19.734796],[-44.0656531,-19.7354559],[-44.065513,-19.736193],[-44.0661849,-19.737535],[-44.065484,-19.738419],[-44.0650221,-19.738369],[-44.0648161,-19.739786],[-44.06599,-19.740798],[-44.0677641,-19.741294],[-44.0675392,-19.742019],[-44.0676911,-19.742888],[-44.0671612,-19.743528],[-44.066286,-19.743851],[-44.064193,-19.743219],[-44.061862,-19.743825],[-44.0598399,-19.7438689],[-44.0572781,-19.744451],[-44.0526981,-19.746173],[-44.0510681,-19.747395],[-44.0506479,-19.748246],[-44.0507542,-19.7486849],[-44.0520671,-19.7505399],[-44.0502952,-19.753505],[-44.0508229,-19.754846],[-44.0528822,-19.7566909],[-44.0529002,-19.7597231],[-44.0543048,-19.76108],[-44.0534408,-19.762932],[-44.0534081,-19.764454],[-44.051913,-19.765968],[-44.0505838,-19.769237],[-44.0474919,-19.76975],[-44.0461451,-19.7710341],[-44.0450719,-19.771132],[-44.0442151,-19.771877],[-44.0425052,-19.772524],[-44.0408588,-19.772731],[-44.03952,-19.77064],[-44.0384648,-19.77],[-44.037123,-19.768367],[-44.0356781,-19.767494],[-44.0354531,-19.766478],[-44.0357069,-19.7648651],[-44.0353328,-19.764228],[-44.0340811,-19.763887],[-44.0325321,-19.76419],[-44.0311522,-19.7628329],[-44.030047,-19.762204],[-44.029674,-19.7614639],[-44.030011,-19.75903],[-44.0276648,-19.7573709],[-44.0265938,-19.7572731],[-44.02553,-19.756067],[-44.0232279,-19.755985],[-44.0212651,-19.7544639],[-44.02098,-19.7532861],[-44.0204468,-19.752672],[-44.0194979,-19.7526549],[-44.0185619,-19.752258],[-44.0173519,-19.750971],[-44.014432,-19.74951],[-44.0135219,-19.747726],[-44.0132771,-19.746478],[-44.0118399,-19.745633],[-44.0105872,-19.7438361],[-44.0097549,-19.74127],[-44.009091,-19.740585],[-44.0080711,-19.740117],[-44.0058898,-19.7372869],[-44.0048711,-19.73655],[-44.004599,-19.735733],[-44.0046659,-19.734915],[-44.0053898,-19.734228],[-44.0055299,-19.733514],[-44.0063219,-19.733416],[-44.0068432,-19.7323011],[-44.005963,-19.726517],[-44.0048711,-19.724515],[-44.0052149,-19.7240789],[-44.0068529,-19.723399],[-44.0070098,-19.721935],[-44.0080132,-19.72147],[-44.0094359,-19.720154],[-44.0094661,-19.719462],[-44.009068,-19.718871],[-44.009366,-19.71825],[-44.0089809,-19.717636],[-44.0089048,-19.716471],[-44.0081459,-19.715382],[-44.007683,-19.7139719],[-44.00622,-19.7126],[-44.0061739,-19.7108129],[-44.0067759,-19.710033],[-44.0066639,-19.707357],[-44.0070661,-19.704246],[-44.0078109,-19.704021],[-44.009873,-19.706468],[-44.0115919,-19.707795],[-44.0141878,-19.70899],[-44.0154789,-19.7104519],[-44.016512,-19.710713],[-44.0185489,-19.71037],[-44.0190709,-19.7121269],[-44.019738,-19.712362],[-44.0212398,-19.711911],[-44.0222129,-19.7120909],[-44.0236839,-19.7107409],[-44.0255352,-19.710754],[-44.0259351,-19.710987],[-44.0273049,-19.710236],[-44.0291081,-19.710052],[-44.0298208,-19.7091929],[-44.0332711,-19.708767],[-44.0344811,-19.708153],[-44.036248,-19.706458],[-44.036352,-19.70556],[-44.0374309,-19.704575],[-44.037562,-19.7033879],[-44.0391488,-19.701335],[-44.0382712,-19.699876],[-44.0349109,-19.698227],[-44.034026,-19.696226],[-44.0342561,-19.694763],[-44.035181,-19.693305],[-44.0379111,-19.691386],[-44.0404408,-19.690124],[-44.0411552,-19.6890789],[-44.0414932,-19.687917],[-44.041059,-19.6857691],[-44.0409849,-19.682805],[-44.0402011,-19.681888],[-44.0388551,-19.681118],[-44.0355628,-19.6801949],[-44.033801,-19.678257],[-44.029266,-19.675919],[-44.023009,-19.674261],[-44.0210761,-19.672345],[-44.017038,-19.6733771],[-44.0149298,-19.673627],[-44.0132749,-19.673546],[-44.012124,-19.6729381],[-44.011809,-19.671149],[-44.012358,-19.667878],[-44.0123379,-19.665883],[-44.0116931,-19.664263],[-44.0125532,-19.6617671],[-44.012035,-19.659538],[-44.0114198,-19.658842],[-44.009203,-19.6575],[-44.008213,-19.6563971],[-44.00668,-19.656317],[-44.0042191,-19.655019],[-44.0038642,-19.653818],[-44.0042069,-19.651963],[-44.004645,-19.6519671],[-44.004982,-19.652545],[-44.0053729,-19.652248],[-44.005252,-19.6506791],[-44.0056699,-19.650117],[-44.0054809,-19.649459],[-44.0066739,-19.649421],[-44.006643,-19.648729],[-44.004707,-19.647239],[-44.0016491,-19.646075],[-44.0015839,-19.645072],[-44.0003362,-19.644394],[-43.9992,-19.641879],[-43.996689,-19.640547],[-43.9959578,-19.639818],[-43.9961181,-19.639101],[-43.997706,-19.6371501],[-43.9983551,-19.6357529],[-43.9987118,-19.633303],[-43.9998739,-19.631397],[-44.001279,-19.629931],[-44.0019788,-19.626684],[-44.0004802,-19.625758],[-43.9970536,-19.6244653],[-43.9945135,-19.6247377],[-43.9929393,-19.6222449],[-43.9910384,-19.6205813],[-43.9895484,-19.6180247],[-43.9902202,-19.6165544],[-43.9939054,-19.6132849],[-43.9940754,-19.6112033],[-43.9933072,-19.6092788],[-43.9937759,-19.6062984],[-43.993026,-19.6042048],[-43.9934695,-19.6032619],[-43.9934001,-19.6026632],[-43.9915525,-19.6016211],[-43.9902147,-19.6001087],[-43.9894177,-19.5997447],[-43.9870468,-19.5997828],[-43.9864218,-19.600126],[-43.9856496,-19.6011378],[-43.9851071,-19.601276],[-43.984732,-19.6012926],[-43.9832023,-19.6000366],[-43.9805499,-19.6012339],[-43.9795807,-19.6006215],[-43.9795527,-19.5990717],[-43.9783549,-19.6000404],[-43.9765938,-19.5991093],[-43.9734441,-19.598465],[-43.9729819,-19.5973637],[-43.9719448,-19.5969187],[-43.9699496,-19.594204],[-43.9701401,-19.5903129],[-43.9699349,-19.588579],[-43.9685229,-19.587271],[-43.965891,-19.585707],[-43.965185,-19.584978],[-43.9652481,-19.5836721],[-43.965652,-19.582909],[-43.967556,-19.5818139],[-43.9682929,-19.57881],[-43.9689038,-19.578071],[-43.971003,-19.5768839],[-43.9714821,-19.5749781],[-43.972727,-19.573939],[-43.9737278,-19.573605],[-43.9737041,-19.5728769],[-43.9732052,-19.572287],[-43.970769,-19.570746],[-43.9694759,-19.570895],[-43.9688182,-19.570582],[-43.965697,-19.570473],[-43.9652341,-19.569964],[-43.9649439,-19.568472],[-43.9643469,-19.568021],[-43.963618,-19.566378],[-43.9637559,-19.5644019],[-43.9630859,-19.563696],[-43.963344,-19.563003],[-43.9660772,-19.561435],[-43.9673209,-19.561368],[-43.9674322,-19.5608819],[-43.966665,-19.5599449],[-43.966633,-19.557148],[-43.9654269,-19.55636],[-43.9644032,-19.556301],[-43.9635269,-19.5555369],[-43.9630881,-19.555594],[-43.9627348,-19.554923],[-43.9631629,-19.554357],[-43.9643459,-19.5539541],[-43.9648351,-19.5534579],[-43.9651171,-19.552488],[-43.9649258,-19.549771],[-43.964586,-19.548661],[-43.962368,-19.5480681],[-43.961967,-19.547467],[-43.9615541,-19.546495],[-43.961873,-19.5455941],[-43.9614749,-19.543109],[-43.9604888,-19.541732],[-43.9605529,-19.5399169],[-43.9601879,-19.539582],[-43.958079,-19.5393591],[-43.953319,-19.535734],[-43.952283,-19.535328],[-43.950028,-19.5353241],[-43.9472959,-19.536002],[-43.9460258,-19.5370631],[-43.9448041,-19.5389569],[-43.9418632,-19.540085],[-43.9384252,-19.540484],[-43.9310971,-19.540715],[-43.928964,-19.5403989],[-43.926664,-19.538164],[-43.9240201,-19.537351],[-43.9218969,-19.535691],[-43.9265271,-19.533599],[-43.927052,-19.532976],[-43.9272241,-19.532213],[-43.927191,-19.530294],[-43.924842,-19.528418],[-43.9236021,-19.5265549],[-43.923448,-19.524324],[-43.9241839,-19.521436],[-43.9238711,-19.519482],[-43.9228491,-19.518428],[-43.9208521,-19.5174999],[-43.9178421,-19.517253],[-43.9156739,-19.5162319],[-43.915383,-19.515376],[-43.915726,-19.5142551],[-43.9162999,-19.513725],[-43.9208251,-19.5125541],[-43.9214109,-19.512173],[-43.9220581,-19.5113539],[-43.9230031,-19.50798],[-43.9238589,-19.506444],[-43.9277749,-19.5046599],[-43.929301,-19.503425],[-43.9307572,-19.5001341],[-43.931043,-19.497124],[-43.9316511,-19.4951269],[-43.932185,-19.494323],[-43.9342211,-19.493453],[-43.9379979,-19.494583],[-43.9392088,-19.4945849],[-43.940057,-19.494126],[-43.9405909,-19.493277],[-43.9408109,-19.491807],[-43.9407471,-19.485605],[-43.941282,-19.4842511],[-43.9427588,-19.4842981],[-43.9431221,-19.484597],[-43.944089,-19.485724],[-43.9455628,-19.488367],[-43.9477409,-19.489748],[-43.9498501,-19.4890381],[-43.9501899,-19.4881429],[-43.9501461,-19.486745],[-43.952126,-19.4889259],[-43.9529739,-19.489478],[-43.95353,-19.4903521],[-43.953601,-19.4914321],[-43.9530909,-19.49274],[-43.9530891,-19.493705],[-43.9539109,-19.4950839],[-43.9541032,-19.496509],[-43.955869,-19.498073],[-43.9558379,-19.4997179],[-43.9564619,-19.5006831],[-43.9566379,-19.504832],[-43.957183,-19.5068559],[-43.9580949,-19.508163],[-43.9591921,-19.50835],[-43.9627151,-19.5078471],[-43.9636781,-19.5081599],[-43.9687721,-19.508468],[-43.971476,-19.509836],[-43.974617,-19.512187],[-43.9772242,-19.512907],[-43.979746,-19.5142741],[-43.9841581,-19.514708],[-43.984985,-19.51546],[-43.985726,-19.517542],[-43.986172,-19.5207789],[-43.9863419,-19.529482],[-43.985228,-19.532162],[-43.9844681,-19.535097],[-43.9822469,-19.536365],[-43.9821479,-19.537336],[-43.9826231,-19.5379149],[-43.9856218,-19.53793],[-43.9883258,-19.5396559],[-43.9890689,-19.5397499],[-43.991302,-19.538909],[-43.9946921,-19.538185],[-43.9981211,-19.536074],[-43.9993609,-19.5361649],[-44.0009399,-19.5378901],[-44.0031733,-19.5421636],[-44.0035938,-19.5435367],[-44.0033663,-19.5462698],[-44.0053211,-19.5464874],[-44.0082626,-19.5463202],[-44.0099651,-19.5467281],[-44.0105357,-19.547267],[-44.0119756,-19.5551417],[-44.0127371,-19.5557847],[-44.0139837,-19.5562774],[-44.0171619,-19.5566678],[-44.0192606,-19.5577219],[-44.0198956,-19.5572861],[-44.0478551,-19.5643466],[-44.047661,-19.5669295],[-44.0493116,-19.5682454],[-44.0501234,-19.5695426],[-44.0486384,-19.5717058],[-44.0486871,-19.5748503],[-44.047759,-19.5772008],[-44.0481514,-19.5812624],[-44.0478335,-19.5830725],[-44.0470292,-19.5849036],[-44.0466477,-19.5873297],[-44.0451126,-19.5903775],[-44.0450615,-19.5920638],[-44.0458168,-19.5938637],[-44.0477409,-19.594113],[-44.0499831,-19.5954197],[-44.052695,-19.595566],[-44.05671,-19.5973137],[-44.058757,-19.5990223],[-44.059778,-19.6006686],[-44.0600346,-19.5996615],[-44.0606027,-19.5998369],[-44.0604843,-19.5994126],[-44.0609181,-19.5985908],[-44.0615847,-19.5982219],[-44.0620189,-19.5984908],[-44.06238,-19.5983698],[-44.0627127,-19.5974298],[-44.0625421,-19.5968787],[-44.0629707,-19.5967951],[-44.0629736,-19.5963099],[-44.0637973,-19.5956536],[-44.0636908,-19.5946176],[-44.0645584,-19.5946276],[-44.0654915,-19.5938742],[-44.0668281,-19.5933976],[-44.0681594,-19.5919958],[-44.069472,-19.5915806],[-44.0697546,-19.591986],[-44.0705794,-19.5918429],[-44.0716943,-19.5927848],[-44.0730179,-19.5930527],[-44.0729615,-19.5955943],[-44.0738813,-19.5968018],[-44.0771004,-19.5984068],[-44.0801234,-19.5992256],[-44.0817494,-19.6003372],[-44.0830991,-19.6014355],[-44.0847678,-19.6047821],[-44.085348,-19.6052001],[-44.0891151,-19.6066222],[-44.0924709,-19.6091592],[-44.0932699,-19.6094895],[-44.0949845,-19.6094159],[-44.0960234,-19.6105154],[-44.0978313,-19.611738],[-44.0989013,-19.6143124],[-44.1001584,-19.6157933],[-44.1011459,-19.6162076],[-44.102137,-19.6161384],[-44.1040597,-19.6150682],[-44.1060473,-19.6151901],[-44.1071615,-19.6156194],[-44.1090586,-19.6177957],[-44.1102243,-19.6184394],[-44.1111862,-19.6181116],[-44.112641,-19.6164958],[-44.1134128,-19.616224],[-44.1148321,-19.6182501],[-44.1160941,-19.618673],[-44.1163602,-19.6190976],[-44.1188312,-19.6199221],[-44.120111,-19.6200467],[-44.1214823,-19.6207536],[-44.1280613,-19.6204432],[-44.1286106,-19.6206248],[-44.1301076,-19.6227691],[-44.1322142,-19.6241645],[-44.1345507,-19.6252546],[-44.1398325,-19.6265757],[-44.1433732,-19.629908],[-44.1467028,-19.6321866],[-44.1483264,-19.634286],[-44.1485741,-19.6350318],[-44.1482396,-19.6358797],[-44.1471017,-19.6370055],[-44.1465512,-19.6386936],[-44.146877,-19.6409362],[-44.1481259,-19.6424395],[-44.1521899,-19.6439179],[-44.1535104,-19.6438121],[-44.1541774,-19.6440981],[-44.1555347,-19.6461006],[-44.156475,-19.6466634],[-44.1569408,-19.6477455],[-44.161722,-19.6488548],[-44.1623088,-19.6493337],[-44.1631717,-19.6510511],[-44.1687629,-19.6521939],[-44.1707768,-19.6534167],[-44.1722931,-19.6550024],[-44.1735412,-19.6569148],[-44.1773384,-19.6599105],[-44.1769694,-19.6611748],[-44.1773514,-19.6633661],[-44.1763996,-19.6652304],[-44.1767966,-19.6659325],[-44.1809961,-19.6654819],[-44.1822035,-19.6645864],[-44.1833947,-19.6621874],[-44.1841133,-19.6615499],[-44.185216,-19.6611672],[-44.1871348,-19.6610277],[-44.1888598,-19.6601716],[-44.1900472,-19.6602213],[-44.1909252,-19.6607096],[-44.1919235,-19.6621138],[-44.1949245,-19.6627129],[-44.1952859,-19.663536],[-44.195391,-19.666108],[-44.1963579,-19.668824],[-44.1957485,-19.6717544]]]}},{"type":"Feature","properties":{"code":"23","name":"Matozinhos"},"geometry":{"type":"Polygon","coordinates":[[[-44.0198956,-19.5572861],[-44.0192606,-19.5577219],[-44.0171619,-19.5566678],[-44.0135323,-19.5561841],[-44.0119756,-19.5551417],[-44.0115178,-19.5517686],[-44.0109857,-19.5502107],[-44.0108464,-19.5479274],[-44.0101825,-19.5468665],[-44.0082626,-19.5463202],[-44.0053211,-19.5464874],[-44.0033663,-19.5462698],[-44.0035938,-19.5435367],[-44.0031733,-19.5421636],[-44.0009399,-19.5378901],[-43.999677,-19.536313],[-43.9981211,-19.536074],[-43.9946921,-19.538185],[-43.991302,-19.538909],[-43.9890689,-19.5397499],[-43.9883258,-19.5396559],[-43.9856218,-19.53793],[-43.9831102,-19.538031],[-43.982258,-19.537567],[-43.9822469,-19.536365],[-43.9844681,-19.535097],[-43.985228,-19.532162],[-43.9863419,-19.529482],[-43.986172,-19.5207789],[-43.9857742,-19.5178191],[-43.9850949,-19.515668],[-43.9841581,-19.514708],[-43.98161,-19.5145891],[-43.979161,-19.514042],[-43.977614,-19.513069],[-43.9741182,-19.5119431],[-43.971476,-19.509836],[-43.9687721,-19.508468],[-43.9636781,-19.5081599],[-43.9627151,-19.5078471],[-43.9591921,-19.50835],[-43.9579001,-19.508001],[-43.957183,-19.5068559],[-43.9566379,-19.504832],[-43.9564619,-19.5006831],[-43.9558379,-19.4997179],[-43.955869,-19.498073],[-43.9541032,-19.496509],[-43.9539109,-19.4950839],[-43.9530891,-19.493705],[-43.9530909,-19.49274],[-43.953601,-19.4914321],[-43.95353,-19.4903521],[-43.9529739,-19.489478],[-43.952126,-19.4889259],[-43.9501461,-19.486745],[-43.9497569,-19.485639],[-43.948886,-19.4851781],[-43.9477229,-19.4852231],[-43.9466821,-19.4848769],[-43.945812,-19.4834979],[-43.9469769,-19.4812021],[-43.949085,-19.480768],[-43.952427,-19.480772],[-43.955699,-19.4794211],[-43.9565479,-19.4784801],[-43.9563571,-19.476159],[-43.9553408,-19.474849],[-43.954349,-19.474618],[-43.9535491,-19.4751],[-43.9527949,-19.477005],[-43.9518751,-19.476958],[-43.9503509,-19.47567],[-43.949191,-19.473785],[-43.9480059,-19.472544],[-43.945852,-19.471048],[-43.9433089,-19.471459],[-43.9398428,-19.473039],[-43.9377609,-19.4728989],[-43.9368181,-19.471818],[-43.9362641,-19.469314],[-43.9362659,-19.467683],[-43.936438,-19.466282],[-43.9375061,-19.464538],[-43.939517,-19.463323],[-43.9409711,-19.462957],[-43.9452569,-19.463559],[-43.952324,-19.4670591],[-43.954867,-19.46674],[-43.9562239,-19.466121],[-43.958696,-19.4643551],[-43.9594719,-19.4634601],[-43.9596202,-19.461485],[-43.959114,-19.459532],[-43.9580991,-19.4577849],[-43.957034,-19.456957],[-43.9561142,-19.4572321],[-43.95541,-19.458632],[-43.9538828,-19.4591819],[-43.9517279,-19.4590181],[-43.9486301,-19.4582109],[-43.9454841,-19.4559329],[-43.9436722,-19.453129],[-43.9414712,-19.451105],[-43.9405269,-19.45069],[-43.9382509,-19.45071],[-43.9358062,-19.4501559],[-43.933532,-19.448017],[-43.930822,-19.446498],[-43.9300238,-19.4457619],[-43.9298331,-19.444314],[-43.9302448,-19.4434419],[-43.9311909,-19.4423631],[-43.9321118,-19.441859],[-43.9346779,-19.442184],[-43.9389129,-19.44405],[-43.9425691,-19.445019],[-43.9441909,-19.444929],[-43.9467131,-19.441854],[-43.9476599,-19.440109],[-43.9493321,-19.439077],[-43.950276,-19.439377],[-43.953421,-19.441746],[-43.9555,-19.444138],[-43.9569529,-19.4443461],[-43.9579461,-19.443842],[-43.958237,-19.443383],[-43.9582389,-19.442441],[-43.9566952,-19.437087],[-43.9572309,-19.434469],[-43.9569659,-19.433619],[-43.9565552,-19.433412],[-43.9540351,-19.434948],[-43.9534779,-19.43497],[-43.950379,-19.434484],[-43.948418,-19.4338619],[-43.946943,-19.43239],[-43.9472621,-19.42968],[-43.9483039,-19.428487],[-43.9498778,-19.428259],[-43.9513538,-19.428927],[-43.9526362,-19.430421],[-43.9547169,-19.4317329],[-43.9552001,-19.432009],[-43.9562171,-19.4319411],[-43.9570418,-19.430794],[-43.958722,-19.4231],[-43.958556,-19.420321],[-43.9568889,-19.417425],[-43.9562858,-19.4154941],[-43.9571109,-19.413566],[-43.9593171,-19.411156],[-43.962975,-19.4093451],[-43.9639919,-19.409232],[-43.9680831,-19.409764],[-43.9704788,-19.410387],[-43.9725129,-19.410159],[-43.973361,-19.409655],[-43.9740641,-19.408989],[-43.975301,-19.4063721],[-43.976489,-19.404765],[-43.976709,-19.403272],[-43.976493,-19.401342],[-43.9769048,-19.400516],[-43.9813401,-19.396041],[-43.9823812,-19.396134],[-43.9835181,-19.397306],[-43.9853529,-19.402017],[-43.9867551,-19.403672],[-43.988643,-19.404386],[-43.9896111,-19.404318],[-43.9891499,-19.405512],[-43.989246,-19.405972],[-43.9886639,-19.406683],[-43.989318,-19.407235],[-43.989196,-19.4077401],[-43.988759,-19.408544],[-43.988323,-19.4087269],[-43.9882981,-19.409577],[-43.987208,-19.4105179],[-43.9867239,-19.410518],[-43.9868919,-19.411919],[-43.9866979,-19.412355],[-43.9858261,-19.412837],[-43.9856799,-19.413296],[-43.9863811,-19.4144679],[-43.9874211,-19.41548],[-43.9883409,-19.4153429],[-43.9888731,-19.416124],[-43.9902039,-19.4166999],[-43.99105,-19.41778],[-43.9916799,-19.417023],[-43.9921159,-19.417322],[-43.992284,-19.418677],[-43.9932039,-19.418356],[-43.9936401,-19.418655],[-43.992864,-19.4198259],[-43.9941218,-19.4204019],[-43.995042,-19.420403],[-43.9957919,-19.4215291],[-43.997269,-19.4216679],[-43.998043,-19.422289],[-43.9985019,-19.423162],[-43.998453,-19.424081],[-43.9989599,-19.424931],[-43.9983061,-19.4256199],[-43.9984991,-19.426608],[-43.997408,-19.427319],[-43.9979641,-19.428812],[-43.9990041,-19.429801],[-43.9993659,-19.430628],[-43.9999261,-19.433522],[-44.0008431,-19.434556],[-44.0021711,-19.435293],[-44.0025289,-19.437818],[-44.0033,-19.43899],[-44.0028349,-19.441283],[-44.0034131,-19.4425689],[-44.0033378,-19.443556],[-44.0036032,-19.4440609],[-44.0050529,-19.4449359],[-44.0060659,-19.446016],[-44.0075902,-19.44618],[-44.008483,-19.446733],[-44.0113629,-19.446325],[-44.013442,-19.446834],[-44.0143851,-19.446698],[-44.0155689,-19.447595],[-44.0180831,-19.4481971],[-44.019487,-19.447855],[-44.022583,-19.4477461],[-44.0251761,-19.4455029],[-44.0277429,-19.444085],[-44.0281361,-19.4412401],[-44.0275349,-19.439427],[-44.0273221,-19.437086],[-44.028099,-19.435733],[-44.029382,-19.435208],[-44.0299642,-19.434429],[-44.030624,-19.431011],[-44.0320792,-19.429155],[-44.039111,-19.4244501],[-44.0397742,-19.427403],[-44.0425221,-19.432249],[-44.046503,-19.437098],[-44.046863,-19.438246],[-44.046446,-19.4417101],[-44.0455219,-19.4440939],[-44.0446028,-19.455933],[-44.0439419,-19.459901],[-44.044033,-19.462884],[-44.0447962,-19.4684839],[-44.0454949,-19.4698619],[-44.0481301,-19.470831],[-44.0491709,-19.4707639],[-44.054401,-19.468088],[-44.0586609,-19.466925],[-44.0632371,-19.465097],[-44.0643521,-19.463998],[-44.064742,-19.4623001],[-44.0652269,-19.461911],[-44.0672828,-19.4620059],[-44.0687329,-19.462559],[-44.07098,-19.464376],[-44.07395,-19.467432],[-44.0772131,-19.4690211],[-44.079849,-19.469232],[-44.0814449,-19.469762],[-44.0823399,-19.470268],[-44.0840779,-19.472084],[-44.0841471,-19.4744469],[-44.0813318,-19.4791931],[-44.0809172,-19.4812801],[-44.0821689,-19.484816],[-44.0839551,-19.487526],[-44.0862491,-19.490145],[-44.0945391,-19.495183],[-44.0960619,-19.495828],[-44.0992058,-19.4967739],[-44.1053031,-19.497287],[-44.1067781,-19.498024],[-44.1093081,-19.5007381],[-44.1097171,-19.501568],[-44.1090609,-19.504874],[-44.109949,-19.5064711],[-44.1100232,-19.508132],[-44.1097999,-19.508673],[-44.108357,-19.5097359],[-44.108023,-19.510483],[-44.1082321,-19.511903],[-44.1087862,-19.512668],[-44.1087779,-19.513659],[-44.1084758,-19.5150409],[-44.107664,-19.516397],[-44.1073958,-19.5180441],[-44.1075261,-19.518656],[-44.1091239,-19.520947],[-44.1100131,-19.524462],[-44.1115222,-19.527712],[-44.1115751,-19.532268],[-44.1127221,-19.5350889],[-44.1133359,-19.539348],[-44.114116,-19.540772],[-44.1142891,-19.543818],[-44.114112,-19.5463881],[-44.113118,-19.5475461],[-44.1128199,-19.548456],[-44.1116961,-19.5490591],[-44.1094421,-19.5511899],[-44.1072039,-19.552813],[-44.105535,-19.556457],[-44.1057089,-19.557646],[-44.1062849,-19.558803],[-44.1069502,-19.559246],[-44.110314,-19.5601671],[-44.1108921,-19.560978],[-44.1109321,-19.562132],[-44.110561,-19.562902],[-44.1096272,-19.5643029],[-44.1082559,-19.5654131],[-44.107835,-19.566413],[-44.1074728,-19.569409],[-44.1081749,-19.571467],[-44.111969,-19.575124],[-44.1121341,-19.575886],[-44.114854,-19.578256],[-44.115471,-19.5804399],[-44.1172829,-19.5839],[-44.1179989,-19.585946],[-44.1192981,-19.5879841],[-44.1203609,-19.59077],[-44.1227048,-19.5930341],[-44.1238882,-19.5959819],[-44.1267901,-19.598596],[-44.128782,-19.599093],[-44.1314752,-19.5985569],[-44.1331132,-19.597529],[-44.1346601,-19.5972859],[-44.136549,-19.598716],[-44.138394,-19.602764],[-44.1399809,-19.603755],[-44.141513,-19.603914],[-44.1433328,-19.602911],[-44.1456901,-19.600066],[-44.1483232,-19.5993331],[-44.1492149,-19.598797],[-44.1530889,-19.5982329],[-44.1544,-19.5986559],[-44.1571489,-19.600577],[-44.1591671,-19.600935],[-44.16035,-19.600585],[-44.1623581,-19.598729],[-44.1639101,-19.597874],[-44.1651758,-19.5978009],[-44.1681761,-19.600346],[-44.1685951,-19.601236],[-44.1689389,-19.6025991],[-44.1687801,-19.6062879],[-44.1694958,-19.610052],[-44.170649,-19.61044],[-44.170911,-19.61133],[-44.1717329,-19.612142],[-44.17268,-19.612425],[-44.1732711,-19.613201],[-44.174269,-19.613184],[-44.1755651,-19.614092],[-44.1765861,-19.614225],[-44.1771649,-19.6150011],[-44.1781409,-19.614673],[-44.1792609,-19.616421],[-44.1800279,-19.6163331],[-44.182633,-19.617976],[-44.1853942,-19.618246],[-44.1859748,-19.618723],[-44.186926,-19.618509],[-44.1873749,-19.6186971],[-44.187889,-19.620118],[-44.1875632,-19.621535],[-44.1880261,-19.62314],[-44.1896878,-19.623923],[-44.1910969,-19.626181],[-44.1909709,-19.62686],[-44.189892,-19.627903],[-44.1901411,-19.630719],[-44.1919058,-19.632551],[-44.192758,-19.634321],[-44.194257,-19.635818],[-44.1954111,-19.637878],[-44.196332,-19.640374],[-44.1985079,-19.642602],[-44.1991689,-19.6438509],[-44.1993532,-19.6454441],[-44.1990112,-19.6470202],[-44.1999141,-19.647433],[-44.2002351,-19.6479521],[-44.1991174,-19.6519673],[-44.1986126,-19.6528848],[-44.1985363,-19.6561613],[-44.1990105,-19.6580576],[-44.1985846,-19.6598261],[-44.1969678,-19.6615029],[-44.1949245,-19.6627129],[-44.1919235,-19.6621138],[-44.1907297,-19.6605298],[-44.1896461,-19.66013],[-44.1888598,-19.6601716],[-44.1871348,-19.6610277],[-44.1845781,-19.6613063],[-44.183506,-19.6620387],[-44.1824966,-19.6641413],[-44.1814618,-19.6652237],[-44.1807992,-19.6655261],[-44.1767966,-19.6659325],[-44.1763996,-19.6652304],[-44.1773514,-19.6633661],[-44.1769694,-19.6611748],[-44.1773384,-19.6599105],[-44.1735412,-19.6569148],[-44.1722931,-19.6550024],[-44.1707768,-19.6534167],[-44.1687629,-19.6521939],[-44.1631717,-19.6510511],[-44.1623088,-19.6493337],[-44.161722,-19.6488548],[-44.1569408,-19.6477455],[-44.156475,-19.6466634],[-44.1555347,-19.6461006],[-44.1541774,-19.6440981],[-44.1535104,-19.6438121],[-44.1521899,-19.6439179],[-44.1510066,-19.6433015],[-44.1489182,-19.6428453],[-44.1477975,-19.6421252],[-44.146877,-19.6409362],[-44.1465512,-19.6386936],[-44.1471017,-19.6370055],[-44.1483581,-19.6356642],[-44.1484362,-19.6344583],[-44.1462492,-19.6317371],[-44.1433732,-19.629908],[-44.1398325,-19.6265757],[-44.1353905,-19.6255126],[-44.1329436,-19.6245701],[-44.1301076,-19.6227691],[-44.1283604,-19.6204971],[-44.1220399,-19.6208305],[-44.120111,-19.6200467],[-44.1188312,-19.6199221],[-44.1163602,-19.6190976],[-44.1160941,-19.618673],[-44.1148321,-19.6182501],[-44.1134128,-19.616224],[-44.112641,-19.6164958],[-44.1111862,-19.6181116],[-44.1102243,-19.6184394],[-44.1090586,-19.6177957],[-44.1071615,-19.6156194],[-44.1060473,-19.6151901],[-44.1040597,-19.6150682],[-44.102137,-19.6161384],[-44.1011459,-19.6162076],[-44.1001584,-19.6157933],[-44.0989013,-19.6143124],[-44.0978313,-19.611738],[-44.0960234,-19.6105154],[-44.0949845,-19.6094159],[-44.0932699,-19.6094895],[-44.0924709,-19.6091592],[-44.0891151,-19.6066222],[-44.085348,-19.6052001],[-44.0847678,-19.6047821],[-44.0830991,-19.6014355],[-44.0817494,-19.6003372],[-44.0801234,-19.5992256],[-44.0771004,-19.5984068],[-44.0738813,-19.5968018],[-44.0729615,-19.5955943],[-44.0730179,-19.5930527],[-44.0716943,-19.5927848],[-44.0705794,-19.5918429],[-44.0697546,-19.591986],[-44.069472,-19.5915806],[-44.0681594,-19.5919958],[-44.0668281,-19.5933976],[-44.0654915,-19.5938742],[-44.0645584,-19.5946276],[-44.0636908,-19.5946176],[-44.0637973,-19.5956536],[-44.0629736,-19.5963099],[-44.0629707,-19.5967951],[-44.0625421,-19.5968787],[-44.0627127,-19.5974298],[-44.06238,-19.5983698],[-44.0620189,-19.5984908],[-44.0615847,-19.5982219],[-44.0609181,-19.5985908],[-44.0604843,-19.5994126],[-44.0606027,-19.5998369],[-44.0600346,-19.5996615],[-44.059778,-19.6006686],[-44.058757,-19.5990223],[-44.05671,-19.5973137],[-44.052695,-19.595566],[-44.0499831,-19.5954197],[-44.0477409,-19.594113],[-44.0458168,-19.5938637],[-44.0450615,-19.5920638],[-44.0451126,-19.5903775],[-44.0466477,-19.5873297],[-44.0470292,-19.5849036],[-44.0478335,-19.5830725],[-44.0481514,-19.5812624],[-44.047759,-19.5772008],[-44.0486871,-19.5748503],[-44.0486384,-19.5717058],[-44.0501234,-19.5695426],[-44.0493116,-19.5682454],[-44.047661,-19.5669295],[-44.0478551,-19.5643466],[-44.0198956,-19.5572861]]]}},{"type":"Feature","properties":{"code":"24","name":"Esmeraldas"},"geometry":{"type":"Polygon","coordinates":[[[-44.4436676,-19.7654789],[-44.4412577,-19.7642513],[-44.4389349,-19.7640544],[-44.4344382,-19.7654282],[-44.4325364,-19.7665933],[-44.4311082,-19.7667151],[-44.4297931,-19.7659805],[-44.4288248,-19.7640333],[-44.4281519,-19.7633825],[-44.4272134,-19.7632463],[-44.4265542,-19.7638305],[-44.4263548,-19.7644693],[-44.4265395,-19.765179],[-44.42777,-19.7667517],[-44.4295347,-19.7703891],[-44.4314304,-19.7732608],[-44.4313515,-19.7752768],[-44.4303299,-19.7775455],[-44.4291102,-19.7785153],[-44.4279546,-19.7789541],[-44.4241792,-19.7793403],[-44.4235697,-19.7797219],[-44.4233639,-19.7809997],[-44.4242869,-19.7824838],[-44.4256999,-19.783542],[-44.4254957,-19.7843649],[-44.4234409,-19.7853372],[-44.4214883,-19.7856908],[-44.4196563,-19.7850312],[-44.4169761,-19.783508],[-44.4155101,-19.7833102],[-44.4144867,-19.7841364],[-44.4122888,-19.7869538],[-44.4112228,-19.7893179],[-44.4115083,-19.7903855],[-44.4127047,-19.7919671],[-44.4141511,-19.7926311],[-44.4160033,-19.7930218],[-44.4163147,-19.7933792],[-44.4161981,-19.7951471],[-44.4131888,-19.7977619],[-44.4130157,-19.7983023],[-44.4147416,-19.8027109],[-44.4166762,-19.8051201],[-44.4173677,-19.8051657],[-44.4187167,-19.8045318],[-44.420066,-19.8053832],[-44.4218386,-19.806932],[-44.4216207,-19.8078992],[-44.421215,-19.808213],[-44.420049,-19.8082542],[-44.4184099,-19.8075286],[-44.4173512,-19.8074463],[-44.4156836,-19.8079586],[-44.414429,-19.8093838],[-44.4138077,-19.8126208],[-44.4127867,-19.8139518],[-44.4113286,-19.8146136],[-44.4082194,-19.8150479],[-44.4023554,-19.8182218],[-44.4018006,-19.8192674],[-44.4035153,-19.8220993],[-44.4039088,-19.8233126],[-44.403877,-19.8249642],[-44.4031236,-19.8268918],[-44.398602,-19.8299052],[-44.3980811,-19.8319576],[-44.3952821,-19.8352818],[-44.3939033,-19.8358781],[-44.3929536,-19.8349888],[-44.3924154,-19.8348801],[-44.3908779,-19.8356744],[-44.3848831,-19.8427397],[-44.3830126,-19.8436215],[-44.3829931,-19.8443194],[-44.3839335,-19.8456113],[-44.384027,-19.8463417],[-44.3836847,-19.8467914],[-44.3811406,-19.8480223],[-44.380669,-19.8486587],[-44.3799471,-19.8503222],[-44.3793805,-19.8544961],[-44.3782112,-19.8570563],[-44.3782588,-19.8582285],[-44.3795598,-19.8606667],[-44.3795011,-19.8611334],[-44.3784507,-19.8616766],[-44.3769015,-19.8616825],[-44.3742534,-19.8604093],[-44.3733728,-19.8611786],[-44.3735953,-19.8648139],[-44.3741818,-19.8651674],[-44.3749377,-19.8647219],[-44.3754616,-19.8647709],[-44.3762312,-19.8674125],[-44.3754529,-19.8686354],[-44.3729251,-19.8700801],[-44.372632,-19.8704971],[-44.3741695,-19.8734944],[-44.374006,-19.8756919],[-44.3719904,-19.8810545],[-44.3698408,-19.8842487],[-44.3681133,-19.8845845],[-44.3671445,-19.8843013],[-44.3668501,-19.8839428],[-44.365765,-19.8798046],[-44.3642162,-19.8769554],[-44.3634545,-19.8763528],[-44.3616351,-19.8760298],[-44.3604719,-19.876184],[-44.3593786,-19.8798138],[-44.3585297,-19.879979],[-44.3579342,-19.8796106],[-44.3575706,-19.8788767],[-44.3563114,-19.8743373],[-44.355429,-19.8728192],[-44.3533583,-19.873433],[-44.3502623,-19.8757492],[-44.3483359,-19.8765234],[-44.3475231,-19.8765396],[-44.3460052,-19.8759322],[-44.3442802,-19.8746006],[-44.3440594,-19.8733871],[-44.3449332,-19.8714537],[-44.3440562,-19.8702426],[-44.3432815,-19.8698194],[-44.3419586,-19.869648],[-44.340641,-19.8698337],[-44.3401869,-19.870209],[-44.3391728,-19.8736047],[-44.33905,-19.87567],[-44.3404512,-19.8773918],[-44.3413354,-19.8791022],[-44.3421166,-19.8830384],[-44.3429043,-19.8837828],[-44.3455434,-19.8852597],[-44.3460097,-19.886121],[-44.3459376,-19.8881578],[-44.3454124,-19.8902355],[-44.3427279,-19.8947504],[-44.3421853,-19.8969011],[-44.3431797,-19.8984445],[-44.3449444,-19.8993573],[-44.3459186,-19.9002358],[-44.3488064,-19.9002838],[-44.3506216,-19.9010099],[-44.3518095,-19.9004553],[-44.3529511,-19.9007191],[-44.3537615,-19.9013684],[-44.3556331,-19.9039506],[-44.3553254,-19.9046287],[-44.3542947,-19.9054466],[-44.3507901,-19.9062731],[-44.3500204,-19.9069688],[-44.3491564,-19.9085033],[-44.3484051,-19.91104],[-44.3481869,-19.9141341],[-44.3486506,-19.9151172],[-44.351922,-19.9158544],[-44.3518794,-19.9169717],[-44.3508358,-19.9186341],[-44.3498246,-19.919254],[-44.348495,-19.9193917],[-44.3454123,-19.9171887],[-44.3443503,-19.9186815],[-44.3436746,-19.9225371],[-44.3432715,-19.922774],[-44.3417648,-19.9227662],[-44.3411546,-19.9233705],[-44.340718,-19.9319052],[-44.3403,-19.9327896],[-44.3384907,-19.93395],[-44.337375,-19.9353022],[-44.3370686,-19.937363],[-44.3374568,-19.9397494],[-44.3371777,-19.940475],[-44.3342477,-19.9422411],[-44.3320729,-19.9441615],[-44.3299784,-19.9445633],[-44.3279819,-19.9458039],[-44.3266093,-19.9459195],[-44.3254925,-19.945534],[-44.3245935,-19.9447004],[-44.3237911,-19.9428382],[-44.3217219,-19.9399349],[-44.3182766,-19.9392615],[-44.3166264,-19.9383647],[-44.3155615,-19.9385034],[-44.3150176,-19.9367576],[-44.3116857,-19.9339823],[-44.3104661,-19.9336095],[-44.3086769,-19.9342033],[-44.3070584,-19.9341687],[-44.3057918,-19.9335784],[-44.3046913,-19.9315824],[-44.304502,-19.9304892],[-44.3066994,-19.9281706],[-44.3066933,-19.9256647],[-44.3071278,-19.9254763],[-44.3083752,-19.9257662],[-44.3093695,-19.9264003],[-44.3101475,-19.9264386],[-44.3121772,-19.9257663],[-44.3144362,-19.9232552],[-44.3150377,-19.9221395],[-44.3155439,-19.9197513],[-44.3168561,-19.9187205],[-44.3173363,-19.9179789],[-44.3173388,-19.9173775],[-44.3163356,-19.9166741],[-44.315928,-19.9155186],[-44.3161383,-19.9115262],[-44.3155013,-19.9067402],[-44.3147612,-19.9064093],[-44.3124731,-19.9064154],[-44.3093367,-19.9074325],[-44.3035073,-19.9102587],[-44.2997356,-19.9104935],[-44.2989857,-19.9096113],[-44.2985648,-19.9071712],[-44.2990873,-19.9057328],[-44.2976458,-19.9053766],[-44.2958904,-19.9036278],[-44.2948364,-19.9009568],[-44.2936245,-19.8989135],[-44.2936303,-19.8975997],[-44.2951689,-19.8941537],[-44.2940896,-19.8945661],[-44.2917807,-19.8943331],[-44.2875729,-19.8922692],[-44.2851571,-19.8928436],[-44.2842844,-19.8927856],[-44.2820678,-19.8905691],[-44.2818349,-19.8894215],[-44.2804655,-19.8876982],[-44.2797156,-19.8855744],[-44.2790561,-19.8850148],[-44.277075,-19.8849821],[-44.2751565,-19.8845055],[-44.2712326,-19.8864558],[-44.2699441,-19.8843552],[-44.2676938,-19.8838133],[-44.2671746,-19.8810053],[-44.267211,-19.8794289],[-44.2667267,-19.8793897],[-44.2644404,-19.8805899],[-44.2622974,-19.8802224],[-44.2613431,-19.880367],[-44.2600808,-19.8818445],[-44.2585804,-19.8823556],[-44.2579202,-19.8836412],[-44.2568768,-19.8840996],[-44.2549588,-19.8842239],[-44.2538251,-19.883853],[-44.2508634,-19.8839899],[-44.2489402,-19.883679],[-44.2484575,-19.8831597],[-44.2485781,-19.8818752],[-44.24814,-19.8812393],[-44.2470456,-19.8812263],[-44.2456452,-19.8820185],[-44.2447664,-19.8820835],[-44.2437137,-19.8815548],[-44.2423184,-19.8799452],[-44.240756,-19.879318],[-44.2399075,-19.8792229],[-44.2375466,-19.8798311],[-44.2364372,-19.8792729],[-44.2360861,-19.8749754],[-44.2352282,-19.872974],[-44.23352,-19.871457],[-44.2318838,-19.8692283],[-44.2308416,-19.8653288],[-44.2308276,-19.8619026],[-44.2313859,-19.8590705],[-44.2317834,-19.8582913],[-44.2330563,-19.8571255],[-44.2317805,-19.8562472],[-44.2305681,-19.8563859],[-44.2289081,-19.8559411],[-44.2277705,-19.8548369],[-44.227404,-19.8539771],[-44.2267228,-19.8535312],[-44.223206,-19.8537286],[-44.2218723,-19.8525839],[-44.2217624,-19.8511831],[-44.2220255,-19.8501444],[-44.2225663,-19.8494809],[-44.223782,-19.8456995],[-44.2247756,-19.8439813],[-44.2264327,-19.8429625],[-44.2265339,-19.842643],[-44.2260068,-19.8398059],[-44.2248977,-19.8378929],[-44.2248315,-19.8365154],[-44.2242986,-19.8360451],[-44.2198278,-19.8338189],[-44.216883,-19.8330489],[-44.2144365,-19.8318787],[-44.2122822,-19.8323641],[-44.2109146,-19.8323581],[-44.2089047,-19.8330262],[-44.2065337,-19.8345576],[-44.2033877,-19.8346408],[-44.2023473,-19.8350541],[-44.1957125,-19.8397936],[-44.1940265,-19.8414604],[-44.1934668,-19.841595],[-44.1926607,-19.8412583],[-44.1907175,-19.839323],[-44.1895169,-19.8371239],[-44.1892061,-19.8354011],[-44.1885075,-19.8344336],[-44.1864947,-19.8335362],[-44.1845453,-19.8335273],[-44.1831226,-19.8332011],[-44.1820098,-19.8322309],[-44.1810932,-19.8319683],[-44.1786485,-19.8339385],[-44.1750312,-19.8349379],[-44.1706395,-19.837697],[-44.1696003,-19.8418755],[-44.1697993,-19.8457958],[-44.1694793,-19.8467021],[-44.1689213,-19.8469464],[-44.1673326,-19.8468219],[-44.1657471,-19.8447451],[-44.1643453,-19.8444173],[-44.1629528,-19.8424302],[-44.1619798,-19.8422279],[-44.1619128,-19.8413421],[-44.1598276,-19.8389304],[-44.1589533,-19.8388684],[-44.1560563,-19.8397111],[-44.1548719,-19.8397137],[-44.1550256,-19.8388686],[-44.1559285,-19.8377597],[-44.155664,-19.8360751],[-44.1558691,-19.8345038],[-44.1588157,-19.831663],[-44.159201,-19.8306668],[-44.1584287,-19.8289534],[-44.1577342,-19.8255472],[-44.1566853,-19.824397],[-44.1549882,-19.8235165],[-44.1526306,-19.8235813],[-44.1517521,-19.8222925],[-44.1503215,-19.822064],[-44.1497135,-19.8215033],[-44.1483346,-19.8211158],[-44.14698,-19.8203],[-44.1449182,-19.820233],[-44.1472309,-19.8178465],[-44.14815,-19.814065],[-44.1478976,-19.812998],[-44.1473677,-19.8121712],[-44.1429963,-19.8085701],[-44.141908,-19.8066683],[-44.1408031,-19.8056897],[-44.1375566,-19.8050718],[-44.1367409,-19.8052492],[-44.1358873,-19.805857],[-44.1362038,-19.804918],[-44.1359921,-19.8042144],[-44.1345179,-19.803309],[-44.1343516,-19.8029307],[-44.1352706,-19.7975643],[-44.1341219,-19.7944059],[-44.1356951,-19.7920501],[-44.1377612,-19.790642],[-44.141355,-19.7862891],[-44.1419288,-19.7838009],[-44.141328,-19.780039],[-44.1428281,-19.777532],[-44.146588,-19.773872],[-44.1474181,-19.7735649],[-44.14977,-19.773403],[-44.150993,-19.772614],[-44.151349,-19.771969],[-44.1509559,-19.7704569],[-44.152887,-19.769232],[-44.1563209,-19.764855],[-44.1618599,-19.763233],[-44.163715,-19.76029],[-44.1648219,-19.7561671],[-44.1640749,-19.75463],[-44.1631328,-19.7506929],[-44.1603489,-19.748612],[-44.1595052,-19.745574],[-44.1575049,-19.744316],[-44.1567922,-19.743435],[-44.156813,-19.742247],[-44.1564429,-19.741172],[-44.1546908,-19.74085],[-44.1522771,-19.741273],[-44.150963,-19.740999],[-44.1498369,-19.740081],[-44.148398,-19.736935],[-44.1458291,-19.736757],[-44.144608,-19.735585],[-44.1420779,-19.735027],[-44.1415091,-19.73455],[-44.1419558,-19.7265149],[-44.1412391,-19.724677],[-44.1385268,-19.720658],[-44.1384368,-19.719677],[-44.1390791,-19.718447],[-44.1390841,-19.717675],[-44.137764,-19.714968],[-44.1372031,-19.711781],[-44.1344042,-19.7097801],[-44.1324061,-19.70909],[-44.1337562,-19.7086512],[-44.1347256,-19.7079231],[-44.1356458,-19.7062505],[-44.1364413,-19.7057337],[-44.139668,-19.7056227],[-44.1412016,-19.705171],[-44.1420174,-19.7025355],[-44.1438771,-19.7012007],[-44.1443675,-19.6996489],[-44.1452603,-19.6984078],[-44.1454263,-19.6964062],[-44.1478472,-19.6946864],[-44.1478303,-19.6941459],[-44.146494,-19.6933453],[-44.1470574,-19.6907293],[-44.1478019,-19.689973],[-44.1480579,-19.6889647],[-44.1487328,-19.6881953],[-44.149369,-19.6860279],[-44.149361,-19.6850284],[-44.1504832,-19.6846099],[-44.1514365,-19.6847482],[-44.1522576,-19.684219],[-44.1536551,-19.6842762],[-44.1551736,-19.6850306],[-44.1558323,-19.6845574],[-44.1558755,-19.6834136],[-44.1574193,-19.6828571],[-44.1576472,-19.6807228],[-44.1561099,-19.6803768],[-44.1555145,-19.6796755],[-44.1567759,-19.6789079],[-44.1578512,-19.6770289],[-44.1591465,-19.6758215],[-44.159076,-19.673431],[-44.1602211,-19.6746273],[-44.1601701,-19.6753012],[-44.1614049,-19.6759413],[-44.1610211,-19.6763877],[-44.1611564,-19.6772847],[-44.1621861,-19.6790814],[-44.1631905,-19.6791213],[-44.1650016,-19.6784321],[-44.1663959,-19.6788904],[-44.1675072,-19.6781925],[-44.1681164,-19.6793612],[-44.1697568,-19.6794781],[-44.1726739,-19.678481],[-44.173778,-19.6790301],[-44.174683,-19.680247],[-44.1760159,-19.6813282],[-44.1778508,-19.681808],[-44.1816182,-19.680935],[-44.1843588,-19.6809733],[-44.1857603,-19.6813099],[-44.1868612,-19.6800906],[-44.1880708,-19.6778921],[-44.191234,-19.6758057],[-44.1919088,-19.6747361],[-44.1928066,-19.6741939],[-44.1935571,-19.6728868],[-44.1953802,-19.6722513],[-44.1959893,-19.671288],[-44.1963579,-19.668824],[-44.195391,-19.666108],[-44.1952859,-19.663536],[-44.1949245,-19.6627129],[-44.1969678,-19.6615029],[-44.1985846,-19.6598261],[-44.1990105,-19.6580576],[-44.1985363,-19.6561613],[-44.1986126,-19.6528848],[-44.1991174,-19.6519673],[-44.2002351,-19.6479521],[-44.1999141,-19.647433],[-44.1990112,-19.6470202],[-44.1993532,-19.6454441],[-44.199216,-19.644105],[-44.1981068,-19.64217],[-44.1979099,-19.6410179],[-44.1983071,-19.638011],[-44.1995281,-19.6356651],[-44.2001049,-19.63312],[-44.199958,-19.631539],[-44.1992548,-19.6292289],[-44.1997358,-19.624769],[-44.1985888,-19.62332],[-44.1984178,-19.621566],[-44.200215,-19.6204471],[-44.2053619,-19.618713],[-44.209683,-19.615037],[-44.2130198,-19.614654],[-44.2144108,-19.6141889],[-44.215096,-19.6136049],[-44.2171249,-19.6104231],[-44.2178842,-19.6079709],[-44.2192258,-19.6055801],[-44.22096,-19.600966],[-44.2225531,-19.599349],[-44.2237611,-19.598872],[-44.2244099,-19.59823],[-44.2251968,-19.5969089],[-44.226315,-19.593513],[-44.2294329,-19.592989],[-44.236877,-19.58985],[-44.2383671,-19.588948],[-44.238659,-19.587093],[-44.2405149,-19.5841279],[-44.2424031,-19.578246],[-44.243127,-19.577328],[-44.245161,-19.576947],[-44.247653,-19.577319],[-44.2509131,-19.579011],[-44.256322,-19.577562],[-44.2593338,-19.577739],[-44.261136,-19.57977],[-44.2612508,-19.5817401],[-44.2621051,-19.582588],[-44.265055,-19.584077],[-44.269632,-19.584509],[-44.2710111,-19.585155],[-44.2795191,-19.583629],[-44.283761,-19.5847019],[-44.2850738,-19.584679],[-44.285702,-19.585065],[-44.2864958,-19.5846339],[-44.289261,-19.5851989],[-44.2911751,-19.584571],[-44.2918051,-19.583482],[-44.29359,-19.5823231],[-44.2944411,-19.582285],[-44.2953231,-19.5827991],[-44.2955812,-19.5837109],[-44.2965488,-19.5841919],[-44.2974989,-19.5851559],[-44.2987751,-19.585167],[-44.2996672,-19.585934],[-44.3003732,-19.5858251],[-44.3019899,-19.584469],[-44.3033398,-19.584342],[-44.3041228,-19.584983],[-44.305691,-19.584985],[-44.3062329,-19.585496],[-44.3064261,-19.586903],[-44.3075249,-19.587592],[-44.3078709,-19.588262],[-44.3096931,-19.5883239],[-44.3113471,-19.590711],[-44.3127921,-19.592059],[-44.314334,-19.5922569],[-44.3153091,-19.591954],[-44.3161541,-19.592479],[-44.3176352,-19.592653],[-44.3195151,-19.5917481],[-44.3213049,-19.591326],[-44.3238951,-19.589851],[-44.324279,-19.58785],[-44.3253579,-19.585475],[-44.3272478,-19.583568],[-44.3269689,-19.582253],[-44.3271251,-19.581114],[-44.3288891,-19.57962],[-44.3297159,-19.579547],[-44.3306092,-19.5788981],[-44.3325239,-19.5794089],[-44.3339381,-19.578926],[-44.334648,-19.579635],[-44.3356311,-19.579747],[-44.336223,-19.580178],[-44.336686,-19.5812989],[-44.336143,-19.582135],[-44.336137,-19.582837],[-44.3368861,-19.583258],[-44.3377642,-19.5829551],[-44.3379449,-19.583117],[-44.338175,-19.585734],[-44.338454,-19.585817],[-44.3385922,-19.585311],[-44.3393211,-19.585375],[-44.340287,-19.5860051],[-44.341236,-19.58584],[-44.34179,-19.586374],[-44.3438129,-19.5870819],[-44.3452089,-19.585931],[-44.346186,-19.586699],[-44.3466731,-19.5865769],[-44.347604,-19.587114],[-44.3486311,-19.5864091],[-44.349088,-19.585664],[-44.3498519,-19.585763],[-44.3504632,-19.585422],[-44.350898,-19.585668],[-44.3513751,-19.586685],[-44.3519341,-19.586632],[-44.352441,-19.585669],[-44.353517,-19.584976],[-44.353592,-19.584757],[-44.35295,-19.584499],[-44.3524871,-19.583378],[-44.3520281,-19.583098],[-44.3518049,-19.582209],[-44.350551,-19.581185],[-44.3518931,-19.579238],[-44.3539361,-19.5804649],[-44.3545571,-19.580251],[-44.3556839,-19.580641],[-44.3564641,-19.580359],[-44.3566901,-19.580868],[-44.356293,-19.5817051],[-44.3564301,-19.583963],[-44.3568989,-19.58452],[-44.3580289,-19.584564],[-44.3594851,-19.5834591],[-44.361963,-19.5835031],[-44.3628911,-19.581748],[-44.363354,-19.581545],[-44.3643008,-19.581668],[-44.3651141,-19.583126],[-44.3662179,-19.5832961],[-44.3682871,-19.582899],[-44.3696738,-19.584062],[-44.3706069,-19.5843571],[-44.3722028,-19.583898],[-44.3751311,-19.581228],[-44.3762461,-19.581628],[-44.376903,-19.58145],[-44.377745,-19.582412],[-44.3787429,-19.582202],[-44.3791059,-19.582424],[-44.3792678,-19.581964],[-44.3797441,-19.581749],[-44.379828,-19.580518],[-44.3805271,-19.579809],[-44.3808832,-19.5781191],[-44.381151,-19.578064],[-44.3840732,-19.578675],[-44.3848741,-19.580121],[-44.3855639,-19.5804151],[-44.387285,-19.579519],[-44.3891811,-19.5795],[-44.3906071,-19.5789819],[-44.39101,-19.5801249],[-44.390533,-19.580513],[-44.3905402,-19.581008],[-44.3911799,-19.5815089],[-44.3906168,-19.581953],[-44.3918329,-19.583196],[-44.3927408,-19.5835481],[-44.3928319,-19.5842289],[-44.3933039,-19.584405],[-44.3940491,-19.58539],[-44.394093,-19.585851],[-44.3936249,-19.58655],[-44.394269,-19.587972],[-44.3957691,-19.58864],[-44.3973712,-19.587559],[-44.3985879,-19.587385],[-44.3995369,-19.588533],[-44.4007209,-19.589337],[-44.4014471,-19.591047],[-44.4025468,-19.5916429],[-44.404271,-19.591819],[-44.405226,-19.593669],[-44.4068201,-19.594856],[-44.4085532,-19.5953889],[-44.410086,-19.5978771],[-44.4118191,-19.599803],[-44.411918,-19.600863],[-44.4105511,-19.6043181],[-44.4109309,-19.60932],[-44.410095,-19.6104189],[-44.4093351,-19.612497],[-44.4091921,-19.613509],[-44.4097732,-19.6151721],[-44.4087281,-19.616534],[-44.4083019,-19.617982],[-44.4084142,-19.618985],[-44.409213,-19.620742],[-44.4089149,-19.62143],[-44.4074062,-19.622961],[-44.409286,-19.626178],[-44.4094678,-19.62884],[-44.4091309,-19.6298849],[-44.4074299,-19.631115],[-44.4071318,-19.631815],[-44.4067031,-19.633551],[-44.4059111,-19.635157],[-44.405843,-19.6360201],[-44.4063719,-19.6366],[-44.4086842,-19.637724],[-44.4123331,-19.637408],[-44.4154972,-19.6383889],[-44.420482,-19.6382331],[-44.4235292,-19.638661],[-44.427757,-19.638821],[-44.429062,-19.638382],[-44.4305329,-19.6369201],[-44.433819,-19.632408],[-44.4362839,-19.6298601],[-44.4371861,-19.6295669],[-44.4396421,-19.629472],[-44.4413498,-19.630153],[-44.4423391,-19.631048],[-44.443368,-19.631505],[-44.4484749,-19.631199],[-44.4497749,-19.6326719],[-44.4525081,-19.638463],[-44.4542321,-19.640181],[-44.456446,-19.6413731],[-44.457832,-19.6427199],[-44.45874,-19.643095],[-44.460078,-19.643014],[-44.4634178,-19.64054],[-44.4699681,-19.637942],[-44.4721669,-19.637994],[-44.4735921,-19.639087],[-44.474779,-19.639557],[-44.4791318,-19.639383],[-44.4813779,-19.638364],[-44.4818762,-19.638379],[-44.4825382,-19.639098],[-44.4833381,-19.640843],[-44.4840541,-19.6410099],[-44.4874331,-19.6395959],[-44.4895341,-19.638322],[-44.4905791,-19.638342],[-44.492805,-19.639672],[-44.4958498,-19.640294],[-44.4966051,-19.640207],[-44.4979551,-19.6390389],[-44.4972751,-19.640224],[-44.497332,-19.641674],[-44.5002772,-19.64511],[-44.5021081,-19.649068],[-44.5035359,-19.649991],[-44.5069102,-19.649449],[-44.5083379,-19.6502349],[-44.5084089,-19.650695],[-44.5070689,-19.652713],[-44.506895,-19.6541139],[-44.5082669,-19.657404],[-44.5086248,-19.6591519],[-44.5095421,-19.6608089],[-44.5098759,-19.662648],[-44.5096058,-19.663498],[-44.5084131,-19.665057],[-44.5066621,-19.666408],[-44.505108,-19.666771],[-44.503825,-19.665963],[-44.5009259,-19.662255],[-44.4984328,-19.659811],[-44.4969338,-19.658809],[-44.493484,-19.658518],[-44.4898361,-19.660102],[-44.4887349,-19.660923],[-44.486713,-19.662785],[-44.4839461,-19.666518],[-44.482959,-19.6667409],[-44.4783189,-19.6663491],[-44.47759,-19.6677371],[-44.477586,-19.668209],[-44.4798608,-19.67084],[-44.479917,-19.674215],[-44.4812061,-19.675584],[-44.4840041,-19.676895],[-44.4872851,-19.677035],[-44.4894502,-19.6798499],[-44.4926081,-19.681636],[-44.4940881,-19.682074],[-44.4979059,-19.681941],[-44.498754,-19.682362],[-44.4994628,-19.683301],[-44.4998491,-19.6866549],[-44.4991821,-19.690773],[-44.4979789,-19.692076],[-44.4946101,-19.693663],[-44.4930549,-19.696358],[-44.4920339,-19.699172],[-44.490338,-19.701278],[-44.4906569,-19.7023861],[-44.4919748,-19.7032831],[-44.4946569,-19.70389],[-44.4979641,-19.704007],[-44.4983501,-19.70431],[-44.4986382,-19.7061891],[-44.4973799,-19.709807],[-44.4947681,-19.71239],[-44.4940589,-19.712765],[-44.492269,-19.713016],[-44.4891352,-19.711242],[-44.4876549,-19.7107701],[-44.4802939,-19.7098731],[-44.4749191,-19.706964],[-44.4739111,-19.7068869],[-44.4720931,-19.707553],[-44.470891,-19.70881],[-44.4707219,-19.710007],[-44.473712,-19.711585],[-44.4738989,-19.712473],[-44.471322,-19.713766],[-44.4690871,-19.716271],[-44.468438,-19.718269],[-44.4678008,-19.723032],[-44.4667029,-19.724855],[-44.4658342,-19.7254131],[-44.4643762,-19.725355],[-44.4590989,-19.726593],[-44.458191,-19.727461],[-44.4565598,-19.7303959],[-44.4544729,-19.732718],[-44.4509799,-19.734303],[-44.4479601,-19.7347859],[-44.445394,-19.7347889],[-44.4414801,-19.7331339],[-44.4409341,-19.733003],[-44.4403599,-19.733241],[-44.439929,-19.733847],[-44.4396769,-19.736229],[-44.4352741,-19.7390391],[-44.43381,-19.7408701],[-44.4332588,-19.742674],[-44.4333038,-19.7444251],[-44.4335731,-19.745682],[-44.4346071,-19.747084],[-44.4356079,-19.747955],[-44.439228,-19.74993],[-44.440366,-19.750907],[-44.4430559,-19.752201],[-44.443503,-19.752734],[-44.443638,-19.754404],[-44.4428899,-19.758912],[-44.4453159,-19.7651693],[-44.445028,-19.7657096],[-44.4436676,-19.7654789]]]}},{"type":"Feature","properties":{"code":"25","name":"Ibirité"},"geometry":{"type":"Polygon","coordinates":[[[-44.0768559,-19.9677865],[-44.0786196,-19.9683959],[-44.0795318,-19.9681609],[-44.0805143,-19.9653855],[-44.0808527,-19.965214],[-44.0812584,-19.9664321],[-44.0826422,-19.968244],[-44.0830217,-19.9692813],[-44.0832823,-19.9722731],[-44.0827949,-19.974111],[-44.0844047,-19.9769498],[-44.0855456,-19.977411],[-44.0854139,-19.978659],[-44.0856615,-19.9791059],[-44.0871091,-19.9801415],[-44.088107,-19.9801932],[-44.0895258,-19.9795664],[-44.0905673,-19.9794647],[-44.0924267,-19.9803824],[-44.0954316,-19.982573],[-44.0972233,-19.9852648],[-44.0979847,-19.9871648],[-44.0998841,-19.9872594],[-44.1030063,-19.9866676],[-44.1050649,-19.9866021],[-44.1077555,-19.9857799],[-44.1084801,-19.9860391],[-44.1108749,-19.9879494],[-44.1116449,-19.9887799],[-44.1118012,-19.990005],[-44.110521,-19.9918495],[-44.1122224,-19.9944699],[-44.1119228,-19.9953513],[-44.1109105,-19.9964674],[-44.1120719,-19.999032],[-44.1109912,-19.999895],[-44.11121,-20.0012811],[-44.1121583,-20.0016618],[-44.1152986,-20.0017263],[-44.116785,-20.0026756],[-44.1185285,-20.0045211],[-44.1226656,-20.0062499],[-44.1235433,-20.0078798],[-44.1243993,-20.0084827],[-44.1264128,-20.0086158],[-44.1274839,-20.0095154],[-44.1302188,-20.0091348],[-44.1306933,-20.0102165],[-44.1305042,-20.0129784],[-44.1302814,-20.0147205],[-44.1290563,-20.0149504],[-44.1285775,-20.0158962],[-44.1268492,-20.0151675],[-44.1237103,-20.0153077],[-44.1223153,-20.016664],[-44.1210639,-20.0190409],[-44.1196622,-20.0189789],[-44.1171929,-20.0198199],[-44.1124027,-20.0206125],[-44.111772,-20.0212359],[-44.111363,-20.0234265],[-44.1107212,-20.0235878],[-44.1103453,-20.0240438],[-44.1098488,-20.0235959],[-44.1090958,-20.0237621],[-44.1071431,-20.0257251],[-44.106526,-20.0258167],[-44.1053284,-20.0269041],[-44.1027832,-20.0282491],[-44.1010998,-20.0280609],[-44.0992857,-20.0287093],[-44.0979239,-20.0284744],[-44.0949294,-20.0270732],[-44.0944927,-20.0272271],[-44.0940773,-20.0280185],[-44.0937349,-20.0301457],[-44.0942983,-20.0306831],[-44.0943812,-20.032408],[-44.094856,-20.0328895],[-44.0944733,-20.0334397],[-44.0947717,-20.0345129],[-44.0946119,-20.0354489],[-44.0929919,-20.037779],[-44.0915231,-20.0373237],[-44.0904172,-20.0379731],[-44.0902516,-20.0384543],[-44.09059,-20.0396461],[-44.0936208,-20.0422366],[-44.0921682,-20.0443295],[-44.0921837,-20.0448611],[-44.0906594,-20.0474171],[-44.0897173,-20.0498004],[-44.0890481,-20.050194],[-44.0888882,-20.0515789],[-44.0884235,-20.0526037],[-44.0874922,-20.0535537],[-44.0864529,-20.0556062],[-44.0853047,-20.0560399],[-44.0842043,-20.057666],[-44.0825511,-20.0591354],[-44.0827906,-20.0603918],[-44.0823348,-20.0615197],[-44.08065,-20.0625226],[-44.0790059,-20.0645909],[-44.0773538,-20.0638041],[-44.0761593,-20.0645611],[-44.0754757,-20.0665912],[-44.07588,-20.0678341],[-44.0757576,-20.0682959],[-44.0728276,-20.067978],[-44.071861,-20.0688302],[-44.070475,-20.0711958],[-44.0688867,-20.0722862],[-44.0683333,-20.0736491],[-44.0674312,-20.0744234],[-44.0670772,-20.0751318],[-44.0681519,-20.0766204],[-44.0683207,-20.077873],[-44.0654904,-20.0806931],[-44.0644262,-20.0798155],[-44.062331,-20.0792217],[-44.0618123,-20.0784239],[-44.0618187,-20.0778077],[-44.0609184,-20.0767731],[-44.0579427,-20.0749982],[-44.0563698,-20.0746625],[-44.054631,-20.0727523],[-44.0536482,-20.072353],[-44.0533379,-20.0718584],[-44.0510977,-20.0706443],[-44.0506552,-20.0700887],[-44.0501026,-20.0701129],[-44.0481568,-20.0671329],[-44.0471643,-20.0668927],[-44.0447202,-20.0653441],[-44.0409985,-20.0620627],[-44.0402151,-20.0618596],[-44.0390217,-20.0624408],[-44.0372254,-20.0625276],[-44.0359665,-20.0621689],[-44.034718,-20.0611436],[-44.0322178,-20.060753],[-44.0309423,-20.0602343],[-44.0284467,-20.0606979],[-44.024661,-20.0596806],[-44.0241139,-20.0585257],[-44.0206898,-20.0551724],[-44.0192297,-20.0548575],[-44.0182962,-20.0543349],[-44.0175895,-20.0528892],[-44.0177985,-20.0518804],[-44.0176105,-20.0514373],[-44.0180219,-20.0506068],[-44.0175329,-20.0496944],[-44.0143136,-20.0469197],[-44.0130379,-20.0467394],[-44.0127562,-20.0459392],[-44.0118866,-20.0453516],[-44.0113656,-20.0455699],[-44.0105847,-20.0444391],[-44.0106639,-20.0434606],[-44.0093196,-20.0417062],[-44.0095436,-20.040463],[-44.0104334,-20.0402675],[-44.0101224,-20.0391025],[-44.0106957,-20.0391392],[-44.0111188,-20.0383792],[-44.0121577,-20.0378239],[-44.0136187,-20.0364457],[-44.0147219,-20.0359292],[-44.0153451,-20.0363127],[-44.0156315,-20.0360233],[-44.0169006,-20.0358155],[-44.0177106,-20.0349762],[-44.017542,-20.0341991],[-44.01781,-20.0335994],[-44.0186704,-20.0339038],[-44.0200753,-20.0337382],[-44.0207336,-20.0327777],[-44.0225986,-20.0321453],[-44.023798,-20.0311034],[-44.0251755,-20.0305065],[-44.0260714,-20.0294286],[-44.025878,-20.028703],[-44.0273097,-20.0283931],[-44.0294716,-20.0255157],[-44.0301552,-20.0253336],[-44.0310124,-20.0245888],[-44.0316556,-20.0224037],[-44.0344219,-20.021591],[-44.0366361,-20.0213386],[-44.0368976,-20.0182824],[-44.0380573,-20.0169151],[-44.0392204,-20.0161542],[-44.0387594,-20.0149934],[-44.0400695,-20.0135342],[-44.0400953,-20.0126227],[-44.0406732,-20.0118267],[-44.0405417,-20.0095948],[-44.0421726,-20.0079173],[-44.0424317,-20.0067505],[-44.0449301,-20.0044789],[-44.0461564,-20.0005815],[-44.0473006,-20.0003118],[-44.048016,-19.9991696],[-44.0479723,-19.9980444],[-44.0494693,-19.9970575],[-44.0515006,-19.9975258],[-44.0525514,-19.9971161],[-44.0538292,-19.9978072],[-44.0540307,-19.996556],[-44.0551988,-19.9959796],[-44.0551264,-19.993376],[-44.0559014,-19.9920281],[-44.0559816,-19.9905747],[-44.0570178,-19.9901153],[-44.0562927,-19.9893281],[-44.0564116,-19.9881939],[-44.055674,-19.9869208],[-44.0557474,-19.9864164],[-44.0560251,-19.9853561],[-44.0566746,-19.9846323],[-44.0569017,-19.9835573],[-44.0574133,-19.9831721],[-44.0571769,-19.9824237],[-44.0575799,-19.9802976],[-44.0588972,-19.9788069],[-44.0597801,-19.9769736],[-44.0611047,-19.976046],[-44.062575,-19.9763454],[-44.0630695,-19.9768848],[-44.0641591,-19.9765618],[-44.0648633,-19.9768285],[-44.0671504,-19.9759942],[-44.0686534,-19.9730062],[-44.0704829,-19.9724496],[-44.0710013,-19.9706138],[-44.0717857,-19.969509],[-44.0736437,-19.9691941],[-44.0744364,-19.969855],[-44.0750318,-19.9698304],[-44.0763121,-19.9688193],[-44.0768559,-19.9677865]]]}},{"type":"Feature","properties":{"code":"26","name":"Brumadinho"},"geometry":{"type":"Polygon","coordinates":[[[-44.0182962,-20.0543349],[-44.0192297,-20.0548575],[-44.0206898,-20.0551724],[-44.0241139,-20.0585257],[-44.024661,-20.0596806],[-44.0284467,-20.0606979],[-44.0309423,-20.0602343],[-44.0322178,-20.060753],[-44.034718,-20.0611436],[-44.0359665,-20.0621689],[-44.0372254,-20.0625276],[-44.0390217,-20.0624408],[-44.0402151,-20.0618596],[-44.0409985,-20.0620627],[-44.0447202,-20.0653441],[-44.0471643,-20.0668927],[-44.0481568,-20.0671329],[-44.0501026,-20.0701129],[-44.0506552,-20.0700887],[-44.0510977,-20.0706443],[-44.0533379,-20.0718584],[-44.0536482,-20.072353],[-44.054631,-20.0727523],[-44.0563698,-20.0746625],[-44.0579427,-20.0749982],[-44.0609184,-20.0767731],[-44.0618187,-20.0778077],[-44.0618123,-20.0784239],[-44.0623969,-20.079269],[-44.0644875,-20.0798458],[-44.0676681,-20.0825487],[-44.0689169,-20.0832561],[-44.0703605,-20.0834556],[-44.0723859,-20.0848807],[-44.076083,-20.0861203],[-44.0778942,-20.0863396],[-44.0807681,-20.0878464],[-44.0819334,-20.0878428],[-44.0824947,-20.0891306],[-44.0835116,-20.0892435],[-44.0837542,-20.0895069],[-44.0841697,-20.0893867],[-44.0844833,-20.0905907],[-44.0866112,-20.0916538],[-44.0870213,-20.0932239],[-44.0897116,-20.0934792],[-44.091648,-20.0946674],[-44.0933461,-20.0945485],[-44.1003272,-20.0959437],[-44.1032111,-20.0968486],[-44.1057722,-20.0982945],[-44.1079639,-20.098622],[-44.1088999,-20.0984415],[-44.113252,-20.0997782],[-44.1154426,-20.0996359],[-44.1170942,-20.09907],[-44.1194767,-20.0995397],[-44.1203144,-20.0992855],[-44.1265594,-20.0992397],[-44.1281945,-20.0996237],[-44.1305554,-20.1011345],[-44.1351605,-20.1011351],[-44.1361036,-20.1019461],[-44.1386122,-20.1015729],[-44.1407347,-20.1023681],[-44.1432508,-20.1027497],[-44.1462118,-20.1016878],[-44.1474163,-20.1008674],[-44.1485885,-20.1006318],[-44.1515776,-20.101127],[-44.1537613,-20.1009716],[-44.1556348,-20.0997573],[-44.1571313,-20.0997122],[-44.1580536,-20.0982383],[-44.159877,-20.097665],[-44.1603494,-20.0967221],[-44.1610297,-20.0964313],[-44.1620633,-20.0966148],[-44.1625176,-20.096995],[-44.1642208,-20.096898],[-44.1679435,-20.0975617],[-44.1697821,-20.098247],[-44.1758231,-20.0988687],[-44.179488,-20.09867],[-44.1818208,-20.0989972],[-44.1896364,-20.0986258],[-44.1913856,-20.0976665],[-44.1925474,-20.0975126],[-44.1945202,-20.0984457],[-44.1974052,-20.0989216],[-44.1992049,-20.0989783],[-44.200894,-20.098538],[-44.2042268,-20.0988139],[-44.2075069,-20.0997737],[-44.2097136,-20.1008183],[-44.2152591,-20.1051294],[-44.2179414,-20.105507],[-44.2185423,-20.1068382],[-44.2197825,-20.1068849],[-44.2213049,-20.1077794],[-44.2235469,-20.1083941],[-44.2239362,-20.1093063],[-44.2249405,-20.1092676],[-44.22681,-20.110588],[-44.2274483,-20.1118986],[-44.2318597,-20.1141232],[-44.2327172,-20.1150696],[-44.2345136,-20.115071],[-44.2358712,-20.1157336],[-44.2374811,-20.1173794],[-44.2375009,-20.1184902],[-44.239756,-20.1181511],[-44.2414695,-20.1195492],[-44.2419218,-20.1193415],[-44.2427075,-20.1196231],[-44.2444165,-20.1194536],[-44.2456535,-20.1197621],[-44.2477166,-20.1216469],[-44.2487787,-20.1232165],[-44.2488326,-20.1240022],[-44.247974,-20.1242966],[-44.2480238,-20.1246797],[-44.2503241,-20.1245551],[-44.2519931,-20.1238495],[-44.2542226,-20.1244589],[-44.257126,-20.124423],[-44.2582279,-20.123228],[-44.2629468,-20.121294],[-44.2671235,-20.1184831],[-44.2689538,-20.1181573],[-44.2713484,-20.1152614],[-44.2721953,-20.1148193],[-44.2737847,-20.1146773],[-44.2762874,-20.1129677],[-44.2789035,-20.1118002],[-44.2806649,-20.1122872],[-44.2819487,-20.1136555],[-44.2827047,-20.1139629],[-44.2876442,-20.1132286],[-44.2906262,-20.1150642],[-44.2959303,-20.1133145],[-44.2986682,-20.1134696],[-44.2997161,-20.113979],[-44.3019128,-20.1164927],[-44.3029857,-20.1187133],[-44.3040022,-20.1185482],[-44.3039994,-20.1173154],[-44.3043249,-20.117083],[-44.3120519,-20.1142649],[-44.3157274,-20.1138192],[-44.3182867,-20.1139686],[-44.3211574,-20.115438],[-44.3237004,-20.1154937],[-44.3243405,-20.1162565],[-44.3254726,-20.1162232],[-44.3269241,-20.1166455],[-44.3287958,-20.1183822],[-44.3296486,-20.1187739],[-44.3311204,-20.1188766],[-44.3320751,-20.1195373],[-44.3336623,-20.1195344],[-44.3356034,-20.120002],[-44.3372414,-20.1197111],[-44.3385717,-20.1201834],[-44.3389035,-20.1214409],[-44.3400336,-20.1233284],[-44.3391772,-20.1246638],[-44.3377192,-20.1253268],[-44.33774,-20.1259361],[-44.3385645,-20.1272781],[-44.3388485,-20.1303868],[-44.3389342,-20.1344948],[-44.3382203,-20.1383201],[-44.3382112,-20.1400366],[-44.3402298,-20.1415064],[-44.3430792,-20.1445259],[-44.3427894,-20.1480959],[-44.3434115,-20.1500501],[-44.3455701,-20.1546429],[-44.349871,-20.1596344],[-44.3514856,-20.159779],[-44.3520116,-20.1601023],[-44.3514348,-20.1604428],[-44.3513988,-20.1610292],[-44.3502799,-20.1620564],[-44.3500067,-20.1617968],[-44.3503278,-20.1608678],[-44.3498782,-20.1608426],[-44.3498919,-20.1604495],[-44.3495236,-20.1604453],[-44.3488925,-20.1607284],[-44.3475712,-20.1607113],[-44.3464949,-20.161824],[-44.3442759,-20.1632907],[-44.3425882,-20.1626207],[-44.3412778,-20.1630002],[-44.3420215,-20.1642721],[-44.3420003,-20.1655466],[-44.3413444,-20.1656196],[-44.340853,-20.1645921],[-44.3402791,-20.1641978],[-44.339788,-20.1650027],[-44.3402651,-20.1656683],[-44.3401834,-20.1660451],[-44.339448,-20.166065],[-44.3391437,-20.1653507],[-44.3384341,-20.1658487],[-44.3391246,-20.1661243],[-44.3390108,-20.166359],[-44.3363569,-20.1666816],[-44.3359512,-20.1672621],[-44.3362547,-20.1678985],[-44.3352374,-20.1692867],[-44.3355537,-20.1699672],[-44.3337858,-20.1704784],[-44.3340802,-20.1713622],[-44.3334301,-20.1723361],[-44.3336314,-20.1733771],[-44.3322482,-20.1749349],[-44.3316999,-20.1750085],[-44.3314875,-20.1746926],[-44.3323207,-20.1736116],[-44.3319098,-20.1727403],[-44.3312957,-20.1726118],[-44.3300908,-20.1731241],[-44.3298546,-20.1721652],[-44.3281861,-20.1717302],[-44.3272575,-20.1732268],[-44.3257215,-20.1740967],[-44.325013,-20.1763486],[-44.3237458,-20.1778217],[-44.3234851,-20.1778106],[-44.3234121,-20.1770859],[-44.3219396,-20.1767445],[-44.3213655,-20.1763024],[-44.3206055,-20.1763226],[-44.3201876,-20.1765514],[-44.3192605,-20.1780415],[-44.3182907,-20.1783724],[-44.3180405,-20.1795635],[-44.3174847,-20.1803945],[-44.3145626,-20.1812625],[-44.3140571,-20.1816967],[-44.3131787,-20.1811755],[-44.3111325,-20.1809234],[-44.3086167,-20.1813995],[-44.3080717,-20.1827285],[-44.3076797,-20.1825526],[-44.3073208,-20.1806765],[-44.3039785,-20.1797826],[-44.3031765,-20.1782975],[-44.3005304,-20.1777655],[-44.2995246,-20.1780966],[-44.2993198,-20.1798555],[-44.2988547,-20.1797025],[-44.2985166,-20.1787056],[-44.2967587,-20.1795776],[-44.2946646,-20.1791297],[-44.2926868,-20.1774536],[-44.2919996,-20.1777177],[-44.2905944,-20.1792626],[-44.2899334,-20.1789357],[-44.2885085,-20.1796347],[-44.2879567,-20.1796097],[-44.2867147,-20.1778907],[-44.2857096,-20.1780027],[-44.2853676,-20.1776538],[-44.2853248,-20.1765077],[-44.2848715,-20.1763897],[-44.2835446,-20.1768818],[-44.2830816,-20.1763128],[-44.2831986,-20.1750167],[-44.2814497,-20.1741297],[-44.2783475,-20.1717897],[-44.2784027,-20.1730517],[-44.2777705,-20.1745068],[-44.2781517,-20.1792547],[-44.2772506,-20.1805577],[-44.2777576,-20.1820997],[-44.2753117,-20.1833628],[-44.2750767,-20.1838587],[-44.2756656,-20.1861997],[-44.2754857,-20.1902848],[-44.2758895,-20.1905527],[-44.2756178,-20.1909796],[-44.2748444,-20.1911157],[-44.2745924,-20.1925027],[-44.2759346,-20.1937937],[-44.2758794,-20.1950317],[-44.2771596,-20.1964957],[-44.2771805,-20.1971787],[-44.2777784,-20.1976908],[-44.2783245,-20.1988858],[-44.2799766,-20.1994487],[-44.2810768,-20.2001707],[-44.2814267,-20.2013998],[-44.2808687,-20.2026817],[-44.2815728,-20.2040387],[-44.2802581,-20.2046118],[-44.2788509,-20.207228],[-44.2789269,-20.2093349],[-44.279743,-20.2103339],[-44.2796778,-20.2110969],[-44.2788408,-20.211684],[-44.2782799,-20.2111839],[-44.277898,-20.2115178],[-44.277728,-20.2136929],[-44.276139,-20.215214],[-44.2765339,-20.2177242],[-44.2756206,-20.2206975],[-44.2759972,-20.2218789],[-44.2756198,-20.2225815],[-44.276005,-20.2234199],[-44.2758585,-20.2246398],[-44.2755313,-20.2249599],[-44.2740935,-20.2247254],[-44.2737064,-20.2249165],[-44.2717726,-20.2239551],[-44.2703448,-20.2249021],[-44.2701212,-20.2263127],[-44.2694098,-20.2278102],[-44.2696205,-20.2286203],[-44.2700406,-20.2289987],[-44.2698235,-20.2336015],[-44.2705121,-20.2344868],[-44.2704153,-20.2353282],[-44.2698401,-20.2361679],[-44.2693249,-20.236334],[-44.2693098,-20.2370067],[-44.2684713,-20.2384206],[-44.2684131,-20.2391311],[-44.2677323,-20.2395245],[-44.2661814,-20.2482632],[-44.2663362,-20.2497171],[-44.2666364,-20.2500588],[-44.2643012,-20.2505971],[-44.261172,-20.2505292],[-44.2583859,-20.2524136],[-44.2575475,-20.2539576],[-44.2569546,-20.2542469],[-44.2553939,-20.2539101],[-44.2550924,-20.256156],[-44.2545955,-20.2570208],[-44.253702,-20.2577668],[-44.252964,-20.2580111],[-44.2519001,-20.2577002],[-44.2487297,-20.257994],[-44.2477908,-20.256814],[-44.2455145,-20.25658],[-44.2428423,-20.2543381],[-44.2410512,-20.2541924],[-44.2401073,-20.2536571],[-44.2386144,-20.2515481],[-44.2377997,-20.2508687],[-44.2369462,-20.2490483],[-44.2359058,-20.2487587],[-44.2346386,-20.2490066],[-44.2339891,-20.2480221],[-44.2327666,-20.247849],[-44.2318669,-20.2470047],[-44.2314472,-20.2462783],[-44.2314298,-20.2451655],[-44.2325775,-20.2440559],[-44.2338825,-20.2433405],[-44.2343038,-20.2424993],[-44.2340705,-20.2409546],[-44.2348034,-20.2374979],[-44.2339675,-20.2362793],[-44.2336683,-20.2337356],[-44.2317034,-20.2336342],[-44.2304428,-20.2340253],[-44.2296274,-20.2339618],[-44.2262977,-20.2324888],[-44.2248692,-20.2321929],[-44.2239944,-20.2310595],[-44.221991,-20.2297848],[-44.2185678,-20.2299617],[-44.2177308,-20.2306785],[-44.2168916,-20.2327318],[-44.217342,-20.23422],[-44.2169374,-20.2349945],[-44.2161252,-20.2355429],[-44.2154531,-20.2356212],[-44.2129845,-20.2351312],[-44.2119819,-20.2354508],[-44.211276,-20.2373783],[-44.2112648,-20.2381782],[-44.2103929,-20.2386834],[-44.2092344,-20.2360683],[-44.2080961,-20.2351562],[-44.2058814,-20.2345808],[-44.2033582,-20.234548],[-44.2003857,-20.2337778],[-44.1986653,-20.2347322],[-44.1972241,-20.2366781],[-44.1951861,-20.2371489],[-44.1929106,-20.2362584],[-44.1917042,-20.2361789],[-44.1848369,-20.2328535],[-44.1832486,-20.2295458],[-44.1809531,-20.228977],[-44.1791155,-20.2280915],[-44.1780447,-20.227474],[-44.1770959,-20.2263811],[-44.1768359,-20.2259644],[-44.1768787,-20.2238271],[-44.1763564,-20.2225301],[-44.1739062,-20.2217223],[-44.1728593,-20.2217515],[-44.1714996,-20.2209826],[-44.1683853,-20.2207091],[-44.1670619,-20.2195469],[-44.1655682,-20.2189331],[-44.1648515,-20.2177736],[-44.1643402,-20.217572],[-44.1640868,-20.2178883],[-44.1642507,-20.21906],[-44.162803,-20.2220843],[-44.162038,-20.2226519],[-44.1604505,-20.2227267],[-44.1598924,-20.2232622],[-44.1590101,-20.2253936],[-44.1587401,-20.227036],[-44.157619,-20.2293045],[-44.1556402,-20.2297044],[-44.1526828,-20.2297962],[-44.148812,-20.2270273],[-44.1478919,-20.226867],[-44.1467802,-20.2272764],[-44.1476327,-20.2284097],[-44.1478724,-20.2293017],[-44.1471626,-20.2314962],[-44.1479459,-20.2328121],[-44.1495666,-20.2337337],[-44.1499535,-20.2346238],[-44.1499867,-20.2352162],[-44.1489557,-20.23794],[-44.1525833,-20.239703],[-44.1529617,-20.2403168],[-44.1531612,-20.2423516],[-44.152349,-20.245244],[-44.1513975,-20.2452833],[-44.1458744,-20.2429212],[-44.1445878,-20.2428833],[-44.1430639,-20.2434132],[-44.1421031,-20.244613],[-44.1414731,-20.2465862],[-44.1412679,-20.2494888],[-44.1396587,-20.2492224],[-44.1374511,-20.247225],[-44.1365633,-20.2455739],[-44.1355144,-20.2455248],[-44.1323359,-20.2463346],[-44.1277535,-20.2484563],[-44.1264409,-20.2482953],[-44.1258343,-20.2470307],[-44.1252493,-20.2468983],[-44.1247508,-20.2474649],[-44.1250269,-20.248924],[-44.1247525,-20.2494167],[-44.1229449,-20.2499375],[-44.1192416,-20.2500503],[-44.1182416,-20.2503624],[-44.1176529,-20.2511661],[-44.1177199,-20.2542273],[-44.1190653,-20.2551767],[-44.1203691,-20.2574602],[-44.1221785,-20.2592025],[-44.1227257,-20.2605264],[-44.1223254,-20.2612048],[-44.1201463,-20.2622931],[-44.1195696,-20.2655978],[-44.1177722,-20.2673394],[-44.1178755,-20.2690435],[-44.1183582,-20.2695776],[-44.1202237,-20.2701368],[-44.1210687,-20.2706783],[-44.1224564,-20.2705393],[-44.1237474,-20.2730917],[-44.1240318,-20.2747014],[-44.1235051,-20.2756235],[-44.1222721,-20.2761799],[-44.1182196,-20.2760519],[-44.1173448,-20.276179],[-44.1169376,-20.2765352],[-44.1171551,-20.2780537],[-44.1186109,-20.2801898],[-44.1187434,-20.2821243],[-44.1199573,-20.282069],[-44.1205999,-20.2826255],[-44.1215262,-20.2859173],[-44.120227,-20.2868575],[-44.118833,-20.286901],[-44.1177916,-20.2862639],[-44.1164758,-20.2866679],[-44.1146077,-20.2888444],[-44.1144173,-20.290745],[-44.1160261,-20.293717],[-44.1188146,-20.2942556],[-44.120794,-20.2954212],[-44.1219377,-20.2955374],[-44.1228636,-20.2967045],[-44.123422,-20.296562],[-44.1242982,-20.2955063],[-44.1250002,-20.2956458],[-44.1254502,-20.2966244],[-44.1254793,-20.2988753],[-44.1245665,-20.3000474],[-44.1217754,-20.3013062],[-44.1200682,-20.3026313],[-44.1186425,-20.3031209],[-44.1172591,-20.3041078],[-44.1147204,-20.3044498],[-44.1153025,-20.3057217],[-44.1163645,-20.3063532],[-44.1192828,-20.3073276],[-44.1214978,-20.3074994],[-44.1224229,-20.3080851],[-44.1225004,-20.3090926],[-44.1214963,-20.311379],[-44.122981,-20.3139343],[-44.1229762,-20.3147283],[-44.1225166,-20.3152617],[-44.1198547,-20.3170927],[-44.1187495,-20.3172173],[-44.1155311,-20.3148319],[-44.1136969,-20.3116995],[-44.1128941,-20.3111292],[-44.109427,-20.3112655],[-44.1068252,-20.3121583],[-44.1054399,-20.3120158],[-44.1028779,-20.3130312],[-44.1005789,-20.3131672],[-44.0981939,-20.312845],[-44.0981788,-20.3117477],[-44.0991778,-20.3107384],[-44.1036057,-20.3095201],[-44.1047836,-20.3085561],[-44.105008,-20.3078203],[-44.1035755,-20.3044918],[-44.1006556,-20.3047714],[-44.1000854,-20.3045342],[-44.0972273,-20.3020246],[-44.0966963,-20.301162],[-44.09631,-20.2995373],[-44.0959335,-20.2993401],[-44.095113,-20.2999248],[-44.0940031,-20.3025618],[-44.0920357,-20.3045106],[-44.0907627,-20.304504],[-44.0876715,-20.3036831],[-44.083751,-20.3039101],[-44.0821206,-20.304274],[-44.0816584,-20.3067643],[-44.0819859,-20.3087576],[-44.0797284,-20.3105809],[-44.0789284,-20.3119864],[-44.0786448,-20.3148431],[-44.0790948,-20.3160814],[-44.0801194,-20.3173412],[-44.0798644,-20.3183951],[-44.0774693,-20.319099],[-44.0763919,-20.3189761],[-44.0757742,-20.3182954],[-44.074781,-20.3156455],[-44.0727286,-20.3147441],[-44.0716011,-20.3148145],[-44.069252,-20.3156145],[-44.0663889,-20.3158335],[-44.0646109,-20.3162828],[-44.0632192,-20.3158645],[-44.0609004,-20.3140349],[-44.0573785,-20.3153762],[-44.0555011,-20.3153495],[-44.0546353,-20.3149396],[-44.0535452,-20.3138586],[-44.053169,-20.3130389],[-44.0530909,-20.3104791],[-44.0515868,-20.3090281],[-44.0511019,-20.3087752],[-44.0485117,-20.3088654],[-44.046536,-20.3082272],[-44.0444783,-20.3079649],[-44.0421087,-20.3066046],[-44.0402209,-20.3045714],[-44.0383295,-20.304047],[-44.0372005,-20.3014351],[-44.0332359,-20.2983745],[-44.030425,-20.2987857],[-44.0304599,-20.2977368],[-44.031644,-20.2951465],[-44.0313073,-20.293618],[-44.0314618,-20.2923632],[-44.031365,-20.291438],[-44.0304941,-20.2902328],[-44.0303552,-20.2887381],[-44.0296981,-20.2873837],[-44.0300621,-20.2847287],[-44.0289094,-20.2824411],[-44.0294558,-20.2816988],[-44.029458,-20.2808857],[-44.0306374,-20.2781678],[-44.031267,-20.2754498],[-44.0329637,-20.2743175],[-44.0330789,-20.2737647],[-44.0356817,-20.2716121],[-44.0362519,-20.2703493],[-44.0361388,-20.269825],[-44.0357533,-20.2696707],[-44.0360946,-20.2691238],[-44.0358292,-20.2687256],[-44.0359683,-20.2675961],[-44.0351046,-20.2674511],[-44.0359725,-20.2653434],[-44.035227,-20.2641727],[-44.035556,-20.2631826],[-44.0333967,-20.2651632],[-44.0316634,-20.2662446],[-44.0283812,-20.2670189],[-44.0275497,-20.266672],[-44.0259837,-20.2668378],[-44.023775,-20.2679535],[-44.0227753,-20.2700629],[-44.0211377,-20.2707119],[-44.019296,-20.2710177],[-44.0182123,-20.2704109],[-44.0165747,-20.2700032],[-44.0131187,-20.2678741],[-44.0097084,-20.2678685],[-44.0080467,-20.2668453],[-44.0055072,-20.2664452],[-44.0052793,-20.2658365],[-44.0055525,-20.2643772],[-44.006759,-20.261666],[-44.006773,-20.2605498],[-44.0049427,-20.2607492],[-44.003314,-20.2594926],[-44.0012689,-20.2595116],[-43.9997587,-20.2575852],[-43.9995132,-20.2560743],[-43.998147,-20.2555013],[-43.9974439,-20.2554734],[-43.9949091,-20.2564187],[-43.9928568,-20.2552844],[-43.9915205,-20.2552335],[-43.9901313,-20.2562877],[-43.9881171,-20.2572529],[-43.9855697,-20.2576653],[-43.9831152,-20.2589492],[-43.9813516,-20.2592006],[-43.9793993,-20.2604978],[-43.9781644,-20.2607731],[-43.9774604,-20.2614662],[-43.9763886,-20.2617997],[-43.9750807,-20.2627211],[-43.9735202,-20.2626139],[-43.97045,-20.2617114],[-43.9677421,-20.2613207],[-43.9659515,-20.2603742],[-43.9649691,-20.260317],[-43.9660494,-20.2564186],[-43.9674249,-20.2551305],[-43.9679015,-20.2521898],[-43.9689561,-20.2507443],[-43.9685096,-20.2487916],[-43.9700159,-20.2468178],[-43.9703906,-20.2432283],[-43.971035,-20.2415001],[-43.9707423,-20.2380994],[-43.9721165,-20.2352903],[-43.9722378,-20.233605],[-43.9728958,-20.2311459],[-43.9724614,-20.229534],[-43.972907,-20.227682],[-43.974472,-20.2262198],[-43.9761096,-20.2239717],[-43.9769131,-20.2212181],[-43.9777512,-20.2196117],[-43.9787822,-20.2146184],[-43.9790814,-20.2112314],[-43.9789784,-20.2077874],[-43.9775222,-20.2013087],[-43.9788916,-20.1989028],[-43.9788204,-20.1957814],[-43.9794824,-20.1937608],[-43.979175,-20.1919291],[-43.9806391,-20.1894186],[-43.9807104,-20.1885063],[-43.9802406,-20.1863448],[-43.977717,-20.1848595],[-43.9762334,-20.1833399],[-43.9768059,-20.1814476],[-43.9766647,-20.1808208],[-43.9739979,-20.1795338],[-43.9727354,-20.1768609],[-43.973042,-20.1749774],[-43.9746491,-20.1732181],[-43.973825,-20.1716867],[-43.9740037,-20.1697364],[-43.9752305,-20.168841],[-43.9755113,-20.168237],[-43.9752491,-20.1644496],[-43.9748298,-20.1635263],[-43.9751285,-20.1623899],[-43.9750001,-20.1606357],[-43.9744126,-20.1585019],[-43.974854,-20.1570331],[-43.9747413,-20.1554186],[-43.9750724,-20.1535843],[-43.9761705,-20.150517],[-43.9764239,-20.1483942],[-43.9763447,-20.1458624],[-43.976011,-20.1448767],[-43.9755851,-20.1441601],[-43.9735309,-20.1424423],[-43.9731496,-20.140832],[-43.9718508,-20.139072],[-43.9731421,-20.1384881],[-43.9735291,-20.1379874],[-43.9733646,-20.1363827],[-43.9739633,-20.1354314],[-43.9741898,-20.1339399],[-43.9744702,-20.1336474],[-43.9760747,-20.1333837],[-43.9777076,-20.1324741],[-43.9785468,-20.1316856],[-43.9790432,-20.130407],[-43.9794295,-20.1268607],[-43.9789759,-20.1259407],[-43.9790653,-20.1240237],[-43.9785536,-20.1207593],[-43.9802201,-20.1163493],[-43.9803292,-20.114618],[-43.9815474,-20.1099832],[-43.9813886,-20.1092438],[-43.9816432,-20.1085103],[-43.9827087,-20.1073187],[-43.9830721,-20.104983],[-43.9836952,-20.1041436],[-43.9840001,-20.1029934],[-43.983036,-20.0987917],[-43.9834939,-20.0976284],[-43.983009,-20.0962184],[-43.9835439,-20.0907775],[-43.9845995,-20.0894735],[-43.9878269,-20.0884923],[-43.9884346,-20.0881082],[-43.9886758,-20.0875587],[-43.9883827,-20.0861084],[-43.9858721,-20.0842702],[-43.9853918,-20.0822855],[-43.9861226,-20.0819459],[-43.9881963,-20.0826656],[-43.9893129,-20.0822877],[-43.9905923,-20.0808143],[-43.9916688,-20.080242],[-43.9923164,-20.07818],[-43.9941691,-20.0768603],[-43.9946306,-20.0761442],[-43.9940631,-20.0729988],[-43.9929374,-20.0721298],[-43.9928997,-20.0712055],[-43.9914262,-20.0687103],[-43.9913696,-20.0674538],[-43.9924785,-20.0655265],[-43.9918481,-20.064365],[-43.9917688,-20.0636715],[-43.9920339,-20.0632981],[-43.9932021,-20.0631207],[-43.9938144,-20.0624795],[-43.9979234,-20.0607338],[-43.9997548,-20.0589273],[-44.0016602,-20.0581329],[-44.0036268,-20.0577198],[-44.0056441,-20.057756],[-44.0070656,-20.0581523],[-44.0073616,-20.0585487],[-44.0083969,-20.0589645],[-44.0126704,-20.0594619],[-44.0139384,-20.0579923],[-44.0162668,-20.0562127],[-44.0168163,-20.0552805],[-44.0182962,-20.0543349]]]}},{"type":"Feature","properties":{"code":"27","name":"Nova Lima"},"geometry":{"type":"Polygon","coordinates":[[[-44.002855,-20.0579245],[-43.9997548,-20.0589273],[-43.9979234,-20.0607338],[-43.9938144,-20.0624795],[-43.9932021,-20.0631207],[-43.9922769,-20.0632099],[-43.9917908,-20.0635644],[-43.9919237,-20.0646375],[-43.9924785,-20.0655265],[-43.9913696,-20.0674538],[-43.9914262,-20.0687103],[-43.9928997,-20.0712055],[-43.9929374,-20.0721298],[-43.9940631,-20.0729988],[-43.9946306,-20.0761442],[-43.9941691,-20.0768603],[-43.9923164,-20.07818],[-43.9916688,-20.080242],[-43.9905923,-20.0808143],[-43.9893129,-20.0822877],[-43.9881963,-20.0826656],[-43.9861226,-20.0819459],[-43.9853918,-20.0822855],[-43.9858721,-20.0842702],[-43.9883827,-20.0861084],[-43.9886758,-20.0875587],[-43.9884346,-20.0881082],[-43.9878269,-20.0884923],[-43.9845995,-20.0894735],[-43.9835439,-20.0907775],[-43.983009,-20.0962184],[-43.9834939,-20.0976284],[-43.983036,-20.0987917],[-43.9840001,-20.1029934],[-43.9836952,-20.1041436],[-43.9830721,-20.104983],[-43.9827087,-20.1073187],[-43.9816432,-20.1085103],[-43.9813886,-20.1092438],[-43.9815474,-20.1099832],[-43.9803292,-20.114618],[-43.9802201,-20.1163493],[-43.9785536,-20.1207593],[-43.9790653,-20.1240237],[-43.9789759,-20.1259407],[-43.9794295,-20.1268607],[-43.9790432,-20.130407],[-43.9785468,-20.1316856],[-43.9777076,-20.1324741],[-43.9760747,-20.1333837],[-43.9744702,-20.1336474],[-43.9741898,-20.1339399],[-43.9739633,-20.1354314],[-43.9733646,-20.1363827],[-43.9735291,-20.1379874],[-43.9731421,-20.1384881],[-43.9718508,-20.139072],[-43.9731496,-20.140832],[-43.9735309,-20.1424423],[-43.9755851,-20.1441601],[-43.976011,-20.1448767],[-43.9763447,-20.1458624],[-43.9764239,-20.1483942],[-43.9761705,-20.150517],[-43.9750724,-20.1535843],[-43.9747413,-20.1554186],[-43.974854,-20.1570331],[-43.9744126,-20.1585019],[-43.9750001,-20.1606357],[-43.9751285,-20.1623899],[-43.9748298,-20.1635263],[-43.9752491,-20.1644496],[-43.9755113,-20.168237],[-43.9752305,-20.168841],[-43.9740037,-20.1697364],[-43.973825,-20.1716867],[-43.9746491,-20.1732181],[-43.973042,-20.1749774],[-43.9727354,-20.1768609],[-43.9739979,-20.1795338],[-43.9766647,-20.1808208],[-43.9768059,-20.1814476],[-43.9762334,-20.1833399],[-43.977717,-20.1848595],[-43.9802406,-20.1863448],[-43.9807104,-20.1885063],[-43.9806391,-20.1894186],[-43.979175,-20.1919291],[-43.9794824,-20.1937608],[-43.9788204,-20.1957814],[-43.9788916,-20.1989028],[-43.9775222,-20.2013087],[-43.9788528,-20.2068391],[-43.9790814,-20.2112314],[-43.9787822,-20.2146184],[-43.9777512,-20.2196117],[-43.9769131,-20.2212181],[-43.9765863,-20.2226449],[-43.9762507,-20.2227984],[-43.9735774,-20.2226168],[-43.9719225,-20.2217573],[-43.969594,-20.2217537],[-43.9667158,-20.2232332],[-43.965373,-20.2224778],[-43.9640607,-20.2225448],[-43.961926,-20.2199692],[-43.960919,-20.2195911],[-43.9590848,-20.2196387],[-43.9583223,-20.2205123],[-43.9589448,-20.221405],[-43.9589077,-20.2217779],[-43.9577067,-20.2223178],[-43.9573032,-20.2230203],[-43.9561004,-20.2233606],[-43.9563625,-20.2238844],[-43.9557293,-20.2240694],[-43.9558823,-20.2248311],[-43.9554327,-20.2246622],[-43.9553969,-20.2251964],[-43.9551371,-20.2250243],[-43.9522592,-20.2255004],[-43.9497407,-20.223446],[-43.949668,-20.2225535],[-43.9492017,-20.2223316],[-43.9484933,-20.2225856],[-43.9477894,-20.2218486],[-43.9474161,-20.2208387],[-43.9470137,-20.2205344],[-43.946806,-20.2191324],[-43.946063,-20.218161],[-43.946132,-20.2174173],[-43.9456896,-20.2164435],[-43.9457558,-20.2150809],[-43.9445816,-20.2140886],[-43.9446179,-20.2132398],[-43.9432444,-20.2121284],[-43.943017,-20.2109369],[-43.9416054,-20.2104471],[-43.9408451,-20.2097023],[-43.9399084,-20.2096984],[-43.9398007,-20.2092329],[-43.9385274,-20.2083464],[-43.9366327,-20.2088419],[-43.9362701,-20.2084671],[-43.9351427,-20.2082246],[-43.934405,-20.208639],[-43.9340813,-20.209253],[-43.9320539,-20.2093285],[-43.9313083,-20.2101142],[-43.9310945,-20.211782],[-43.9301646,-20.2123177],[-43.9293694,-20.2134865],[-43.9284953,-20.2140549],[-43.9272039,-20.2142395],[-43.9269199,-20.2150437],[-43.9262758,-20.215016],[-43.9258813,-20.214595],[-43.9252319,-20.2148307],[-43.9247963,-20.2141241],[-43.9240878,-20.2139345],[-43.9228318,-20.2153841],[-43.9222832,-20.2152664],[-43.9222874,-20.2146344],[-43.9213666,-20.215081],[-43.9213526,-20.2144286],[-43.9209597,-20.2140623],[-43.92017,-20.2144033],[-43.919981,-20.2136806],[-43.9192354,-20.214133],[-43.9183772,-20.2138576],[-43.9174404,-20.2142259],[-43.9171919,-20.2140113],[-43.9171812,-20.2130256],[-43.9166841,-20.2129499],[-43.9163759,-20.2132635],[-43.9160674,-20.2125297],[-43.915127,-20.2122239],[-43.9147041,-20.2125997],[-43.9141453,-20.212316],[-43.9132176,-20.2128537],[-43.9128266,-20.212881],[-43.9126139,-20.2125563],[-43.9122244,-20.2126899],[-43.9122488,-20.2130702],[-43.911656,-20.2129579],[-43.9120116,-20.2134001],[-43.912,-20.2139715],[-43.9110274,-20.2138475],[-43.9108622,-20.2142844],[-43.910383,-20.2140697],[-43.9102145,-20.2147404],[-43.9091118,-20.2150054],[-43.909074,-20.2153229],[-43.908688,-20.2151474],[-43.9084361,-20.2159871],[-43.9079451,-20.2160516],[-43.9079202,-20.2154124],[-43.9074702,-20.2149227],[-43.9069681,-20.2154449],[-43.9058466,-20.215469],[-43.9053455,-20.2160781],[-43.9048796,-20.2161279],[-43.9040973,-20.2153995],[-43.9026108,-20.2149386],[-43.9023251,-20.214475],[-43.9015947,-20.2148129],[-43.9010597,-20.2136579],[-43.9003285,-20.2133365],[-43.8999134,-20.2123971],[-43.9002342,-20.210899],[-43.8997327,-20.2108484],[-43.8985415,-20.2093287],[-43.8980551,-20.2094817],[-43.897662,-20.2086658],[-43.8972477,-20.2086915],[-43.897005,-20.2090541],[-43.8959156,-20.2088852],[-43.8960866,-20.2093564],[-43.8952698,-20.2095105],[-43.8948532,-20.2105937],[-43.8942851,-20.2102049],[-43.8538363,-20.1982406],[-43.8553573,-20.1982284],[-43.8563175,-20.1972009],[-43.8564423,-20.1956747],[-43.8570716,-20.1945081],[-43.8573773,-20.1924382],[-43.858647,-20.1903708],[-43.8592187,-20.1867143],[-43.8637478,-20.1758775],[-43.8651202,-20.1742348],[-43.8674318,-20.1734187],[-43.8692274,-20.1722502],[-43.8717456,-20.1682787],[-43.8722262,-20.1655547],[-43.8731575,-20.1643653],[-43.873983,-20.1607957],[-43.8727885,-20.1609388],[-43.8713518,-20.1605583],[-43.870941,-20.1612172],[-43.8696637,-20.1608956],[-43.8672853,-20.1617683],[-43.8664917,-20.1604797],[-43.8666588,-20.1598619],[-43.8662829,-20.1596568],[-43.8625022,-20.1602244],[-43.8625224,-20.1589423],[-43.8633918,-20.1576851],[-43.863206,-20.1571589],[-43.8635391,-20.1565417],[-43.8632515,-20.1560824],[-43.8631859,-20.1538355],[-43.8632849,-20.153368],[-43.8639966,-20.1530224],[-43.8637518,-20.1516088],[-43.8627773,-20.1503738],[-43.8628611,-20.1493942],[-43.8621052,-20.1482508],[-43.861275,-20.1478031],[-43.8561666,-20.1462317],[-43.8553228,-20.14332],[-43.8557472,-20.1425671],[-43.8559761,-20.1405482],[-43.8539843,-20.1397867],[-43.8522742,-20.1384255],[-43.8523055,-20.137768],[-43.8532528,-20.1359781],[-43.8529348,-20.1339381],[-43.8531494,-20.1331282],[-43.8525191,-20.1315926],[-43.8524035,-20.1303454],[-43.8518339,-20.1299341],[-43.8538388,-20.1278539],[-43.8536152,-20.1251964],[-43.853004,-20.1239089],[-43.8536016,-20.1221586],[-43.8537679,-20.1180549],[-43.853477,-20.1175811],[-43.8518391,-20.1169066],[-43.8512418,-20.1162801],[-43.8503389,-20.1131843],[-43.8498417,-20.1129241],[-43.849552,-20.1122584],[-43.8499584,-20.1101217],[-43.8495109,-20.1095098],[-43.8500938,-20.1077011],[-43.8489,-20.1056502],[-43.8488014,-20.1045457],[-43.8501514,-20.1033333],[-43.8504178,-20.1023335],[-43.8497067,-20.1008432],[-43.8496445,-20.0992974],[-43.8490922,-20.0980996],[-43.8484226,-20.0976243],[-43.8478909,-20.0966164],[-43.8473322,-20.0963237],[-43.8466792,-20.095339],[-43.845246,-20.0950385],[-43.8432642,-20.0929702],[-43.8409616,-20.0920994],[-43.8416791,-20.0905253],[-43.8417097,-20.0894275],[-43.8409754,-20.0885292],[-43.8393265,-20.087937],[-43.8381515,-20.087157],[-43.8373919,-20.0854037],[-43.8365938,-20.0850364],[-43.8367295,-20.0838438],[-43.8361837,-20.0831667],[-43.8359394,-20.0829626],[-43.8348597,-20.0830924],[-43.8335283,-20.0824627],[-43.8321953,-20.0825704],[-43.8317511,-20.0822171],[-43.831414,-20.0808102],[-43.8305429,-20.0799514],[-43.8307161,-20.079382],[-43.8304773,-20.0780245],[-43.8295558,-20.0773768],[-43.8300446,-20.0749146],[-43.8291338,-20.0726716],[-43.8289661,-20.0707911],[-43.8282926,-20.0701357],[-43.8281067,-20.0690567],[-43.8272701,-20.0688523],[-43.8267067,-20.0681153],[-43.8233915,-20.0665241],[-43.8209644,-20.0629329],[-43.818542,-20.0608725],[-43.8167812,-20.0601273],[-43.8152296,-20.0566485],[-43.8160914,-20.0549886],[-43.8164733,-20.0535448],[-43.8161649,-20.0531882],[-43.8144131,-20.0521134],[-43.8126898,-20.0518377],[-43.8103195,-20.0501154],[-43.8081498,-20.0472446],[-43.806906,-20.0469397],[-43.8054023,-20.0460516],[-43.8029363,-20.0462142],[-43.8018779,-20.0447961],[-43.800853,-20.0442099],[-43.7980194,-20.043835],[-43.7950588,-20.0416431],[-43.7933131,-20.0410328],[-43.7924163,-20.0401736],[-43.7926611,-20.0380648],[-43.7919275,-20.0365455],[-43.7901077,-20.0346291],[-43.7887019,-20.0344501],[-43.7857506,-20.0306898],[-43.78433,-20.0293366],[-43.7838033,-20.029256],[-43.7843132,-20.0287832],[-43.7869584,-20.0286102],[-43.7886886,-20.027967],[-43.788286,-20.0261777],[-43.788492,-20.0259789],[-43.7897448,-20.0263804],[-43.7942189,-20.0267293],[-43.7955893,-20.0264168],[-43.7960484,-20.0257046],[-43.7975417,-20.0256914],[-43.7992934,-20.0241852],[-43.7997654,-20.0241238],[-43.799575,-20.0233018],[-43.7999684,-20.0222915],[-43.8006694,-20.0220457],[-43.8014566,-20.0208671],[-43.8025607,-20.0209314],[-43.8028262,-20.0206209],[-43.802828,-20.0204082],[-43.8017757,-20.0204436],[-43.8016428,-20.0201376],[-43.8031998,-20.0194524],[-43.804904,-20.0191584],[-43.8050167,-20.0183364],[-43.8058605,-20.0173371],[-43.8064834,-20.0154031],[-43.807985,-20.0153595],[-43.8085912,-20.0132438],[-43.8092842,-20.0124432],[-43.8097356,-20.0122897],[-43.8105586,-20.0127004],[-43.8106042,-20.01133],[-43.8114272,-20.0108381],[-43.8117668,-20.0108624],[-43.8119479,-20.0116707],[-43.812792,-20.0115215],[-43.8124634,-20.0099108],[-43.8125966,-20.0092192],[-43.8118747,-20.0092583],[-43.8113203,-20.0088702],[-43.8115094,-20.0078262],[-43.8118779,-20.0076023],[-43.8130739,-20.0076861],[-43.8131434,-20.0067911],[-43.8142896,-20.0061172],[-43.8150464,-20.0063351],[-43.8150657,-20.0056746],[-43.816554,-20.003774],[-43.8170119,-20.0035727],[-43.8159819,-20.0011615],[-43.8150715,-20.0005107],[-43.8138152,-20.0003962],[-43.8130789,-19.9990951],[-43.8140891,-19.9983132],[-43.813976,-19.9979722],[-43.8135282,-19.9978423],[-43.8137438,-19.9971481],[-43.8152814,-19.9956426],[-43.8148854,-19.9941996],[-43.8163128,-19.9927296],[-43.8178378,-19.9918496],[-43.8186345,-19.9919093],[-43.8201716,-19.9909606],[-43.8197973,-19.9901875],[-43.8203621,-19.9899253],[-43.8204971,-19.9893247],[-43.8194307,-19.9892377],[-43.8193054,-19.9889671],[-43.8197108,-19.9886759],[-43.8211001,-19.9885766],[-43.8214781,-19.9882491],[-43.82347,-19.9843423],[-43.8233969,-19.9837203],[-43.8226467,-19.9831121],[-43.8215547,-19.9832999],[-43.8204856,-19.9839204],[-43.8183079,-19.9841529],[-43.81839,-19.9829313],[-43.8178266,-19.9827235],[-43.8175901,-19.982173],[-43.8186366,-19.9821134],[-43.8202515,-19.9812279],[-43.8212981,-19.9795894],[-43.8227773,-19.9800123],[-43.822305,-19.9792688],[-43.8226225,-19.9783757],[-43.8236078,-19.9782899],[-43.823969,-19.9777296],[-43.8244254,-19.9778289],[-43.8258528,-19.9772263],[-43.8263395,-19.9763703],[-43.8267661,-19.9759802],[-43.8271815,-19.9760634],[-43.827821,-19.9752139],[-43.8279376,-19.9739712],[-43.828524,-19.9728584],[-43.8267988,-19.972313],[-43.8246874,-19.9702079],[-43.824676,-19.9696179],[-43.8256199,-19.9688455],[-43.8256386,-19.9677788],[-43.8250162,-19.9674102],[-43.8258237,-19.9660781],[-43.8271934,-19.9660286],[-43.8300748,-19.9653538],[-43.8304756,-19.9644021],[-43.831328,-19.9637559],[-43.8311048,-19.9624791],[-43.8319044,-19.9611632],[-43.8339103,-19.960109],[-43.83549,-19.9604452],[-43.8366924,-19.9585452],[-43.8395598,-19.9573018],[-43.8399666,-19.955713],[-43.8406077,-19.9547944],[-43.8401808,-19.9541115],[-43.8372115,-19.9526918],[-43.836341,-19.950378],[-43.8364671,-19.9499408],[-43.8376323,-19.9491613],[-43.838055,-19.9455017],[-43.8387347,-19.9445571],[-43.8392182,-19.942818],[-43.8395152,-19.9423684],[-43.8404677,-19.9419616],[-43.8415175,-19.9402243],[-43.8414681,-19.9392081],[-43.8406341,-19.9373142],[-43.8411009,-19.9348067],[-43.8419034,-19.9329206],[-43.8410873,-19.9312576],[-43.8397805,-19.9307041],[-43.8393186,-19.9292844],[-43.838262,-19.9289306],[-43.8380554,-19.9285132],[-43.8355688,-19.9286653],[-43.835112,-19.9280481],[-43.8355073,-19.9277591],[-43.8353748,-19.9275082],[-43.8375776,-19.927909],[-43.8378754,-19.9271919],[-43.8387934,-19.9273704],[-43.8391936,-19.9267747],[-43.8410725,-19.9271247],[-43.8411157,-19.9276721],[-43.8415355,-19.9278923],[-43.8424636,-19.9275128],[-43.8426543,-19.9272326],[-43.8424614,-19.9269161],[-43.8428758,-19.9269049],[-43.8438787,-19.9287986],[-43.8436933,-19.9298633],[-43.8439435,-19.9300152],[-43.8448035,-19.9299156],[-43.8455638,-19.9286701],[-43.8469394,-19.9279801],[-43.8467583,-19.9296888],[-43.8476267,-19.9300829],[-43.8470737,-19.9312902],[-43.84733,-19.9314817],[-43.8479763,-19.931269],[-43.8488625,-19.9315308],[-43.849944,-19.9301274],[-43.8510668,-19.9295569],[-43.8517887,-19.9287098],[-43.8535919,-19.928347],[-43.8540624,-19.9285953],[-43.8544231,-19.9292936],[-43.8549966,-19.9293038],[-43.8550682,-19.929805],[-43.8553667,-19.9292826],[-43.8562264,-19.9293439],[-43.8559477,-19.93013],[-43.8566152,-19.9301597],[-43.8566915,-19.9309102],[-43.8575886,-19.9309627],[-43.8577078,-19.9316076],[-43.8580062,-19.9316788],[-43.8578335,-19.932041],[-43.8585401,-19.9318002],[-43.8588241,-19.9313481],[-43.8603538,-19.9311154],[-43.8607274,-19.9313475],[-43.8605604,-19.9321347],[-43.8607746,-19.9322967],[-43.8628197,-19.9314995],[-43.8647922,-19.9316263],[-43.865627,-19.9314209],[-43.8665911,-19.9306506],[-43.8676996,-19.9303264],[-43.8684617,-19.929031],[-43.8707804,-19.9290984],[-43.8712721,-19.9286696],[-43.871251,-19.9289923],[-43.8720716,-19.9292813],[-43.8731034,-19.9306929],[-43.8738092,-19.9308669],[-43.8739336,-19.9313972],[-43.8755626,-19.9327143],[-43.8763176,-19.9337895],[-43.8768052,-19.9339754],[-43.8771317,-19.9346565],[-43.8786973,-19.9357011],[-43.8796503,-19.9373505],[-43.8807287,-19.9375519],[-43.8811356,-19.9370162],[-43.8819913,-19.937032],[-43.8833906,-19.938314],[-43.8847231,-19.9388636],[-43.8845836,-19.939501],[-43.8850334,-19.940093],[-43.8847849,-19.9407211],[-43.8855283,-19.9416716],[-43.8862617,-19.9418832],[-43.8870984,-19.9413813],[-43.8880016,-19.9414511],[-43.8886975,-19.9434716],[-43.8891609,-19.9439481],[-43.8896379,-19.9464506],[-43.8914893,-19.9460471],[-43.8930121,-19.9466956],[-43.8934164,-19.9472933],[-43.8939247,-19.9471164],[-43.8944245,-19.9473565],[-43.8947919,-19.9482631],[-43.8955308,-19.9487014],[-43.8956119,-19.9496849],[-43.8972203,-19.9512366],[-43.8983743,-19.9513905],[-43.9002864,-19.9525432],[-43.9008362,-19.9523885],[-43.9014628,-19.9526209],[-43.9023146,-19.953666],[-43.9023927,-19.9541952],[-43.9031108,-19.9545983],[-43.9035716,-19.9554674],[-43.9051899,-19.9563541],[-43.9062082,-19.9564601],[-43.9079822,-19.9581342],[-43.9088047,-19.9595458],[-43.9099329,-19.9601935],[-43.9101925,-19.9606312],[-43.9121026,-19.9613062],[-43.9127563,-19.9618742],[-43.9146957,-19.9624413],[-43.9158121,-19.9636645],[-43.9180098,-19.9645153],[-43.9185927,-19.9654023],[-43.9196925,-19.9655067],[-43.9202435,-19.9659958],[-43.922911,-19.9671513],[-43.925361,-19.9690447],[-43.9271745,-19.9696269],[-43.9274899,-19.9700591],[-43.9290115,-19.9707673],[-43.9298177,-19.9708692],[-43.9309601,-19.9729037],[-43.9322728,-19.9727142],[-43.9330089,-19.9731708],[-43.9339419,-19.9755846],[-43.9350121,-19.975252],[-43.9359536,-19.974411],[-43.9367069,-19.9742923],[-43.9375877,-19.9744319],[-43.9384071,-19.9751063],[-43.9403437,-19.9759274],[-43.9425601,-19.9779129],[-43.9428893,-19.9785484],[-43.9435278,-19.978791],[-43.9452332,-19.9813021],[-43.9466548,-19.982308],[-43.9475475,-19.98406],[-43.9474484,-19.9851906],[-43.9490134,-19.9852587],[-43.9485771,-19.9866867],[-43.9499658,-19.9873514],[-43.950261,-19.9886513],[-43.9508821,-19.9894403],[-43.9519962,-19.9898502],[-43.9528553,-19.9905789],[-43.9544711,-19.9910134],[-43.9557833,-19.9927565],[-43.9568771,-19.9931349],[-43.9572921,-19.9939771],[-43.95703,-19.9961762],[-43.9581335,-19.9960524],[-43.9588109,-19.9963332],[-43.9595302,-19.9983765],[-43.9610362,-20.0001682],[-43.9620745,-20.0008931],[-43.9627629,-20.0020387],[-43.9638754,-20.0029958],[-43.966111,-20.0036383],[-43.9677945,-20.0051521],[-43.969061,-20.0055881],[-43.9713943,-20.0072894],[-43.975412,-20.0086829],[-43.9769949,-20.0108208],[-43.9791336,-20.0122744],[-43.9803049,-20.0136137],[-43.9813198,-20.0139447],[-43.982159,-20.0152287],[-43.983552,-20.0163345],[-43.9832002,-20.0172332],[-43.983446,-20.0196574],[-43.9846628,-20.0206754],[-43.9850808,-20.0220219],[-43.9861817,-20.0228594],[-43.9866056,-20.0245273],[-43.9872872,-20.02559],[-43.9888827,-20.0264532],[-43.9890258,-20.0277315],[-43.9893985,-20.0281037],[-43.9911373,-20.0288909],[-43.9921865,-20.0288486],[-43.992893,-20.0293671],[-43.9933143,-20.0300038],[-43.9926976,-20.0308793],[-43.9926113,-20.0316474],[-43.9934139,-20.0337507],[-43.9954565,-20.0350321],[-43.9960375,-20.0361162],[-43.9983283,-20.0386454],[-43.9982293,-20.0399611],[-43.9986565,-20.0415032],[-43.9984555,-20.0419687],[-43.9995971,-20.0432941],[-43.9987646,-20.0439774],[-43.9967783,-20.0443272],[-43.9965328,-20.0451091],[-43.9986326,-20.047145],[-43.999604,-20.0486119],[-43.9998357,-20.0493291],[-43.9996659,-20.05016],[-43.9985782,-20.0515283],[-44.0009299,-20.0531981],[-44.0020827,-20.0551365],[-44.0023351,-20.0570106],[-44.002855,-20.0579245]]]}},{"type":"Feature","properties":{"code":"28","name":"Sabará"},"geometry":{"type":"Polygon","coordinates":[[[-43.8618749,-19.8278698],[-43.8629596,-19.8292998],[-43.8650314,-19.831034],[-43.8657153,-19.8321155],[-43.8644704,-19.8349807],[-43.8622676,-19.8377278],[-43.8630654,-19.8383847],[-43.86483,-19.8390956],[-43.8662264,-19.8391357],[-43.866879,-19.8394485],[-43.8678687,-19.8407356],[-43.8680214,-19.842712],[-43.8673659,-19.8455548],[-43.8661266,-19.8473285],[-43.8647481,-19.8504503],[-43.8634803,-19.8514338],[-43.861725,-19.8521973],[-43.8604862,-19.8535336],[-43.8579955,-19.8552987],[-43.8572181,-19.856347],[-43.8579698,-19.8568441],[-43.8588044,-19.856714],[-43.8599534,-19.8574204],[-43.8608375,-19.8570765],[-43.8620138,-19.855928],[-43.8627514,-19.8557821],[-43.8652294,-19.8574963],[-43.8666883,-19.8574358],[-43.8666735,-19.857984],[-43.8670488,-19.8583925],[-43.866599,-19.8588091],[-43.8670351,-19.8594018],[-43.8687882,-19.8608589],[-43.8692563,-19.8615948],[-43.8702514,-19.8620827],[-43.8702822,-19.8625892],[-43.8712711,-19.8630326],[-43.8718201,-19.8636929],[-43.8743053,-19.8653809],[-43.8747335,-19.8666527],[-43.8764186,-19.8674448],[-43.8776382,-19.8685524],[-43.8786587,-19.866758],[-43.8802577,-19.8656919],[-43.8800743,-19.864383],[-43.8803163,-19.8635411],[-43.8818899,-19.8619407],[-43.8838955,-19.8619668],[-43.8846722,-19.8623649],[-43.8858311,-19.8637073],[-43.88891,-19.8632415],[-43.8899009,-19.8634654],[-43.8904217,-19.8647482],[-43.8922444,-19.8658067],[-43.8937036,-19.8652926],[-43.8945625,-19.8646082],[-43.8951881,-19.8646151],[-43.8965329,-19.8668274],[-43.8963387,-19.8688443],[-43.8975634,-19.8693598],[-43.8971715,-19.8702164],[-43.897359,-19.8721219],[-43.8970228,-19.8730866],[-43.8978704,-19.8732297],[-43.8987131,-19.8744082],[-43.8986731,-19.8759609],[-43.8997,-19.8763442],[-43.9003829,-19.8769686],[-43.9044769,-19.8754587],[-43.9068534,-19.8755587],[-43.9110423,-19.8745879],[-43.9088475,-19.8776592],[-43.9081747,-19.8790699],[-43.9084658,-19.8806096],[-43.90775,-19.8823478],[-43.9081735,-19.8832159],[-43.906503,-19.8842736],[-43.9058216,-19.8863358],[-43.9048803,-19.8860397],[-43.9039368,-19.886387],[-43.9030498,-19.8849963],[-43.8998634,-19.8852259],[-43.8978745,-19.8858583],[-43.8972229,-19.8854948],[-43.8961607,-19.8855771],[-43.8958208,-19.8859111],[-43.8954972,-19.887307],[-43.8939046,-19.8876805],[-43.8930047,-19.8875576],[-43.8920844,-19.8862962],[-43.8911415,-19.8861228],[-43.8907061,-19.8864417],[-43.8903845,-19.8874607],[-43.8907239,-19.8889067],[-43.8899187,-19.8913226],[-43.8898067,-19.8926695],[-43.8894619,-19.8930132],[-43.8886716,-19.8931144],[-43.8874074,-19.8920464],[-43.8870148,-19.8922103],[-43.8859311,-19.893745],[-43.885657,-19.8948964],[-43.886006,-19.8953864],[-43.8852406,-19.8972833],[-43.8854688,-19.8978102],[-43.8849227,-19.8987892],[-43.8843382,-19.8991663],[-43.8845581,-19.9000109],[-43.8839917,-19.9010817],[-43.8841664,-19.9014654],[-43.8834075,-19.9016296],[-43.8815769,-19.9013412],[-43.8812224,-19.9017597],[-43.8813226,-19.9027772],[-43.8820927,-19.9044669],[-43.8817293,-19.9051231],[-43.8820441,-19.9063759],[-43.8809966,-19.9063548],[-43.8809785,-19.9076706],[-43.8798882,-19.9080182],[-43.8801036,-19.9084753],[-43.8794926,-19.9086715],[-43.8792863,-19.9090591],[-43.8788676,-19.9090045],[-43.8765105,-19.91107],[-43.8769389,-19.9119987],[-43.8765076,-19.9130935],[-43.876864,-19.9134241],[-43.8767919,-19.9143308],[-43.8756509,-19.9146322],[-43.8744924,-19.9169786],[-43.8736361,-19.9177243],[-43.8729982,-19.9178945],[-43.8725864,-19.9184734],[-43.8719758,-19.9183227],[-43.8707911,-19.9192555],[-43.8701394,-19.9233377],[-43.869252,-19.9246042],[-43.8694033,-19.9255468],[-43.8699472,-19.9258571],[-43.8698064,-19.927787],[-43.8712721,-19.9286696],[-43.8707804,-19.9290984],[-43.8684617,-19.929031],[-43.8676996,-19.9303264],[-43.8665911,-19.9306506],[-43.865627,-19.9314209],[-43.8647922,-19.9316263],[-43.8628197,-19.9314995],[-43.8607746,-19.9322967],[-43.8605604,-19.9321347],[-43.8607274,-19.9313475],[-43.8603538,-19.9311154],[-43.8588241,-19.9313481],[-43.8585401,-19.9318002],[-43.8578335,-19.932041],[-43.8580062,-19.9316788],[-43.8577078,-19.9316076],[-43.8575886,-19.9309627],[-43.8566915,-19.9309102],[-43.8566152,-19.9301597],[-43.8559477,-19.93013],[-43.8562264,-19.9293439],[-43.8553667,-19.9292826],[-43.8550682,-19.929805],[-43.8549966,-19.9293038],[-43.8544231,-19.9292936],[-43.8540624,-19.9285953],[-43.8535919,-19.928347],[-43.8517887,-19.9287098],[-43.8510668,-19.9295569],[-43.849944,-19.9301274],[-43.8488625,-19.9315308],[-43.8479763,-19.931269],[-43.84733,-19.9314817],[-43.8470737,-19.9312902],[-43.8476267,-19.9300829],[-43.8467583,-19.9296888],[-43.8469394,-19.9279801],[-43.8455638,-19.9286701],[-43.8448035,-19.9299156],[-43.8439435,-19.9300152],[-43.8436933,-19.9298633],[-43.8438787,-19.9287986],[-43.8428758,-19.9269049],[-43.8424614,-19.9269161],[-43.8426543,-19.9272326],[-43.8424636,-19.9275128],[-43.8415355,-19.9278923],[-43.8411157,-19.9276721],[-43.8410725,-19.9271247],[-43.8391936,-19.9267747],[-43.8387934,-19.9273704],[-43.8378754,-19.9271919],[-43.8375776,-19.927909],[-43.8353748,-19.9275082],[-43.8354806,-19.9278048],[-43.8346984,-19.9281548],[-43.8345651,-19.9288244],[-43.8337008,-19.9292328],[-43.8334985,-19.9296551],[-43.8336035,-19.9361014],[-43.8341047,-19.9384618],[-43.8347242,-19.9392176],[-43.8345112,-19.9401402],[-43.8342354,-19.9404712],[-43.833384,-19.9406492],[-43.8315297,-19.9401952],[-43.8303359,-19.9390168],[-43.828019,-19.9351333],[-43.8277432,-19.9348927],[-43.8272553,-19.9350002],[-43.826756,-19.9358416],[-43.8267621,-19.9379633],[-43.8287512,-19.9398018],[-43.8292717,-19.941629],[-43.8285258,-19.9430335],[-43.8265501,-19.9452249],[-43.8251526,-19.944665],[-43.8246522,-19.9453545],[-43.8241651,-19.9451085],[-43.8241219,-19.9445663],[-43.8245942,-19.9440978],[-43.8239755,-19.9432711],[-43.8243984,-19.9426628],[-43.8243527,-19.9418631],[-43.8238213,-19.941688],[-43.8230296,-19.9422009],[-43.8228861,-19.9429417],[-43.8223831,-19.9429482],[-43.8214503,-19.9437105],[-43.8204841,-19.944037],[-43.8203056,-19.9434967],[-43.8196162,-19.9435977],[-43.8192241,-19.9445196],[-43.818929,-19.9443442],[-43.8189116,-19.9431932],[-43.8183551,-19.9427015],[-43.8172146,-19.9434073],[-43.8160158,-19.9434406],[-43.8148797,-19.9441329],[-43.8143652,-19.9436915],[-43.8138418,-19.9447908],[-43.8128601,-19.9437126],[-43.8124572,-19.9436262],[-43.810847,-19.9446977],[-43.809637,-19.9463121],[-43.8088072,-19.9461908],[-43.8076599,-19.946603],[-43.807351,-19.9474426],[-43.8056975,-19.9480672],[-43.8040573,-19.9477559],[-43.8037391,-19.9482243],[-43.8031915,-19.9482733],[-43.8026753,-19.9487787],[-43.8005775,-19.9486071],[-43.7995188,-19.9491119],[-43.7985371,-19.9489062],[-43.7974588,-19.94924],[-43.7966363,-19.9489076],[-43.7957092,-19.9496023],[-43.7916568,-19.9511189],[-43.7908863,-19.9488735],[-43.7901671,-19.9480025],[-43.7899068,-19.947997],[-43.7888859,-19.949476],[-43.7880953,-19.9490138],[-43.7863014,-19.9487025],[-43.7859403,-19.9482653],[-43.7845504,-19.9485001],[-43.7859284,-19.9475575],[-43.785905,-19.9472254],[-43.7851628,-19.9473248],[-43.7832735,-19.9465725],[-43.7817319,-19.9470811],[-43.7814764,-19.9462943],[-43.7810674,-19.9460208],[-43.7811181,-19.9454061],[-43.7803888,-19.9452472],[-43.7800662,-19.9448467],[-43.7789762,-19.9457352],[-43.7786389,-19.9453279],[-43.7785545,-19.9442663],[-43.7777403,-19.9447639],[-43.7777525,-19.9459194],[-43.7766822,-19.9464971],[-43.7761911,-19.9476811],[-43.7752785,-19.9481899],[-43.774929,-19.9508058],[-43.7732414,-19.9513755],[-43.7724882,-19.9521094],[-43.7708526,-19.9520335],[-43.7695063,-19.9525643],[-43.7671584,-19.9528875],[-43.7664809,-19.9535335],[-43.76515,-19.9539701],[-43.7642067,-19.9549994],[-43.7640794,-19.955763],[-43.7632711,-19.9559457],[-43.7627815,-19.9567982],[-43.7613016,-19.9569354],[-43.7605229,-19.9576744],[-43.7598792,-19.9573186],[-43.7591632,-19.9576508],[-43.7584467,-19.957105],[-43.7568134,-19.9568317],[-43.7559941,-19.9574604],[-43.7542811,-19.9579422],[-43.7529146,-19.9576802],[-43.7526202,-19.9583674],[-43.7519311,-19.9581913],[-43.7514526,-19.9586447],[-43.7506834,-19.9584393],[-43.7497553,-19.9586826],[-43.7491127,-19.9581365],[-43.748316,-19.9586654],[-43.7474563,-19.95841],[-43.7472317,-19.9578808],[-43.7446018,-19.9567583],[-43.7437983,-19.9555971],[-43.7409086,-19.9550147],[-43.7400555,-19.9540411],[-43.7387717,-19.9539898],[-43.7370767,-19.95524],[-43.7362776,-19.954865],[-43.7349258,-19.9567826],[-43.7343239,-19.9586167],[-43.7343649,-19.9602332],[-43.7340755,-19.9605487],[-43.7319292,-19.961501],[-43.731594,-19.9623983],[-43.7305618,-19.9626279],[-43.7286517,-19.9639091],[-43.7275,-19.963758],[-43.7255226,-19.9644337],[-43.7238172,-19.9646474],[-43.7231581,-19.9655388],[-43.7236819,-19.9664859],[-43.7237046,-19.9672932],[-43.7221343,-19.9684275],[-43.7210668,-19.9679749],[-43.7207727,-19.9673533],[-43.7209913,-19.9634807],[-43.72232,-19.9626833],[-43.7243685,-19.9605162],[-43.722523,-19.9597409],[-43.7213131,-19.9598266],[-43.7210384,-19.9591922],[-43.7201416,-19.9587102],[-43.720461,-19.9562814],[-43.7216029,-19.9547848],[-43.7217422,-19.9532964],[-43.7227096,-19.9524635],[-43.7221487,-19.9491039],[-43.7234699,-19.9489397],[-43.7267405,-19.9471835],[-43.7279796,-19.9469227],[-43.7282086,-19.9461752],[-43.7290257,-19.9454885],[-43.7295698,-19.9445169],[-43.7315753,-19.9425789],[-43.731554,-19.9422753],[-43.7305367,-19.9421125],[-43.7301554,-19.941784],[-43.7293858,-19.9394743],[-43.7297342,-19.9378919],[-43.7295419,-19.9359179],[-43.730216,-19.9334052],[-43.7308877,-19.932354],[-43.7311577,-19.9305244],[-43.7322554,-19.9287378],[-43.7337058,-19.927554],[-43.7343163,-19.9253565],[-43.7352083,-19.9241328],[-43.7354291,-19.9205717],[-43.7351771,-19.9191223],[-43.7370944,-19.916796],[-43.7393758,-19.9159581],[-43.740815,-19.9146498],[-43.7420938,-19.9141654],[-43.7430747,-19.9127054],[-43.7441458,-19.911797],[-43.7444737,-19.9103688],[-43.7452704,-19.9088368],[-43.7465815,-19.9080409],[-43.7468879,-19.9074171],[-43.7458579,-19.906198],[-43.7450961,-19.9039053],[-43.7464494,-19.9030737],[-43.7480258,-19.9009853],[-43.7489366,-19.9004792],[-43.7494997,-19.898132],[-43.7486901,-19.897144],[-43.7465333,-19.8970868],[-43.7457741,-19.8963169],[-43.7455274,-19.895435],[-43.7446177,-19.8954963],[-43.744113,-19.895904],[-43.7432815,-19.8958292],[-43.742052,-19.8948471],[-43.7405738,-19.89285],[-43.7391403,-19.8922259],[-43.7383519,-19.8911317],[-43.737916,-19.8881542],[-43.7387008,-19.8837756],[-43.7392746,-19.882452],[-43.7378886,-19.8789088],[-43.736066,-19.8778997],[-43.7328115,-19.8787513],[-43.7313142,-19.8800368],[-43.7298462,-19.8798906],[-43.7276344,-19.8803423],[-43.7251157,-19.8787832],[-43.7233669,-19.8781741],[-43.7221227,-19.8810259],[-43.7201481,-19.883875],[-43.7192848,-19.8860836],[-43.7177571,-19.8885865],[-43.7157713,-19.8880585],[-43.7154789,-19.8893683],[-43.7143965,-19.8899843],[-43.7132512,-19.8900942],[-43.7118767,-19.8897135],[-43.7107573,-19.8887307],[-43.7104685,-19.8888944],[-43.7099403,-19.8885976],[-43.7089457,-19.8888506],[-43.7088359,-19.8884352],[-43.7084716,-19.8886599],[-43.7078404,-19.8882713],[-43.7080907,-19.8873505],[-43.7080025,-19.8852671],[-43.7076756,-19.8844275],[-43.708132,-19.8843137],[-43.7095314,-19.8824131],[-43.7106258,-19.8819031],[-43.7124571,-19.8804094],[-43.712546,-19.8791065],[-43.7120594,-19.8780509],[-43.7124963,-19.8777668],[-43.7126554,-19.8771307],[-43.7124564,-19.8764666],[-43.7118923,-19.8762994],[-43.7116374,-19.8752402],[-43.7129399,-19.8739896],[-43.7135295,-19.8728497],[-43.7145116,-19.8722197],[-43.7149797,-19.8712711],[-43.7166375,-19.8702411],[-43.7172875,-19.8677225],[-43.7182635,-19.8672159],[-43.719301,-19.8673797],[-43.7206043,-19.8667531],[-43.7203991,-19.8659981],[-43.7206986,-19.8644624],[-43.7204542,-19.863674],[-43.7216328,-19.8634136],[-43.7227042,-19.8615367],[-43.7237169,-19.8609196],[-43.7235693,-19.8596245],[-43.722958,-19.8588316],[-43.7223604,-19.8585508],[-43.7221746,-19.8581363],[-43.7217851,-19.8582491],[-43.7204686,-19.8576202],[-43.720155,-19.8562596],[-43.7188651,-19.8558881],[-43.718571,-19.8535697],[-43.7181891,-19.8535556],[-43.7172304,-19.8556715],[-43.7164693,-19.8560432],[-43.7159545,-19.8557811],[-43.7155221,-19.856053],[-43.7159401,-19.8542976],[-43.7161323,-19.8511072],[-43.7144857,-19.8497658],[-43.7146391,-19.8485642],[-43.7141138,-19.8473976],[-43.7140814,-19.84561],[-43.713792,-19.8450074],[-43.7141743,-19.8440052],[-43.7137301,-19.8432196],[-43.7139112,-19.8410123],[-43.7136931,-19.8393083],[-43.7140984,-19.8389887],[-43.7144332,-19.8379616],[-43.7161205,-19.836327],[-43.7165071,-19.8341275],[-43.7172437,-19.8328962],[-43.7171015,-19.8315577],[-43.7176915,-19.8305024],[-43.7186145,-19.8300792],[-43.7185678,-19.8293293],[-43.7157245,-19.8273774],[-43.7139295,-19.8268823],[-43.7114786,-19.8267263],[-43.7099763,-19.8260764],[-43.7096322,-19.8256653],[-43.7087581,-19.8255506],[-43.7036955,-19.8231203],[-43.7034186,-19.8224225],[-43.7009321,-19.8217869],[-43.7002157,-19.8218128],[-43.6975693,-19.8236307],[-43.6956242,-19.8242683],[-43.690454,-19.8247457],[-43.6856792,-19.823371],[-43.6827981,-19.822187],[-43.6751081,-19.8227235],[-43.6745624,-19.8208858],[-43.6745002,-19.8190796],[-43.6753141,-19.8174019],[-43.6752148,-19.81575],[-43.6754995,-19.8149033],[-43.6792979,-19.8144941],[-43.680258,-19.8138889],[-43.6808876,-19.8121176],[-43.6816861,-19.8114328],[-43.6818463,-19.807469],[-43.6845554,-19.806269],[-43.68582,-19.806049],[-43.6864381,-19.8051912],[-43.6864482,-19.803961],[-43.6872777,-19.8033808],[-43.6882251,-19.8017379],[-43.6899564,-19.801118],[-43.6909159,-19.8004975],[-43.6917766,-19.7994525],[-43.6915962,-19.7979133],[-43.6905277,-19.7968876],[-43.690311,-19.7959677],[-43.6909043,-19.7942225],[-43.6917301,-19.7932501],[-43.691661,-19.792379],[-43.6913104,-19.7920696],[-43.6895024,-19.7918072],[-43.6887482,-19.790854],[-43.6877629,-19.7902934],[-43.6866178,-19.7887409],[-43.687678,-19.7870006],[-43.6890618,-19.7862833],[-43.6889808,-19.7846023],[-43.6893592,-19.7832993],[-43.6899208,-19.7824415],[-43.6906512,-19.7819876],[-43.6907902,-19.7814393],[-43.690748,-19.7793445],[-43.6903935,-19.7780803],[-43.6911509,-19.7742764],[-43.6908567,-19.7706361],[-43.6905435,-19.7703163],[-43.6890557,-19.7700068],[-43.68866,-19.7691358],[-43.6892522,-19.7684594],[-43.689056,-19.7679665],[-43.689348,-19.7674595],[-43.6889416,-19.766714],[-43.689753,-19.7656107],[-43.6909356,-19.7647398],[-43.6914846,-19.76365],[-43.6915421,-19.7621172],[-43.6918446,-19.7615981],[-43.6933224,-19.7606329],[-43.6949996,-19.7609145],[-43.6958665,-19.7601577],[-43.6960889,-19.7597408],[-43.6956138,-19.7587246],[-43.6957635,-19.7571872],[-43.6953676,-19.7564815],[-43.6955054,-19.7560012],[-43.6976723,-19.7551834],[-43.698996,-19.7554501],[-43.6994565,-19.7549908],[-43.7004014,-19.7550388],[-43.7016942,-19.7537837],[-43.7031104,-19.7532366],[-43.704445,-19.7542526],[-43.7065841,-19.754011],[-43.7076242,-19.7502145],[-43.7075528,-19.7486152],[-43.7083675,-19.7475969],[-43.7093935,-19.7471543],[-43.709287,-19.7467802],[-43.7086044,-19.7465943],[-43.7105704,-19.7465157],[-43.7110747,-19.7457199],[-43.7109149,-19.7446159],[-43.709544,-19.7428719],[-43.7093593,-19.741937],[-43.7099288,-19.7412196],[-43.7112749,-19.7408664],[-43.7126281,-19.7412134],[-43.7152165,-19.7423959],[-43.715407,-19.7427129],[-43.7161256,-19.7428385],[-43.7167861,-19.7422489],[-43.7175245,-19.742336],[-43.7181088,-19.741818],[-43.7212113,-19.7432822],[-43.7252231,-19.743429],[-43.7253984,-19.7430131],[-43.7263145,-19.7427036],[-43.7264521,-19.7420695],[-43.7259643,-19.7416283],[-43.72588,-19.7409299],[-43.7260921,-19.7400689],[-43.7272067,-19.7388388],[-43.7267416,-19.7382852],[-43.7273399,-19.7367125],[-43.7268462,-19.7363466],[-43.7272693,-19.73592],[-43.7270724,-19.7355713],[-43.7273175,-19.7350732],[-43.7306019,-19.7358489],[-43.7308366,-19.736799],[-43.7320332,-19.73624],[-43.7328065,-19.7364975],[-43.7331942,-19.7362625],[-43.7333133,-19.7357442],[-43.7344463,-19.7350478],[-43.7351739,-19.7350374],[-43.7369097,-19.7357561],[-43.7383721,-19.7352294],[-43.7384865,-19.7347773],[-43.7389157,-19.7346465],[-43.7391003,-19.734167],[-43.7386939,-19.732712],[-43.7402445,-19.7317366],[-43.7406102,-19.7317362],[-43.7408014,-19.7320804],[-43.7426979,-19.731379],[-43.7435647,-19.7326439],[-43.7452294,-19.7321446],[-43.7452794,-19.7330303],[-43.7458841,-19.7333106],[-43.7466848,-19.7323434],[-43.7477073,-19.7326186],[-43.748383,-19.7324338],[-43.7488326,-19.7315923],[-43.7494587,-19.7312198],[-43.7491361,-19.7304903],[-43.7497513,-19.7299434],[-43.7512615,-19.7304511],[-43.7522576,-19.730163],[-43.7537768,-19.73099],[-43.7544242,-19.7305087],[-43.7547913,-19.7308729],[-43.7554195,-19.7304322],[-43.7563479,-19.7310002],[-43.7573805,-19.7309709],[-43.7584795,-19.7303577],[-43.758589,-19.7299598],[-43.7592985,-19.7297756],[-43.7594102,-19.7289193],[-43.7603836,-19.728107],[-43.760119,-19.7275221],[-43.7610903,-19.7271655],[-43.7615229,-19.7262978],[-43.762175,-19.7265921],[-43.7624755,-19.7255788],[-43.7634929,-19.7256825],[-43.7638334,-19.7251198],[-43.7668506,-19.7248655],[-43.7666699,-19.7261449],[-43.7676415,-19.7265201],[-43.7681433,-19.7260011],[-43.7698487,-19.7258205],[-43.7703332,-19.7253796],[-43.7705155,-19.7268278],[-43.7693652,-19.7275516],[-43.7702897,-19.7289351],[-43.7697976,-19.7290567],[-43.7698343,-19.7286822],[-43.7694198,-19.7286783],[-43.7685041,-19.7291767],[-43.7683932,-19.7296384],[-43.7703322,-19.7322491],[-43.7702659,-19.733053],[-43.7705864,-19.7337974],[-43.770384,-19.7345667],[-43.7713477,-19.7347518],[-43.7716573,-19.7360482],[-43.7709568,-19.7369727],[-43.7696327,-19.7362656],[-43.769623,-19.7380861],[-43.7676829,-19.7375737],[-43.7661591,-19.7376566],[-43.7660129,-19.7382007],[-43.766177,-19.7390067],[-43.7680387,-19.7409849],[-43.7680055,-19.7423628],[-43.7685649,-19.7431659],[-43.7680239,-19.7449043],[-43.7717941,-19.7456152],[-43.7731341,-19.7466072],[-43.7735535,-19.7469841],[-43.7737438,-19.7491441],[-43.7751482,-19.7497962],[-43.775969,-19.7514497],[-43.7768823,-19.7520378],[-43.7776712,-19.7534297],[-43.7802195,-19.7548125],[-43.7817646,-19.7547338],[-43.7832673,-19.7541638],[-43.7837828,-19.7544448],[-43.7845687,-19.754393],[-43.785355,-19.7548391],[-43.7863122,-19.7543804],[-43.7883491,-19.7548615],[-43.7889809,-19.7545788],[-43.7907258,-19.7550989],[-43.793532,-19.7553447],[-43.7943611,-19.7543716],[-43.7957929,-19.7543612],[-43.7979283,-19.7559696],[-43.7982754,-19.7578659],[-43.7991696,-19.7591055],[-43.8053472,-19.763083],[-43.8054714,-19.7640273],[-43.8050844,-19.7652267],[-43.8041042,-19.766172],[-43.8025432,-19.7686194],[-43.8028513,-19.7695984],[-43.8045656,-19.7711773],[-43.8039537,-19.7722755],[-43.8040455,-19.7731092],[-43.8033168,-19.7740299],[-43.8039677,-19.7763602],[-43.8033878,-19.7781801],[-43.8028379,-19.7786343],[-43.8025788,-19.7800648],[-43.8032012,-19.7815365],[-43.8031681,-19.7823067],[-43.8040873,-19.78292],[-43.8047399,-19.78446],[-43.804165,-19.7855284],[-43.8039814,-19.7869916],[-43.8030604,-19.7878439],[-43.802869,-19.7886859],[-43.7987491,-19.7913848],[-43.7987488,-19.7920588],[-43.7999329,-19.7941173],[-43.7986527,-19.7957898],[-43.7987272,-19.7969384],[-43.798213,-19.7987698],[-43.7973135,-19.7992231],[-43.7958328,-19.8016137],[-43.79486,-19.8021189],[-43.7944828,-19.8039816],[-43.7938981,-19.8044697],[-43.7930201,-19.8044211],[-43.7928376,-19.8055469],[-43.7923379,-19.8060452],[-43.7912859,-19.8059558],[-43.7902967,-19.8063175],[-43.7895544,-19.806089],[-43.7877306,-19.8065813],[-43.7860004,-19.8062635],[-43.7851465,-19.8057943],[-43.7836327,-19.8057358],[-43.7829761,-19.8062127],[-43.7821704,-19.8080068],[-43.7812311,-19.8085426],[-43.7787349,-19.8080003],[-43.7778075,-19.8084335],[-43.7763564,-19.8085241],[-43.7746316,-19.8082288],[-43.775217,-19.8117632],[-43.7765598,-19.8127494],[-43.7772402,-19.8145493],[-43.7778216,-19.8150721],[-43.7791377,-19.8151502],[-43.7802833,-19.8168501],[-43.7797274,-19.8211915],[-43.7813233,-19.8225068],[-43.7849065,-19.8241385],[-43.7817002,-19.8282214],[-43.7817733,-19.8320966],[-43.7812521,-19.8349993],[-43.7808992,-19.8365551],[-43.7798955,-19.8373462],[-43.7798347,-19.838123],[-43.7778849,-19.8382074],[-43.7762228,-19.837541],[-43.7740888,-19.8382479],[-43.7730441,-19.8382882],[-43.7721887,-19.8398534],[-43.7711468,-19.8405812],[-43.7701158,-19.8407993],[-43.7687925,-19.840765],[-43.7679911,-19.8402931],[-43.7663559,-19.8402323],[-43.7662933,-19.8407977],[-43.7679741,-19.8416659],[-43.7692871,-19.8432038],[-43.772634,-19.8433858],[-43.7741985,-19.8441049],[-43.775136,-19.8441547],[-43.7781276,-19.8459397],[-43.7786373,-19.8473785],[-43.7819756,-19.8474784],[-43.7825672,-19.8468236],[-43.7840878,-19.8463226],[-43.7849158,-19.8447979],[-43.78504,-19.8429165],[-43.7867011,-19.8428416],[-43.7865408,-19.8423222],[-43.7873472,-19.8418858],[-43.7874466,-19.8413736],[-43.7883199,-19.8404251],[-43.7879265,-19.8401488],[-43.7878339,-19.8395022],[-43.7888815,-19.8385831],[-43.7889557,-19.836799],[-43.7905292,-19.8365356],[-43.7921748,-19.8354469],[-43.792942,-19.8355902],[-43.7939215,-19.8369056],[-43.7951235,-19.8371766],[-43.7954598,-19.8375337],[-43.7961744,-19.8371411],[-43.7967262,-19.836134],[-43.7972008,-19.8359854],[-43.8009588,-19.8374395],[-43.8015935,-19.8384188],[-43.8022156,-19.8386724],[-43.8028647,-19.8388638],[-43.8042035,-19.8385675],[-43.8045373,-19.8391368],[-43.8056756,-19.8386486],[-43.8059794,-19.8394403],[-43.8070471,-19.8397029],[-43.806541,-19.8401479],[-43.8070385,-19.8409562],[-43.8081178,-19.841217],[-43.8090214,-19.8424279],[-43.8093503,-19.8422672],[-43.8094084,-19.8415806],[-43.8113686,-19.8409125],[-43.8123495,-19.8402435],[-43.8127852,-19.8394288],[-43.8126718,-19.8387821],[-43.8132507,-19.8384229],[-43.8142882,-19.8358846],[-43.814547,-19.8358394],[-43.8147289,-19.8364084],[-43.8161529,-19.8359003],[-43.8170073,-19.8351599],[-43.8169234,-19.8343674],[-43.8175684,-19.8332606],[-43.8181898,-19.8326781],[-43.8188396,-19.8326585],[-43.8187771,-19.8319158],[-43.8192148,-19.8315905],[-43.8208491,-19.8319858],[-43.8205528,-19.8325698],[-43.8199016,-19.8328458],[-43.8197896,-19.8335715],[-43.8203704,-19.8349456],[-43.8207937,-19.834971],[-43.8210904,-19.8355473],[-43.8222142,-19.8354426],[-43.8230013,-19.8344229],[-43.8232436,-19.8350646],[-43.8239451,-19.8349412],[-43.8255954,-19.8354538],[-43.8262722,-19.8344099],[-43.8272856,-19.833867],[-43.8276355,-19.8322652],[-43.8293134,-19.8317497],[-43.8294877,-19.8312771],[-43.830099,-19.8309113],[-43.8298859,-19.8302974],[-43.829335,-19.8299497],[-43.8299042,-19.8291085],[-43.8311829,-19.8293951],[-43.8326539,-19.8282527],[-43.8327757,-19.8285257],[-43.8334352,-19.8285196],[-43.8336125,-19.8289328],[-43.8356906,-19.8281693],[-43.8361489,-19.8273302],[-43.8367298,-19.8276054],[-43.8368044,-19.8261135],[-43.8371669,-19.8256953],[-43.8388549,-19.8264352],[-43.8400382,-19.8258081],[-43.8398194,-19.826455],[-43.8406952,-19.8266372],[-43.8406557,-19.8276792],[-43.8416334,-19.8276701],[-43.8416514,-19.8283151],[-43.8423123,-19.8285417],[-43.8435446,-19.8281471],[-43.8437052,-19.8283283],[-43.843181,-19.8290801],[-43.8438982,-19.8293646],[-43.8438578,-19.8296501],[-43.8450484,-19.8291506],[-43.8454926,-19.8298951],[-43.8453267,-19.8306063],[-43.845809,-19.8317163],[-43.8461201,-19.8321178],[-43.8466795,-19.8321645],[-43.8471043,-19.8329458],[-43.8480076,-19.8333878],[-43.8489039,-19.8328742],[-43.84953,-19.8333815],[-43.8495879,-19.8329834],[-43.8506032,-19.8330021],[-43.8509494,-19.8334216],[-43.851128,-19.832943],[-43.8516803,-19.8335092],[-43.8527895,-19.8334738],[-43.8532063,-19.8341656],[-43.8540861,-19.8337822],[-43.8546456,-19.8342226],[-43.8550239,-19.8340031],[-43.8555028,-19.8341739],[-43.8564967,-19.8332576],[-43.8561328,-19.8325178],[-43.8561918,-19.8318127],[-43.8570234,-19.8299427],[-43.8601662,-19.829536],[-43.8618749,-19.8278698]]]}},{"type":"Feature","properties":{"code":"29","name":"Santa Luzia"},"geometry":{"type":"Polygon","coordinates":[[[-43.9460521,-19.7764593],[-43.9454259,-19.7781887],[-43.9459861,-19.7793677],[-43.9455393,-19.7804345],[-43.9468156,-19.7813932],[-43.9478723,-19.7865383],[-43.9469499,-19.7887575],[-43.9473257,-19.7900192],[-43.9473749,-19.7926933],[-43.9463989,-19.7938626],[-43.9443802,-19.7975761],[-43.9414363,-19.798432],[-43.9407928,-19.7992868],[-43.9396882,-19.7988349],[-43.9380619,-19.7992332],[-43.9365084,-19.7954702],[-43.9332703,-19.7954466],[-43.932362,-19.7958953],[-43.9316449,-19.7970726],[-43.9297545,-19.7982886],[-43.926225,-19.7994083],[-43.9246684,-19.7991751],[-43.9222813,-19.8011695],[-43.921613,-19.8022934],[-43.920531,-19.8026581],[-43.9195598,-19.7999463],[-43.9185035,-19.7987818],[-43.9156726,-19.7974775],[-43.9142917,-19.7971515],[-43.911634,-19.7984555],[-43.909832,-19.8025957],[-43.9063282,-19.8030894],[-43.9050513,-19.8023626],[-43.9017366,-19.8047865],[-43.9010617,-19.8043043],[-43.90017,-19.8027036],[-43.8990788,-19.8023826],[-43.8976582,-19.8030948],[-43.8973236,-19.8037275],[-43.8978379,-19.8068617],[-43.8981864,-19.8070178],[-43.8985577,-19.8082834],[-43.8979749,-19.8096881],[-43.8958771,-19.809696],[-43.8948407,-19.8102674],[-43.8938388,-19.8104359],[-43.8940906,-19.8114041],[-43.8931718,-19.8124146],[-43.8931756,-19.8139657],[-43.8918394,-19.8145706],[-43.8908372,-19.8144799],[-43.890525,-19.8154647],[-43.8891672,-19.8163989],[-43.8882609,-19.8163325],[-43.8881737,-19.8159325],[-43.8874921,-19.8159083],[-43.8872004,-19.8155014],[-43.8869355,-19.8157242],[-43.8860186,-19.8151249],[-43.885259,-19.8158195],[-43.8836566,-19.8162472],[-43.8831997,-19.8142541],[-43.88149,-19.8142673],[-43.8806621,-19.8139698],[-43.8800592,-19.8142162],[-43.8789357,-19.8136901],[-43.8784224,-19.8139721],[-43.8772824,-19.8132234],[-43.8766475,-19.8131811],[-43.8761259,-19.8181559],[-43.8748487,-19.8200865],[-43.8723985,-19.8203746],[-43.8701649,-19.8197382],[-43.8695652,-19.8199529],[-43.8689766,-19.8207515],[-43.8689603,-19.8240418],[-43.8686385,-19.8252921],[-43.8681159,-19.8256902],[-43.8645991,-19.8256331],[-43.8619037,-19.8262436],[-43.8616114,-19.8269103],[-43.8618749,-19.8278698],[-43.8612022,-19.8287772],[-43.8601662,-19.829536],[-43.8570123,-19.8299554],[-43.8561918,-19.8318127],[-43.8561328,-19.8325178],[-43.8564967,-19.8332576],[-43.8554261,-19.8342133],[-43.8550239,-19.8340031],[-43.8546456,-19.8342226],[-43.8542223,-19.8337837],[-43.8531663,-19.8341587],[-43.8527895,-19.8334738],[-43.8516803,-19.8335092],[-43.8511194,-19.8329417],[-43.8509837,-19.8334203],[-43.8506323,-19.833008],[-43.8498706,-19.8329557],[-43.8495505,-19.8330093],[-43.8495034,-19.8333779],[-43.8489039,-19.8328742],[-43.847879,-19.8333531],[-43.8470831,-19.8329306],[-43.8466659,-19.832153],[-43.8461201,-19.8321178],[-43.845809,-19.8317163],[-43.8453267,-19.8306063],[-43.8454926,-19.8298951],[-43.8450484,-19.8291506],[-43.8438578,-19.8296501],[-43.8438982,-19.8293646],[-43.843181,-19.8290801],[-43.8437052,-19.8283283],[-43.8435446,-19.8281471],[-43.8423123,-19.8285417],[-43.8416514,-19.8283151],[-43.8416334,-19.8276701],[-43.8406557,-19.8276792],[-43.8406952,-19.8266372],[-43.8398194,-19.826455],[-43.8400382,-19.8258081],[-43.8388549,-19.8264352],[-43.8372043,-19.825688],[-43.8368044,-19.8261135],[-43.8367298,-19.8276054],[-43.8361489,-19.8273302],[-43.8356906,-19.8281693],[-43.8336125,-19.8289328],[-43.8334352,-19.8285196],[-43.8327757,-19.8285257],[-43.8326539,-19.8282527],[-43.8311829,-19.8293951],[-43.8299042,-19.8291085],[-43.829335,-19.8299497],[-43.8298859,-19.8302974],[-43.830099,-19.8309113],[-43.8294877,-19.8312771],[-43.8293134,-19.8317497],[-43.8276355,-19.8322652],[-43.8272856,-19.833867],[-43.8262722,-19.8344099],[-43.8255954,-19.8354538],[-43.8239451,-19.8349412],[-43.8232436,-19.8350646],[-43.8230013,-19.8344229],[-43.8222142,-19.8354426],[-43.8210904,-19.8355473],[-43.8207937,-19.834971],[-43.8203704,-19.8349456],[-43.8197896,-19.8335715],[-43.8199016,-19.8328458],[-43.8205528,-19.8325698],[-43.8208491,-19.8319858],[-43.8192148,-19.8315905],[-43.8187771,-19.8319158],[-43.8188396,-19.8326585],[-43.8181898,-19.8326781],[-43.8175684,-19.8332606],[-43.8169234,-19.8343674],[-43.8170073,-19.8351599],[-43.8161529,-19.8359003],[-43.8147289,-19.8364084],[-43.814547,-19.8358394],[-43.8142882,-19.8358846],[-43.8132507,-19.8384229],[-43.8126718,-19.8387821],[-43.8127852,-19.8394288],[-43.8123495,-19.8402435],[-43.8113686,-19.8409125],[-43.8094084,-19.8415806],[-43.8093503,-19.8422672],[-43.8090642,-19.8424211],[-43.8087312,-19.8423484],[-43.8081178,-19.841217],[-43.8070385,-19.8409562],[-43.806541,-19.8401479],[-43.8070471,-19.8397029],[-43.8059794,-19.8394403],[-43.8056756,-19.8386486],[-43.8045373,-19.8391368],[-43.8042035,-19.8385675],[-43.8028647,-19.8388638],[-43.8022156,-19.8386724],[-43.8015935,-19.8384188],[-43.8009588,-19.8374395],[-43.7972008,-19.8359854],[-43.7967262,-19.836134],[-43.7961744,-19.8371411],[-43.7954598,-19.8375337],[-43.7951235,-19.8371766],[-43.7939215,-19.8369056],[-43.7925384,-19.8354177],[-43.7917266,-19.8356215],[-43.7905292,-19.8365356],[-43.7889557,-19.836799],[-43.7888815,-19.8385831],[-43.7878339,-19.8395022],[-43.7879265,-19.8401488],[-43.7883199,-19.8404251],[-43.7874466,-19.8413736],[-43.7873472,-19.8418858],[-43.7865408,-19.8423222],[-43.7867011,-19.8428416],[-43.78504,-19.8429165],[-43.7849158,-19.8447979],[-43.7840878,-19.8463226],[-43.7825672,-19.8468236],[-43.7819756,-19.8474784],[-43.7786373,-19.8473785],[-43.7781276,-19.8459397],[-43.775136,-19.8441547],[-43.7741985,-19.8441049],[-43.772634,-19.8433858],[-43.76939,-19.8432563],[-43.7679741,-19.8416659],[-43.7663837,-19.8408878],[-43.7662429,-19.8404488],[-43.766527,-19.8401745],[-43.7679911,-19.8402931],[-43.7690207,-19.8408169],[-43.7710366,-19.8406194],[-43.7723922,-19.8396626],[-43.7730441,-19.8382882],[-43.7740888,-19.8382479],[-43.7762228,-19.837541],[-43.7778849,-19.8382074],[-43.7798347,-19.838123],[-43.7798955,-19.8373462],[-43.7808992,-19.8365551],[-43.7817733,-19.8320966],[-43.7817002,-19.8282214],[-43.7849071,-19.8240641],[-43.7814831,-19.8225961],[-43.7797274,-19.8211915],[-43.7802833,-19.8168501],[-43.7791377,-19.8151502],[-43.7778216,-19.8150721],[-43.7772402,-19.8145493],[-43.7765598,-19.8127494],[-43.775217,-19.8117632],[-43.7746316,-19.8082288],[-43.7763564,-19.8085241],[-43.7778075,-19.8084335],[-43.7787349,-19.8080003],[-43.7812311,-19.8085426],[-43.7821704,-19.8080068],[-43.7829761,-19.8062127],[-43.7836327,-19.8057358],[-43.7851465,-19.8057943],[-43.7860004,-19.8062635],[-43.7877306,-19.8065813],[-43.7895544,-19.806089],[-43.7902967,-19.8063175],[-43.7912859,-19.8059558],[-43.7923379,-19.8060452],[-43.7928376,-19.8055469],[-43.7930201,-19.8044211],[-43.7938981,-19.8044697],[-43.7944828,-19.8039816],[-43.79486,-19.8021189],[-43.7958328,-19.8016137],[-43.7973135,-19.7992231],[-43.798213,-19.7987698],[-43.7987272,-19.7969384],[-43.7986527,-19.7957898],[-43.7999329,-19.7941173],[-43.7987488,-19.7920588],[-43.7987491,-19.7913848],[-43.802869,-19.7886859],[-43.8030604,-19.7878439],[-43.8039814,-19.7869916],[-43.804165,-19.7855284],[-43.8047399,-19.78446],[-43.8040873,-19.78292],[-43.8031681,-19.7823067],[-43.8032012,-19.7815365],[-43.8025788,-19.7800648],[-43.8028379,-19.7786343],[-43.8033878,-19.7781801],[-43.8039677,-19.7763602],[-43.8033168,-19.7740299],[-43.8040455,-19.7731092],[-43.8039537,-19.7722755],[-43.8045656,-19.7711773],[-43.8028513,-19.7695984],[-43.8025432,-19.7686194],[-43.8041042,-19.766172],[-43.8050844,-19.7652267],[-43.8054916,-19.7638193],[-43.8051057,-19.7628245],[-43.8011269,-19.7604851],[-43.7988176,-19.7587676],[-43.7982754,-19.7578659],[-43.7979283,-19.7559696],[-43.7957929,-19.7543612],[-43.7943611,-19.7543716],[-43.793532,-19.7553447],[-43.7907258,-19.7550989],[-43.7889809,-19.7545788],[-43.7883491,-19.7548615],[-43.7863122,-19.7543804],[-43.785355,-19.7548391],[-43.7845687,-19.754393],[-43.7837828,-19.7544448],[-43.7832673,-19.7541638],[-43.7817646,-19.7547338],[-43.7804784,-19.7548701],[-43.7778274,-19.7535489],[-43.7768823,-19.7520378],[-43.775969,-19.7514497],[-43.7751482,-19.7497962],[-43.7737438,-19.7491441],[-43.7735203,-19.7469332],[-43.7717941,-19.7456152],[-43.7679425,-19.744815],[-43.7685649,-19.7431659],[-43.7680055,-19.7423628],[-43.7680387,-19.7409849],[-43.7660244,-19.7385772],[-43.7661591,-19.7376566],[-43.7677525,-19.7375796],[-43.7689948,-19.7380902],[-43.7697087,-19.7380339],[-43.769682,-19.7362463],[-43.7708992,-19.7369722],[-43.7715173,-19.7364549],[-43.7714913,-19.7349373],[-43.770384,-19.7345667],[-43.7705864,-19.7337974],[-43.7702659,-19.733053],[-43.7703322,-19.7322491],[-43.7685207,-19.7300666],[-43.7684051,-19.7294263],[-43.7695012,-19.7286502],[-43.7698343,-19.7286822],[-43.7697467,-19.7290403],[-43.7702897,-19.7289351],[-43.7693652,-19.7275516],[-43.7704376,-19.7269361],[-43.7705658,-19.7259361],[-43.7713319,-19.7260213],[-43.7726984,-19.7252244],[-43.7727881,-19.7237013],[-43.7724039,-19.7226071],[-43.7735146,-19.7207862],[-43.7757127,-19.7193452],[-43.7762265,-19.7181237],[-43.7760673,-19.7153783],[-43.7766329,-19.7149367],[-43.7772539,-19.7148744],[-43.7783742,-19.7165326],[-43.7798585,-19.7166757],[-43.7828659,-19.7153222],[-43.783174,-19.7141281],[-43.7811549,-19.711743],[-43.7804549,-19.708979],[-43.777524,-19.705388],[-43.77371,-19.7034141],[-43.771599,-19.7031999],[-43.7708329,-19.702297],[-43.770726,-19.701326],[-43.771144,-19.700148],[-43.7731171,-19.697322],[-43.7725509,-19.6948241],[-43.773867,-19.6910829],[-43.7734451,-19.689579],[-43.7711242,-19.6862329],[-43.7700589,-19.683248],[-43.766874,-19.6790679],[-43.7635079,-19.6785159],[-43.7614809,-19.674986],[-43.7597669,-19.672843],[-43.7591581,-19.672379],[-43.7571101,-19.671888],[-43.7560449,-19.6688109],[-43.7536378,-19.665939],[-43.7541059,-19.66453],[-43.7558919,-19.663009],[-43.7570398,-19.662469],[-43.758175,-19.662449],[-43.7585422,-19.6621149],[-43.7585069,-19.6616179],[-43.7573008,-19.660736],[-43.7562929,-19.6592191],[-43.754962,-19.655598],[-43.756304,-19.647489],[-43.75813,-19.644708],[-43.7590271,-19.6425259],[-43.758787,-19.641],[-43.756862,-19.636129],[-43.7570849,-19.634882],[-43.75809,-19.633289],[-43.7579489,-19.6316129],[-43.7554192,-19.629099],[-43.754954,-19.625434],[-43.7552769,-19.623516],[-43.7565021,-19.6216121],[-43.7593961,-19.612316],[-43.7602771,-19.611105],[-43.764047,-19.610803],[-43.7644019,-19.6104111],[-43.7647511,-19.6076841],[-43.765241,-19.6070271],[-43.766964,-19.605841],[-43.76884,-19.606424],[-43.7698501,-19.607281],[-43.771112,-19.609712],[-43.771024,-19.61044],[-43.7693029,-19.6109781],[-43.7681402,-19.6124429],[-43.7683432,-19.614143],[-43.769803,-19.61521],[-43.7701061,-19.615915],[-43.769807,-19.618157],[-43.770132,-19.619602],[-43.7707281,-19.620055],[-43.774179,-19.62041],[-43.7752289,-19.620205],[-43.775963,-19.619398],[-43.7767859,-19.6171],[-43.7766091,-19.615273],[-43.7751291,-19.612322],[-43.7754741,-19.610925],[-43.7824991,-19.611185],[-43.7836641,-19.613141],[-43.7843959,-19.613236],[-43.78541,-19.612591],[-43.7858831,-19.60909],[-43.7868698,-19.609174],[-43.7886968,-19.610022],[-43.7901728,-19.610187],[-43.7936799,-19.612195],[-43.7983729,-19.6130439],[-43.798419,-19.614218],[-43.799171,-19.615803],[-43.7991141,-19.618854],[-43.799778,-19.6211089],[-43.801394,-19.6237141],[-43.8029021,-19.6252431],[-43.8040469,-19.6257999],[-43.8063041,-19.6255749],[-43.8065129,-19.624905],[-43.8059429,-19.623805],[-43.8060189,-19.622812],[-43.8073639,-19.6213821],[-43.811312,-19.6184211],[-43.8124961,-19.617961],[-43.813814,-19.617849],[-43.814897,-19.6185099],[-43.815712,-19.6194709],[-43.816523,-19.621727],[-43.8165561,-19.623322],[-43.8143321,-19.629673],[-43.8138241,-19.632781],[-43.8143198,-19.634285],[-43.8170299,-19.638244],[-43.8173521,-19.640787],[-43.8168261,-19.641595],[-43.8154588,-19.641661],[-43.813913,-19.6407209],[-43.8114071,-19.638034],[-43.8096488,-19.638377],[-43.8088658,-19.639311],[-43.808859,-19.641981],[-43.8095271,-19.643057],[-43.8108829,-19.647082],[-43.8108081,-19.64788],[-43.809448,-19.650142],[-43.8094081,-19.6512631],[-43.8113408,-19.6536709],[-43.8112749,-19.655763],[-43.8109178,-19.656929],[-43.809403,-19.657989],[-43.8065841,-19.6582941],[-43.8041189,-19.6581851],[-43.8015431,-19.658883],[-43.800665,-19.6587889],[-43.7986069,-19.6575821],[-43.7964231,-19.657681],[-43.7925139,-19.659589],[-43.7916938,-19.660501],[-43.7920059,-19.6621191],[-43.7925892,-19.663068],[-43.795999,-19.665458],[-43.7982232,-19.66878],[-43.7988201,-19.668816],[-43.8003839,-19.6681149],[-43.8019121,-19.666847],[-43.8029781,-19.665243],[-43.8037729,-19.664598],[-43.804786,-19.664497],[-43.8055409,-19.664903],[-43.806464,-19.666696],[-43.806128,-19.6688681],[-43.8050351,-19.6715591],[-43.804229,-19.672042],[-43.802667,-19.671958],[-43.800934,-19.672404],[-43.7988629,-19.675439],[-43.7987841,-19.677554],[-43.799099,-19.678594],[-43.800912,-19.6805061],[-43.803262,-19.68221],[-43.8040249,-19.6845351],[-43.8031418,-19.68607],[-43.8001408,-19.6859239],[-43.7998961,-19.6859819],[-43.7998709,-19.6865251],[-43.8004418,-19.687358],[-43.8017339,-19.687939],[-43.80354,-19.6878741],[-43.8079359,-19.68666],[-43.808995,-19.6874129],[-43.8090531,-19.6888],[-43.808621,-19.690325],[-43.8079849,-19.6910859],[-43.807811,-19.6921141],[-43.8084821,-19.696751],[-43.8099278,-19.699308],[-43.8122311,-19.700516],[-43.8134119,-19.7014889],[-43.815249,-19.703851],[-43.815635,-19.705308],[-43.8158362,-19.70769],[-43.8154179,-19.708868],[-43.815376,-19.711075],[-43.8148339,-19.712911],[-43.8138911,-19.71418],[-43.814448,-19.715765],[-43.815776,-19.716612],[-43.8186308,-19.7171039],[-43.82316,-19.7166639],[-43.8280981,-19.713763],[-43.8318731,-19.7120841],[-43.8328912,-19.710017],[-43.8331781,-19.707707],[-43.8355011,-19.705897],[-43.8375038,-19.705127],[-43.838603,-19.705037],[-43.8397729,-19.705491],[-43.8403669,-19.707041],[-43.8405091,-19.7090871],[-43.8419679,-19.7114589],[-43.8428199,-19.712328],[-43.84454,-19.712713],[-43.845791,-19.71512],[-43.8466431,-19.716012],[-43.8476681,-19.716152],[-43.8486958,-19.7149761],[-43.8492449,-19.7148381],[-43.85015,-19.7139391],[-43.8538281,-19.712121],[-43.854673,-19.710955],[-43.855676,-19.710241],[-43.856932,-19.710278],[-43.8575069,-19.7098859],[-43.8585081,-19.709819],[-43.8601792,-19.710123],[-43.860267,-19.708852],[-43.8608279,-19.7092341],[-43.861671,-19.708785],[-43.8626351,-19.708683],[-43.863003,-19.708072],[-43.8649222,-19.706931],[-43.865451,-19.7050831],[-43.8667189,-19.7053859],[-43.8674789,-19.704094],[-43.8688811,-19.704524],[-43.870199,-19.704388],[-43.8710547,-19.7030662],[-43.8717341,-19.7033444],[-43.8719947,-19.7037915],[-43.872412,-19.7037194],[-43.8723334,-19.7027841],[-43.8728821,-19.7022558],[-43.8750191,-19.7016413],[-43.8759349,-19.701675],[-43.8773724,-19.7010546],[-43.8778358,-19.7002603],[-43.8788301,-19.7008109],[-43.8798132,-19.6996563],[-43.8803885,-19.6997718],[-43.8809014,-19.7004042],[-43.881638,-19.7007027],[-43.8832091,-19.6978733],[-43.8824837,-19.6959315],[-43.8825452,-19.6955961],[-43.883182,-19.6953623],[-43.8859537,-19.6950631],[-43.8853209,-19.6968214],[-43.8855811,-19.6976763],[-43.8863771,-19.6979608],[-43.8878001,-19.6972704],[-43.8886724,-19.697192],[-43.8911763,-19.6989911],[-43.8912799,-19.7001088],[-43.892927,-19.7011403],[-43.8940415,-19.7009403],[-43.8943274,-19.6989394],[-43.8974968,-19.6988652],[-43.8949508,-19.70305],[-43.8933122,-19.705139],[-43.8917721,-19.706049],[-43.8892132,-19.709962],[-43.889171,-19.712562],[-43.8900682,-19.715326],[-43.8910661,-19.7164491],[-43.8911258,-19.716947],[-43.8874571,-19.720257],[-43.8857359,-19.720704],[-43.885332,-19.7211189],[-43.8854411,-19.72157],[-43.8867068,-19.722994],[-43.8896099,-19.723878],[-43.8908912,-19.72395],[-43.895038,-19.725368],[-43.8974668,-19.725315],[-43.8985281,-19.725583],[-43.8992349,-19.725977],[-43.9005139,-19.7274129],[-43.9019039,-19.728039],[-43.9040361,-19.729927],[-43.9069889,-19.7304869],[-43.9068899,-19.730926],[-43.9058019,-19.7316061],[-43.9047129,-19.7330381],[-43.9045751,-19.735014],[-43.9033089,-19.739218],[-43.9033431,-19.7405361],[-43.9037691,-19.740768],[-43.906162,-19.740726],[-43.908565,-19.741678],[-43.9093901,-19.744118],[-43.910365,-19.7448711],[-43.9123911,-19.744956],[-43.9139909,-19.7442541],[-43.9147119,-19.744278],[-43.9151501,-19.744846],[-43.9158398,-19.747632],[-43.9168871,-19.748952],[-43.917705,-19.74893],[-43.9189391,-19.748401],[-43.9214091,-19.746556],[-43.922691,-19.746361],[-43.9234949,-19.74701],[-43.9255851,-19.75091],[-43.927759,-19.75222],[-43.927655,-19.753915],[-43.9289528,-19.755095],[-43.930004,-19.7572779],[-43.9320651,-19.759568],[-43.9335112,-19.7603001],[-43.9371879,-19.760452],[-43.9383038,-19.76147],[-43.9393011,-19.761854],[-43.9420162,-19.7620251],[-43.943207,-19.762652],[-43.9438741,-19.7633919],[-43.9451308,-19.765968],[-43.9452954,-19.7687063],[-43.94606,-19.7707935],[-43.9462624,-19.7750512],[-43.9460521,-19.7764593]]]}},{"type":"Feature","properties":{"code":"30","name":"Vespasiano"},"geometry":{"type":"Polygon","coordinates":[[[-43.9456062,-19.7771741],[-43.9460521,-19.7764593],[-43.9462624,-19.7750512],[-43.94606,-19.7707935],[-43.9452954,-19.7687063],[-43.9451308,-19.765968],[-43.9438741,-19.7633919],[-43.943207,-19.762652],[-43.9420162,-19.7620251],[-43.9393011,-19.761854],[-43.9383038,-19.76147],[-43.9371879,-19.760452],[-43.9335112,-19.7603001],[-43.9320651,-19.759568],[-43.930004,-19.7572779],[-43.9289528,-19.755095],[-43.927655,-19.753915],[-43.927759,-19.75222],[-43.9255851,-19.75091],[-43.9234949,-19.74701],[-43.922691,-19.746361],[-43.9214091,-19.746556],[-43.9189391,-19.748401],[-43.917705,-19.74893],[-43.9168871,-19.748952],[-43.9158398,-19.747632],[-43.9151501,-19.744846],[-43.9147119,-19.744278],[-43.9139909,-19.7442541],[-43.9123911,-19.744956],[-43.910365,-19.7448711],[-43.9093901,-19.744118],[-43.908565,-19.741678],[-43.906162,-19.740726],[-43.9035131,-19.740686],[-43.9032211,-19.740328],[-43.9033089,-19.739218],[-43.9045751,-19.735014],[-43.9047129,-19.7330381],[-43.9058019,-19.7316061],[-43.9068899,-19.730926],[-43.9069889,-19.7304869],[-43.9040361,-19.729927],[-43.9019039,-19.728039],[-43.9005139,-19.7274129],[-43.8992349,-19.725977],[-43.8985281,-19.725583],[-43.8974668,-19.725315],[-43.895038,-19.725368],[-43.8908912,-19.72395],[-43.8896099,-19.723878],[-43.8867068,-19.722994],[-43.885332,-19.7211189],[-43.8859429,-19.720589],[-43.8874571,-19.720257],[-43.8911258,-19.716947],[-43.8910661,-19.7164491],[-43.8900682,-19.715326],[-43.889171,-19.712562],[-43.8892132,-19.709962],[-43.8917721,-19.706049],[-43.8933122,-19.705139],[-43.8949508,-19.70305],[-43.8974968,-19.6988652],[-43.9002803,-19.7002559],[-43.9016058,-19.7013303],[-43.9020785,-19.7013277],[-43.9044523,-19.7005204],[-43.9054463,-19.6998777],[-43.9077074,-19.6993939],[-43.9083051,-19.6985999],[-43.9108035,-19.6992643],[-43.9149413,-19.6977793],[-43.9149975,-19.6970159],[-43.9142887,-19.6965839],[-43.9141086,-19.6952211],[-43.9149982,-19.6942037],[-43.9124961,-19.6933655],[-43.9122082,-19.6940716],[-43.9112855,-19.6945129],[-43.9082986,-19.6945891],[-43.9066991,-19.6921793],[-43.9055096,-19.6917513],[-43.9050326,-19.6910971],[-43.903499,-19.6905574],[-43.9040228,-19.688625],[-43.902782,-19.6875071],[-43.9024525,-19.6867085],[-43.9025141,-19.685406],[-43.9031833,-19.6839905],[-43.906441,-19.6809862],[-43.9078713,-19.6803659],[-43.9085182,-19.6820173],[-43.9102202,-19.682537],[-43.9125696,-19.6809516],[-43.9142731,-19.6808803],[-43.9171106,-19.6814782],[-43.9188779,-19.6823106],[-43.9206544,-19.6860744],[-43.921556,-19.6864835],[-43.9219289,-19.6856324],[-43.9223814,-19.6853641],[-43.9242991,-19.6848404],[-43.9261333,-19.6850487],[-43.9284146,-19.6831966],[-43.9313464,-19.6797871],[-43.9333416,-19.6798208],[-43.9363307,-19.6809443],[-43.9375075,-19.6808274],[-43.9387704,-19.6786504],[-43.9416407,-19.6767829],[-43.942136,-19.6756093],[-43.9421609,-19.6732592],[-43.9428438,-19.6723117],[-43.9440768,-19.6721973],[-43.9452407,-19.6716181],[-43.9461357,-19.6721635],[-43.9470155,-19.6720762],[-43.9488288,-19.6710898],[-43.9501769,-19.6709643],[-43.9506907,-19.6701728],[-43.9525059,-19.670905],[-43.9546598,-19.6704128],[-43.9550499,-19.6708381],[-43.957089,-19.670021],[-43.956989,-19.671003],[-43.9544851,-19.672444],[-43.951397,-19.680056],[-43.950259,-19.6819959],[-43.9500099,-19.684608],[-43.9487258,-19.686559],[-43.9440199,-19.691024],[-43.940686,-19.6919781],[-43.9395631,-19.692681],[-43.9388651,-19.6936971],[-43.9388151,-19.694622],[-43.9382751,-19.695776],[-43.93805,-19.6988969],[-43.9355002,-19.705353],[-43.9356071,-19.706521],[-43.9363131,-19.7075849],[-43.9380202,-19.708652],[-43.9407781,-19.7085639],[-43.942878,-19.707839],[-43.943184,-19.7074231],[-43.946456,-19.706712],[-43.9498732,-19.706822],[-43.9514701,-19.708003],[-43.9531859,-19.710433],[-43.955428,-19.71291],[-43.9555691,-19.715927],[-43.9562139,-19.71706],[-43.9575052,-19.7183451],[-43.9572841,-19.7192699],[-43.9576729,-19.72023],[-43.9600731,-19.7224639],[-43.9616462,-19.7230643],[-43.9622957,-19.7223347],[-43.9630787,-19.7220289],[-43.9627939,-19.7211061],[-43.964424,-19.7170967],[-43.9660908,-19.7157639],[-43.9666362,-19.7149273],[-43.9672467,-19.7147988],[-43.9680222,-19.71416],[-43.9686324,-19.7126087],[-43.9690331,-19.7123819],[-43.9698532,-19.7125608],[-43.9699245,-19.7144418],[-43.9706441,-19.7148401],[-43.9713501,-19.7158119],[-43.9726579,-19.721709],[-43.9739719,-19.724138],[-43.974896,-19.72667],[-43.9760041,-19.728313],[-43.9765121,-19.73088],[-43.980098,-19.7326761],[-43.9804869,-19.7336819],[-43.9822418,-19.7352921],[-43.985304,-19.736556],[-43.9880749,-19.73649],[-43.989407,-19.735637],[-43.990349,-19.73387],[-43.9921102,-19.7317691],[-43.9932758,-19.728037],[-43.9952428,-19.7266529],[-43.9970501,-19.725904],[-44.0001382,-19.725565],[-44.0016368,-19.723869],[-44.0018662,-19.721045],[-44.002638,-19.7205319],[-44.0036831,-19.720747],[-44.0058269,-19.722273],[-44.0069501,-19.722061],[-44.0068529,-19.723399],[-44.0052149,-19.7240789],[-44.0048711,-19.724515],[-44.005963,-19.726517],[-44.0068432,-19.7323011],[-44.0063219,-19.733416],[-44.0056771,-19.733342],[-44.0053898,-19.734228],[-44.0046659,-19.734915],[-44.0048711,-19.73655],[-44.0045251,-19.7372889],[-44.0038141,-19.7378949],[-44.0028652,-19.737865],[-44.0020181,-19.7371671],[-43.9998581,-19.7377049],[-43.9998001,-19.7394101],[-43.9992021,-19.739857],[-43.9977989,-19.7394281],[-43.9969928,-19.7394839],[-43.9955618,-19.7414129],[-43.9951939,-19.7424991],[-43.9933612,-19.744368],[-43.9926638,-19.744599],[-43.992248,-19.7453491],[-43.9921721,-19.747418],[-43.993525,-19.748703],[-43.9942151,-19.751101],[-43.9947021,-19.751183],[-43.9951629,-19.751704],[-43.9951079,-19.7565801],[-43.995655,-19.757066],[-43.995992,-19.758001],[-43.9968661,-19.758788],[-43.9970828,-19.759481],[-43.9953519,-19.759959],[-43.995361,-19.76087],[-43.994209,-19.762815],[-43.9937219,-19.762698],[-43.9934152,-19.7634349],[-43.991392,-19.76382],[-43.9902781,-19.765431],[-43.989399,-19.765946],[-43.9886678,-19.765921],[-43.9882582,-19.765043],[-43.987576,-19.764914],[-43.986821,-19.764935],[-43.984516,-19.765873],[-43.9832639,-19.7684971],[-43.98362,-19.7708959],[-43.9821698,-19.7712261],[-43.9808372,-19.772732],[-43.979373,-19.773246],[-43.9773199,-19.775107],[-43.9743701,-19.775869],[-43.974585,-19.7768729],[-43.9759029,-19.779506],[-43.97603,-19.781135],[-43.9752111,-19.7815976],[-43.9753426,-19.7822999],[-43.9749383,-19.7831416],[-43.9733582,-19.7840144],[-43.9721058,-19.7854594],[-43.970653,-19.7862045],[-43.9696598,-19.7883189],[-43.9691103,-19.7881807],[-43.9683612,-19.7886865],[-43.9668502,-19.791287],[-43.9661225,-19.791638],[-43.9641904,-19.7914202],[-43.9639441,-19.788638],[-43.964553,-19.787877],[-43.9656536,-19.7872033],[-43.9659897,-19.7859049],[-43.9655432,-19.7846618],[-43.9649528,-19.7840962],[-43.9630505,-19.7831922],[-43.9619518,-19.7811832],[-43.9613988,-19.7807231],[-43.9594854,-19.7805085],[-43.9592641,-19.7792185],[-43.9583563,-19.7779617],[-43.9556657,-19.7778444],[-43.9542281,-19.7772764],[-43.9530359,-19.7774459],[-43.9527471,-19.7780112],[-43.9516767,-19.7769089],[-43.9507296,-19.7767461],[-43.9502233,-19.777552],[-43.9496992,-19.776948],[-43.9491381,-19.7767852],[-43.9474371,-19.7771872],[-43.9456062,-19.7771741]]]}},{"type":"Feature","properties":{"code":"31","name":"Ribeirão das Neves"},"geometry":{"type":"Polygon","coordinates":[[[-43.9753426,-19.7822999],[-43.9752111,-19.7815976],[-43.97603,-19.781135],[-43.975975,-19.779748],[-43.9743701,-19.775869],[-43.9773199,-19.775107],[-43.979373,-19.773246],[-43.9808372,-19.772732],[-43.9821698,-19.7712261],[-43.98362,-19.7708959],[-43.9832639,-19.7684971],[-43.984516,-19.765873],[-43.986821,-19.764935],[-43.987576,-19.764914],[-43.9882582,-19.765043],[-43.9886678,-19.765921],[-43.989399,-19.765946],[-43.9902781,-19.765431],[-43.991392,-19.76382],[-43.9934152,-19.7634349],[-43.9937219,-19.762698],[-43.994209,-19.762815],[-43.995361,-19.76087],[-43.9953519,-19.759959],[-43.9970828,-19.759481],[-43.9968661,-19.758788],[-43.995992,-19.758001],[-43.995655,-19.757066],[-43.9951079,-19.7565801],[-43.9951629,-19.751704],[-43.9947021,-19.751183],[-43.9942151,-19.751101],[-43.993525,-19.748703],[-43.9921721,-19.747418],[-43.992076,-19.7461929],[-43.9925051,-19.7448069],[-43.9933612,-19.744368],[-43.9951939,-19.7424991],[-43.9955618,-19.7414129],[-43.9969928,-19.7394839],[-43.9977989,-19.7394281],[-43.9992021,-19.739857],[-43.9998001,-19.7394101],[-43.9998581,-19.7377049],[-44.0020181,-19.7371671],[-44.0028652,-19.737865],[-44.0038141,-19.7378949],[-44.0048711,-19.73655],[-44.0058898,-19.7372869],[-44.0080711,-19.740117],[-44.009091,-19.740585],[-44.0097549,-19.74127],[-44.0105872,-19.7438361],[-44.0118399,-19.745633],[-44.0132771,-19.746478],[-44.0135219,-19.747726],[-44.014432,-19.74951],[-44.0173519,-19.750971],[-44.0185619,-19.752258],[-44.0194979,-19.7526549],[-44.0204468,-19.752672],[-44.02098,-19.7532861],[-44.0212651,-19.7544639],[-44.0232279,-19.755985],[-44.02553,-19.756067],[-44.0265938,-19.7572731],[-44.0276648,-19.7573709],[-44.030011,-19.75903],[-44.029674,-19.7614639],[-44.030047,-19.762204],[-44.0311522,-19.7628329],[-44.0325321,-19.76419],[-44.0340811,-19.763887],[-44.0353328,-19.764228],[-44.0357069,-19.7648651],[-44.0354531,-19.766478],[-44.0356781,-19.767494],[-44.037123,-19.768367],[-44.0384648,-19.77],[-44.03952,-19.77064],[-44.0408588,-19.772731],[-44.0425052,-19.772524],[-44.0442151,-19.771877],[-44.0450719,-19.771132],[-44.0461451,-19.7710341],[-44.0474919,-19.76975],[-44.0505838,-19.769237],[-44.051913,-19.765968],[-44.0534081,-19.764454],[-44.0534408,-19.762932],[-44.0543048,-19.76108],[-44.0529002,-19.7597231],[-44.0528822,-19.7566909],[-44.0509799,-19.755031],[-44.050342,-19.753805],[-44.05042,-19.7529991],[-44.0520671,-19.7505399],[-44.050837,-19.748904],[-44.0506479,-19.748246],[-44.0509209,-19.747579],[-44.0526981,-19.746173],[-44.0572781,-19.744451],[-44.0598399,-19.7438689],[-44.061862,-19.743825],[-44.064193,-19.743219],[-44.066286,-19.743851],[-44.0671612,-19.743528],[-44.0678031,-19.7426549],[-44.0675392,-19.742019],[-44.0677641,-19.741294],[-44.06599,-19.740798],[-44.0648161,-19.739786],[-44.0650221,-19.738369],[-44.065484,-19.738419],[-44.0661849,-19.737535],[-44.065513,-19.736193],[-44.0656531,-19.7354559],[-44.0653168,-19.734796],[-44.0653129,-19.7337009],[-44.064374,-19.733833],[-44.064392,-19.733049],[-44.0633679,-19.731693],[-44.0624811,-19.731352],[-44.061732,-19.728983],[-44.062078,-19.7283741],[-44.063141,-19.727805],[-44.0622731,-19.726692],[-44.0620988,-19.7255031],[-44.0636361,-19.72519],[-44.0635241,-19.7239101],[-44.0644651,-19.723512],[-44.0652532,-19.722307],[-44.0658651,-19.722],[-44.066224,-19.72116],[-44.067559,-19.7201321],[-44.067915,-19.716663],[-44.0690422,-19.717386],[-44.0695591,-19.7182311],[-44.0702381,-19.718547],[-44.0731901,-19.721208],[-44.0751251,-19.7212899],[-44.076082,-19.721954],[-44.0763819,-19.722613],[-44.0778391,-19.7231419],[-44.0791491,-19.725434],[-44.0815601,-19.7271459],[-44.083693,-19.726929],[-44.0844548,-19.727546],[-44.0846212,-19.728215],[-44.0862729,-19.728757],[-44.088551,-19.730237],[-44.0921171,-19.73056],[-44.0925182,-19.732408],[-44.0938001,-19.733535],[-44.0951558,-19.732968],[-44.0956149,-19.733501],[-44.0989651,-19.733385],[-44.1001198,-19.7336931],[-44.1014839,-19.735316],[-44.102506,-19.7355071],[-44.1035349,-19.736252],[-44.104702,-19.736606],[-44.1055659,-19.7350891],[-44.1061661,-19.734586],[-44.1087322,-19.7333691],[-44.1102711,-19.731142],[-44.1140789,-19.729979],[-44.1150469,-19.729247],[-44.1162641,-19.7243199],[-44.1167299,-19.723815],[-44.1172289,-19.7223081],[-44.1190418,-19.722389],[-44.119463,-19.721538],[-44.1216659,-19.719938],[-44.1223088,-19.718697],[-44.1232081,-19.718864],[-44.1236311,-19.719386],[-44.1261411,-19.719183],[-44.1276992,-19.717532],[-44.1303271,-19.716269],[-44.1320011,-19.713766],[-44.1332751,-19.7127129],[-44.1332931,-19.71186],[-44.1324061,-19.70909],[-44.1339671,-19.709546],[-44.137107,-19.711539],[-44.137764,-19.714968],[-44.1390841,-19.717675],[-44.1390791,-19.718447],[-44.1384368,-19.719677],[-44.1385268,-19.720658],[-44.1417442,-19.7255909],[-44.1419602,-19.727772],[-44.1415091,-19.73455],[-44.1420779,-19.735027],[-44.144608,-19.735585],[-44.1458291,-19.736757],[-44.148398,-19.736935],[-44.1498369,-19.740081],[-44.150963,-19.740999],[-44.1522771,-19.741273],[-44.1546908,-19.74085],[-44.1564429,-19.741172],[-44.156813,-19.742247],[-44.1567922,-19.743435],[-44.1575049,-19.744316],[-44.1595052,-19.745574],[-44.1603489,-19.748612],[-44.1631328,-19.7506929],[-44.1640749,-19.75463],[-44.1648219,-19.7561671],[-44.163715,-19.76029],[-44.1618599,-19.763233],[-44.1563209,-19.764855],[-44.152887,-19.769232],[-44.1509559,-19.7704569],[-44.151349,-19.771969],[-44.150993,-19.772614],[-44.14977,-19.773403],[-44.1474181,-19.7735649],[-44.146588,-19.773872],[-44.1434531,-19.776843],[-44.1419451,-19.778704],[-44.1413031,-19.780281],[-44.1419288,-19.7838009],[-44.141355,-19.7862891],[-44.137921,-19.79047],[-44.1356951,-19.7920501],[-44.1341719,-19.7941179],[-44.1341561,-19.794937],[-44.1352706,-19.7975643],[-44.1351069,-19.7984551],[-44.1327056,-19.7992344],[-44.1311901,-19.799099],[-44.1299484,-19.7998044],[-44.1286722,-19.7999064],[-44.1269132,-19.8007994],[-44.1234147,-19.7979788],[-44.1230216,-19.7979952],[-44.1227067,-19.7989813],[-44.1219111,-19.799526],[-44.1189332,-19.7992374],[-44.1182206,-19.7997312],[-44.118008,-19.8036216],[-44.1170517,-19.8046283],[-44.1157227,-19.8051893],[-44.1138431,-19.8052057],[-44.1120831,-19.8057338],[-44.1099551,-19.8076537],[-44.1087664,-19.8075033],[-44.1073854,-19.8082246],[-44.1058601,-19.8080011],[-44.1047789,-19.8087301],[-44.1033952,-19.8086238],[-44.1013018,-19.8089558],[-44.101274,-19.8144364],[-44.1017726,-19.8166995],[-44.1015991,-19.8190233],[-44.1019317,-19.8204453],[-44.1009554,-19.8211957],[-44.0992267,-19.8216572],[-44.0995259,-19.8230078],[-44.0989938,-19.8235203],[-44.096481,-19.8238857],[-44.0946839,-19.8248484],[-44.0921541,-19.8276594],[-44.0911501,-19.8297278],[-44.0897202,-19.8297071],[-44.088017,-19.8303479],[-44.0857278,-19.8319417],[-44.0847605,-19.8333848],[-44.0818567,-19.8348404],[-44.0810752,-19.8362236],[-44.0811137,-19.8381073],[-44.0799663,-19.8401258],[-44.0789825,-19.8445055],[-44.0786502,-19.8445994],[-44.0777207,-19.8441707],[-44.0764283,-19.8425561],[-44.0754639,-19.8397831],[-44.0748248,-19.8393701],[-44.0728084,-19.8404731],[-44.0711788,-19.8406891],[-44.0679683,-19.8451954],[-44.0662468,-19.8456366],[-44.0656229,-19.8453949],[-44.0630284,-19.8452998],[-44.0622137,-19.8455362],[-44.0578548,-19.8451167],[-44.0545,-19.8422461],[-44.047952,-19.8385324],[-44.0476326,-19.8381128],[-44.0467265,-19.8341595],[-44.0438184,-19.8329053],[-44.0423791,-19.8328627],[-44.0421509,-19.8333907],[-44.0424647,-19.8343527],[-44.042045,-19.8351124],[-44.0396499,-19.8361555],[-44.0390091,-19.8378439],[-44.0376152,-19.8380165],[-44.0366692,-19.8369205],[-44.0363564,-19.8356568],[-44.0344523,-19.8347784],[-44.0343547,-19.8331106],[-44.0331977,-19.8330466],[-44.0324453,-19.8326363],[-44.0311417,-19.8348717],[-44.0303958,-19.8353696],[-44.0296589,-19.8350661],[-44.0268541,-19.8324795],[-44.0260006,-19.8293871],[-44.024589,-19.8300568],[-44.0216579,-19.8306805],[-44.0197182,-19.830433],[-44.016665,-19.8305155],[-44.0159594,-19.8309141],[-44.0140421,-19.8308319],[-44.012916,-19.8294773],[-44.0134555,-19.8277775],[-44.0135204,-19.8258912],[-44.0104485,-19.8258712],[-44.0094066,-19.8224254],[-44.0076405,-19.8219383],[-44.0057865,-19.8205907],[-44.0061112,-19.8188811],[-44.0074103,-19.8164995],[-44.0073879,-19.8149758],[-44.0087483,-19.8140077],[-44.0066969,-19.8108797],[-44.0040734,-19.809674],[-44.0033694,-19.8087793],[-44.0025672,-19.8068554],[-44.0006787,-19.8051248],[-44.0004009,-19.8018258],[-44.0007844,-19.7996956],[-43.9990447,-19.7987257],[-43.9975425,-19.7985467],[-43.9965898,-19.7973284],[-43.9950559,-19.7970713],[-43.9940422,-19.7964434],[-43.9927329,-19.7969812],[-43.9911421,-19.7952202],[-43.9910422,-19.7944684],[-43.9902606,-19.793315],[-43.9904164,-19.7924472],[-43.9900229,-19.7895815],[-43.9904652,-19.7881143],[-43.990827,-19.7878401],[-43.9903025,-19.7878013],[-43.9899497,-19.7874125],[-43.9895121,-19.7860945],[-43.9900462,-19.7849342],[-43.9896051,-19.7845059],[-43.9882019,-19.7852998],[-43.9869949,-19.7855329],[-43.9845472,-19.7846851],[-43.9835804,-19.784047],[-43.9830566,-19.7831094],[-43.9818095,-19.7830319],[-43.9803565,-19.78251],[-43.9801758,-19.78217],[-43.9789606,-19.7828429],[-43.9767527,-19.7822545],[-43.9753426,-19.7822999]]]}},{"type":"Feature","properties":{"code":"32","name":"Contagem"},"geometry":{"type":"Polygon","coordinates":[[[-44.016665,-19.8305155],[-44.0202784,-19.8304478],[-44.0216579,-19.8306805],[-44.024589,-19.8300568],[-44.0260006,-19.8293871],[-44.0268541,-19.8324795],[-44.0296589,-19.8350661],[-44.0303958,-19.8353696],[-44.0311417,-19.8348717],[-44.0324453,-19.8326363],[-44.0331977,-19.8330466],[-44.0343547,-19.8331106],[-44.0344523,-19.8347784],[-44.0363564,-19.8356568],[-44.0366692,-19.8369205],[-44.0376152,-19.8380165],[-44.0390091,-19.8378439],[-44.0396499,-19.8361555],[-44.042045,-19.8351124],[-44.0424647,-19.8343527],[-44.0421509,-19.8333907],[-44.0423791,-19.8328627],[-44.0438184,-19.8329053],[-44.0467265,-19.8341595],[-44.0476326,-19.8381128],[-44.047952,-19.8385324],[-44.0545,-19.8422461],[-44.0578548,-19.8451167],[-44.0622137,-19.8455362],[-44.0630284,-19.8452998],[-44.0656229,-19.8453949],[-44.0662468,-19.8456366],[-44.0679683,-19.8451954],[-44.0711788,-19.8406891],[-44.0728084,-19.8404731],[-44.0748248,-19.8393701],[-44.0754639,-19.8397831],[-44.0763127,-19.8423268],[-44.0775793,-19.844037],[-44.0788914,-19.8445596],[-44.0799663,-19.8401258],[-44.0811137,-19.8381073],[-44.0810752,-19.8362236],[-44.0818567,-19.8348404],[-44.0847605,-19.8333848],[-44.0857278,-19.8319417],[-44.088017,-19.8303479],[-44.0897202,-19.8297071],[-44.0911501,-19.8297278],[-44.0921541,-19.8276594],[-44.0946839,-19.8248484],[-44.096481,-19.8238857],[-44.0989938,-19.8235203],[-44.0995259,-19.8230078],[-44.0992267,-19.8216572],[-44.1009554,-19.8211957],[-44.1019317,-19.8204453],[-44.1015991,-19.8190233],[-44.1017726,-19.8166995],[-44.101274,-19.8144364],[-44.1013018,-19.8089558],[-44.1033952,-19.8086238],[-44.1047789,-19.8087301],[-44.1058601,-19.8080011],[-44.1073854,-19.8082246],[-44.1087664,-19.8075033],[-44.1099551,-19.8076537],[-44.1120831,-19.8057338],[-44.1138431,-19.8052057],[-44.1157227,-19.8051893],[-44.1170517,-19.8046283],[-44.118008,-19.8036216],[-44.1182206,-19.7997312],[-44.1189332,-19.7992374],[-44.1219111,-19.799526],[-44.1227067,-19.7989813],[-44.1230216,-19.7979952],[-44.1234147,-19.7979788],[-44.1269132,-19.8007994],[-44.1286722,-19.7999064],[-44.1299484,-19.7998044],[-44.1311901,-19.799099],[-44.1327056,-19.7992344],[-44.1351069,-19.7984551],[-44.1343516,-19.8029307],[-44.1345179,-19.803309],[-44.1359921,-19.8042144],[-44.1362038,-19.804918],[-44.1358873,-19.805857],[-44.1367409,-19.8052492],[-44.1375566,-19.8050718],[-44.1408031,-19.8056897],[-44.141908,-19.8066683],[-44.1429963,-19.8085701],[-44.1473677,-19.8121712],[-44.1478976,-19.812998],[-44.14815,-19.814065],[-44.1472309,-19.8178465],[-44.1449182,-19.820233],[-44.14698,-19.8203],[-44.1483346,-19.8211158],[-44.1497135,-19.8215033],[-44.1503215,-19.822064],[-44.1517521,-19.8222925],[-44.1526306,-19.8235813],[-44.1549882,-19.8235165],[-44.1566853,-19.824397],[-44.1577342,-19.8255472],[-44.1584287,-19.8289534],[-44.159201,-19.8306668],[-44.1588157,-19.831663],[-44.1558691,-19.8345038],[-44.155664,-19.8360751],[-44.1559285,-19.8377597],[-44.1550256,-19.8388686],[-44.1548719,-19.8397137],[-44.1558281,-19.8397514],[-44.1581039,-19.8390133],[-44.1596966,-19.8388802],[-44.1620755,-19.8417195],[-44.1619798,-19.8422279],[-44.1607208,-19.8432183],[-44.1586523,-19.8439023],[-44.1581292,-19.8459312],[-44.1564094,-19.8483478],[-44.1540838,-19.8491597],[-44.1532152,-19.8498428],[-44.1527681,-19.8506952],[-44.152622,-19.852063],[-44.149783,-19.8551241],[-44.1494262,-19.8564279],[-44.1494683,-19.8576038],[-44.1499903,-19.8580218],[-44.1508349,-19.8603743],[-44.1508569,-19.8608268],[-44.1503241,-19.861559],[-44.150589,-19.8628035],[-44.151597,-19.8636695],[-44.1511603,-19.8650497],[-44.1512492,-19.8657678],[-44.1515174,-19.8663845],[-44.1528726,-19.8670154],[-44.1532742,-19.8674842],[-44.152813,-19.8691794],[-44.1536309,-19.8710734],[-44.153514,-19.8714938],[-44.154257,-19.8734353],[-44.1543409,-19.8745407],[-44.1538034,-19.8777718],[-44.1540781,-19.8789361],[-44.1537264,-19.8797849],[-44.1547463,-19.8814965],[-44.1556024,-19.8814313],[-44.1555534,-19.8829892],[-44.154864,-19.8836843],[-44.1553676,-19.8863316],[-44.1565077,-19.887863],[-44.1575924,-19.8877632],[-44.1584165,-19.8886206],[-44.1583603,-19.8898197],[-44.1569765,-19.8932607],[-44.1566992,-19.8972147],[-44.1553554,-19.8999297],[-44.1550433,-19.9013116],[-44.1548982,-19.9054737],[-44.1561975,-19.9088127],[-44.1562133,-19.9103117],[-44.1530096,-19.9140445],[-44.1521816,-19.9156035],[-44.1517472,-19.9174002],[-44.1507644,-19.9187554],[-44.1506584,-19.9198782],[-44.1510019,-19.9208053],[-44.1485698,-19.9209759],[-44.1476608,-19.9213241],[-44.1443513,-19.9242445],[-44.1431547,-19.9248366],[-44.1413035,-19.9245676],[-44.1401569,-19.9235573],[-44.1398577,-19.9235999],[-44.1379177,-19.9260378],[-44.1370189,-19.9267167],[-44.135595,-19.9268155],[-44.1326128,-19.9262383],[-44.1304722,-19.9272901],[-44.1289843,-19.9270819],[-44.1281621,-19.9272984],[-44.1268419,-19.9290284],[-44.1256327,-19.9318005],[-44.1231354,-19.9344679],[-44.1217919,-19.9352217],[-44.1196845,-19.9348576],[-44.114049,-19.9360204],[-44.1130763,-19.9358858],[-44.1113933,-19.9343984],[-44.1093927,-19.9317892],[-44.1080615,-19.928001],[-44.107641,-19.9276114],[-44.106318,-19.9273961],[-44.1024631,-19.9290841],[-44.0963978,-19.929836],[-44.0937781,-19.9322235],[-44.0912458,-19.9325388],[-44.0895798,-19.9343261],[-44.0857375,-19.9345414],[-44.0829418,-19.9354414],[-44.0815629,-19.9369049],[-44.0790707,-19.9384891],[-44.0775576,-19.9399093],[-44.077019,-19.9411219],[-44.0769496,-19.9437935],[-44.0751265,-19.9452624],[-44.0735865,-19.9472802],[-44.0725741,-19.9479771],[-44.0716392,-19.9482129],[-44.0691699,-19.9475982],[-44.0686811,-19.9477461],[-44.0686404,-19.9493306],[-44.0673714,-19.9523384],[-44.0678193,-19.9538584],[-44.0676864,-19.9567073],[-44.0689618,-19.9579933],[-44.0697632,-19.9602362],[-44.0704584,-19.9605486],[-44.0709664,-19.9611893],[-44.0714002,-19.9626573],[-44.0727976,-19.9633992],[-44.0734169,-19.964251],[-44.0748943,-19.9670117],[-44.0768559,-19.9677865],[-44.0763121,-19.9688193],[-44.0750318,-19.9698304],[-44.0744364,-19.969855],[-44.0736437,-19.9691941],[-44.0717857,-19.969509],[-44.0710013,-19.9706138],[-44.0704829,-19.9724496],[-44.0687016,-19.9729638],[-44.0676742,-19.9745383],[-44.0672706,-19.9759099],[-44.0655397,-19.9766322],[-44.0648633,-19.9768285],[-44.0641591,-19.9765618],[-44.0630695,-19.9768848],[-44.0626447,-19.9756007],[-44.0632745,-19.975415],[-44.0626713,-19.9736384],[-44.0568516,-19.9747247],[-44.0551688,-19.9742788],[-44.0536369,-19.9730577],[-44.0505123,-19.9727065],[-44.049214,-19.9728759],[-44.0471831,-19.9737648],[-44.044734,-19.9742296],[-44.0451928,-19.9747694],[-44.0451313,-19.9753438],[-44.0385296,-19.9825885],[-44.0386461,-19.9832241],[-44.0375121,-19.9836984],[-44.0364072,-19.9837561],[-44.0352995,-19.9834411],[-44.0342092,-19.9825971],[-44.0320156,-19.9792525],[-44.0307847,-19.9766185],[-44.0296772,-19.975988],[-44.0283803,-19.9759045],[-44.0281429,-19.9751116],[-44.0262962,-19.9743837],[-44.0252132,-19.9729163],[-44.0236721,-19.9720924],[-44.0212283,-19.9716538],[-44.0184337,-19.970367],[-44.0159763,-19.9703573],[-44.0149126,-19.9699837],[-44.0135624,-19.9687655],[-44.0124521,-19.9668157],[-44.0131563,-19.9643195],[-44.0119487,-19.9626071],[-44.0120889,-19.9620765],[-44.0132123,-19.9608003],[-44.0123091,-19.9600599],[-44.0142678,-19.9579881],[-44.0140499,-19.9562452],[-44.0133496,-19.9555021],[-44.0124931,-19.95515],[-44.0093236,-19.9554111],[-44.0061377,-19.9551984],[-44.0059451,-19.9545434],[-44.0068638,-19.9536095],[-44.0087294,-19.9531048],[-44.0093971,-19.9526273],[-44.0089885,-19.9506268],[-44.0117378,-19.9468888],[-44.0128391,-19.9464552],[-44.0157527,-19.9470399],[-44.0168412,-19.9464235],[-44.0194753,-19.945931],[-44.0199574,-19.9455841],[-44.0206497,-19.9457697],[-44.0215382,-19.9449737],[-44.0228698,-19.9446403],[-44.0229523,-19.9440898],[-44.0240387,-19.9430061],[-44.0257228,-19.9379899],[-44.0261477,-19.9374673],[-44.0264344,-19.937595],[-44.0265765,-19.937244],[-44.0270562,-19.9372687],[-44.0268124,-19.9351643],[-44.0244229,-19.9333775],[-44.0252647,-19.9292326],[-44.0244864,-19.9266568],[-44.023584,-19.9252445],[-44.0226118,-19.9250831],[-44.0211262,-19.9253038],[-44.0207287,-19.924364],[-44.0220056,-19.9238849],[-44.0235917,-19.921066],[-44.0266521,-19.9187277],[-44.0278503,-19.9182835],[-44.0269278,-19.9164867],[-44.0281266,-19.9159306],[-44.0282881,-19.9152327],[-44.0281107,-19.9145998],[-44.0274026,-19.9139122],[-44.0273085,-19.9123007],[-44.0255466,-19.910429],[-44.0256651,-19.9097428],[-44.0253061,-19.909205],[-44.0254165,-19.9082612],[-44.0262746,-19.9073072],[-44.0265762,-19.9060575],[-44.0262956,-19.9058571],[-44.026295,-19.9053199],[-44.0253446,-19.9049744],[-44.0263443,-19.9025123],[-44.0259086,-19.9013784],[-44.0262071,-19.9011359],[-44.0256063,-19.8999048],[-44.0258742,-19.8990664],[-44.0239833,-19.8984843],[-44.0242425,-19.8977289],[-44.0223296,-19.8971396],[-44.0225875,-19.8963704],[-44.0206854,-19.8957692],[-44.0209646,-19.8949989],[-44.0190604,-19.8944233],[-44.0196003,-19.892848],[-44.0157876,-19.8916804],[-44.0159994,-19.8908877],[-44.0145257,-19.8873504],[-44.0141776,-19.8838123],[-44.013098,-19.8821552],[-44.0140352,-19.8791886],[-44.0149953,-19.8794207],[-44.0157507,-19.8776876],[-44.0153221,-19.8771971],[-44.0181491,-19.8737317],[-44.0189791,-19.8719715],[-44.0183403,-19.8704502],[-44.0184946,-19.8691777],[-44.0191358,-19.8685853],[-44.0206157,-19.86793],[-44.0218093,-19.867929],[-44.0221981,-19.8676101],[-44.0190675,-19.8624669],[-44.0190932,-19.8600591],[-44.0164849,-19.8586467],[-44.016035,-19.8592015],[-44.0158642,-19.860133],[-44.0148902,-19.8608576],[-44.0125739,-19.8581006],[-44.0112041,-19.8575001],[-44.0138459,-19.8545326],[-44.0084344,-19.8536345],[-44.0161164,-19.84726],[-44.0202627,-19.8380077],[-44.0200813,-19.8373181],[-44.0191941,-19.8368595],[-44.0176119,-19.8344994],[-44.016665,-19.8305155]]]}},{"type":"Feature","properties":{"code":"33","name":"Belo Horizonte"},"geometry":{"type":"Polygon","coordinates":[[[-43.9498322,-19.9872543],[-43.9488829,-19.9869806],[-43.948529,-19.9865753],[-43.9489904,-19.985232],[-43.9474484,-19.9851906],[-43.9475475,-19.98406],[-43.9465718,-19.9822058],[-43.9452332,-19.9813021],[-43.9435278,-19.978791],[-43.9428893,-19.9785484],[-43.9425601,-19.9779129],[-43.9403437,-19.9759274],[-43.9384071,-19.9751063],[-43.9375877,-19.9744319],[-43.9367069,-19.9742923],[-43.9359536,-19.974411],[-43.9350121,-19.975252],[-43.9339419,-19.9755846],[-43.9330089,-19.9731708],[-43.9322728,-19.9727142],[-43.9309601,-19.9729037],[-43.9298177,-19.9708692],[-43.9290115,-19.9707673],[-43.9274899,-19.9700591],[-43.9271745,-19.9696269],[-43.925361,-19.9690447],[-43.922911,-19.9671513],[-43.9202435,-19.9659958],[-43.9196925,-19.9655067],[-43.9185927,-19.9654023],[-43.9180098,-19.9645153],[-43.9158121,-19.9636645],[-43.9146957,-19.9624413],[-43.9127563,-19.9618742],[-43.9121026,-19.9613062],[-43.9101925,-19.9606312],[-43.9099329,-19.9601935],[-43.9088047,-19.9595458],[-43.9079822,-19.9581342],[-43.9062082,-19.9564601],[-43.9051899,-19.9563541],[-43.9035716,-19.9554674],[-43.9031108,-19.9545983],[-43.9023927,-19.9541952],[-43.9023146,-19.953666],[-43.9014628,-19.9526209],[-43.9008362,-19.9523885],[-43.9002864,-19.9525432],[-43.8983743,-19.9513905],[-43.8972203,-19.9512366],[-43.8956119,-19.9496849],[-43.8955308,-19.9487014],[-43.8947919,-19.9482631],[-43.8944245,-19.9473565],[-43.8939247,-19.9471164],[-43.8934164,-19.9472933],[-43.8930121,-19.9466956],[-43.8914893,-19.9460471],[-43.8896379,-19.9464506],[-43.8891609,-19.9439481],[-43.8886975,-19.9434716],[-43.8880016,-19.9414511],[-43.8870984,-19.9413813],[-43.8862617,-19.9418832],[-43.8855283,-19.9416716],[-43.8847849,-19.9407211],[-43.8850334,-19.940093],[-43.8845836,-19.939501],[-43.8847231,-19.9388636],[-43.8833906,-19.938314],[-43.8819913,-19.937032],[-43.8811356,-19.9370162],[-43.8807287,-19.9375519],[-43.8796503,-19.9373505],[-43.8786973,-19.9357011],[-43.8771317,-19.9346565],[-43.8768052,-19.9339754],[-43.8763176,-19.9337895],[-43.8755626,-19.9327143],[-43.8739336,-19.9313972],[-43.8737481,-19.9308065],[-43.8731559,-19.9307368],[-43.8720716,-19.9292813],[-43.87128,-19.9290172],[-43.8712621,-19.9286561],[-43.8698064,-19.927787],[-43.8699472,-19.9258571],[-43.8694033,-19.9255468],[-43.869252,-19.9246042],[-43.8701394,-19.9233377],[-43.8707911,-19.9192555],[-43.8719758,-19.9183227],[-43.8725864,-19.9184734],[-43.8729982,-19.9178945],[-43.8736361,-19.9177243],[-43.8744924,-19.9169786],[-43.8756509,-19.9146322],[-43.8767919,-19.9143308],[-43.876864,-19.9134241],[-43.8765076,-19.9130935],[-43.8769389,-19.9119987],[-43.8765105,-19.91107],[-43.8788676,-19.9090045],[-43.8792863,-19.9090591],[-43.8794926,-19.9086715],[-43.8801036,-19.9084753],[-43.8798882,-19.9080182],[-43.8809785,-19.9076706],[-43.8809966,-19.9063548],[-43.8820441,-19.9063759],[-43.8817293,-19.9051231],[-43.8820927,-19.9044669],[-43.8813226,-19.9027772],[-43.8812224,-19.9017597],[-43.8815769,-19.9013412],[-43.8834075,-19.9016296],[-43.8841664,-19.9014654],[-43.8839917,-19.9010817],[-43.8845581,-19.9000109],[-43.8843382,-19.8991663],[-43.8849227,-19.8987892],[-43.8854688,-19.8978102],[-43.8852406,-19.8972833],[-43.886006,-19.8953864],[-43.885657,-19.8948964],[-43.8859311,-19.893745],[-43.8870148,-19.8922103],[-43.8874074,-19.8920464],[-43.8886716,-19.8931144],[-43.8894619,-19.8930132],[-43.8898067,-19.8926695],[-43.8899187,-19.8913226],[-43.8907239,-19.8889067],[-43.8903845,-19.8874607],[-43.8907061,-19.8864417],[-43.8911415,-19.8861228],[-43.8920844,-19.8862962],[-43.8930047,-19.8875576],[-43.8939046,-19.8876805],[-43.8954972,-19.887307],[-43.8958208,-19.8859111],[-43.8961607,-19.8855771],[-43.8972229,-19.8854948],[-43.8978745,-19.8858583],[-43.8998634,-19.8852259],[-43.9030498,-19.8849963],[-43.9039368,-19.886387],[-43.9048803,-19.8860397],[-43.9058216,-19.8863358],[-43.906503,-19.8842736],[-43.9081735,-19.8832159],[-43.90775,-19.8823478],[-43.9084658,-19.8806096],[-43.9081747,-19.8790699],[-43.9110029,-19.8744607],[-43.906897,-19.8755525],[-43.9044769,-19.8754587],[-43.9003829,-19.8769686],[-43.8997,-19.8763442],[-43.8986731,-19.8759609],[-43.8987131,-19.8744082],[-43.8978704,-19.8732297],[-43.8970228,-19.8730866],[-43.897359,-19.8721219],[-43.8971715,-19.8702164],[-43.8975634,-19.8693598],[-43.8963387,-19.8688443],[-43.8965329,-19.8668274],[-43.8951881,-19.8646151],[-43.8945625,-19.8646082],[-43.8937036,-19.8652926],[-43.8922444,-19.8658067],[-43.8904217,-19.8647482],[-43.8899009,-19.8634654],[-43.88891,-19.8632415],[-43.8858311,-19.8637073],[-43.8846722,-19.8623649],[-43.8838955,-19.8619668],[-43.8818899,-19.8619407],[-43.8803163,-19.8635411],[-43.8800743,-19.864383],[-43.8802577,-19.8656919],[-43.8786587,-19.866758],[-43.8776382,-19.8685524],[-43.8764186,-19.8674448],[-43.8747335,-19.8666527],[-43.8743053,-19.8653809],[-43.8718201,-19.8636929],[-43.8712711,-19.8630326],[-43.8702822,-19.8625892],[-43.8702514,-19.8620827],[-43.8692563,-19.8615948],[-43.8687882,-19.8608589],[-43.8670351,-19.8594018],[-43.866599,-19.8588091],[-43.8670488,-19.8583925],[-43.8666735,-19.857984],[-43.8666883,-19.8574358],[-43.8652294,-19.8574963],[-43.8627514,-19.8557821],[-43.8620138,-19.855928],[-43.8608375,-19.8570765],[-43.8599534,-19.8574204],[-43.8588044,-19.856714],[-43.8579698,-19.8568441],[-43.8572181,-19.856347],[-43.8579955,-19.8552987],[-43.8604862,-19.8535336],[-43.861725,-19.8521973],[-43.8634803,-19.8514338],[-43.8647481,-19.8504503],[-43.8661266,-19.8473285],[-43.8673659,-19.8455548],[-43.8680214,-19.842712],[-43.8678687,-19.8407356],[-43.866879,-19.8394485],[-43.8662264,-19.8391357],[-43.86483,-19.8390956],[-43.8630654,-19.8383847],[-43.8622676,-19.8377278],[-43.8644704,-19.8349807],[-43.8657153,-19.8321155],[-43.8650314,-19.831034],[-43.8623271,-19.8286198],[-43.8616984,-19.8274428],[-43.8617152,-19.8264695],[-43.8623039,-19.8260445],[-43.8640942,-19.8256829],[-43.8682959,-19.8255938],[-43.8687937,-19.8250014],[-43.8689603,-19.8240418],[-43.8690079,-19.8206137],[-43.8699596,-19.8197574],[-43.8721059,-19.820362],[-43.8748487,-19.8200865],[-43.8761259,-19.8181559],[-43.8766103,-19.8132044],[-43.8772824,-19.8132234],[-43.8784224,-19.8139721],[-43.8789357,-19.8136901],[-43.8800592,-19.8142162],[-43.8806621,-19.8139698],[-43.88149,-19.8142673],[-43.8831997,-19.8142541],[-43.8836512,-19.8162465],[-43.885259,-19.8158195],[-43.8860186,-19.8151249],[-43.8869355,-19.8157242],[-43.8872004,-19.8155014],[-43.8874921,-19.8159083],[-43.8881737,-19.8159325],[-43.8882609,-19.8163325],[-43.8891821,-19.8163934],[-43.890525,-19.8154647],[-43.8908372,-19.8144799],[-43.8918394,-19.8145706],[-43.8931756,-19.8139657],[-43.8931718,-19.8124146],[-43.8940906,-19.8114041],[-43.8938388,-19.8104359],[-43.8948407,-19.8102674],[-43.8958771,-19.809696],[-43.8979636,-19.8097066],[-43.8985628,-19.8083568],[-43.8981864,-19.8070178],[-43.8978379,-19.8068617],[-43.897314,-19.8041796],[-43.8976582,-19.8030948],[-43.8990838,-19.8023813],[-43.9000905,-19.8026498],[-43.9010617,-19.8043043],[-43.9017366,-19.8047865],[-43.9050513,-19.8023626],[-43.9063282,-19.8030894],[-43.909832,-19.8025957],[-43.911634,-19.7984555],[-43.9142917,-19.7971515],[-43.9156726,-19.7974775],[-43.9185035,-19.7987818],[-43.9195598,-19.7999463],[-43.920531,-19.8026581],[-43.921613,-19.8022934],[-43.9222813,-19.8011695],[-43.9246684,-19.7991751],[-43.926225,-19.7994083],[-43.9297545,-19.7982886],[-43.9316449,-19.7970726],[-43.932362,-19.7958953],[-43.9332703,-19.7954466],[-43.9365084,-19.7954702],[-43.9380619,-19.7992332],[-43.9396882,-19.7988349],[-43.9407928,-19.7992868],[-43.9414363,-19.798432],[-43.9443802,-19.7975761],[-43.9463989,-19.7938626],[-43.9473749,-19.7926933],[-43.9473257,-19.7900192],[-43.9469499,-19.7887575],[-43.9478723,-19.7865383],[-43.9468156,-19.7813932],[-43.9455393,-19.7804345],[-43.9459861,-19.7793677],[-43.9454259,-19.7781887],[-43.9456062,-19.7771741],[-43.9474371,-19.7771872],[-43.9491381,-19.7767852],[-43.9496992,-19.776948],[-43.9502233,-19.777552],[-43.9507296,-19.7767461],[-43.9516767,-19.7769089],[-43.9527471,-19.7780112],[-43.9530359,-19.7774459],[-43.9542099,-19.7772766],[-43.9562809,-19.7779424],[-43.9582024,-19.77786],[-43.9591484,-19.7789778],[-43.9595068,-19.7805283],[-43.9613988,-19.7807231],[-43.9619518,-19.7811832],[-43.9630505,-19.7831922],[-43.9649528,-19.7840962],[-43.9655432,-19.7846618],[-43.9659897,-19.7859049],[-43.9656536,-19.7872033],[-43.964553,-19.787877],[-43.9639441,-19.788638],[-43.9641928,-19.7914305],[-43.9646335,-19.7915713],[-43.9661225,-19.791638],[-43.9668502,-19.791287],[-43.9683612,-19.7886865],[-43.9691103,-19.7881807],[-43.969666,-19.7883118],[-43.9706369,-19.7862207],[-43.9721058,-19.7854594],[-43.9733582,-19.7840144],[-43.9748402,-19.7832343],[-43.9753426,-19.7822999],[-43.9767527,-19.7822545],[-43.9789606,-19.7828429],[-43.9801758,-19.78217],[-43.9803565,-19.78251],[-43.9818095,-19.7830319],[-43.9830566,-19.7831094],[-43.9835804,-19.784047],[-43.9845472,-19.7846851],[-43.9869949,-19.7855329],[-43.9875258,-19.7855592],[-43.9896851,-19.7845208],[-43.990061,-19.784961],[-43.989504,-19.7860384],[-43.9899333,-19.7873891],[-43.9903025,-19.7878013],[-43.990827,-19.7878401],[-43.990427,-19.7882119],[-43.9900123,-19.7899609],[-43.9904164,-19.7924472],[-43.9902702,-19.7933617],[-43.9910422,-19.7944684],[-43.9911421,-19.7952202],[-43.9927329,-19.7969812],[-43.9940422,-19.7964434],[-43.9950559,-19.7970713],[-43.9965898,-19.7973284],[-43.9975425,-19.7985467],[-43.9990447,-19.7987257],[-44.0007844,-19.7996956],[-44.0004009,-19.8018258],[-44.0006787,-19.8051248],[-44.0025672,-19.8068554],[-44.0033694,-19.8087793],[-44.0040734,-19.809674],[-44.0066969,-19.8108797],[-44.0087483,-19.8140077],[-44.0073879,-19.8149758],[-44.0074103,-19.8164995],[-44.0061112,-19.8188811],[-44.0057956,-19.8206117],[-44.0076405,-19.8219383],[-44.0094066,-19.8224254],[-44.0104485,-19.8258712],[-44.0135204,-19.8258912],[-44.0130199,-19.8298563],[-44.0143212,-19.8309397],[-44.0159906,-19.8309096],[-44.016665,-19.8305155],[-44.0176119,-19.8344994],[-44.0191941,-19.8368595],[-44.0201282,-19.8374061],[-44.0202627,-19.8380077],[-44.0161164,-19.84726],[-44.0084336,-19.8536235],[-44.0138459,-19.8545326],[-44.0112041,-19.8575001],[-44.0125739,-19.8581006],[-44.0148902,-19.8608576],[-44.0158642,-19.860133],[-44.016035,-19.8592015],[-44.0164849,-19.8586467],[-44.0190932,-19.8600591],[-44.0190675,-19.8624669],[-44.0221981,-19.8676101],[-44.0218093,-19.867929],[-44.0206157,-19.86793],[-44.0191358,-19.8685853],[-44.0184946,-19.8691777],[-44.0183403,-19.8704502],[-44.0189791,-19.8719715],[-44.0181491,-19.8737317],[-44.0153221,-19.8771971],[-44.0157507,-19.8776876],[-44.0149953,-19.8794207],[-44.0140352,-19.8791886],[-44.013098,-19.8821552],[-44.0141776,-19.8838123],[-44.0145257,-19.8873504],[-44.0159994,-19.8908877],[-44.0157876,-19.8916804],[-44.0196003,-19.892848],[-44.0190604,-19.8944233],[-44.0209646,-19.8949989],[-44.0206854,-19.8957692],[-44.0225875,-19.8963704],[-44.0223296,-19.8971396],[-44.0242425,-19.8977289],[-44.0239833,-19.8984843],[-44.0258742,-19.8990664],[-44.0256063,-19.8999048],[-44.0262071,-19.9011359],[-44.0259086,-19.9013784],[-44.0263443,-19.9025123],[-44.0253446,-19.9049744],[-44.026295,-19.9053199],[-44.0262956,-19.9058571],[-44.0265762,-19.9060575],[-44.0262746,-19.9073072],[-44.0254165,-19.9082612],[-44.0252633,-19.9088543],[-44.0256651,-19.9097428],[-44.0255466,-19.910429],[-44.0272961,-19.9122766],[-44.0274026,-19.9139122],[-44.0282464,-19.9148671],[-44.0281562,-19.9158984],[-44.0269278,-19.9164867],[-44.0278503,-19.9182835],[-44.0266521,-19.9187277],[-44.0235917,-19.921066],[-44.0220056,-19.9238849],[-44.0207287,-19.924364],[-44.0211262,-19.9253038],[-44.0226118,-19.9250831],[-44.023584,-19.9252445],[-44.0244864,-19.9266568],[-44.0252647,-19.9292326],[-44.0244229,-19.9333775],[-44.0267952,-19.9351064],[-44.027062,-19.937245],[-44.0265765,-19.937244],[-44.0264672,-19.937583],[-44.0261477,-19.9374673],[-44.0257677,-19.9379075],[-44.0240596,-19.9429655],[-44.0229523,-19.9440898],[-44.0228698,-19.9446403],[-44.0215382,-19.9449737],[-44.0206497,-19.9457697],[-44.0199574,-19.9455841],[-44.0194753,-19.945931],[-44.0168412,-19.9464235],[-44.0159064,-19.9470129],[-44.0141337,-19.9468864],[-44.0128391,-19.9464552],[-44.0118494,-19.9468231],[-44.0089885,-19.9506268],[-44.0093971,-19.9526273],[-44.0087294,-19.9531048],[-44.0068638,-19.9536095],[-44.0059451,-19.9545434],[-44.0061377,-19.9551984],[-44.0093236,-19.9554111],[-44.0124931,-19.95515],[-44.0134613,-19.9555816],[-44.014123,-19.9563827],[-44.0142678,-19.9579881],[-44.0123091,-19.9600599],[-44.0132123,-19.9608003],[-44.0119558,-19.9623893],[-44.0120365,-19.9629859],[-44.0131443,-19.9642308],[-44.0124214,-19.966632],[-44.0127933,-19.9675695],[-44.0135624,-19.9687655],[-44.0149126,-19.9699837],[-44.0159763,-19.9703573],[-44.0183128,-19.9703347],[-44.0212283,-19.9716538],[-44.0237191,-19.9721106],[-44.0254208,-19.9730702],[-44.0263617,-19.9744318],[-44.0280806,-19.9750554],[-44.0283803,-19.9759045],[-44.0295368,-19.9759498],[-44.0305108,-19.9763932],[-44.0312273,-19.97717],[-44.0320156,-19.9792525],[-44.0340672,-19.9824167],[-44.0350675,-19.983316],[-44.0362024,-19.9837267],[-44.0375121,-19.9836984],[-44.0386461,-19.9832241],[-44.0385296,-19.9825885],[-44.0451313,-19.9753438],[-44.0451928,-19.9747694],[-44.044734,-19.9742296],[-44.0505123,-19.9727065],[-44.0536369,-19.9730577],[-44.0551688,-19.9742788],[-44.0568516,-19.9747247],[-44.0626713,-19.9736384],[-44.0632745,-19.975415],[-44.0626447,-19.9756007],[-44.0630695,-19.9768848],[-44.0625293,-19.9763325],[-44.0611047,-19.976046],[-44.0604547,-19.9762911],[-44.0575381,-19.9804001],[-44.0575537,-19.9814429],[-44.0571769,-19.9824237],[-44.0574133,-19.9831721],[-44.0569017,-19.9835573],[-44.0566746,-19.9846323],[-44.0560251,-19.9853561],[-44.0556725,-19.986833],[-44.0564015,-19.9881486],[-44.056311,-19.98938],[-44.0570178,-19.9901153],[-44.0559816,-19.9905747],[-44.0559014,-19.9920281],[-44.0551264,-19.993376],[-44.0551988,-19.9959796],[-44.0540307,-19.996556],[-44.0538292,-19.9978072],[-44.0525514,-19.9971161],[-44.0515006,-19.9975258],[-44.0494693,-19.9970575],[-44.0479723,-19.9980444],[-44.048016,-19.9991696],[-44.0473006,-20.0003118],[-44.0461564,-20.0005815],[-44.0449301,-20.0044789],[-44.0424317,-20.0067505],[-44.0421726,-20.0079173],[-44.0405417,-20.0095948],[-44.0406732,-20.0118267],[-44.0400953,-20.0126227],[-44.0400695,-20.0135342],[-44.0387594,-20.0149934],[-44.0392204,-20.0161542],[-44.0380573,-20.0169151],[-44.0368976,-20.0182824],[-44.0366361,-20.0213386],[-44.0344219,-20.021591],[-44.0316936,-20.0223761],[-44.0310124,-20.0245888],[-44.0301552,-20.0253336],[-44.0294716,-20.0255157],[-44.0273097,-20.0283931],[-44.025878,-20.028703],[-44.0260714,-20.0294286],[-44.0251755,-20.0305065],[-44.023798,-20.0311034],[-44.0225986,-20.0321453],[-44.0207336,-20.0327777],[-44.0200753,-20.0337382],[-44.0186704,-20.0339038],[-44.01781,-20.0335994],[-44.017542,-20.0341991],[-44.0177106,-20.0349762],[-44.0169006,-20.0358155],[-44.0156315,-20.0360233],[-44.0153451,-20.0363127],[-44.0148987,-20.0359358],[-44.014404,-20.0360357],[-44.0111188,-20.0383792],[-44.0106957,-20.0391392],[-44.0101224,-20.0391025],[-44.0104334,-20.0402675],[-44.0095436,-20.040463],[-44.0093221,-20.0417607],[-44.0106639,-20.0434606],[-44.0105847,-20.0444391],[-44.0110339,-20.0451312],[-44.0114632,-20.0456381],[-44.0118698,-20.0453449],[-44.0126954,-20.0458712],[-44.0130379,-20.0467394],[-44.0139533,-20.046759],[-44.0149164,-20.0473432],[-44.0174614,-20.0496155],[-44.0180219,-20.0506068],[-44.0176105,-20.0514373],[-44.0177985,-20.0518804],[-44.0175895,-20.0528892],[-44.0182984,-20.0543315],[-44.0168163,-20.0552805],[-44.0162668,-20.0562127],[-44.0139611,-20.0579719],[-44.0130714,-20.0592035],[-44.0124915,-20.0595032],[-44.0083969,-20.0589645],[-44.0073616,-20.0585487],[-44.0070656,-20.0581523],[-44.0056441,-20.057756],[-44.002855,-20.0579245],[-44.0023351,-20.0570106],[-44.0020827,-20.0551365],[-44.0009299,-20.0531981],[-43.9985782,-20.0515283],[-43.9996659,-20.05016],[-43.9998357,-20.0493291],[-43.999604,-20.0486119],[-43.9986326,-20.047145],[-43.9965328,-20.0451091],[-43.9967783,-20.0443272],[-43.9987646,-20.0439774],[-43.9995971,-20.0432941],[-43.9984555,-20.0419687],[-43.9986565,-20.0415032],[-43.9982293,-20.0399611],[-43.9983409,-20.0386711],[-43.9960375,-20.0361162],[-43.9954565,-20.0350321],[-43.9934139,-20.0337507],[-43.9926113,-20.0316474],[-43.9926976,-20.0308793],[-43.9933143,-20.0300038],[-43.992893,-20.0293671],[-43.9921865,-20.0288486],[-43.991087,-20.0288771],[-43.9892355,-20.0279908],[-43.9888827,-20.0264532],[-43.9873596,-20.0256724],[-43.9867254,-20.0247468],[-43.9861817,-20.0228594],[-43.9850808,-20.0220219],[-43.9846628,-20.0206754],[-43.983446,-20.0196574],[-43.9832002,-20.0172332],[-43.9835431,-20.0163219],[-43.982159,-20.0152287],[-43.9813198,-20.0139447],[-43.9803049,-20.0136137],[-43.9791336,-20.0122744],[-43.9769949,-20.0108208],[-43.975412,-20.0086829],[-43.9713943,-20.0072894],[-43.969061,-20.0055881],[-43.9677945,-20.0051521],[-43.966111,-20.0036383],[-43.9637602,-20.0029286],[-43.9595302,-19.9983765],[-43.9588109,-19.9963332],[-43.9581335,-19.9960524],[-43.95703,-19.9961762],[-43.9572921,-19.9939771],[-43.9568771,-19.9931349],[-43.9557833,-19.9927565],[-43.9544711,-19.9910134],[-43.9528553,-19.9905789],[-43.9519962,-19.9898502],[-43.950941,-19.9894935],[-43.950261,-19.9886513],[-43.9498322,-19.9872543]]]}}]}